ISO-10303-21;
HEADER;
FILE_DESCRIPTION (( 'STEP AP214' ),
    '1' );
FILE_NAME ('74661A69-EAB1-4AAF-972D-68C3622D1F66.STEP',
    '2025-11-28T20:28:39',
    ( '' ),
    ( '' ),
    'SwSTEP 2.0',
    'SolidWorks 2022',
    '' );
FILE_SCHEMA (( 'AUTOMOTIVE_DESIGN' ));
ENDSEC;

DATA;
#1 = CARTESIAN_POINT ( 'NONE',  ( -0.07480308986173236918, -0.01771647028062989238, 0.003937007874015845989 ) ) ;
#2 = VECTOR ( 'NONE', #4778, 39.37007874015748143 ) ;
#3 = DIRECTION ( 'NONE',  ( 0.0000000000000000000, -1.000000000000000000, 0.0000000000000000000 ) ) ;
#4 = CARTESIAN_POINT ( 'NONE',  ( 0.2854331306106298038, -0.01573078134357054278, 0.07266777028808470151 ) ) ;
#5 = VERTEX_POINT ( 'NONE', #3281 ) ;
#6 = CARTESIAN_POINT ( 'NONE',  ( -0.1358267119089763830, 0.05865701272952519862, 0.04750264860862180027 ) ) ;
#7 = CARTESIAN_POINT ( 'NONE',  ( 0.1358268313981138287, -0.06773316343294989716, 0.07429045127357454537 ) ) ;
#8 = CARTESIAN_POINT ( 'NONE',  ( 0.1594488786421259519, 0.003825755786551582674, 0.08599540051990615941 ) ) ;
#9 = CARTESIAN_POINT ( 'NONE',  ( -0.1384513838250074902, -0.04949451249112173795, 0.04972973146207269185 ) ) ;
#10 = DIRECTION ( 'NONE',  ( -1.000000000000000000, 0.0000000000000000000, 1.084202172485499306E-15 ) ) ;
#11 = ORIENTED_EDGE ( 'NONE', *, *, #1315, .F. ) ;
#12 = DIRECTION ( 'NONE',  ( 0.0000000000000000000, -1.000000000000000000, 0.0000000000000000000 ) ) ;
#13 = CARTESIAN_POINT ( 'NONE',  ( 0.1272968496580314801, -0.0005136251951181068686, 0.1303237612055905548 ) ) ;
#14 = CARTESIAN_POINT ( 'NONE',  ( 0.1594488786420418247, -0.0005133160719471269564, 0.02362462209007571909 ) ) ;
#15 = CARTESIAN_POINT ( 'NONE',  ( -0.1384513838249707973, -0.05015874144794500722, 0.07322390921021193488 ) ) ;
#16 = DIRECTION ( 'NONE',  ( 0.0000000000000000000, -1.000000000000000000, 0.0000000000000000000 ) ) ;
#17 = CARTESIAN_POINT ( 'NONE',  ( 0.1247258340280576611, 0.05581329082686074805, 0.1303448331236729263 ) ) ;
#18 = ORIENTED_EDGE ( 'NONE', *, *, #5959, .T. ) ;
#19 = CARTESIAN_POINT ( 'NONE',  ( -0.07086608198771657263, -0.06102355689480315482, 0.007874015748031495954 ) ) ;
#20 = ORIENTED_EDGE ( 'NONE', *, *, #8606, .F. ) ;
#21 = CARTESIAN_POINT ( 'NONE',  ( -0.1029920662396850428, -0.05124997287602364726, 0.01764267034086220570 ) ) ;
#22 = ORIENTED_EDGE ( 'NONE', *, *, #738, .T. ) ;
#23 = ADVANCED_FACE ( 'NONE', ( #8891 ), #8109, .T. ) ;
#24 = ORIENTED_EDGE ( 'NONE', *, *, #6283, .F. ) ;
#25 = B_SPLINE_CURVE_WITH_KNOTS ( 'NONE', 3,
 ( #4518, #6158, #1406, #3134, #3077, #7704 ),
 .UNSPECIFIED., .F., .F.,
 ( 4, 2, 4 ),
 ( 0.0000000000000000000, 0.5000000000000000000, 1.000000000000000000 ),
 .UNSPECIFIED. ) ;
#26 = CARTESIAN_POINT ( 'NONE',  ( -0.03740151505858271830, -0.07127500173823492213, 0.04133858267716535029 ) ) ;
#27 = CARTESIAN_POINT ( 'NONE',  ( -0.04226907255057655438, 0.02438834811907730424, 0.007874015748031495954 ) ) ;
#28 = DIRECTION ( 'NONE',  ( 1.000000000000000000, 0.0000000000000000000, 0.0000000000000000000 ) ) ;
#29 = ORIENTED_EDGE ( 'NONE', *, *, #6186, .F. ) ;
#30 = ORIENTED_EDGE ( 'NONE', *, *, #4171, .F. ) ;
#31 = ORIENTED_EDGE ( 'NONE', *, *, #7385, .T. ) ;
#32 = DIRECTION ( 'NONE',  ( 0.0000000000000000000, 1.000000000000000000, 0.0000000000000000000 ) ) ;
#33 = DIRECTION ( 'NONE',  ( 6.123233995736766036E-17, -1.000000000000000000, 0.0000000000000000000 ) ) ;
#34 = CARTESIAN_POINT ( 'NONE',  ( 0.03640745115972458812, -0.01968497421763775249, 0.007874015748031497688 ) ) ;
#35 = ADVANCED_FACE ( 'NONE', ( #4861 ), #272, .T. ) ;
#36 = ADVANCED_FACE ( 'NONE', ( #5016 ), #5127, .T. ) ;
#37 = LINE ( 'NONE', #8801, #9672 ) ;
#38 = CARTESIAN_POINT ( 'NONE',  ( -0.1200786804129134189, 6.515244092981999667E-08, 0.1173228346456692828 ) ) ;
#39 = EDGE_CURVE ( 'NONE', #7275, #7749, #1221, .T. ) ;
#40 = EDGE_CURVE ( 'NONE', #9000, #8241, #10156, .T. ) ;
#41 = ORIENTED_EDGE ( 'NONE', *, *, #9310, .T. ) ;
#42 = CYLINDRICAL_SURFACE ( 'NONE', #3440, 0.01181102362204724567 ) ;
#43 = CARTESIAN_POINT ( 'NONE',  ( 0.07677171328787396609, 6.515244094229544203E-08, 0.0001311685511838228419 ) ) ;
#44 = PLANE ( 'NONE',  #7529 ) ;
#45 = CARTESIAN_POINT ( 'NONE',  ( 0.2854331306106298038, -0.06573334738840086455, 0.08699900598517536221 ) ) ;
#46 = DIRECTION ( 'NONE',  ( -1.000000000000000000, -6.123233995736766036E-17, -0.0000000000000000000 ) ) ;
#47 = CARTESIAN_POINT ( 'NONE',  ( 0.1279664868829920588, 0.01914462143019685092, 0.02267690933934252487 ) ) ;
#48 = ORIENTED_EDGE ( 'NONE', *, *, #7842, .T. ) ;
#49 = DIRECTION ( 'NONE',  ( 1.000000000000000000, 6.123233995736766036E-17, 0.0000000000000000000 ) ) ;
#50 = ORIENTED_EDGE ( 'NONE', *, *, #8606, .T. ) ;
#51 = CARTESIAN_POINT ( 'NONE',  ( 0.2775591148625984328, 0.007874080900477043940, 0.07480314960629919074 ) ) ;
#52 = CARTESIAN_POINT ( 'NONE',  ( -0.1200786804129134050, -0.05372000371521463979, 0.1118916418762579690 ) ) ;
#53 = CARTESIAN_POINT ( 'NONE',  ( -0.1279526961609449287, 0.05096962306765596973, 0.1042917386945181324 ) ) ;
#54 = EDGE_CURVE ( 'NONE', #2650, #8767, #9101, .T. ) ;
#55 = CYLINDRICAL_SURFACE ( 'NONE', #3110, 0.01968503937007873988 ) ;
#56 = EDGE_LOOP ( 'NONE', ( #6920, #1001, #1591, #677, #5831, #5085 ) ) ;
#57 = CARTESIAN_POINT ( 'NONE',  ( -0.1384873451668122424, -0.04658786135673475409, 0.05011664448765133784 ) ) ;
#58 = CARTESIAN_POINT ( 'NONE',  ( 0.1358268313981101372, 0.04175693605950286935, 0.1274543930051855734 ) ) ;
#59 = CARTESIAN_POINT ( 'NONE',  ( 0.1247258340280615468, 0.05055394179752811801, 0.01573304165225069065 ) ) ;
#60 = CARTESIAN_POINT ( 'NONE',  ( -0.1322542320567424434, 0.05183733549365982657, 0.1035373664950576394 ) ) ;
#61 = CARTESIAN_POINT ( 'NONE',  ( -0.1384513838249978035, 0.05011519207375279145, 0.07691415964704008401 ) ) ;
#62 = ORIENTED_EDGE ( 'NONE', *, *, #7641, .T. ) ;
#63 = CARTESIAN_POINT ( 'NONE',  ( -0.1003936410428345610, 0.06308354157117580796, 0.1219251975557631984 ) ) ;
#64 = ORIENTED_EDGE ( 'NONE', *, *, #8547, .F. ) ;
#65 = CARTESIAN_POINT ( 'NONE',  ( 0.1275298519046456636, -0.01394886394724409798, 0.1257819805083071063 ) ) ;
#66 = CARTESIAN_POINT ( 'NONE',  ( -0.1304697030920076162, 0.05118116751464566599, 0.07724672631716665572 ) ) ;
#67 = CARTESIAN_POINT ( 'NONE',  ( -0.1200786804129134466, 0.05390435625349838944, 0.05706207269964511108 ) ) ;
#68 = DIRECTION ( 'NONE',  ( -2.529972785455168722E-17, 1.000000000000000000, -3.015104156251346404E-17 ) ) ;
#69 = FACE_OUTER_BOUND ( 'NONE', #7497, .T. ) ;
#70 = ORIENTED_EDGE ( 'NONE', *, *, #6701, .T. ) ;
#71 = CARTESIAN_POINT ( 'NONE',  ( 0.02668124818397236628, -0.01968497421763776636, 0.0009151533211875574917 ) ) ;
#72 = VERTEX_POINT ( 'NONE', #5278 ) ;
#73 = CARTESIAN_POINT ( 'NONE',  ( -0.1279526961609449009, -0.05511804508377882855, 0.07317004566912702068 ) ) ;
#74 = CARTESIAN_POINT ( 'NONE',  ( -0.08858261742078743506, 6.515244097101531171E-08, 0.02007874015748031121 ) ) ;
#75 = EDGE_LOOP ( 'NONE', ( #1382, #5748, #5843, #4559 ) ) ;
#76 = ORIENTED_EDGE ( 'NONE', *, *, #5218, .F. ) ;
#77 = EDGE_CURVE ( 'NONE', #1702, #114, #6717, .T. ) ;
#78 = CARTESIAN_POINT ( 'NONE',  ( -0.1279526961609449287, -0.04658786130524984054, 0.04599645088325686471 ) ) ;
#79 = CARTESIAN_POINT ( 'NONE',  ( -0.1392992980403738035, -0.04675744419983275668, 0.07222570449073575927 ) ) ;
#80 = DIRECTION ( 'NONE',  ( 1.000000000000000000, 6.123233995736766036E-17, 0.0000000000000000000 ) ) ;
#81 = ORIENTED_EDGE ( 'NONE', *, *, #5726, .T. ) ;
#82 = CARTESIAN_POINT ( 'NONE',  ( -0.1003936410428346721, -0.06762415433161436673, 0.1338582677165354173 ) ) ;
#83 = ORIENTED_EDGE ( 'NONE', *, *, #8172, .T. ) ;
#84 = CARTESIAN_POINT ( 'NONE',  ( 0.02559061092566924586, 0.01968510452251974810, 0.0000000000000000000 ) ) ;
#85 = CYLINDRICAL_SURFACE ( 'NONE', #9724, 0.01181102362203629609 ) ;
#86 = DIRECTION ( 'NONE',  ( 0.0000000000000000000, 0.9659258262885304092, 0.2588190451045278562 ) ) ;
#87 = DIRECTION ( 'NONE',  ( 1.000000000000000000, 6.123233995736766036E-17, -0.0000000000000000000 ) ) ;
#88 = ORIENTED_EDGE ( 'NONE', *, *, #8915, .T. ) ;
#89 = CYLINDRICAL_SURFACE ( 'NONE', #7872, 0.003937007874015758385 ) ;
#90 = CARTESIAN_POINT ( 'NONE',  ( -0.08858261742078747669, 0.03543313601858269490, 0.1240157480315023375 ) ) ;
#91 = CARTESIAN_POINT ( 'NONE',  ( -0.1200786804129134050, -0.01771647028062994789, 0.03228346456692913341 ) ) ;
#92 = CARTESIAN_POINT ( 'NONE',  ( 0.1358268313981101649, 0.05118372318633698098, 0.06802943514365360211 ) ) ;
#93 = CARTESIAN_POINT ( 'NONE',  ( -0.1048030898617323126, 0.07791984423787587377, 0.04133858267714139029 ) ) ;
#94 = DIRECTION ( 'NONE',  ( -1.000000000000000000, 0.0000000000000000000, 0.0000000000000000000 ) ) ;
#95 = ORIENTED_EDGE ( 'NONE', *, *, #3917, .F. ) ;
#96 = FACE_OUTER_BOUND ( 'NONE', #3176, .T. ) ;
#97 = EDGE_CURVE ( 'NONE', #3178, #6967, #5497, .T. ) ;
#98 = EDGE_CURVE ( 'NONE', #3627, #295, #9859, .T. ) ;
#99 = ORIENTED_EDGE ( 'NONE', *, *, #98, .F. ) ;
#100 = LINE ( 'NONE', #7161, #947 ) ;
#101 = DIRECTION ( 'NONE',  ( 1.000000000000000000, 6.123233995736766036E-17, -0.0000000000000000000 ) ) ;
#102 = B_SPLINE_CURVE_WITH_KNOTS ( 'NONE', 3,
 ( #3021, #2377, #7747, #8626 ),
 .UNSPECIFIED., .F., .F.,
 ( 4, 4 ),
 ( 0.0000000000000000000, 1.000000000000000000 ),
 .UNSPECIFIED. ) ;
#103 = CARTESIAN_POINT ( 'NONE',  ( 0.1673228943901210741, -0.02952736879809106721, 0.07480314978592199349 ) ) ;
#104 = DIRECTION ( 'NONE',  ( 0.0000000000000000000, 0.0000000000000000000, -1.000000000000000000 ) ) ;
#105 = ORIENTED_EDGE ( 'NONE', *, *, #6030, .T. ) ;
#106 = CARTESIAN_POINT ( 'NONE',  ( -0.1324936933092531743, -0.04330702146173367323, 0.05060167902821322700 ) ) ;
#107 = EDGE_CURVE ( 'NONE', #8946, #7091, #4185, .T. ) ;
#108 = CARTESIAN_POINT ( 'NONE',  ( -0.1392455637375282496, 0.05167890473884274860, 0.07787354763196674412 ) ) ;
#109 = CARTESIAN_POINT ( 'NONE',  ( -0.09458404145781629246, -0.04046965933534564519, 0.01567416640385432824 ) ) ;
#110 = CARTESIAN_POINT ( 'NONE',  ( -0.1372376036561838986, 0.03276899873392906393, 0.05615990293263159461 ) ) ;
#111 = DIRECTION ( 'NONE',  ( 0.0000000000000000000, -0.0000000000000000000, -1.000000000000000000 ) ) ;
#112 = ORIENTED_EDGE ( 'NONE', *, *, #6789, .T. ) ;
#113 = MECHANICAL_DESIGN_GEOMETRIC_PRESENTATION_REPRESENTATION (  '', ( #5222 ), #2750 ) ;
#114 = VERTEX_POINT ( 'NONE', #374 ) ;
#115 = AXIS2_PLACEMENT_3D ( 'NONE', #7083, #8685, #631 ) ;
#116 =( BOUNDED_SURFACE ( )  B_SPLINE_SURFACE ( 3, 3, ( 
 ( #5195, #4475, #2090, #1326, #3694, #7610, #545, #332, #234, #7341, #9766, #5948 ),
 ( #9048, #8993, #380, #2601, #5024, #6724, #5899, #5077, #8116, #1976, #3433, #9868 ),
 ( #9096, #7492, #9721, #4200, #2705, #8163, #2813, #2759, #7399, #2656, #3482, #3532 ),
 ( #5134, #280, #6670, #1921, #3582, #2023, #8942, #8219, #5799, #1870, #8269, #1822 ) ),
 .UNSPECIFIED., .F., .F., .F. ) 
 B_SPLINE_SURFACE_WITH_KNOTS ( ( 4, 4 ),
 ( 4, 1, 1, 1, 1, 1, 1, 1, 1, 4 ),
 ( 0.0000000000000000000, 1.000000000000000000 ),
 ( 0.07728074264702000651, 0.1324840773636999924, 0.2526495364017000145, 0.3601302744479000228, 0.4645371975640000262, 0.5722146442173999814, 0.6806530596944000422, 0.7881534311872999687, 0.8946068691734000433, 0.9850692345678000450 ),
 .UNSPECIFIED. ) 
 GEOMETRIC_REPRESENTATION_ITEM ( )  RATIONAL_B_SPLINE_SURFACE ( (
 ( 1.225782960702999969, 1.225782960702999969, 1.225782960702999969, 1.225782960702999969, 1.225782960702999969, 1.225782960702999969, 1.225782960702999969, 1.225782960702999969, 1.225782960702999969, 1.225782960702999969, 1.225782960702999969, 1.225782960702999969),
 ( 0.9247390130991000046, 0.9247390130991000046, 0.9247390130991000046, 0.9247390130991000046, 0.9247390130991000046, 0.9247390130991000046, 0.9247390130991000046, 0.9247390130991000046, 0.9247390130991000046, 0.9247390130991000046, 0.9247390130991000046, 0.9247390130991000046),
 ( 0.9247390130991000046, 0.9247390130991000046, 0.9247390130991000046, 0.9247390130991000046, 0.9247390130991000046, 0.9247390130991000046, 0.9247390130991000046, 0.9247390130991000046, 0.9247390130991000046, 0.9247390130991000046, 0.9247390130991000046, 0.9247390130991000046),
 ( 1.225782960702999969, 1.225782960702999969, 1.225782960702999969, 1.225782960702999969, 1.225782960702999969, 1.225782960702999969, 1.225782960702999969, 1.225782960702999969, 1.225782960702999969, 1.225782960702999969, 1.225782960702999969, 1.225782960702999969) ) ) 
 REPRESENTATION_ITEM ( '' )  SURFACE ( )  );
#117 = CARTESIAN_POINT ( 'NONE',  ( 0.1673228943901210741, 0.02952749910297300384, 0.07480314942667642963 ) ) ;
#118 = CARTESIAN_POINT ( 'NONE',  ( -0.1279526961609449009, 0.02755912027055118854, 0.03543307086614172485 ) ) ;
#119 = VECTOR ( 'NONE', #739, 39.37007874015748143 ) ;
#120 = CARTESIAN_POINT ( 'NONE',  ( 0.1200787999020467844, 0.04740791782473091631, 0.1338582677165243706 ) ) ;
#121 = ORIENTED_EDGE ( 'NONE', *, *, #6253, .T. ) ;
#122 = FACE_OUTER_BOUND ( 'NONE', #5983, .T. ) ;
#123 = VERTEX_POINT ( 'NONE', #5228 ) ;
#124 = CARTESIAN_POINT ( 'NONE',  ( -0.1279526961609449009, -0.05183720518874071481, 0.07705198778401500803 ) ) ;
#125 = DIRECTION ( 'NONE',  ( -0.0000000000000000000, -0.0000000000000000000, -1.000000000000000000 ) ) ;
#126 = ORIENTED_EDGE ( 'NONE', *, *, #8053, .T. ) ;
#127 = ADVANCED_FACE ( 'NONE', ( #8368 ), #1110, .T. ) ;
#128 = ORIENTED_EDGE ( 'NONE', *, *, #7534, .T. ) ;
#129 = VECTOR ( 'NONE', #6279, 39.37007874015748143 ) ;
#130 = CLOSED_SHELL ( 'NONE', ( #1931, #127, #573, #5958 ) ) ;
#131 = B_SPLINE_CURVE_WITH_KNOTS ( 'NONE', 3,
 ( #8136, #1639, #861, #4024, #7163, #3603 ),
 .UNSPECIFIED., .F., .F.,
 ( 4, 2, 4 ),
 ( 0.0000000000000000000, 0.5000000000000000000, 1.000000000000000000 ),
 .UNSPECIFIED. ) ;
#132 = FACE_OUTER_BOUND ( 'NONE', #6981, .T. ) ;
#133 = DIRECTION ( 'NONE',  ( -6.123233995736766036E-17, 1.000000000000000000, 0.0000000000000000000 ) ) ;
#134 = EDGE_LOOP ( 'NONE', ( #2296, #3871, #9258, #6336, #2843, #4371 ) ) ;
#135 = ADVANCED_FACE ( 'NONE', ( #3624 ), #7947, .T. ) ;
#136 = ORIENTED_EDGE ( 'NONE', *, *, #493, .T. ) ;
#137 = ORIENTED_EDGE ( 'NONE', *, *, #2528, .F. ) ;
#138 = VECTOR ( 'NONE', #3484, 39.37007874015748143 ) ;
#139 = CARTESIAN_POINT ( 'NONE',  ( -0.1377952003051119700, 0.05832303024935434760, 0.04944828724707417411 ) ) ;
#140 = FACE_OUTER_BOUND ( 'NONE', #3362, .T. ) ;
#141 = CARTESIAN_POINT ( 'NONE',  ( -0.05708655442866145124, -0.03740150965070868083, -0.0003839633900746062655 ) ) ;
#142 = FACE_OUTER_BOUND ( 'NONE', #3252, .T. ) ;
#143 = AXIS2_PLACEMENT_3D ( 'NONE', #161, #7113, #3159 ) ;
#144 = EDGE_LOOP ( 'NONE', ( #1167, #7393, #6678, #7854, #5506, #4607 ) ) ;
#145 = DIRECTION ( 'NONE',  ( -0.0000000000000000000, 0.0000000000000000000, 1.000000000000000000 ) ) ;
#146 = EDGE_CURVE ( 'NONE', #2406, #4284, #2572, .T. ) ;
#147 = VECTOR ( 'NONE', #9947, 39.37007874015748143 ) ;
#148 = CARTESIAN_POINT ( 'NONE',  ( -0.1384513838249745721, -0.05183720518874071481, 0.07296489896628173544 ) ) ;
#149 = CARTESIAN_POINT ( 'NONE',  ( -0.1384513838249936124, -0.05183720518875389871, 0.05008353968260767508 ) ) ;
#150 = CARTESIAN_POINT ( 'NONE',  ( 0.1586334976137580566, -0.0005133126566928773032, 0.03149910598180697546 ) ) ;
#151 = CARTESIAN_POINT ( 'NONE',  ( 0.1295425783807873654, 0.01563575073023621212, 0.02631531128404330025 ) ) ;
#152 = ORIENTED_EDGE ( 'NONE', *, *, #3568, .F. ) ;
#153 = LINE ( 'NONE', #5719, #1580 ) ;
#154 = VECTOR ( 'NONE', #87, 39.37007874015748143 ) ;
#155 = EDGE_CURVE ( 'NONE', #8532, #2795, #846, .T. ) ;
#156 = ORIENTED_EDGE ( 'NONE', *, *, #7548, .F. ) ;
#157 = DIRECTION ( 'NONE',  ( -1.000000000000000000, 0.0000000000000000000, 0.0000000000000000000 ) ) ;
#158 = CARTESIAN_POINT ( 'NONE',  ( 0.1245276187996849776, 0.05577400947291430433, 0.01922186197313479478 ) ) ;
#159 = DIRECTION ( 'NONE',  ( -4.928191693115930030E-17, 1.000000000000000000, 0.0000000000000000000 ) ) ;
#160 = VECTOR ( 'NONE', #8151, 39.37007874015748143 ) ;
#161 = CARTESIAN_POINT ( 'NONE',  ( 0.006889823524094507157, 6.515828740449869372E-08, 0.1279527559055118058 ) ) ;
#162 = ADVANCED_FACE ( 'NONE', ( #1440 ), #9434, .T. ) ;
#163 = ORIENTED_EDGE ( 'NONE', *, *, #7099, .F. ) ;
#164 = CARTESIAN_POINT ( 'NONE',  ( -0.1358536829153468850, -0.04330702146173366629, 0.05296853819684910897 ) ) ;
#165 = LINE ( 'NONE', #9747, #609 ) ;
#166 = CARTESIAN_POINT ( 'NONE',  ( 0.1640613705853969650, 0.0005134463768300243005, 0.1259816771226204557 ) ) ;
#167 = FACE_OUTER_BOUND ( 'NONE', #4564, .T. ) ;
#168 = ORIENTED_EDGE ( 'NONE', *, *, #8693, .T. ) ;
#169 = CARTESIAN_POINT ( 'NONE',  ( 0.1594488786421260074, -0.007727228087003316058, 0.04604352977215781656 ) ) ;
#170 = ORIENTED_EDGE ( 'NONE', *, *, #2179, .F. ) ;
#171 = ADVANCED_FACE ( 'NONE', ( #3771 ), #4546, .F. ) ;
#172 = EDGE_CURVE ( 'NONE', #5704, #5481, #6235, .T. ) ;
#173 = CARTESIAN_POINT ( 'NONE',  ( 0.1358268313981101372, -0.03139633296168712479, 0.1157900723927482028 ) ) ;
#174 = CARTESIAN_POINT ( 'NONE',  ( -0.1329168347064415001, 0.05511817538866075478, 0.09930627893840100751 ) ) ;
#175 = CARTESIAN_POINT ( 'NONE',  ( 0.02559061092566927709, -0.01968497421763778371, 0.0002668757515022694531 ) ) ;
#176 = EDGE_CURVE ( 'NONE', #486, #1895, #8862, .T. ) ;
#177 = ORIENTED_EDGE ( 'NONE', *, *, #2797, .F. ) ;
#178 = CYLINDRICAL_SURFACE ( 'NONE', #7909, 0.009448818897637803818 ) ;
#179 = AXIS2_PLACEMENT_3D ( 'NONE', #7536, #5790, #3623 ) ;
#180 = VERTEX_POINT ( 'NONE', #7066 ) ;
#181 = CARTESIAN_POINT ( 'NONE',  ( -0.1308545400442393813, -0.05511804508377351336, 0.07486910856924487712 ) ) ;
#182 = CARTESIAN_POINT ( 'NONE',  ( -0.1345715475549400797, -0.04658786135673424061, 0.07577619115538708483 ) ) ;
#183 = ORIENTED_EDGE ( 'NONE', *, *, #8226, .F. ) ;
#184 = ORIENTED_EDGE ( 'NONE', *, *, #5035, .F. ) ;
#185 =( BOUNDED_SURFACE ( )  B_SPLINE_SURFACE ( 3, 3, ( 
 ( #5665, #8802, #1007, #1727 ),
 ( #4878, #8023, #7258, #197 ),
 ( #2088, #2826, #4211, #4418 ),
 ( #2031, #5244, #8392, #1163 ) ),
 .UNSPECIFIED., .F., .F., .F. ) 
 B_SPLINE_SURFACE_WITH_KNOTS ( ( 4, 4 ),
 ( 4, 4 ),
 ( 0.0000000000000000000, 1.000000000000000000 ),
 ( 0.0000000000000000000, 1.000000000000000000 ),
 .UNSPECIFIED. ) 
 GEOMETRIC_REPRESENTATION_ITEM ( )  RATIONAL_B_SPLINE_SURFACE ( (
 ( 1.000000000000000000, 0.3333333333333330928, 0.3333333333333330928, 1.000000000000000000),
 ( 0.8006964137709726703, 0.2668988045903240569, 0.2668988045903240569, 0.8006964137709726703),
 ( 0.8006964137709726703, 0.2668988045903240569, 0.2668988045903240569, 0.8006964137709726703),
 ( 1.000000000000000000, 0.3333333333333330928, 0.3333333333333330928, 1.000000000000000000) ) ) 
 REPRESENTATION_ITEM ( '' )  SURFACE ( )  );
#186 = LINE ( 'NONE', #8747, #1920 ) ;
#187 = CARTESIAN_POINT ( 'NONE',  ( -0.1279526961609449009, 0.04330715176661412841, 0.1002631264098898661 ) ) ;
#188 = DIRECTION ( 'NONE',  ( 0.0000000000000000000, 1.000000000000000000, 0.0000000000000000000 ) ) ;
#189 = EDGE_CURVE ( 'NONE', #2742, #3026, #1485, .T. ) ;
#190 = VERTEX_POINT ( 'NONE', #7735 ) ;
#191 = EDGE_LOOP ( 'NONE', ( #2753, #1161, #4240, #4601, #4203 ) ) ;
#192 = LINE ( 'NONE', #3343, #9392 ) ;
#193 = VERTEX_POINT ( 'NONE', #6964 ) ;
#194 = CARTESIAN_POINT ( 'NONE',  ( -0.1200786804129134050, 6.515244346573555266E-08, 0.01078031737086945774 ) ) ;
#195 = EDGE_CURVE ( 'NONE', #5679, #6025, #815, .T. ) ;
#196 = CARTESIAN_POINT ( 'NONE',  ( -0.1200786804129132246, -0.05586034438137575664, 0.1302975371309813002 ) ) ;
#197 = CARTESIAN_POINT ( 'NONE',  ( -0.1378148836211886830, 0.05979135070076181668, 0.04754187999289966049 ) ) ;
#198 = ORIENTED_EDGE ( 'NONE', *, *, #5839, .F. ) ;
#199 = CARTESIAN_POINT ( 'NONE',  ( -0.1338766743006450377, 0.05382013101944313482, 0.07436825127004426106 ) ) ;
#200 = CARTESIAN_POINT ( 'NONE',  ( 0.05118116210677153832, -0.01968497421763773514, 0.003937007874015846856 ) ) ;
#201 = CARTESIAN_POINT ( 'NONE',  ( -0.1043306489168504825, 0.03543313601858269490, 0.1173228346456692828 ) ) ;
#202 = CARTESIAN_POINT ( 'NONE',  ( 0.1574803747051181091, 0.0005134429615748227179, 0.1181071932307914407 ) ) ;
#203 = SURFACE_STYLE_USAGE ( .BOTH. , #2404 ) ;
#204 = CARTESIAN_POINT ( 'NONE',  ( 0.1279729392545275457, 0.02079879805409449653, 0.02332820179863779805 ) ) ;
#205 = VERTEX_POINT ( 'NONE', #7785 ) ;
#206 = CARTESIAN_POINT ( 'NONE',  ( -0.1397856065525178715, -0.05348468189489882091, 0.05294370959307086871 ) ) ;
#207 = ORIENTED_EDGE ( 'NONE', *, *, #3932, .F. ) ;
#208 = CARTESIAN_POINT ( 'NONE',  ( 0.1574803747051181091, 0.0005134429615748588218, 0.1181071932307953820 ) ) ;
#209 = EDGE_CURVE ( 'NONE', #9318, #2688, #3216, .T. ) ;
#210 = CARTESIAN_POINT ( 'NONE',  ( -0.1279526961609449009, 0.04745570408761719261, 0.07294286143587574989 ) ) ;
#211 = DIRECTION ( 'NONE',  ( 0.0000000000000000000, -1.000000000000000000, 0.0000000000000000000 ) ) ;
#212 = EDGE_LOOP ( 'NONE', ( #6765, #7470, #7592, #1855 ) ) ;
#213 = CYLINDRICAL_SURFACE ( 'NONE', #810, 0.003937007874015758385 ) ;
#214 = CYLINDRICAL_SURFACE ( 'NONE', #1593, 0.02952755905511810636 ) ;
#215 = CARTESIAN_POINT ( 'NONE',  ( 0.1594488786419577531, -0.05116272178405747301, 0.1050398856137887832 ) ) ;
#216 = CARTESIAN_POINT ( 'NONE',  ( -0.1397637197829998679, -0.05143541147438576017, 0.05183491787975203630 ) ) ;
#217 = CARTESIAN_POINT ( 'NONE',  ( 0.1200787999020436897, -0.07081804999933613565, 0.1240157480314960509 ) ) ;
#218 = EDGE_LOOP ( 'NONE', ( #10075, #3711, #7923, #5153, #600, #7451, #4641, #9395, #3906, #2822, #1316 ) ) ;
#219 = CARTESIAN_POINT ( 'NONE',  ( 0.1594488786421259519, 0.003947727711592361258, 0.04529445258720450618 ) ) ;
#220 = VERTEX_POINT ( 'NONE', #7832 ) ;
#221 = EDGE_CURVE ( 'NONE', #3990, #6347, #6332, .T. ) ;
#222 = B_SPLINE_CURVE_WITH_KNOTS ( 'NONE', 3,
 ( #6505, #6263, #1511, #4196, #7339, #6310, #1093, #5493, #3431, #4723 ),
 .UNSPECIFIED., .F., .F.,
 ( 4, 2, 2, 2, 4 ),
 ( 0.0000000000000000000, 0.2500000000000000000, 0.5000000000000000000, 0.7500000000000000000, 1.000000000000000000 ),
 .UNSPECIFIED. ) ;
#223 = CARTESIAN_POINT ( 'NONE',  ( 0.2854331306106299149, 0.01574809664850714344, 0.07480314960629799725 ) ) ;
#224 = CARTESIAN_POINT ( 'NONE',  ( -0.1279526961609449009, 0.02755912027055118854, 0.03543307086614172485 ) ) ;
#225 = ORIENTED_EDGE ( 'NONE', *, *, #9930, .T. ) ;
#226 = DIRECTION ( 'NONE',  ( 0.0000000000000000000, -0.0000000000000000000, -1.000000000000000000 ) ) ;
#227 = DIRECTION ( 'NONE',  ( -1.000000000000000000, -6.123233995736766036E-17, 0.0000000000000000000 ) ) ;
#228 = CARTESIAN_POINT ( 'NONE',  ( -0.07086608198771657263, -0.07031714390067615728, 0.03937007874015747977 ) ) ;
#229 = EDGE_LOOP ( 'NONE', ( #8736, #1078, #2314, #8845 ) ) ;
#230 = ORIENTED_EDGE ( 'NONE', *, *, #10157, .T. ) ;
#231 = CARTESIAN_POINT ( 'NONE',  ( -0.08858261742078743506, 6.515244097102055273E-08, 0.02165354330708662081 ) ) ;
#232 = ADVANCED_FACE ( 'NONE', ( #6287 ), #3979, .T. ) ;
#233 = CARTESIAN_POINT ( 'NONE',  ( 0.1200787999020472285, -0.08824338629315336968, 0.05180391545642379358 ) ) ;
#234 = CARTESIAN_POINT ( 'NONE',  ( 0.1273493910613779090, -0.004376082948937022599, 0.01943718641785432619 ) ) ;
#235 = CARTESIAN_POINT ( 'NONE',  ( 0.1200787999020472147, 0.06884967636720405737, 0.1338582677165365831 ) ) ;
#236 = CARTESIAN_POINT ( 'NONE',  ( -0.1023621449798425287, -0.03937001358771655135, 0.07472928451409251160 ) ) ;
#237 = ORIENTED_EDGE ( 'NONE', *, *, #9890, .T. ) ;
#238 = LINE ( 'NONE', #1875, #5442 ) ;
#239 = ADVANCED_FACE ( 'NONE', ( #4849 ), #214, .F. ) ;
#240 = ORIENTED_EDGE ( 'NONE', *, *, #9355, .F. ) ;
#241 = LINE ( 'NONE', #3391, #9653 ) ;
#242 =( BOUNDED_SURFACE ( )  B_SPLINE_SURFACE ( 3, 3, ( 
 ( #7850, #7997, #6451, #2435 ),
 ( #7130, #930, #3226, #6344 ),
 ( #2489, #4812, #7955, #875 ),
 ( #4040, #7237, #7176, #9605 ) ),
 .UNSPECIFIED., .F., .F., .F. ) 
 B_SPLINE_SURFACE_WITH_KNOTS ( ( 4, 4 ),
 ( 4, 4 ),
 ( 0.0000000000000000000, 1.000000000000000000 ),
 ( 0.0000000000000000000, 1.000000000000000000 ),
 .UNSPECIFIED. ) 
 GEOMETRIC_REPRESENTATION_ITEM ( )  RATIONAL_B_SPLINE_SURFACE ( (
 ( 1.000000000000000000, 0.9344041809601589810, 0.9344041809601589810, 1.000000000000000000),
 ( 0.8002753804925488712, 0.7477806614517197303, 0.7477806614517197303, 0.8002753804925488712),
 ( 0.8002753804925488712, 0.7477806614517197303, 0.7477806614517197303, 0.8002753804925488712),
 ( 1.000000000000000000, 0.9344041809601589810, 0.9344041809601589810, 1.000000000000000000) ) ) 
 REPRESENTATION_ITEM ( '' )  SURFACE ( )  );
#243 = EDGE_CURVE ( 'NONE', #1276, #4176, #6153, .T. ) ;
#244 = DIRECTION ( 'NONE',  ( 6.123233995736766036E-17, -1.000000000000000000, -0.0000000000000000000 ) ) ;
#245 = DIRECTION ( 'NONE',  ( 1.000000000000000000, 6.123233995736766036E-17, 0.0000000000000000000 ) ) ;
#246 = EDGE_LOOP ( 'NONE', ( #8132, #4468, #5712, #6545 ) ) ;
#247 = CARTESIAN_POINT ( 'NONE',  ( -0.1023621449798425287, -0.03543300571370076868, 0.01574803149606299191 ) ) ;
#248 = CARTESIAN_POINT ( 'NONE',  ( 0.1279528156500785996, 0.05019661549106720771, 0.02477999028893286201 ) ) ;
#249 = DIRECTION ( 'NONE',  ( 0.0000000000000000000, 1.000000000000000000, 0.0000000000000000000 ) ) ;
#250 = DIRECTION ( 'NONE',  ( 0.0000000000000000000, -1.000000000000000000, -4.156108327861096333E-14 ) ) ;
#251 = ORIENTED_EDGE ( 'NONE', *, *, #3528, .T. ) ;
#252 = CARTESIAN_POINT ( 'NONE',  ( -0.1003936410428346027, 0.06639889290577895287, 0.1338582677165346679 ) ) ;
#253 = ADVANCED_FACE ( 'NONE', ( #4801 ), #2529, .T. ) ;
#254 = CARTESIAN_POINT ( 'NONE',  ( -0.1221400929152682557, 0.07874022263275584632, -2.210622601318407938E-16 ) ) ;
#255 = CARTESIAN_POINT ( 'NONE',  ( -0.1200786804129133495, -0.05058634256038085225, 0.1337844026243277251 ) ) ;
#256 = LINE ( 'NONE', #1544, #967 ) ;
#257 = DIRECTION ( 'NONE',  ( 1.000000000000000000, 0.0000000000000000000, 0.0000000000000000000 ) ) ;
#258 = ORIENTED_EDGE ( 'NONE', *, *, #6940, .F. ) ;
#259 = DIRECTION ( 'NONE',  ( 1.000000000000000000, 6.123233995736766036E-17, 0.0000000000000000000 ) ) ;
#260 = EDGE_CURVE ( 'NONE', #3776, #9206, #165, .T. ) ;
#261 = CARTESIAN_POINT ( 'NONE',  ( -0.1370571342835448514, 0.05398791915078722525, 0.08250827511694652783 ) ) ;
#262 = CARTESIAN_POINT ( 'NONE',  ( 0.1279962623480296879, 0.04967457048422028315, 0.01903862898501079703 ) ) ;
#263 = CARTESIAN_POINT ( 'NONE',  ( 0.1594488786421258963, 0.003962362509892120369, 0.1043117766999416274 ) ) ;
#264 = DIRECTION ( 'NONE',  ( 0.0000000000000000000, -1.000000000000000000, 0.0000000000000000000 ) ) ;
#265 = ORIENTED_EDGE ( 'NONE', *, *, #333, .F. ) ;
#266 = CARTESIAN_POINT ( 'NONE',  ( -0.1281369481294488410, -0.06308341126629250784, 0.1219251975557665429 ) ) ;
#267 = VERTEX_POINT ( 'NONE', #5004 ) ;
#268 = CARTESIAN_POINT ( 'NONE',  ( -0.1200786804129134189, 0.05717993738975463147, 0.1289370078740134928 ) ) ;
#269 = ORIENTED_EDGE ( 'NONE', *, *, #8746, .F. ) ;
#270 = CARTESIAN_POINT ( 'NONE',  ( -0.1358600830307658547, -0.04921253327275589007, 0.04730134657852113483 ) ) ;
#271 = AXIS2_PLACEMENT_3D ( 'NONE', #4750, #5471, #10 ) ;
#272 = PLANE ( 'NONE',  #9185 ) ;
#273 = CARTESIAN_POINT ( 'NONE',  ( -0.07086608198771657263, 0.07874022263274353672, 0.03937007874015747977 ) ) ;
#274 = ORIENTED_EDGE ( 'NONE', *, *, #294, .T. ) ;
#275 = VECTOR ( 'NONE', #2028, 39.37007874015748143 ) ;
#276 = EDGE_LOOP ( 'NONE', ( #7640, #4672, #9243, #152 ) ) ;
#277 = DIRECTION ( 'NONE',  ( 0.0000000000000000000, -1.000000000000000000, 0.0000000000000000000 ) ) ;
#278 = CYLINDRICAL_SURFACE ( 'NONE', #281, 0.07874015748031494566 ) ;
#279 = VECTOR ( 'NONE', #4234, 39.37007874015748143 ) ;
#280 = CARTESIAN_POINT ( 'NONE',  ( 0.1322906846184645491, -0.01880806324472436911, 0.02717946825902755117 ) ) ;
#281 = AXIS2_PLACEMENT_3D ( 'NONE', #7779, #4402, #661 ) ;
#282 = CARTESIAN_POINT ( 'NONE',  ( -0.1279526961609449287, -0.04130514640294040418, 0.07574709207037864933 ) ) ;
#283 = CARTESIAN_POINT ( 'NONE',  ( -0.1324551940942117201, -0.05511804508377881467, 0.07246313138871635084 ) ) ;
#284 = ORIENTED_EDGE ( 'NONE', *, *, #3209, .F. ) ;
#285 = EDGE_CURVE ( 'NONE', #5816, #1663, #2637, .T. ) ;
#286 = ORIENTED_EDGE ( 'NONE', *, *, #1861, .T. ) ;
#287 = DIRECTION ( 'NONE',  ( -1.000000000000000000, -6.123233995736766036E-17, -0.0000000000000000000 ) ) ;
#288 = ORIENTED_EDGE ( 'NONE', *, *, #4008, .T. ) ;
#289 = CARTESIAN_POINT ( 'NONE',  ( -0.1377952649850906763, 0.04367351898633622248, 0.04867029799501697979 ) ) ;
#290 = AXIS2_PLACEMENT_3D ( 'NONE', #9481, #7117, #5573 ) ;
#291 = DIRECTION ( 'NONE',  ( 0.0000000000000000000, 1.000000000000000000, 0.0000000000000000000 ) ) ;
#292 = CARTESIAN_POINT ( 'NONE',  ( 0.07188043055315136709, -0.01968497421763773514, 0.01436640419164607677 ) ) ;
#293 = AXIS2_PLACEMENT_3D ( 'NONE', #4220, #6591, #7817 ) ;
#294 = EDGE_CURVE ( 'NONE', #8727, #8687, #4085, .T. ) ;
#295 = VERTEX_POINT ( 'NONE', #7321 ) ;
#296 = VECTOR ( 'NONE', #7676, 39.37007874015748143 ) ;
#297 = CARTESIAN_POINT ( 'NONE',  ( -0.1364567686643582411, 0.05183733549366233845, 0.07533453168034320857 ) ) ;
#298 = CARTESIAN_POINT ( 'NONE',  ( -0.1311808875536952246, -0.05382000071454001028, 0.07636990307927153665 ) ) ;
#299 = LINE ( 'NONE', #3596, #5078 ) ;
#300 = PLANE ( 'NONE',  #7518 ) ;
#301 = DIRECTION ( 'NONE',  ( 0.0000000000000000000, 1.000000000000000000, 0.0000000000000000000 ) ) ;
#302 = EDGE_LOOP ( 'NONE', ( #5298, #5785, #5895, #1345 ) ) ;
#303 = CYLINDRICAL_SURFACE ( 'NONE', #8503, 0.009448818897637803818 ) ;
#304 = CARTESIAN_POINT ( 'NONE',  ( 0.03387679127907892301, -0.01968497421763776636, 0.006952930878404870070 ) ) ;
#305 = CARTESIAN_POINT ( 'NONE',  ( -0.1294103344528970412, 0.05183733549365963922, 0.1041450685247776453 ) ) ;
#306 = CARTESIAN_POINT ( 'NONE',  ( -0.1003936410428346027, 0.07312442612162835254, 0.1295835179620874189 ) ) ;
#307 = DIRECTION ( 'NONE',  ( 0.0000000000000000000, 0.7083290928700354261, -0.7058823529412764364 ) ) ;
#308 = CARTESIAN_POINT ( 'NONE',  ( 0.1640613705853968263, 0.02975326622701935514, 0.1262486352909895082 ) ) ;
#309 = ORIENTED_EDGE ( 'NONE', *, *, #657, .T. ) ;
#310 = CARTESIAN_POINT ( 'NONE',  ( -0.05708655442866347740, -0.01771647028062994095, -0.0003839633900746062655 ) ) ;
#311 = ADVANCED_FACE ( 'NONE', ( #3264 ), #1226, .T. ) ;
#312 = VECTOR ( 'NONE', #6938, 39.37007874015748143 ) ;
#313 = CARTESIAN_POINT ( 'NONE',  ( -0.1390478518251836715, 0.05348860365247335574, 0.08208425113751965929 ) ) ;
#314 = CARTESIAN_POINT ( 'NONE',  ( -0.1240156882869291877, 0.02755912027055881092, 0.1338582677165354173 ) ) ;
#315 = DIRECTION ( 'NONE',  ( 1.000000000000000000, 6.123233995736766036E-17, 0.0000000000000000000 ) ) ;
#316 = ORIENTED_EDGE ( 'NONE', *, *, #8226, .T. ) ;
#317 = ORIENTED_EDGE ( 'NONE', *, *, #10170, .T. ) ;
#318 = CARTESIAN_POINT ( 'NONE',  ( 0.1322827053451180734, -0.01758830755350387562, 0.1229024166353543251 ) ) ;
#319 = CIRCLE ( 'NONE', #1464, 0.08661417322834644161 ) ;
#320 = EDGE_CURVE ( 'NONE', #1576, #6674, #9674, .T. ) ;
#321 = CARTESIAN_POINT ( 'NONE',  ( -0.1352935421383923975, 0.04658797828660754536, 0.1023020100564819290 ) ) ;
#322 = ORIENTED_EDGE ( 'NONE', *, *, #6890, .T. ) ;
#323 = VERTEX_POINT ( 'NONE', #1698 ) ;
#324 = DIRECTION ( 'NONE',  ( 1.000000000000000000, 6.123233995736766036E-17, 0.0000000000000000000 ) ) ;
#325 = CARTESIAN_POINT ( 'NONE',  ( -0.08858261742078746281, 0.01771660058551180472, 0.1240157480315120936 ) ) ;
#326 = ORIENTED_EDGE ( 'NONE', *, *, #1992, .F. ) ;
#327 = AXIS2_PLACEMENT_3D ( 'NONE', #1143, #2695, #2748 ) ;
#328 = B_SPLINE_CURVE_WITH_KNOTS ( 'NONE', 3,
 ( #6927, #8671, #3874, #6143, #3061, #1393 ),
 .UNSPECIFIED., .F., .F.,
 ( 4, 2, 4 ),
 ( 0.0000000000000000000, 0.5000000000000000000, 1.000000000000000000 ),
 .UNSPECIFIED. ) ;
#329 = ORIENTED_EDGE ( 'NONE', *, *, #3136, .F. ) ;
#330 = CARTESIAN_POINT ( 'NONE',  ( -0.1338582079719683182, -0.03444875374519335703, 0.09386310701873767925 ) ) ;
#331 = CARTESIAN_POINT ( 'NONE',  ( 0.2854331306106298594, -0.01375570263560769654, 0.08274867796191220926 ) ) ;
#332 = CARTESIAN_POINT ( 'NONE',  ( 0.1274351384597637027, -0.006979847007795275671, 0.01970455458661417650 ) ) ;
#333 = EDGE_CURVE ( 'NONE', #6842, #3070, #3318, .T. ) ;
#334 = DIRECTION ( 'NONE',  ( 1.000000000000000000, 6.123233995736766036E-17, 0.0000000000000000000 ) ) ;
#335 = AXIS2_PLACEMENT_3D ( 'NONE', #7439, #373, #3523 ) ;
#336 = VERTEX_POINT ( 'NONE', #7222 ) ;
#337 = CARTESIAN_POINT ( 'NONE',  ( 0.2759283528060109125, -0.01181095846960642827, 0.07480314960629920462 ) ) ;
#338 = EDGE_CURVE ( 'NONE', #9962, #8536, #3817, .T. ) ;
#339 = ORIENTED_EDGE ( 'NONE', *, *, #5446, .T. ) ;
#340 = CARTESIAN_POINT ( 'NONE',  ( -0.1377952058647936573, 0.04717331607364595725, 0.05386582327014166616 ) ) ;
#341 = CARTESIAN_POINT ( 'NONE',  ( -0.1377952158459835319, -0.05815722732191624250, 0.08765367470771902314 ) ) ;
#342 = PLANE ( 'NONE',  #7882 ) ;
#343 =( BOUNDED_SURFACE ( )  B_SPLINE_SURFACE ( 3, 3, ( 
 ( #5630, #5683, #9, #4803 ),
 ( #3928, #8725, #7279, #6289 ),
 ( #216, #7068, #3163, #3981 ),
 ( #3218, #7948, #868, #4032 ) ),
 .UNSPECIFIED., .F., .F., .F. ) 
 B_SPLINE_SURFACE_WITH_KNOTS ( ( 4, 4 ),
 ( 4, 4 ),
 ( 0.0000000000000000000, 1.000000000000000000 ),
 ( 0.0000000000000000000, 1.000000000000000000 ),
 .UNSPECIFIED. ) 
 GEOMETRIC_REPRESENTATION_ITEM ( )  RATIONAL_B_SPLINE_SURFACE ( (
 ( 1.000000000000000000, 0.9923900319838322437, 0.9923900319838322437, 1.000000000000000000),
 ( 0.9419139527835378445, 0.9347460177288730021, 0.9347460177288730021, 0.9419139527835378445),
 ( 0.9419139527835378445, 0.9347460177288730021, 0.9347460177288730021, 0.9419139527835378445),
 ( 1.000000000000000000, 0.9923900319838322437, 0.9923900319838322437, 1.000000000000000000) ) ) 
 REPRESENTATION_ITEM ( '' )  SURFACE ( )  );
#344 = ORIENTED_EDGE ( 'NONE', *, *, #5025, .F. ) ;
#345 = B_SPLINE_CURVE_WITH_KNOTS ( 'NONE', 3,
 ( #2970, #8473, #2279, #4558 ),
 .UNSPECIFIED., .F., .F.,
 ( 4, 4 ),
 ( 0.0000000000000000000, 1.000000000000000000 ),
 .UNSPECIFIED. ) ;
#346 = CARTESIAN_POINT ( 'NONE',  ( -0.1332326546611591889, -0.05511804508377351336, 0.07435198795263331384 ) ) ;
#347 = CARTESIAN_POINT ( 'NONE',  ( 0.1272962996792125767, 0.0002924998759449053067, 0.1303253689795275116 ) ) ;
#348 = CARTESIAN_POINT ( 'NONE',  ( 0.2854331306106278054, -0.03137860885364462254, 0.07208638652795400226 ) ) ;
#349 = EDGE_CURVE ( 'NONE', #6247, #5125, #361, .T. ) ;
#350 = CARTESIAN_POINT ( 'NONE',  ( -0.1397637197829918188, 0.05118116751464523578, 0.08003677209448736840 ) ) ;
#351 = VERTEX_POINT ( 'NONE', #4378 ) ;
#352 = DIRECTION ( 'NONE',  ( 0.0000000000000000000, -1.000000000000000000, 0.0000000000000000000 ) ) ;
#353 = EDGE_CURVE ( 'NONE', #8525, #9007, #1930, .T. ) ;
#354 = CARTESIAN_POINT ( 'NONE',  ( -0.1200786804129130025, 0.04724415964063041068, -2.667820306312757049E-18 ) ) ;
#355 = CARTESIAN_POINT ( 'NONE',  ( -0.1397637197829944833, 0.04698978537600706495, 0.09830660150988999868 ) ) ;
#356 = CARTESIAN_POINT ( 'NONE',  ( -0.1023621449798425564, 0.07874022263275588795, 0.06255209083865360953 ) ) ;
#357 = DIRECTION ( 'NONE',  ( -1.000000000000000000, 0.0000000000000000000, 0.0000000000000000000 ) ) ;
#358 = DIRECTION ( 'NONE',  ( 1.000000000000000000, 0.0000000000000000000, -0.0000000000000000000 ) ) ;
#359 = EDGE_LOOP ( 'NONE', ( #9424, #4666, #1390, #5178 ) ) ;
#360 = DIRECTION ( 'NONE',  ( 6.123233995736766036E-17, -1.000000000000000000, -0.0000000000000000000 ) ) ;
#361 = LINE ( 'NONE', #406, #7369 ) ;
#362 = CARTESIAN_POINT ( 'NONE',  ( -0.1396854136753065134, -0.04784466090119299936, 0.05244401628595871112 ) ) ;
#363 = LINE ( 'NONE', #1957, #9204 ) ;
#364 = CYLINDRICAL_SURFACE ( 'NONE', #8832, 0.07874015748031494566 ) ;
#365 = ORIENTED_EDGE ( 'NONE', *, *, #9934, .T. ) ;
#366 = CARTESIAN_POINT ( 'NONE',  ( 0.1594488786419913928, 6.514167964775009177E-08, 0.1259842519685041018 ) ) ;
#367 = ORIENTED_EDGE ( 'NONE', *, *, #2358, .T. ) ;
#368 = CARTESIAN_POINT ( 'NONE',  ( -0.09350387726330711136, 0.04330715176661416310, 0.007874015748031495954 ) ) ;
#369 = EDGE_CURVE ( 'NONE', #7799, #710, #7428, .T. ) ;
#370 = CARTESIAN_POINT ( 'NONE',  ( -0.1294103344528970689, -0.04658786135673424061, 0.07705198778402974624 ) ) ;
#371 = DIRECTION ( 'NONE',  ( 1.000000000000000000, 6.123233995736766036E-17, 0.0000000000000000000 ) ) ;
#372 = ORIENTED_EDGE ( 'NONE', *, *, #5392, .F. ) ;
#373 = DIRECTION ( 'NONE',  ( 6.123233995736766036E-17, -1.000000000000000000, 0.0000000000000000000 ) ) ;
#374 = CARTESIAN_POINT ( 'NONE',  ( -0.1161416725388973725, 0.04724415964062989720, 0.007874015748031494219 ) ) ;
#375 = LINE ( 'NONE', #7390, #8837 ) ;
#376 = DIRECTION ( 'NONE',  ( -6.123233995736766036E-17, 1.000000000000000000, 0.0000000000000000000 ) ) ;
#377 = VERTEX_POINT ( 'NONE', #3558 ) ;
#378 = VERTEX_POINT ( 'NONE', #1336 ) ;
#379 = CARTESIAN_POINT ( 'NONE',  ( 0.2854331306106299704, 6.559375512426273396E-08, 0.09055101575812694870 ) ) ;
#380 = CARTESIAN_POINT ( 'NONE',  ( 0.1276927496031101672, -0.01822605728464565811, 0.02519854923823227483 ) ) ;
#381 = LINE ( 'NONE', #5026, #5092 ) ;
#382 = DIRECTION ( 'NONE',  ( -6.123233995736766036E-17, 1.000000000000000000, 0.0000000000000000000 ) ) ;
#383 = CARTESIAN_POINT ( 'NONE',  ( 0.1279528156500787661, -0.06725851367326658725, 0.06823618740444324648 ) ) ;
#384 = VERTEX_POINT ( 'NONE', #5110 ) ;
#385 = ORIENTED_EDGE ( 'NONE', *, *, #1176, .T. ) ;
#386 = CARTESIAN_POINT ( 'NONE',  ( 0.2775591148625983773, 0.007874080900473593575, 0.09055118110236443085 ) ) ;
#387 =( BOUNDED_SURFACE ( )  B_SPLINE_SURFACE ( 3, 3, ( 
 ( #6067, #1329, #6162, #4478 ),
 ( #2195, #3798, #6846, #1466 ),
 ( #2986, #5252, #3699, #3745 ),
 ( #8339, #7614, #9216, #2148 ) ),
 .UNSPECIFIED., .F., .F., .F. ) 
 B_SPLINE_SURFACE_WITH_KNOTS ( ( 4, 4 ),
 ( 4, 4 ),
 ( 0.0000000000000000000, 1.000000000000000000 ),
 ( 0.0000000000000000000, 1.000000000000000000 ),
 .UNSPECIFIED. ) 
 GEOMETRIC_REPRESENTATION_ITEM ( )  RATIONAL_B_SPLINE_SURFACE ( (
 ( 1.000000000000000000, 0.9981619879277875418, 0.9981619879277875418, 1.000000000000000000),
 ( 0.9419139527835378445, 0.9401827035673363531, 0.9401827035673363531, 0.9419139527835378445),
 ( 0.9419139527835378445, 0.9401827035673363531, 0.9401827035673363531, 0.9419139527835378445),
 ( 1.000000000000000000, 0.9981619879277875418, 0.9981619879277875418, 1.000000000000000000) ) ) 
 REPRESENTATION_ITEM ( '' )  SURFACE ( )  );
#388 = EDGE_LOOP ( 'NONE', ( #7381, #4879, #7943, #682 ) ) ;
#389 = CARTESIAN_POINT ( 'NONE',  ( 0.1279528156500787661, 0.04312782558591858606, 0.1259842519685039353 ) ) ;
#390 = CARTESIAN_POINT ( 'NONE',  ( 0.1673228943901572396, 6.515244067784063859E-08, 0.03149606352349275384 ) ) ;
#391 = ORIENTED_EDGE ( 'NONE', *, *, #4262, .F. ) ;
#392 = CARTESIAN_POINT ( 'NONE',  ( -0.1358267119089695552, -0.05511804508377882855, 0.07010472905582612602 ) ) ;
#393 = CARTESIAN_POINT ( 'NONE',  ( 0.1319861974862204523, 0.01094624163562994690, 0.1248391665198818751 ) ) ;
#394 = CARTESIAN_POINT ( 'NONE',  ( -0.1329168347064415001, 0.05511817538866075478, 0.09930627893840099363 ) ) ;
#395 = EDGE_CURVE ( 'NONE', #4284, #3178, #1947, .T. ) ;
#396 = DIRECTION ( 'NONE',  ( -6.123233995736766036E-17, 1.000000000000000000, 0.0000000000000000000 ) ) ;
#397 = ORIENTED_EDGE ( 'NONE', *, *, #7385, .F. ) ;
#398 = CARTESIAN_POINT ( 'NONE',  ( 0.1594488786421260351, -0.0004899773017341434774, 0.03346747160094218354 ) ) ;
#399 = CARTESIAN_POINT ( 'NONE',  ( -0.1358266950448119847, 0.05511817538861657484, 0.09719781540434652145 ) ) ;
#400 = CARTESIAN_POINT ( 'NONE',  ( -0.1200786804129134605, 0.05365486251747113994, 0.03779527559055091690 ) ) ;
#401 = CARTESIAN_POINT ( 'NONE',  ( 0.1279586105515772287, -0.007041284143614433798, 0.1277077184266014742 ) ) ;
#402 = CARTESIAN_POINT ( 'NONE',  ( -0.1279526961609449009, -0.03543300571370079644, 0.03149606299212597688 ) ) ;
#403 = B_SPLINE_CURVE_WITH_KNOTS ( 'NONE', 3,
 ( #6774, #712, #5366, #7681 ),
 .UNSPECIFIED., .F., .F.,
 ( 4, 4 ),
 ( 0.0000000000000000000, 1.000000000000000000 ),
 .UNSPECIFIED. ) ;
#404 = EDGE_LOOP ( 'NONE', ( #8812, #1866, #8791, #5767, #9103 ) ) ;
#405 = FACE_OUTER_BOUND ( 'NONE', #7677, .T. ) ;
#406 = CARTESIAN_POINT ( 'NONE',  ( 0.01968509911464561002, 0.01968510452251975157, 0.0000000000000000000 ) ) ;
#407 = DIRECTION ( 'NONE',  ( 0.8995081585759971965, 0.0000000000000000000, -0.4369039627369138423 ) ) ;
#408 = EDGE_CURVE ( 'NONE', #3473, #4865, #1714, .T. ) ;
#409 = DIRECTION ( 'NONE',  ( 1.000000000000000000, 6.123233995736766036E-17, 0.0000000000000000000 ) ) ;
#410 = VERTEX_POINT ( 'NONE', #8250 ) ;
#411 = FACE_OUTER_BOUND ( 'NONE', #6433, .T. ) ;
#412 = ORIENTED_EDGE ( 'NONE', *, *, #3672, .T. ) ;
#413 = CARTESIAN_POINT ( 'NONE',  ( -0.1279526961609451230, 0.05375793314259122435, 0.05708661417322807852 ) ) ;
#414 = PLANE ( 'NONE',  #972 ) ;
#415 = EDGE_CURVE ( 'NONE', #585, #7549, #3511, .T. ) ;
#416 = ORIENTED_EDGE ( 'NONE', *, *, #7472, .F. ) ;
#417 = CARTESIAN_POINT ( 'NONE',  ( 0.1358268313981101094, 0.06520135229333189064, 0.05729138930996588441 ) ) ;
#418 = CARTESIAN_POINT ( 'NONE',  ( -0.1388263888904802124, 0.04921266357763776078, 0.07722593041863357044 ) ) ;
#419 = CARTESIAN_POINT ( 'NONE',  ( -0.1048030898617322848, -0.06294403425129924123, 0.1240157480314960509 ) ) ;
#420 = DIRECTION ( 'NONE',  ( -0.7660444431194446402, 0.0000000000000000000, -0.6427876096859831412 ) ) ;
#421 = VERTEX_POINT ( 'NONE', #2735 ) ;
#422 = EDGE_LOOP ( 'NONE', ( #6647, #2477, #5139, #6130 ) ) ;
#423 = CARTESIAN_POINT ( 'NONE',  ( -0.1279526961609449009, 0.03444888405007871801, 0.07086614173228344971 ) ) ;
#424 = DIRECTION ( 'NONE',  ( 0.0000000000000000000, 0.0000000000000000000, 1.000000000000000000 ) ) ;
#425 = DIRECTION ( 'NONE',  ( 1.000000000000000000, 6.123233995736766036E-17, -0.0000000000000000000 ) ) ;
#426 = CARTESIAN_POINT ( 'NONE',  ( -0.1279526961609449287, -0.04511175526671208635, 0.07727225082051179805 ) ) ;
#427 = CARTESIAN_POINT ( 'NONE',  ( -0.1240156882869291599, -0.03543300571370081031, 0.03149606299212598381 ) ) ;
#428 = VERTEX_POINT ( 'NONE', #9846 ) ;
#429 = CIRCLE ( 'NONE', #10139, 0.01181102362203629609 ) ;
#430 = ORIENTED_EDGE ( 'NONE', *, *, #1513, .T. ) ;
#431 = CARTESIAN_POINT ( 'NONE',  ( 0.1200787999020472285, 0.05577400947289982286, 0.01922186197314412065 ) ) ;
#432 = EDGE_CURVE ( 'NONE', #2546, #5955, #10001, .T. ) ;
#433 = ORIENTED_EDGE ( 'NONE', *, *, #4516, .F. ) ;
#434 = VECTOR ( 'NONE', #8726, 39.37007874015748143 ) ;
#435 = CARTESIAN_POINT ( 'NONE',  ( -0.1023621449798425426, 0.05256420672010187617, 0.01617701702636981445 ) ) ;
#436 = DIRECTION ( 'NONE',  ( -6.123233995736766036E-17, 1.000000000000000000, 0.0000000000000000000 ) ) ;
#437 = EDGE_CURVE ( 'NONE', #8743, #7873, #5877, .T. ) ;
#438 =( BOUNDED_CURVE ( )  B_SPLINE_CURVE ( 3, ( #3663, #6813, #4337, #5830 ),
 .UNSPECIFIED., .F., .T. ) 
 B_SPLINE_CURVE_WITH_KNOTS ( ( 4, 4 ),
 ( 0.0000000000000000000, 1.000000000000000000 ),
 .UNSPECIFIED. ) 
 CURVE ( )  GEOMETRIC_REPRESENTATION_ITEM ( )  RATIONAL_B_SPLINE_CURVE ( ( 1.009166061096361089, 1.017514637672880085, 1.031566214435749584, 1.051320791384969811 ) ) 
 REPRESENTATION_ITEM ( '' )  );
#439 = ORIENTED_EDGE ( 'NONE', *, *, #7346, .T. ) ;
#440 = VECTOR ( 'NONE', #8518, 39.37007874015748143 ) ;
#441 = VECTOR ( 'NONE', #756, 39.37007874015748143 ) ;
#442 = CARTESIAN_POINT ( 'NONE',  ( -0.1023621449798389760, 0.04748187024631848191, 0.1338577398469616986 ) ) ;
#443 = DIRECTION ( 'NONE',  ( 6.123233995736766036E-17, -1.000000000000000000, -0.0000000000000000000 ) ) ;
#444 = CARTESIAN_POINT ( 'NONE',  ( 0.1270288616541731253, 0.001813017865905502566, 0.1276235107237007893 ) ) ;
#445 = LINE ( 'NONE', #6634, #6695 ) ;
#446 = CARTESIAN_POINT ( 'NONE',  ( 0.1322907333313779465, 0.01879325349370077058, 0.02717342824014567018 ) ) ;
#447 = VERTEX_POINT ( 'NONE', #6762 ) ;
#448 = CARTESIAN_POINT ( 'NONE',  ( -0.1384514308544588512, 0.04832325941205152520, 0.07687945248396714504 ) ) ;
#449 = CARTESIAN_POINT ( 'NONE',  ( -0.1200786804129134605, 0.04624901010900780290, 0.03881360406038008443 ) ) ;
#450 = VECTOR ( 'NONE', #68, 39.37007874015748143 ) ;
#451 = EDGE_LOOP ( 'NONE', ( #6195, #5536, #687, #8459, #4493 ) ) ;
#452 = CARTESIAN_POINT ( 'NONE',  ( 0.1279962623480249695, -0.05180702634716746746, 0.1296880603790608599 ) ) ;
#453 = VERTEX_POINT ( 'NONE', #9079 ) ;
#454 = CARTESIAN_POINT ( 'NONE',  ( -0.1023621449798425287, -0.05256407641519588586, 0.01617701702635437194 ) ) ;
#455 = AXIS2_PLACEMENT_3D ( 'NONE', #1913, #475, #6613 ) ;
#456 = CARTESIAN_POINT ( 'NONE',  ( -0.1372005699763488573, -0.04328917321261872148, 0.05140626798809340425 ) ) ;
#457 = EDGE_CURVE ( 'NONE', #2848, #5653, #8407, .T. ) ;
#458 = CARTESIAN_POINT ( 'NONE',  ( -0.1198944284444094649, 0.05118116751464566599, 0.04724409448818897572 ) ) ;
#459 = DIRECTION ( 'NONE',  ( 0.0000000000000000000, -0.0000000000000000000, -1.000000000000000000 ) ) ;
#460 = ORIENTED_EDGE ( 'NONE', *, *, #2085, .T. ) ;
#461 = CARTESIAN_POINT ( 'NONE',  ( -0.1361644537893928752, 0.01782810742348937827, 0.1248383409585979709 ) ) ;
#462 = VECTOR ( 'NONE', #358, 39.37007874015748143 ) ;
#463 = ORIENTED_EDGE ( 'NONE', *, *, #7904, .F. ) ;
#464 = FACE_OUTER_BOUND ( 'NONE', #1460, .T. ) ;
#465 = B_SPLINE_CURVE_WITH_KNOTS ( 'NONE', 3,
 ( #9050, #5136, #8271, #7494, #3584, #5949, #9098, #2025, #1397, #9248 ),
 .UNSPECIFIED., .F., .F.,
 ( 4, 2, 2, 2, 4 ),
 ( 0.003192917932711400279, 0.1273946884495335552, 0.2515964589663556850, 0.3757982294831778702, 0.5000000000000000000 ),
 .UNSPECIFIED. ) ;
#466 = EDGE_CURVE ( 'NONE', #5805, #3026, #10081, .T. ) ;
#467 = CARTESIAN_POINT ( 'NONE',  ( -0.1358267119089763830, -0.06062868944155110074, 0.1022137262140660335 ) ) ;
#468 = AXIS2_PLACEMENT_3D ( 'NONE', #4726, #8593, #2246 ) ;
#469 = B_SPLINE_CURVE_WITH_KNOTS ( 'NONE', 3,
 ( #4151, #6561, #7811, #9719 ),
 .UNSPECIFIED., .F., .F.,
 ( 4, 4 ),
 ( 0.1295628271694906908, 1.000000000000000000 ),
 .UNSPECIFIED. ) ;
#470 = FACE_OUTER_BOUND ( 'NONE', #2467, .T. ) ;
#471 = ORIENTED_EDGE ( 'NONE', *, *, #8851, .F. ) ;
#472 = CARTESIAN_POINT ( 'NONE',  ( -0.1200786804129134050, -0.05674696495630850157, 0.1293942052436819756 ) ) ;
#473 = DIRECTION ( 'NONE',  ( 1.000000000000000000, 6.123233995736766036E-17, 0.0000000000000000000 ) ) ;
#474 = B_SPLINE_CURVE_WITH_KNOTS ( 'NONE', 3,
 ( #574, #7692, #8579, #7286 ),
 .UNSPECIFIED., .F., .F.,
 ( 4, 4 ),
 ( 0.0000000000000000000, 1.000000000000000000 ),
 .UNSPECIFIED. ) ;
#475 = DIRECTION ( 'NONE',  ( 6.103306557711953808E-17, -0.9967456023992081748, -0.08061143900117244410 ) ) ;
#476 = ORIENTED_EDGE ( 'NONE', *, *, #6400, .T. ) ;
#477 = ORIENTED_EDGE ( 'NONE', *, *, #3260, .T. ) ;
#478 = EDGE_CURVE ( 'NONE', #4087, #2392, #9018, .T. ) ;
#479 = EDGE_CURVE ( 'NONE', #7091, #220, #6627, .T. ) ;
#480 = LINE ( 'NONE', #3815, #2086 ) ;
#481 = CARTESIAN_POINT ( 'NONE',  ( 0.1574803747051181091, -0.08609464428740964959, 0.1191339488490591181 ) ) ;
#482 = EDGE_CURVE ( 'NONE', #820, #8457, #5452, .T. ) ;
#483 = CARTESIAN_POINT ( 'NONE',  ( -0.1240156882869291599, 0.03149612814456689835, 0.03149606299212598381 ) ) ;
#484 = DIRECTION ( 'NONE',  ( -1.000000000000000000, -6.123233995736766036E-17, -0.0000000000000000000 ) ) ;
#485 = CARTESIAN_POINT ( 'NONE',  ( -0.1240156882869291877, -0.03665141130153540261, 0.1338582677165354173 ) ) ;
#486 = VERTEX_POINT ( 'NONE', #3095 ) ;
#487 = VECTOR ( 'NONE', #1760, 39.37007874015748143 ) ;
#488 = VERTEX_POINT ( 'NONE', #7052 ) ;
#489 = DIRECTION ( 'NONE',  ( 6.123233995736766036E-17, -1.000000000000000000, -0.0000000000000000000 ) ) ;
#490 = VERTEX_POINT ( 'NONE', #10047 ) ;
#491 = VECTOR ( 'NONE', #4187, 39.37007874015748143 ) ;
#492 = DIRECTION ( 'NONE',  ( 0.0000000000000000000, -0.08061143900525415129, 0.9967456023988779945 ) ) ;
#493 = EDGE_CURVE ( 'NONE', #2724, #5906, #5055, .T. ) ;
#494 = CARTESIAN_POINT ( 'NONE',  ( 0.1200787999020464097, -0.05356377409821665159, 0.01698286059871230089 ) ) ;
#495 = VERTEX_POINT ( 'NONE', #7104 ) ;
#496 = DIRECTION ( 'NONE',  ( 1.000000000000000000, 6.123233995736766036E-17, -0.0000000000000000000 ) ) ;
#497 = CARTESIAN_POINT ( 'NONE',  ( -0.1200786804129134189, 6.515244094229544203E-08, 0.1337844026243305562 ) ) ;
#498 = AXIS2_PLACEMENT_3D ( 'NONE', #2491, #5641, #1909 ) ;
#499 = CARTESIAN_POINT ( 'NONE',  ( 0.1270222644220865560, 0.0002792049166535771182, 0.1276418353565354213 ) ) ;
#500 = CARTESIAN_POINT ( 'NONE',  ( 0.03640745115972437995, -0.02047237579244093331, 0.003937007874015747977 ) ) ;
#501 = CARTESIAN_POINT ( 'NONE',  ( 0.1594488786419577531, 6.515244097181446083E-08, 0.07480314960629920462 ) ) ;
#502 = ORIENTED_EDGE ( 'NONE', *, *, #4945, .F. ) ;
#503 = CARTESIAN_POINT ( 'NONE',  ( 0.01574809124062992449, 6.515244097005101764E-08, 0.007874015748031495954 ) ) ;
#504 =( BOUNDED_SURFACE ( )  B_SPLINE_SURFACE ( 3, 3, ( 
 ( #9287, #2074, #2862, #5375 ),
 ( #3725, #2178, #10112, #8520 ),
 ( #1447, #4554, #7745, #8470 ),
 ( #1395, #673, #6972, #1070 ) ),
 .UNSPECIFIED., .F., .F., .F. ) 
 B_SPLINE_SURFACE_WITH_KNOTS ( ( 4, 4 ),
 ( 4, 4 ),
 ( 0.0000000000000000000, 1.000000000000000000 ),
 ( 0.0000000000000000000, 1.000000000000000000 ),
 .UNSPECIFIED. ) 
 GEOMETRIC_REPRESENTATION_ITEM ( )  RATIONAL_B_SPLINE_SURFACE ( (
 ( 1.000000000000000000, 0.9836490853718053984, 0.9836490853718053984, 1.000000000000000000),
 ( 0.8425084105515359134, 0.8287326274570717688, 0.8287326274570717688, 0.8425084105515359134),
 ( 0.8425084105515359134, 0.8287326274570717688, 0.8287326274570717688, 0.8425084105515359134),
 ( 1.000000000000000000, 0.9836490853718053984, 0.9836490853718053984, 1.000000000000000000) ) ) 
 REPRESENTATION_ITEM ( '' )  SURFACE ( )  );
#505 = CARTESIAN_POINT ( 'NONE',  ( -0.1396910368104254396, 0.04714808918110634239, 0.09849151484039410376 ) ) ;
#506 = CARTESIAN_POINT ( 'NONE',  ( -0.1384513838249995799, 0.05066499051131787695, 0.1003269340915055319 ) ) ;
#507 = ORIENTED_EDGE ( 'NONE', *, *, #2588, .T. ) ;
#508 = CARTESIAN_POINT ( 'NONE',  ( 0.1247258340280580219, -0.04735200674083527711, 0.1338581359958222472 ) ) ;
#509 = VERTEX_POINT ( 'NONE', #4730 ) ;
#510 = CARTESIAN_POINT ( 'NONE',  ( -0.1003936410428346859, -0.07361310586710625992, 0.04133858267716534335 ) ) ;
#511 = CARTESIAN_POINT ( 'NONE',  ( -0.1377950662575684604, 0.05143902678541902029, 0.03979250718736025011 ) ) ;
#512 = CARTESIAN_POINT ( 'NONE',  ( 0.1358268313981101649, -0.04987930802689056337, 0.06147233623098451172 ) ) ;
#513 = PLANE ( 'NONE',  #10136 ) ;
#514 = ORIENTED_EDGE ( 'NONE', *, *, #2875, .F. ) ;
#515 = CARTESIAN_POINT ( 'NONE',  ( -0.1377952158459844201, -0.01604517289151630513, 0.1198348218233756535 ) ) ;
#516 = EDGE_CURVE ( 'NONE', #4656, #7305, #4720, .T. ) ;
#517 = ORIENTED_EDGE ( 'NONE', *, *, #6092, .F. ) ;
#518 = CARTESIAN_POINT ( 'NONE',  ( -0.1358267238606548355, -0.05511804508376715733, 0.07010472788254473731 ) ) ;
#519 = CARTESIAN_POINT ( 'NONE',  ( 0.1751969101381888883, 0.008156571594813666684, 0.08890892535788473550 ) ) ;
#520 = CARTESIAN_POINT ( 'NONE',  ( -0.1279526961609449009, 0.04921266357763774690, 0.1043653315612598498 ) ) ;
#521 = ORIENTED_EDGE ( 'NONE', *, *, #8869, .F. ) ;
#522 = FACE_OUTER_BOUND ( 'NONE', #359, .T. ) ;
#523 = CARTESIAN_POINT ( 'NONE',  ( -0.1311788480827947856, -0.04724402933574803343, 0.07271426914684862852 ) ) ;
#524 = PLANE ( 'NONE',  #9983 ) ;
#525 = LINE ( 'NONE', #9715, #5402 ) ;
#526 = FACE_OUTER_BOUND ( 'NONE', #9696, .T. ) ;
#527 = ORIENTED_EDGE ( 'NONE', *, *, #9816, .T. ) ;
#528 = ORIENTED_EDGE ( 'NONE', *, *, #3630, .F. ) ;
#529 = DIRECTION ( 'NONE',  ( -6.123233995736766036E-17, 1.000000000000000000, 0.0000000000000000000 ) ) ;
#530 = CARTESIAN_POINT ( 'NONE',  ( 0.1586334976137580566, -0.08609464428740963571, 0.1191339488490591181 ) ) ;
#531 = CARTESIAN_POINT ( 'NONE',  ( -0.1384514529410768857, -0.04746465323367313194, 0.07316598539291177539 ) ) ;
#532 = PLANE ( 'NONE',  #2774 ) ;
#533 = CARTESIAN_POINT ( 'NONE',  ( -0.1358267119089763830, -0.04239105366359938870, 0.1215751452089451762 ) ) ;
#534 = EDGE_LOOP ( 'NONE', ( #7649, #4922, #2048 ) ) ;
#535 = EDGE_CURVE ( 'NONE', #7873, #8375, #747, .T. ) ;
#536 = ORIENTED_EDGE ( 'NONE', *, *, #2542, .T. ) ;
#537 = CARTESIAN_POINT ( 'NONE',  ( 0.2759283528060110235, -0.01181095846960641092, 0.09842519685039402555 ) ) ;
#538 = VERTEX_POINT ( 'NONE', #1518 ) ;
#539 = EDGE_CURVE ( 'NONE', #5744, #2903, #7615, .T. ) ;
#540 = PLANE ( 'NONE',  #8665 ) ;
#541 = CARTESIAN_POINT ( 'NONE',  ( -0.1200786804129134189, -0.03543300571370081725, 0.01181102362204531665 ) ) ;
#542 = DIMENSIONAL_EXPONENTS ( 1.000000000000000000, 0.0000000000000000000, 0.0000000000000000000, 0.0000000000000000000, 0.0000000000000000000, 0.0000000000000000000, 0.0000000000000000000 ) ;
#543 = ORIENTED_EDGE ( 'NONE', *, *, #1559, .T. ) ;
#544 = EDGE_CURVE ( 'NONE', #2749, #9127, #8523, .T. ) ;
#545 = CARTESIAN_POINT ( 'NONE',  ( 0.1275486119945669350, -0.009563394236889743300, 0.02009391175644881580 ) ) ;
#546 = CARTESIAN_POINT ( 'NONE',  ( 0.1358268313981101372, -7.435393316268523733E-06, 0.06889763779527557919 ) ) ;
#547 = CARTESIAN_POINT ( 'NONE',  ( -0.1377952117468700666, -0.04371088165287814048, 0.1026209033382795427 ) ) ;
#548 = DIRECTION ( 'NONE',  ( 1.000000000000000000, 6.123233995736766036E-17, 0.0000000000000000000 ) ) ;
#549 = CARTESIAN_POINT ( 'NONE',  ( -0.1200786804129134189, -0.04137177170147549043, 0.1009529277960796861 ) ) ;
#550 = CARTESIAN_POINT ( 'NONE',  ( -0.1023621449798425426, 0.02362211239654171679, 0.01567416640385572296 ) ) ;
#551 = CARTESIAN_POINT ( 'NONE',  ( -0.1396854137027994658, 0.04784479057358276277, 0.09769750365162628569 ) ) ;
#552 = EDGE_LOOP ( 'NONE', ( #4034, #7910, #1231, #3187 ) ) ;
#553 = DIRECTION ( 'NONE',  ( 0.0000000000000000000, -1.000000000000000000, -0.0000000000000000000 ) ) ;
#554 = CARTESIAN_POINT ( 'NONE',  ( -0.1200786804129134050, 0.04236463192318211390, 0.04217347526536292107 ) ) ;
#555 = CARTESIAN_POINT ( 'NONE',  ( -0.1378094211395228252, 0.04635675015468785493, 0.03845160215708400692 ) ) ;
#556 = EDGE_CURVE ( 'NONE', #4293, #6934, #7125, .T. ) ;
#557 = DIRECTION ( 'NONE',  ( 1.000000000000000000, 6.123233995736766036E-17, 0.0000000000000000000 ) ) ;
#558 = CARTESIAN_POINT ( 'NONE',  ( -0.1372376041256253287, -0.03276886766672122003, 0.09344639620512225353 ) ) ;
#559 = ORIENTED_EDGE ( 'NONE', *, *, #4831, .T. ) ;
#560 = CARTESIAN_POINT ( 'NONE',  ( -0.1377952158459838372, -0.04370072224912854852, 0.1023622047244089339 ) ) ;
#561 =( BOUNDED_CURVE ( )  B_SPLINE_CURVE ( 3, ( #1416, #9358, #4479, #8592 ),
 .UNSPECIFIED., .F., .T. ) 
 B_SPLINE_CURVE_WITH_KNOTS ( ( 4, 4 ),
 ( 0.0000000000000000000, 0.01100222019301893249 ),
 .UNSPECIFIED. ) 
 CURVE ( )  GEOMETRIC_REPRESENTATION_ITEM ( )  RATIONAL_B_SPLINE_CURVE ( ( 1.000000000000000000, 0.9999004437900774755, 0.9999004437900774755, 1.000000000000000000 ) ) 
 REPRESENTATION_ITEM ( '' )  );
#562 = VERTEX_POINT ( 'NONE', #3807 ) ;
#563 = CARTESIAN_POINT ( 'NONE',  ( -0.1392992980403902348, 0.05166775265056300359, 0.07791581489892100698 ) ) ;
#564 = CARTESIAN_POINT ( 'NONE',  ( -0.1325847361463550478, 0.04130527670781695276, 0.1028401728111246055 ) ) ;
#565 = CARTESIAN_POINT ( 'NONE',  ( 0.1574803747051181091, 6.515244097005101764E-08, 0.07480314960629920462 ) ) ;
#566 = CARTESIAN_POINT ( 'NONE',  ( 0.2854331306106298038, -0.06281913994529525480, 0.08319616023790943338 ) ) ;
#567 = DIRECTION ( 'NONE',  ( -1.000000000000000000, -6.123233995736766036E-17, -0.0000000000000000000 ) ) ;
#568 = CARTESIAN_POINT ( 'NONE',  ( 0.2759283528060109680, 0.01181108877448836837, 0.05118110236219954728 ) ) ;
#569 = CARTESIAN_POINT ( 'NONE',  ( -0.1377952155403631695, 0.05702760654130503704, 0.05200921840292483528 ) ) ;
#570 = ORIENTED_EDGE ( 'NONE', *, *, #902, .T. ) ;
#571 = ORIENTED_EDGE ( 'NONE', *, *, #1729, .F. ) ;
#572 = CARTESIAN_POINT ( 'NONE',  ( -0.1279526961609449009, 0.05511817538866112948, 0.1002631264098800407 ) ) ;
#573 = ADVANCED_FACE ( 'NONE', ( #8552 ), #4897, .T. ) ;
#574 = CARTESIAN_POINT ( 'NONE',  ( 0.1200787999020437175, -0.06294403425130543073, 0.1240157480314960509 ) ) ;
#575 = ORIENTED_EDGE ( 'NONE', *, *, #4533, .T. ) ;
#576 = CARTESIAN_POINT ( 'NONE',  ( -0.1377952158459834209, -0.05865137453462384437, 0.1027530716749040368 ) ) ;
#577 = ORIENTED_EDGE ( 'NONE', *, *, #5340, .T. ) ;
#578 = CARTESIAN_POINT ( 'NONE',  ( 0.1279528156500787106, 0.05659284648500494813, 0.1118311711696384908 ) ) ;
#579 = ORIENTED_EDGE ( 'NONE', *, *, #54, .F. ) ;
#580 = EDGE_CURVE ( 'NONE', #2226, #3599, #3324, .T. ) ;
#581 = DIRECTION ( 'NONE',  ( 0.0000000000000000000, -1.000000000000000000, 0.0000000000000000000 ) ) ;
#582 = B_SPLINE_CURVE_WITH_KNOTS ( 'NONE', 3,
 ( #9199, #1313, #5184, #9768, #7598, #7449, #9870, #3683, #9966, #5080 ),
 .UNSPECIFIED., .F., .F.,
 ( 4, 2, 2, 2, 4 ),
 ( 0.0000000000000000000, 0.2500000000000000000, 0.5000000000000000000, 0.7500000000000000000, 1.000000000000000000 ),
 .UNSPECIFIED. ) ;
#583 = CARTESIAN_POINT ( 'NONE',  ( -0.1181967381245783433, -0.03543300571370084501, 0.008298319277126009821 ) ) ;
#584 = ADVANCED_FACE ( 'NONE', ( #7667 ), #2155, .T. ) ;
#585 = VERTEX_POINT ( 'NONE', #5309 ) ;
#586 = CARTESIAN_POINT ( 'NONE',  ( -0.1279526961609449287, 0.05183733554514876468, 0.07308953162400509684 ) ) ;
#587 = ORIENTED_EDGE ( 'NONE', *, *, #1212, .T. ) ;
#588 = DIRECTION ( 'NONE',  ( -0.0000000000000000000, -0.0000000000000000000, -1.000000000000000000 ) ) ;
#589 = DIRECTION ( 'NONE',  ( -0.0000000000000000000, -0.0000000000000000000, 1.000000000000000000 ) ) ;
#590 = B_SPLINE_CURVE_WITH_KNOTS ( 'NONE', 3,
 ( #1720, #4001, #5700, #999 ),
 .UNSPECIFIED., .F., .F.,
 ( 4, 4 ),
 ( 0.0000000000000000000, 0.01100444692866452481 ),
 .UNSPECIFIED. ) ;
#591 = CARTESIAN_POINT ( 'NONE',  ( 0.07818480412716533046, 0.01968510452251841930, 0.003937007874015747977 ) ) ;
#592 = ADVANCED_FACE ( 'NONE', ( #602 ), #9985, .T. ) ;
#593 = PLANE ( 'NONE',  #3938 ) ;
#594 = VECTOR ( 'NONE', #4735, 39.37007874015748143 ) ;
#595 = CIRCLE ( 'NONE', #9166, 0.003937007874015636087 ) ;
#596 = ADVANCED_FACE ( 'NONE', ( #6317 ), #44, .F. ) ;
#597 = EDGE_CURVE ( 'NONE', #1471, #5744, #8968, .T. ) ;
#598 = ORIENTED_EDGE ( 'NONE', *, *, #3875, .F. ) ;
#599 = CARTESIAN_POINT ( 'NONE',  ( 0.1279962623480249695, -0.04736759849011074747, 0.1305567754172693440 ) ) ;
#600 = ORIENTED_EDGE ( 'NONE', *, *, #556, .F. ) ;
#601 = FACE_OUTER_BOUND ( 'NONE', #9761, .T. ) ;
#602 = FACE_OUTER_BOUND ( 'NONE', #1489, .T. ) ;
#603 = CARTESIAN_POINT ( 'NONE',  ( -0.1369911382989602855, 0.04589311557175254630, 0.03760662892804117474 ) ) ;
#604 = CARTESIAN_POINT ( 'NONE',  ( -0.1397637197829870170, -0.05143541147438393524, 0.07121352076913416151 ) ) ;
#605 = CARTESIAN_POINT ( 'NONE',  ( -0.08539606949297957883, 0.04327269523647465921, 0.01567416640385432824 ) ) ;
#606 = ORIENTED_EDGE ( 'NONE', *, *, #6211, .T. ) ;
#607 = CARTESIAN_POINT ( 'NONE',  ( -0.1325847361463551310, 0.05712005044745870758, 0.07439442731926916574 ) ) ;
#608 = VECTOR ( 'NONE', #8756, 39.37007874015748143 ) ;
#609 = VECTOR ( 'NONE', #6488, 39.37007874015748143 ) ;
#610 = B_SPLINE_CURVE_WITH_KNOTS ( 'NONE', 3,
 ( #1331, #6803, #9072, #550 ),
 .UNSPECIFIED., .F., .F.,
 ( 4, 4 ),
 ( 0.0000000000000000000, 1.000000000000000000 ),
 .UNSPECIFIED. ) ;
#611 = DIRECTION ( 'NONE',  ( -6.123233995736766036E-17, 1.000000000000000000, 0.0000000000000000000 ) ) ;
#612 = EDGE_CURVE ( 'NONE', #8517, #2364, #7311, .T. ) ;
#613 = CARTESIAN_POINT ( 'NONE',  ( 0.1279528156500786551, 0.04913392342015748121, 0.01181102362204724393 ) ) ;
#614 = ORIENTED_EDGE ( 'NONE', *, *, #1502, .F. ) ;
#615 = VECTOR ( 'NONE', #2731, 39.37007874015748143 ) ;
#616 = DIRECTION ( 'NONE',  ( 1.000000000000000000, 6.123233995736766036E-17, -0.0000000000000000000 ) ) ;
#617 = PLANE ( 'NONE',  #9309 ) ;
#618 = DIRECTION ( 'NONE',  ( 0.0000000000000000000, 1.000000000000000000, 0.0000000000000000000 ) ) ;
#619 =( LENGTH_UNIT ( ) NAMED_UNIT ( * ) SI_UNIT ( $, .METRE. ) );
#620 = ORIENTED_EDGE ( 'NONE', *, *, #8276, .T. ) ;
#621 = CARTESIAN_POINT ( 'NONE',  ( -0.1279526961609449287, 0.04460519613581899467, 0.1038099149098133250 ) ) ;
#622 = VERTEX_POINT ( 'NONE', #2402 ) ;
#623 = CARTESIAN_POINT ( 'NONE',  ( 0.1594488786421260074, -0.0004899773017341434774, 0.03346747160094217660 ) ) ;
#624 = VECTOR ( 'NONE', #647, 39.37007874015748143 ) ;
#625 = CARTESIAN_POINT ( 'NONE',  ( -0.1281369481294488410, 0.03543313601858144590, 0.03149606299212598381 ) ) ;
#626 = CARTESIAN_POINT ( 'NONE',  ( -0.1369955064767957031, -0.06062421011281093897, 0.1020356100459680199 ) ) ;
#627 = ORIENTED_EDGE ( 'NONE', *, *, #2694, .F. ) ;
#628 = CARTESIAN_POINT ( 'NONE',  ( -0.1372206976880277207, -0.05513594824801144878, 0.07162378984074108113 ) ) ;
#629 = VECTOR ( 'NONE', #3513, 39.37007874015748143 ) ;
#630 = ORIENTED_EDGE ( 'NONE', *, *, #9224, .T. ) ;
#631 = DIRECTION ( 'NONE',  ( 0.0000000000000000000, -1.000000000000000000, 0.0000000000000000000 ) ) ;
#632 = VERTEX_POINT ( 'NONE', #248 ) ;
#633 = VECTOR ( 'NONE', #2707, 39.37007874015748143 ) ;
#634 = CARTESIAN_POINT ( 'NONE',  ( 0.1200787999020471869, -0.06299206083181720095, 0.003937007874015744507 ) ) ;
#635 = B_SPLINE_CURVE_WITH_KNOTS ( 'NONE', 3,
 ( #4108, #5605, #5548, #7924, #194, #844 ),
 .UNSPECIFIED., .F., .F.,
 ( 4, 2, 4 ),
 ( 0.0000000000000000000, 0.5000000000000000000, 1.000000000000000000 ),
 .UNSPECIFIED. ) ;
#636 = CARTESIAN_POINT ( 'NONE',  ( 0.1594488786421259519, -0.01173114844540512798, 0.07142088497831583505 ) ) ;
#637 = AXIS2_PLACEMENT_3D ( 'NONE', #9493, #7953, #3275 ) ;
#638 = EDGE_CURVE ( 'NONE', #180, #7193, #8940, .T. ) ;
#639 = VERTEX_POINT ( 'NONE', #3305 ) ;
#640 = FACE_OUTER_BOUND ( 'NONE', #9458, .T. ) ;
#641 = DIRECTION ( 'NONE',  ( 0.0000000000000000000, 1.000000000000000000, 0.0000000000000000000 ) ) ;
#642 = CARTESIAN_POINT ( 'NONE',  ( 0.1279528156500787384, 0.06693051232536444128, 0.07480315341988209854 ) ) ;
#643 = CIRCLE ( 'NONE', #8561, 0.009448818897637803818 ) ;
#644 = DIRECTION ( 'NONE',  ( 0.0000000000000000000, 1.000000000000000000, 0.0000000000000000000 ) ) ;
#645 = CARTESIAN_POINT ( 'NONE',  ( -0.1397856070055323030, -0.04494035807650311604, 0.07147137280785204050 ) ) ;
#646 = ORIENTED_EDGE ( 'NONE', *, *, #5320, .F. ) ;
#647 = DIRECTION ( 'NONE',  ( 1.000000000000000000, 6.123233995736766036E-17, 0.0000000000000000000 ) ) ;
#648 = CARTESIAN_POINT ( 'NONE',  ( 0.2854331306106278054, -0.03137860885364462254, 0.07208638652795400226 ) ) ;
#649 = EDGE_CURVE ( 'NONE', #9237, #8896, #3935, .T. ) ;
#650 = EDGE_CURVE ( 'NONE', #5645, #6668, #1630, .T. ) ;
#651 = CARTESIAN_POINT ( 'NONE',  ( -0.1200786804129134189, -0.02029200082430838298, 0.03956421553555926340 ) ) ;
#652 = CARTESIAN_POINT ( 'NONE',  ( -0.1378094211395228252, 0.05978923424901659567, 0.04770478099306784542 ) ) ;
#653 = CARTESIAN_POINT ( 'NONE',  ( -0.1048030898617323126, 0.07312442612162099731, 0.1295835179620784539 ) ) ;
#654 = ORIENTED_EDGE ( 'NONE', *, *, #733, .T. ) ;
#655 = CARTESIAN_POINT ( 'NONE',  ( -0.1200786804129134189, 0.06062998641228346808, 0.04724409448819157781 ) ) ;
#656 = ADVANCED_FACE ( 'NONE', ( #1783 ), #4115, .T. ) ;
#657 = EDGE_CURVE ( 'NONE', #5611, #1028, #3249, .T. ) ;
#658 = ORIENTED_EDGE ( 'NONE', *, *, #7284, .T. ) ;
#659 = FACE_BOUND ( 'NONE', #7123, .T. ) ;
#660 = AXIS2_PLACEMENT_3D ( 'NONE', #1002, #2606, #9572 ) ;
#661 = DIRECTION ( 'NONE',  ( 0.0000000000000000000, 1.000000000000000000, 0.0000000000000000000 ) ) ;
#662 = CARTESIAN_POINT ( 'NONE',  ( 0.1279528156500787661, -7.435394413446427819E-06, 0.07283464566929133410 ) ) ;
#663 = CARTESIAN_POINT ( 'NONE',  ( -0.1384513838249816220, -0.04658786135674000684, 0.07296489896628358118 ) ) ;
#664 = ORIENTED_EDGE ( 'NONE', *, *, #5190, .T. ) ;
#665 = CARTESIAN_POINT ( 'NONE',  ( 0.1358268313981119413, 0.03149612814456353993, 0.1338582677165340851 ) ) ;
#666 = CARTESIAN_POINT ( 'NONE',  ( 0.03387679127908466842, 0.01968510452251841930, 0.006952930878404263784 ) ) ;
#667 = CARTESIAN_POINT ( 'NONE',  ( -0.1048030898617323126, -0.001968438784566928224, 0.07480314960629920462 ) ) ;
#668 = ORIENTED_EDGE ( 'NONE', *, *, #6012, .T. ) ;
#669 = CARTESIAN_POINT ( 'NONE',  ( -0.1353932291998885817, 0.04330715176660177718, 0.1003249077558707875 ) ) ;
#670 = EDGE_CURVE ( 'NONE', #6934, #3983, #6375, .T. ) ;
#671 = ORIENTED_EDGE ( 'NONE', *, *, #7307, .T. ) ;
#672 = CARTESIAN_POINT ( 'NONE',  ( 0.01968509911464561002, 0.04724415964062991802, 0.0000000000000000000 ) ) ;
#673 = CARTESIAN_POINT ( 'NONE',  ( -0.1330394014896543742, 0.04330715176661410759, 0.07799801863124707080 ) ) ;
#674 = LINE ( 'NONE', #6102, #3122 ) ;
#675 = DIRECTION ( 'NONE',  ( -1.000000000000000000, -6.123233995736766036E-17, 0.0000000000000000000 ) ) ;
#676 = CARTESIAN_POINT ( 'NONE',  ( -0.1388263888904573418, -0.04921253327275590395, 0.07291558897103392334 ) ) ;
#677 = ORIENTED_EDGE ( 'NONE', *, *, #1708, .T. ) ;
#678 = CARTESIAN_POINT ( 'NONE',  ( -0.1377951950247914004, -0.04390612779555856660, 0.1040947179117636540 ) ) ;
#679 = B_SPLINE_CURVE_WITH_KNOTS ( 'NONE', 3,
 ( #5306, #6368, #6313, #2614 ),
 .UNSPECIFIED., .F., .F.,
 ( 4, 4 ),
 ( 0.0000000000000000000, 1.000000000000000000 ),
 .UNSPECIFIED. ) ;
#680 = ORIENTED_EDGE ( 'NONE', *, *, #3819, .T. ) ;
#681 = CARTESIAN_POINT ( 'NONE',  ( 0.02272470356924936180, 0.01968510452251973075, 0.007874015748031495954 ) ) ;
#682 = ORIENTED_EDGE ( 'NONE', *, *, #5655, .T. ) ;
#683 = ORIENTED_EDGE ( 'NONE', *, *, #925, .T. ) ;
#684 = DIRECTION ( 'NONE',  ( -0.2161295262841373688, 0.0000000000000000000, -0.9763647002366453442 ) ) ;
#685 = LINE ( 'NONE', #2925, #312 ) ;
#686 = CARTESIAN_POINT ( 'NONE',  ( -0.1023621449798425564, 0.01580268270956731655, 0.01574803149606298150 ) ) ;
#687 = ORIENTED_EDGE ( 'NONE', *, *, #3824, .F. ) ;
#688 = CARTESIAN_POINT ( 'NONE',  ( 0.03387679127907403109, -0.01968497421763773514, 0.006952930878421288360 ) ) ;
#689 = LINE ( 'NONE', #8398, #1097 ) ;
#690 = B_SPLINE_CURVE_WITH_KNOTS ( 'NONE', 3,
 ( #9246, #2222, #5287, #1311 ),
 .UNSPECIFIED., .F., .F.,
 ( 4, 4 ),
 ( 0.0000000000000000000, 1.000000000000000000 ),
 .UNSPECIFIED. ) ;
#691 = DIRECTION ( 'NONE',  ( -1.000000000000000000, -6.123233995736766036E-17, -0.0000000000000000000 ) ) ;
#692 = CARTESIAN_POINT ( 'NONE',  ( 0.1279528156500785441, -0.05019648537984278125, 0.1248263091177689715 ) ) ;
#693 = CARTESIAN_POINT ( 'NONE',  ( -0.1390338819214683996, -0.04801079743211768974, 0.07225557963116231719 ) ) ;
#694 = ORIENTED_EDGE ( 'NONE', *, *, #1109, .F. ) ;
#695 = EDGE_CURVE ( 'NONE', #4916, #2724, #2516, .T. ) ;
#696 = DIRECTION ( 'NONE',  ( -1.000000000000000000, -6.123233995736766036E-17, 0.0000000000000000000 ) ) ;
#697 = CARTESIAN_POINT ( 'NONE',  ( -0.1377950662575684604, 0.04700837438232594034, 0.03963918618988837572 ) ) ;
#698 =( BOUNDED_SURFACE ( )  B_SPLINE_SURFACE ( 3, 3, ( 
 ( #7036, #6353, #6414, #2502 ),
 ( #5698, #8840, #5649, #3890 ),
 ( #10173, #3132, #5750, #7491 ),
 ( #1821, #3432, #233, #4926 ) ),
 .UNSPECIFIED., .F., .F., .F. ) 
 B_SPLINE_SURFACE_WITH_KNOTS ( ( 4, 4 ),
 ( 4, 4 ),
 ( 0.0000000000000000000, 1.000000000000000000 ),
 ( 0.0000000000000000000, 1.000000000000000000 ),
 .UNSPECIFIED. ) 
 GEOMETRIC_REPRESENTATION_ITEM ( )  RATIONAL_B_SPLINE_SURFACE ( (
 ( 1.000000000000000000, 0.8055527288284144438, 0.8055527288284144438, 1.000000000000000000),
 ( 0.8025111976493486399, 0.6464650851817917987, 0.6464650851817917987, 0.8025111976493486399),
 ( 0.8025111976493486399, 0.6464650851817917987, 0.6464650851817917987, 0.8025111976493486399),
 ( 1.000000000000000000, 0.8055527288284144438, 0.8055527288284144438, 1.000000000000000000) ) ) 
 REPRESENTATION_ITEM ( '' )  SURFACE ( )  );
#699 = CARTESIAN_POINT ( 'NONE',  ( 0.03288374564087007124, -0.01968497421763776636, 0.01574803149606297109 ) ) ;
#700 = CARTESIAN_POINT ( 'NONE',  ( -0.1322542320567424434, 0.05183733549365982657, 0.1035373664950576394 ) ) ;
#701 = VERTEX_POINT ( 'NONE', #2462 ) ;
#702 = FACE_OUTER_BOUND ( 'NONE', #2920, .T. ) ;
#703 = EDGE_LOOP ( 'NONE', ( #2016, #2191, #9432, #1569, #7082 ) ) ;
#704 = CARTESIAN_POINT ( 'NONE',  ( -0.1003936410428346443, -0.07127500173823493601, 0.04133858267716535029 ) ) ;
#705 = CARTESIAN_POINT ( 'NONE',  ( -0.1377952158459848087, 0.04370085255402039043, 0.04724409448818969737 ) ) ;
#706 = CARTESIAN_POINT ( 'NONE',  ( -0.1279526961609449287, 0.05009268459609853702, 0.1043653315612598498 ) ) ;
#707 = CARTESIAN_POINT ( 'NONE',  ( -0.1382247786220385521, -0.04460506583094910049, 0.07271796167135216593 ) ) ;
#708 = ADVANCED_FACE ( 'NONE', ( #3352 ), #6475, .F. ) ;
#709 = ADVANCED_FACE ( 'NONE', ( #1835 ), #6797, .T. ) ;
#710 = VERTEX_POINT ( 'NONE', #4267 ) ;
#711 = B_SPLINE_CURVE_WITH_KNOTS ( 'NONE', 3,
 ( #1703, #4183, #8668, #922, #4752, #169, #5734, #1592 ),
 .UNSPECIFIED., .F., .F.,
 ( 4, 2, 2, 4 ),
 ( 0.5000000019177468502, 0.7500000009588734251, 0.8750000004794367126, 1.000000000000000000 ),
 .UNSPECIFIED. ) ;
#712 = CARTESIAN_POINT ( 'NONE',  ( 0.1751969101381888883, 0.03261977730661892727, 0.07505667393091236539 ) ) ;
#713 = CARTESIAN_POINT ( 'NONE',  ( -0.1390978424895659704, -0.05347768126257349680, 0.07010473379532365656 ) ) ;
#714 = DIRECTION ( 'NONE',  ( 0.0000000000000000000, 1.000000000000000000, 0.0000000000000000000 ) ) ;
#715 = EDGE_LOOP ( 'NONE', ( #3174, #3350 ) ) ;
#716 = CARTESIAN_POINT ( 'NONE',  ( -0.1358267119089758834, 0.04330715176661405208, 0.09719780979657630104 ) ) ;
#717 = ORIENTED_EDGE ( 'NONE', *, *, #7235, .F. ) ;
#718 = CARTESIAN_POINT ( 'NONE',  ( 0.1279664868829920588, -0.01914449112531490735, 0.1269293898732676840 ) ) ;
#719 = EDGE_CURVE ( 'NONE', #2696, #3486, #2777, .T. ) ;
#720 = DIRECTION ( 'NONE',  ( 1.000000000000000000, 6.123233995736766036E-17, 0.0000000000000000000 ) ) ;
#721 = CARTESIAN_POINT ( 'NONE',  ( -0.1397637197829922073, 0.04765871578070297182, 0.09729291549768268044 ) ) ;
#722 = LINE ( 'NONE', #2224, #2938 ) ;
#723 = CARTESIAN_POINT ( 'NONE',  ( -0.1279526961609451507, -0.02944093225400307157, 0.03192036652122105800 ) ) ;
#724 = EDGE_CURVE ( 'NONE', #453, #9283, #2831, .T. ) ;
#725 = CARTESIAN_POINT ( 'NONE',  ( -0.1377951378577851049, -0.04889748570418100265, 0.1095049088050198405 ) ) ;
#726 = ORIENTED_EDGE ( 'NONE', *, *, #8693, .F. ) ;
#727 = LINE ( 'NONE', #6251, #5373 ) ;
#728 = EDGE_LOOP ( 'NONE', ( #6200, #8794 ) ) ;
#729 = VERTEX_POINT ( 'NONE', #9159 ) ;
#730 = CARTESIAN_POINT ( 'NONE',  ( 0.1594488786421259241, 0.0004344646500001037828, 0.1181080575046416226 ) ) ;
#731 = CARTESIAN_POINT ( 'NONE',  ( -0.1281369481294488410, 0.05717993738975709478, 0.1289370078740136871 ) ) ;
#732 = CARTESIAN_POINT ( 'NONE',  ( -0.1279526961609449565, -0.04330702146173453365, 0.04786747128992227540 ) ) ;
#733 = EDGE_CURVE ( 'NONE', #7275, #9751, #299, .T. ) ;
#734 = ORIENTED_EDGE ( 'NONE', *, *, #4026, .T. ) ;
#735 = CARTESIAN_POINT ( 'NONE',  ( -0.1023621449798425564, 6.515244100890154696E-08, 0.1279527559055118058 ) ) ;
#736 = CARTESIAN_POINT ( 'NONE',  ( 0.1279528156500787106, 0.06517943515951429845, 0.05724603146692151118 ) ) ;
#737 = DIRECTION ( 'NONE',  ( 0.7071067811865483499, 8.659560562354931626E-17, 0.7071067811865466846 ) ) ;
#738 = EDGE_CURVE ( 'NONE', #410, #2688, #2094, .T. ) ;
#739 = DIRECTION ( 'NONE',  ( 0.0000000000000000000, -1.000000000000000000, -0.0000000000000000000 ) ) ;
#740 = CARTESIAN_POINT ( 'NONE',  ( -0.1397635449270631658, -0.04728113442652397136, 0.07010472905581856262 ) ) ;
#741 = ORIENTED_EDGE ( 'NONE', *, *, #1164, .T. ) ;
#742 = VECTOR ( 'NONE', #3027, 39.37007874015748143 ) ;
#743 = VECTOR ( 'NONE', #9794, 39.37007874015748143 ) ;
#744 = LINE ( 'NONE', #5612, #8703 ) ;
#745 = CARTESIAN_POINT ( 'NONE',  ( -0.1384513838249931128, 0.04658799166161647215, 0.07717662042337028461 ) ) ;
#746 = AXIS2_PLACEMENT_3D ( 'NONE', #21, #5532, #5381 ) ;
#747 = LINE ( 'NONE', #4531, #7203 ) ;
#748 = CARTESIAN_POINT ( 'NONE',  ( -0.1358267119089764108, 0.04589311557175253936, 0.03760662892804116780 ) ) ;
#749 = LINE ( 'NONE', #3968, #9042 ) ;
#750 = DIRECTION ( 'NONE',  ( 6.123233995736766036E-17, -1.000000000000000000, -0.0000000000000000000 ) ) ;
#751 = VERTEX_POINT ( 'NONE', #7461 ) ;
#752 = CARTESIAN_POINT ( 'NONE',  ( -0.03944000154826834970, -0.02866189399129996998, 0.007874015748031495954 ) ) ;
#753 = ORIENTED_EDGE ( 'NONE', *, *, #1789, .F. ) ;
#754 = FACE_OUTER_BOUND ( 'NONE', #9881, .T. ) ;
#755 = AXIS2_PLACEMENT_3D ( 'NONE', #8162, #424, #9095 ) ;
#756 = DIRECTION ( 'NONE',  ( 1.000000000000000000, 0.0000000000000000000, -0.0000000000000000000 ) ) ;
#757 = AXIS2_PLACEMENT_3D ( 'NONE', #6687, #2778, #4168 ) ;
#758 = CARTESIAN_POINT ( 'NONE',  ( -0.1290065138044735882, -0.05183735321970761589, 0.07705196276223189034 ) ) ;
#759 = CARTESIAN_POINT ( 'NONE',  ( -0.1358600830307744867, 0.04921266357763776078, 0.1028401728111211361 ) ) ;
#760 = ADVANCED_FACE ( 'NONE', ( #9066 ), #3670, .F. ) ;
#761 = ORIENTED_EDGE ( 'NONE', *, *, #2041, .T. ) ;
#762 = LINE ( 'NONE', #8819, #4623 ) ;
#763 = CARTESIAN_POINT ( 'NONE',  ( 0.1358268313981138009, -0.06680721202181852392, 0.06362993025184042473 ) ) ;
#764 = CARTESIAN_POINT ( 'NONE',  ( -0.1200786804129134189, 6.515244221747139657E-08, 0.01181102362204724567 ) ) ;
#765 = CARTESIAN_POINT ( 'NONE',  ( -0.1384513838250003293, -0.04921253327275761091, 0.04978632967877868326 ) ) ;
#766 = SURFACE_STYLE_USAGE ( .BOTH. , #8618 ) ;
#767 = ORIENTED_EDGE ( 'NONE', *, *, #2664, .T. ) ;
#768 = VECTOR ( 'NONE', #4080, 39.37007874015748143 ) ;
#769 = ORIENTED_EDGE ( 'NONE', *, *, #1856, .F. ) ;
#770 = CARTESIAN_POINT ( 'NONE',  ( 0.1279740594718503655, -0.02038941970578735802, 0.1264434526167322881 ) ) ;
#771 = EDGE_CURVE ( 'NONE', #5955, #7090, #7884, .T. ) ;
#772 = VECTOR ( 'NONE', #8597, 39.37007874015748143 ) ;
#773 = CARTESIAN_POINT ( 'NONE',  ( -0.1279526961609449287, -0.05511804508377350642, 0.07518096735898788241 ) ) ;
#774 = CARTESIAN_POINT ( 'NONE',  ( 0.1200787999020471591, 0.05905518326267716195, -1.867474214418929742E-18 ) ) ;
#775 = CARTESIAN_POINT ( 'NONE',  ( -0.1338582079719684848, -0.01782797711860758735, 0.02476795825400040368 ) ) ;
#776 = VECTOR ( 'NONE', #6177, 39.37007874015748143 ) ;
#777 = CARTESIAN_POINT ( 'NONE',  ( 0.1279524659456957314, 0.05015689734937985034, 0.1247609728414191682 ) ) ;
#778 = VERTEX_POINT ( 'NONE', #9215 ) ;
#779 = CARTESIAN_POINT ( 'NONE',  ( -0.1377951535391458981, -0.04903873591018709927, 0.1095478143679611133 ) ) ;
#780 = ORIENTED_EDGE ( 'NONE', *, *, #5180, .F. ) ;
#781 = CARTESIAN_POINT ( 'NONE',  ( -0.1200786804129134189, 0.03543313601858270878, 0.07283464566929133410 ) ) ;
#782 = EDGE_CURVE ( 'NONE', #9007, #4544, #6066, .T. ) ;
#783 = ORIENTED_EDGE ( 'NONE', *, *, #7606, .T. ) ;
#784 = EDGE_CURVE ( 'NONE', #1081, #2437, #6212, .T. ) ;
#785 = ORIENTED_EDGE ( 'NONE', *, *, #795, .F. ) ;
#786 = EDGE_CURVE ( 'NONE', #8157, #9521, #1951, .T. ) ;
#787 = CARTESIAN_POINT ( 'NONE',  ( -0.03818288524638889514, 0.03087435343002593174, 0.007874015748031494219 ) ) ;
#788 = AXIS2_PLACEMENT_3D ( 'NONE', #7227, #2369, #6394 ) ;
#789 = CARTESIAN_POINT ( 'NONE',  ( -0.1309043226442289654, -0.04330702146173453365, 0.04819025262351092631 ) ) ;
#790 = VECTOR ( 'NONE', #9220, 39.37007874015748143 ) ;
#791 = ORIENTED_EDGE ( 'NONE', *, *, #1032, .F. ) ;
#792 = COLOUR_RGB ( '',0.7921568627450980005, 0.8196078431372548767, 0.9333333333333333481 ) ;
#793 = CARTESIAN_POINT ( 'NONE',  ( -0.1003936410428346443, 0.07874022263275588795, 0.007874015748031490750 ) ) ;
#794 = LINE ( 'NONE', #5797, #4403 ) ;
#795 = EDGE_CURVE ( 'NONE', #8896, #6084, #9261, .T. ) ;
#796 = VECTOR ( 'NONE', #1314, 39.37007874015748143 ) ;
#797 = CARTESIAN_POINT ( 'NONE',  ( -0.1003936410428345610, -0.06639876260090851745, 0.1338582677165344459 ) ) ;
#798 = CARTESIAN_POINT ( 'NONE',  ( -0.1350599147397117394, -0.04403685289164979699, 0.07225555967623570330 ) ) ;
#799 = EDGE_LOOP ( 'NONE', ( #1085, #7033, #10052, #4871, #4246, #9094, #7313 ) ) ;
#800 = CARTESIAN_POINT ( 'NONE',  ( -0.08661411348377952291, -0.04334148929486220103, 0.01567416640385432824 ) ) ;
#801 = CARTESIAN_POINT ( 'NONE',  ( -0.07086608198771657263, 0.07452874841915356485, 0.03937007874015747283 ) ) ;
#802 = CARTESIAN_POINT ( 'NONE',  ( -0.1200786804129134189, 0.03852525477211490856, 0.03149606299212630994 ) ) ;
#803 = CARTESIAN_POINT ( 'NONE',  ( -0.1384513838249974982, 0.04921266357763510318, 0.1003551897108598268 ) ) ;
#804 = CARTESIAN_POINT ( 'NONE',  ( -0.1347270796511383373, -0.03444677487814150341, 0.09386668360765589025 ) ) ;
#805 = ORIENTED_EDGE ( 'NONE', *, *, #8496, .F. ) ;
#806 = DIRECTION ( 'NONE',  ( 1.000000000000000000, 6.123233995736766036E-17, -0.0000000000000000000 ) ) ;
#807 = ORIENTED_EDGE ( 'NONE', *, *, #1342, .F. ) ;
#808 = CARTESIAN_POINT ( 'NONE',  ( -0.1281369481294488410, -0.03543300571370081031, 0.01968503937007873988 ) ) ;
#809 = CARTESIAN_POINT ( 'NONE',  ( -0.1200786804129134189, -0.05434515173768354052, 0.1117101165316120720 ) ) ;
#810 = AXIS2_PLACEMENT_3D ( 'NONE', #2527, #5680, #7831 ) ;
#811 = CARTESIAN_POINT ( 'NONE',  ( -0.1358267119089758834, -0.05118103720976377446, 0.1023622047244094335 ) ) ;
#812 = ORIENTED_EDGE ( 'NONE', *, *, #432, .F. ) ;
#813 = DIRECTION ( 'NONE',  ( -6.123233995736766036E-17, 1.000000000000000000, 0.0000000000000000000 ) ) ;
#814 = EDGE_CURVE ( 'NONE', #8796, #8418, #6845, .T. ) ;
#815 = LINE ( 'NONE', #8615, #6371 ) ;
#816 = CARTESIAN_POINT ( 'NONE',  ( 0.1200787999020467012, 0.04735213704564554538, 0.01574816321676861253 ) ) ;
#817 = CARTESIAN_POINT ( 'NONE',  ( -0.1392992980403902348, 0.04784070187759956183, 0.07766732843779274031 ) ) ;
#818 = ORIENTED_EDGE ( 'NONE', *, *, #8658, .F. ) ;
#819 = CARTESIAN_POINT ( 'NONE',  ( 0.1200787999020471869, 0.06639889290578919467, 0.1338582677165346679 ) ) ;
#820 = VERTEX_POINT ( 'NONE', #2933 ) ;
#821 = CARTESIAN_POINT ( 'NONE',  ( 0.1272814738887007302, -0.009252058546692915400, 0.1268411864405117884 ) ) ;
#822 = CARTESIAN_POINT ( 'NONE',  ( 0.02559061092566921117, 6.515244094229544203E-08, 0.0000000000000000000 ) ) ;
#823 = B_SPLINE_CURVE_WITH_KNOTS ( 'NONE', 3,
 ( #1942, #9889, #1839, #2038 ),
 .UNSPECIFIED., .F., .F.,
 ( 4, 4 ),
 ( 0.0000000000000000000, 1.000000000000000000 ),
 .UNSPECIFIED. ) ;
#824 =( BOUNDED_SURFACE ( )  B_SPLINE_SURFACE ( 3, 3, ( 
 ( #6341, #5580, #8732, #1652 ),
 ( #1948, #1178, #3604, #5870 ),
 ( #5103, #6756, #4328, #8295 ),
 ( #4481, #9838, #505, #551 ) ),
 .UNSPECIFIED., .F., .F., .F. ) 
 B_SPLINE_SURFACE_WITH_KNOTS ( ( 4, 4 ),
 ( 4, 4 ),
 ( 0.0000000000000000000, 1.000000000000000000 ),
 ( 0.0000000000000000000, 1.000000000000000000 ),
 .UNSPECIFIED. ) 
 GEOMETRIC_REPRESENTATION_ITEM ( )  RATIONAL_B_SPLINE_SURFACE ( (
 ( 1.000000000000000000, 0.9115084555886582285, 0.9115084555886582285, 1.000000000000000000),
 ( 0.8317479958111364535, 0.7581453311007707585, 0.7581453311007707585, 0.8317479958111364535),
 ( 0.8317479958111364535, 0.7581453311007707585, 0.7581453311007707585, 0.8317479958111364535),
 ( 1.000000000000000000, 0.9115084555886582285, 0.9115084555886582285, 1.000000000000000000) ) ) 
 REPRESENTATION_ITEM ( '' )  SURFACE ( )  );
#825 = CARTESIAN_POINT ( 'NONE',  ( -0.1200786804129134189, 0.06102368719968503247, 0.04724409448818693569 ) ) ;
#826 = FACE_OUTER_BOUND ( 'NONE', #1066, .T. ) ;
#827 = ORIENTED_EDGE ( 'NONE', *, *, #3223, .F. ) ;
#828 = FACE_OUTER_BOUND ( 'NONE', #8177, .T. ) ;
#829 = ORIENTED_EDGE ( 'NONE', *, *, #9679, .F. ) ;
#830 = CARTESIAN_POINT ( 'NONE',  ( -0.1397637197829920686, -0.04724402933574944896, 0.05294369135373609703 ) ) ;
#831 = DIRECTION ( 'NONE',  ( -1.000000000000000000, -6.123233995736766036E-17, 0.0000000000000000000 ) ) ;
#832 = ORIENTED_EDGE ( 'NONE', *, *, #7327, .F. ) ;
#833 = ORIENTED_EDGE ( 'NONE', *, *, #2495, .T. ) ;
#834 = DIRECTION ( 'NONE',  ( -1.000000000000000000, -6.123233995736766036E-17, 0.0000000000000000000 ) ) ;
#835 = LINE ( 'NONE', #3183, #8046 ) ;
#836 = CARTESIAN_POINT ( 'NONE',  ( -0.07480308986173236918, 0.01771660058551183248, 0.003937007874015846856 ) ) ;
#837 = VERTEX_POINT ( 'NONE', #1368 ) ;
#838 = EDGE_CURVE ( 'NONE', #3996, #2788, #3019, .T. ) ;
#839 = ORIENTED_EDGE ( 'NONE', *, *, #6373, .T. ) ;
#840 = CARTESIAN_POINT ( 'NONE',  ( -0.1279526961609449842, 0.07683272112325707781, 0.09469583436721050462 ) ) ;
#841 = EDGE_CURVE ( 'NONE', #6238, #837, #3032, .T. ) ;
#842 = ORIENTED_EDGE ( 'NONE', *, *, #3696, .F. ) ;
#843 = B_SPLINE_CURVE_WITH_KNOTS ( 'NONE', 3,
 ( #9349, #1322, #6111, #4624 ),
 .UNSPECIFIED., .F., .F.,
 ( 4, 4 ),
 ( 0.0000000000000000000, 1.000000000000000000 ),
 .UNSPECIFIED. ) ;
#844 = CARTESIAN_POINT ( 'NONE',  ( -0.1200786804129134189, 6.515244221747139657E-08, 0.01181102362204724567 ) ) ;
#845 = DIRECTION ( 'NONE',  ( 0.0000000000000000000, 0.0000000000000000000, -1.000000000000000000 ) ) ;
#846 = B_SPLINE_CURVE_WITH_KNOTS ( 'NONE', 3,
 ( #2321, #8511, #10105, #6921, #1386, #9328, #5468, #58, #1534, #665 ),
 .UNSPECIFIED., .F., .F.,
 ( 4, 2, 2, 2, 4 ),
 ( 0.0000000000000000000, 0.2500000000000000000, 0.5000000000000000000, 0.7500000000000000000, 1.000000000000000000 ),
 .UNSPECIFIED. ) ;
#847 = DIRECTION ( 'NONE',  ( 0.0000000000000000000, -0.7071067811836579953, -0.7071067811894370392 ) ) ;
#848 = CARTESIAN_POINT ( 'NONE',  ( -0.1281369481294488410, 0.05577400948155402521, 0.1303844372308027577 ) ) ;
#849 = EDGE_CURVE ( 'NONE', #8051, #4656, #7658, .T. ) ;
#850 = ORIENTED_EDGE ( 'NONE', *, *, #9625, .T. ) ;
#851 = DIRECTION ( 'NONE',  ( 1.000000000000000000, 6.123233995736766036E-17, 0.0000000000000000000 ) ) ;
#852 = CARTESIAN_POINT ( 'NONE',  ( -0.1279526961609449009, -0.05511804508377951550, 0.07086614173228344971 ) ) ;
#853 = CARTESIAN_POINT ( 'NONE',  ( -0.1023621449798407801, 0.05577383123804167953, 0.1303842543798778564 ) ) ;
#854 = DIRECTION ( 'NONE',  ( -0.7660444431194268766, 0.0000000000000000000, 0.6427876096860043464 ) ) ;
#855 = DIRECTION ( 'NONE',  ( -1.000000000000000000, -6.123233995736766036E-17, -0.0000000000000000000 ) ) ;
#856 = DIRECTION ( 'NONE',  ( -1.000000000000000000, 0.0000000000000000000, 0.0000000000000000000 ) ) ;
#857 = ORIENTED_EDGE ( 'NONE', *, *, #9298, .F. ) ;
#858 = LINE ( 'NONE', #7268, #5227 ) ;
#859 = ORIENTED_EDGE ( 'NONE', *, *, #8604, .T. ) ;
#860 = CARTESIAN_POINT ( 'NONE',  ( -0.1279526961609449287, 0.07874022263275584632, 0.005812603245675850711 ) ) ;
#861 = CARTESIAN_POINT ( 'NONE',  ( -0.1279526961609449287, 0.04159833277562861170, 0.03022315240484077167 ) ) ;
#862 = CARTESIAN_POINT ( 'NONE',  ( -0.03740151505858270442, 0.06216041374395411129, 0.02563040289380215733 ) ) ;
#863 = CARTESIAN_POINT ( 'NONE',  ( -0.1358600830307745144, 0.05384470356305297301, 0.1028401728111211499 ) ) ;
#864 = ORIENTED_EDGE ( 'NONE', *, *, #1610, .F. ) ;
#865 = CARTESIAN_POINT ( 'NONE',  ( 0.04133864242173223430, 0.06299219113669290993, 0.01072513344320275702 ) ) ;
#866 = EDGE_CURVE ( 'NONE', #1540, #10024, #3744, .T. ) ;
#867 = CARTESIAN_POINT ( 'NONE',  ( -0.1023621449798425426, 0.07874022263275587408, 0.07480314960629902421 ) ) ;
#868 = CARTESIAN_POINT ( 'NONE',  ( -0.1397637197829920130, -0.04942401768653013200, 0.05267835342767295675 ) ) ;
#869 = CARTESIAN_POINT ( 'NONE',  ( -0.03740151505858272524, 0.05511817538866142091, 0.01861186520729827404 ) ) ;
#870 = ORIENTED_EDGE ( 'NONE', *, *, #10058, .T. ) ;
#871 = CARTESIAN_POINT ( 'NONE',  ( 0.1358268313981101094, 0.05117808346816872522, 0.08157686386881200791 ) ) ;
#872 = ORIENTED_EDGE ( 'NONE', *, *, #3818, .F. ) ;
#873 = EDGE_CURVE ( 'NONE', #3606, #3717, #4465, .T. ) ;
#874 = CARTESIAN_POINT ( 'NONE',  ( 0.1200787999020471730, 0.06299219113669271564, 0.003937007874013829373 ) ) ;
#875 = CARTESIAN_POINT ( 'NONE',  ( -0.1386138470466173611, 0.04611227446139525704, 0.07658275800919191190 ) ) ;
#876 = EDGE_LOOP ( 'NONE', ( #9821, #4020, #385, #7131 ) ) ;
#877 = DIRECTION ( 'NONE',  ( -6.123233995736766036E-17, 1.000000000000000000, 0.0000000000000000000 ) ) ;
#878 = ORIENTED_EDGE ( 'NONE', *, *, #795, .T. ) ;
#879 = CARTESIAN_POINT ( 'NONE',  ( -0.07086608198771660039, 0.04330715176661416310, 0.02362204724409448786 ) ) ;
#880 = CARTESIAN_POINT ( 'NONE',  ( -0.1322542320567436369, -0.04658786135673423368, 0.07644428575431136408 ) ) ;
#881 = ORIENTED_EDGE ( 'NONE', *, *, #5374, .F. ) ;
#882 = ORIENTED_EDGE ( 'NONE', *, *, #9327, .F. ) ;
#883 =( BOUNDED_CURVE ( )  B_SPLINE_CURVE ( 3, ( #8770, #706, #53, #5465 ),
 .UNSPECIFIED., .F., .T. ) 
 B_SPLINE_CURVE_WITH_KNOTS ( ( 4, 4 ),
 ( 0.0000000000000000000, 1.000000000000000000 ),
 .UNSPECIFIED. ) 
 CURVE ( )  GEOMETRIC_REPRESENTATION_ITEM ( )  RATIONAL_B_SPLINE_CURVE ( ( 1.000000000000000000, 0.9976647929699541395, 0.9976647929699541395, 1.000000000000000000 ) ) 
 REPRESENTATION_ITEM ( '' )  );
#884 = ADVANCED_FACE ( 'NONE', ( #6829 ), #7546, .F. ) ;
#885 = CARTESIAN_POINT ( 'NONE',  ( -0.1397637197829921796, 0.04724416320375580958, 0.08003678798368636660 ) ) ;
#886 = DIRECTION ( 'NONE',  ( -0.0000000000000000000, 0.0000000000000000000, -1.000000000000000000 ) ) ;
#887 = ORIENTED_EDGE ( 'NONE', *, *, #3147, .F. ) ;
#888 = ORIENTED_EDGE ( 'NONE', *, *, #6071, .F. ) ;
#889 = DIRECTION ( 'NONE',  ( 6.123233995736766036E-17, -1.000000000000000000, 0.0000000000000000000 ) ) ;
#890 = EDGE_CURVE ( 'NONE', #7438, #5186, #942, .T. ) ;
#891 = ORIENTED_EDGE ( 'NONE', *, *, #695, .F. ) ;
#892 = DIRECTION ( 'NONE',  ( -1.000000000000000000, -6.123233995736766036E-17, 0.0000000000000000000 ) ) ;
#893 = ADVANCED_FACE ( 'NONE', ( #6729 ), #532, .F. ) ;
#894 = CARTESIAN_POINT ( 'NONE',  ( -0.1281369481294488410, -0.05586034438137362640, 0.1302975371309788299 ) ) ;
#895 = CARTESIAN_POINT ( 'NONE',  ( -0.1358267119089758834, -0.06062421011279842814, 0.1020356100459684640 ) ) ;
#896 = ORIENTED_EDGE ( 'NONE', *, *, #3195, .F. ) ;
#897 = CARTESIAN_POINT ( 'NONE',  ( 0.1358268313981102204, 0.04724415964062993190, 0.002906301622837999515 ) ) ;
#898 = DIRECTION ( 'NONE',  ( 0.0000000000000000000, 0.0000000000000000000, 1.000000000000000000 ) ) ;
#899 = CARTESIAN_POINT ( 'NONE',  ( -0.06889757805070872987, 0.07361323617198822777, 0.04133858267716534335 ) ) ;
#900 = CARTESIAN_POINT ( 'NONE',  ( -0.1299133889315529089, 0.04658786254751901695, 0.1040815647161498214 ) ) ;
#901 = CARTESIAN_POINT ( 'NONE',  ( -0.1200786804129133217, 0.04574396294228224441, 0.1338582677165354173 ) ) ;
#902 = EDGE_CURVE ( 'NONE', #9997, #2209, #582, .T. ) ;
#903 = CARTESIAN_POINT ( 'NONE',  ( 0.1290738001826771397, 0.006503634560354341378, 0.02427415913996850208 ) ) ;
#904 = ORIENTED_EDGE ( 'NONE', *, *, #6381, .T. ) ;
#905 = CARTESIAN_POINT ( 'NONE',  ( -0.1023621449798425426, 6.515244097017154778E-08, 0.02007874015748031121 ) ) ;
#906 = EDGE_CURVE ( 'NONE', #4497, #5921, #1156, .T. ) ;
#907 = VERTEX_POINT ( 'NONE', #4356 ) ;
#908 = CARTESIAN_POINT ( 'NONE',  ( -0.1023621449798425287, -0.03543300571370080337, 0.01569878810125726470 ) ) ;
#909 = EDGE_CURVE ( 'NONE', #6485, #2888, #2912, .T. ) ;
#910 = CARTESIAN_POINT ( 'NONE',  ( -0.1200786804129134466, -0.04236450161829949379, 0.1074328239472349400 ) ) ;
#911 = EDGE_CURVE ( 'NONE', #9347, #2650, #4507, .T. ) ;
#912 = LINE ( 'NONE', #4844, #5424 ) ;
#913 = CARTESIAN_POINT ( 'NONE',  ( -0.1338582079719685125, 0.03051187617606296310, 0.09462550531523622466 ) ) ;
#914 = EDGE_LOOP ( 'NONE', ( #3236, #5894, #112, #6776 ) ) ;
#915 = DIRECTION ( 'NONE',  ( -0.9557431294307989766, -5.852238821322512025E-17, 0.2942024312371042116 ) ) ;
#916 = CARTESIAN_POINT ( 'NONE',  ( 0.1200787999020472285, 0.06594494704220472958, 0.0000000000000000000 ) ) ;
#917 = CARTESIAN_POINT ( 'NONE',  ( 0.1594488786419577531, -0.02969075752306846172, 0.1262846610482490084 ) ) ;
#918 = DIRECTION ( 'NONE',  ( -6.123233995736766036E-17, 1.000000000000000000, 0.0000000000000000000 ) ) ;
#919 = AXIS2_PLACEMENT_3D ( 'NONE', #5507, #10194, #7938 ) ;
#920 = LINE ( 'NONE', #7170, #1755 ) ;
#921 = ORIENTED_EDGE ( 'NONE', *, *, #3696, .T. ) ;
#922 = CARTESIAN_POINT ( 'NONE',  ( 0.1594488786421259519, -0.01812164518734586671, 0.05116223431531709970 ) ) ;
#923 = AXIS2_PLACEMENT_3D ( 'NONE', #1349, #5858, #6823 ) ;
#924 = ORIENTED_EDGE ( 'NONE', *, *, #1101, .T. ) ;
#925 = EDGE_CURVE ( 'NONE', #729, #5131, #4289, .T. ) ;
#926 = DIRECTION ( 'NONE',  ( 0.0000000000000000000, 1.000000000000000000, 0.0000000000000000000 ) ) ;
#927 = VECTOR ( 'NONE', #529, 39.37007874015748143 ) ;
#928 = DIRECTION ( 'NONE',  ( 1.000000000000000000, 6.123233995736766036E-17, 0.0000000000000000000 ) ) ;
#929 = VECTOR ( 'NONE', #7812, 39.37007874015748143 ) ;
#930 = CARTESIAN_POINT ( 'NONE',  ( -0.1381303776403537686, 0.04328527724377979891, 0.07867015055947551572 ) ) ;
#931 = B_SPLINE_CURVE_WITH_KNOTS ( 'NONE', 3,
 ( #2101, #3506, #9893, #9785, #400, #1227, #449, #8964, #6691, #2784 ),
 .UNSPECIFIED., .F., .F.,
 ( 4, 2, 2, 2, 4 ),
 ( 0.0000000000000000000, 0.2500000000000000000, 0.5000000000000000000, 0.7500000000000000000, 1.000000000000000000 ),
 .UNSPECIFIED. ) ;
#932 = EDGE_LOOP ( 'NONE', ( #7173, #8059, #6836, #3043 ) ) ;
#933 = CARTESIAN_POINT ( 'NONE',  ( -0.1358267119089759112, 0.04182255599311995170, 0.04447248830436035388 ) ) ;
#934 = VECTOR ( 'NONE', #2791, 39.37007874015748143 ) ;
#935 = CARTESIAN_POINT ( 'NONE',  ( -0.07086608198771660039, 0.06102368719968503941, 0.02362204724409448786 ) ) ;
#936 = CARTESIAN_POINT ( 'NONE',  ( -0.1392992980403936210, 0.04675757450470467702, 0.09931878523148708615 ) ) ;
#937 = CARTESIAN_POINT ( 'NONE',  ( -0.07086608198771657263, -0.06657419842321672665, 0.03194217387108129469 ) ) ;
#938 = EDGE_LOOP ( 'NONE', ( #284, #8389, #2449, #4751, #10193, #8036, #6520, #9654, #4484, #6250 ) ) ;
#939 = B_SPLINE_CURVE_WITH_KNOTS ( 'NONE', 3,
 ( #9754, #5063, #9906, #5885 ),
 .UNSPECIFIED., .F., .F.,
 ( 4, 4 ),
 ( 0.0000000000000000000, 1.000000000000000000 ),
 .UNSPECIFIED. ) ;
#940 = ORIENTED_EDGE ( 'NONE', *, *, #8974, .F. ) ;
#941 = B_SPLINE_CURVE_WITH_KNOTS ( 'NONE', 3,
 ( #2881, #2097, #4828, #7926 ),
 .UNSPECIFIED., .F., .F.,
 ( 4, 4 ),
 ( 0.0000000000000000000, 1.000000000000000000 ),
 .UNSPECIFIED. ) ;
#942 = CIRCLE ( 'NONE', #6716, 0.007874015748031534118 ) ;
#943 = CARTESIAN_POINT ( 'NONE',  ( -0.1279526961609449009, 0.03444888405007871801, 0.09386310701873730455 ) ) ;
#944 = CARTESIAN_POINT ( 'NONE',  ( -0.1397637197829920963, -0.04812328807249696694, 0.07030644484416388729 ) ) ;
#945 = LINE ( 'NONE', #7918, #3778 ) ;
#946 = EDGE_LOOP ( 'NONE', ( #5936, #4070, #7979, #88 ) ) ;
#947 = VECTOR ( 'NONE', #7111, 39.37007874015748143 ) ;
#948 = ORIENTED_EDGE ( 'NONE', *, *, #8106, .F. ) ;
#949 = DIRECTION ( 'NONE',  ( 6.123233995736766036E-17, -1.000000000000000000, 0.0000000000000000000 ) ) ;
#950 = VERTEX_POINT ( 'NONE', #2815 ) ;
#951 = VECTOR ( 'NONE', #6430, 39.37007874015748143 ) ;
#952 = CARTESIAN_POINT ( 'NONE',  ( -0.1279526961609449009, -0.05009255429120382241, 0.04577618782838582812 ) ) ;
#953 = PRODUCT_RELATED_PRODUCT_CATEGORY ( 'part', '', ( #3197 ) ) ;
#954 = AXIS2_PLACEMENT_3D ( 'NONE', #5793, #9860, #8936 ) ;
#955 = CARTESIAN_POINT ( 'NONE',  ( -0.08858261742078742118, 6.515244097101531171E-08, 0.02559055118110236532 ) ) ;
#956 = LINE ( 'NONE', #1779, #154 ) ;
#957 = VECTOR ( 'NONE', #1344, 39.37007874015748143 ) ;
#958 = ORIENTED_EDGE ( 'NONE', *, *, #6215, .T. ) ;
#959 = CARTESIAN_POINT ( 'NONE',  ( -0.1384873451668129085, 0.05183733549366234539, 0.07720972522839861241 ) ) ;
#960 = CARTESIAN_POINT ( 'NONE',  ( -0.1304272508542544395, -0.05511804508377882855, 0.07290410729930255074 ) ) ;
#961 = CARTESIAN_POINT ( 'NONE',  ( 0.1200787999020472285, 0.05511817538866142785, 0.06692913385826770867 ) ) ;
#962 = CARTESIAN_POINT ( 'NONE',  ( -0.1312521024186812102, 0.04658799166161530642, 0.1037904840316890981 ) ) ;
#963 = CARTESIAN_POINT ( 'NONE',  ( -0.1200786804129134050, -0.04743524649368408702, 0.1337671866188673842 ) ) ;
#964 = CARTESIAN_POINT ( 'NONE',  ( 0.1296073370941337455, 0.01870001178653544344, 0.02743137109186219794 ) ) ;
#965 = ORIENTED_EDGE ( 'NONE', *, *, #6461, .T. ) ;
#966 = CARTESIAN_POINT ( 'NONE',  ( -0.1377123711087664681, -0.05472191307502594082, 0.05034489882737736705 ) ) ;
#967 = VECTOR ( 'NONE', #3407, 39.37007874015748143 ) ;
#968 = ORIENTED_EDGE ( 'NONE', *, *, #4800, .T. ) ;
#969 = CARTESIAN_POINT ( 'NONE',  ( 0.1245276187996849776, 0.04740791782484252148, 0.1338582677165354173 ) ) ;
#970 = CARTESIAN_POINT ( 'NONE',  ( -0.1384643102476854903, 0.04951276858970977274, 0.07689097216347268171 ) ) ;
#971 = CARTESIAN_POINT ( 'NONE',  ( -0.1338582079719681239, -0.03444875374519688199, 0.05498079389736219846 ) ) ;
#972 = AXIS2_PLACEMENT_3D ( 'NONE', #4291, #6609, #4967 ) ;
#973 = EDGE_CURVE ( 'NONE', #8687, #180, #9921, .T. ) ;
#974 = CARTESIAN_POINT ( 'NONE',  ( -0.1384513838250003293, -0.04921253327275761091, 0.04978632967877868326 ) ) ;
#975 = EDGE_LOOP ( 'NONE', ( #1290, #7057, #6061, #1054 ) ) ;
#976 = CARTESIAN_POINT ( 'NONE',  ( -0.1200786804129134605, 0.05977245114220445382, 0.04222991073910645210 ) ) ;
#977 = CARTESIAN_POINT ( 'NONE',  ( 0.1594488786419913928, 6.514167964775009177E-08, 0.1259842519685041018 ) ) ;
#978 = EDGE_CURVE ( 'NONE', #5498, #5620, #3349, .T. ) ;
#979 = FACE_OUTER_BOUND ( 'NONE', #4027, .T. ) ;
#980 = CARTESIAN_POINT ( 'NONE',  ( -0.1397637197829904032, 0.04698978537599483168, 0.07892799862051676218 ) ) ;
#981 = VERTEX_POINT ( 'NONE', #5851 ) ;
#982 = LINE ( 'NONE', #266, #7848 ) ;
#983 = EDGE_LOOP ( 'NONE', ( #9671, #3811, #5675, #5200 ) ) ;
#984 = LINE ( 'NONE', #7174, #1459 ) ;
#985 = ADVANCED_FACE ( 'NONE', ( #5236 ), #8382, .T. ) ;
#986 = LINE ( 'NONE', #5639, #8730 ) ;
#987 = ORIENTED_EDGE ( 'NONE', *, *, #6523, .F. ) ;
#988 = DIRECTION ( 'NONE',  ( 0.0000000000000000000, 0.07689018412689747894, -0.9970395677128023326 ) ) ;
#989 = EDGE_LOOP ( 'NONE', ( #3651, #9932, #9639, #1710 ) ) ;
#990 = FACE_OUTER_BOUND ( 'NONE', #1453, .T. ) ;
#991 = EDGE_CURVE ( 'NONE', #1350, #1532, #465, .T. ) ;
#992 = CARTESIAN_POINT ( 'NONE',  ( -0.1301284044757531622, 0.05511817538866074784, 0.1001101984642705223 ) ) ;
#993 = ORIENTED_EDGE ( 'NONE', *, *, #3879, .F. ) ;
#994 = ORIENTED_EDGE ( 'NONE', *, *, #1194, .T. ) ;
#995 = CARTESIAN_POINT ( 'NONE',  ( 0.2303150203744094016, -0.04855055521561207899, 0.07937290448244144203 ) ) ;
#996 = CARTESIAN_POINT ( 'NONE',  ( 0.1673228943901210741, 0.02952749910297300384, 0.07480314942667642963 ) ) ;
#997 = CARTESIAN_POINT ( 'NONE',  ( -0.1397637197829921518, 0.05138870213581077373, 0.09810243223751693997 ) ) ;
#998 = CARTESIAN_POINT ( 'NONE',  ( -0.04139570928783162934, 0.02543835613062807310, 0.007874015748031497688 ) ) ;
#999 = CARTESIAN_POINT ( 'NONE',  ( -0.1358267119089761610, 0.04173799461162960162, 0.04691749980974714573 ) ) ;
#1000 = ORIENTED_EDGE ( 'NONE', *, *, #5156, .T. ) ;
#1001 = ORIENTED_EDGE ( 'NONE', *, *, #2251, .F. ) ;
#1002 = CARTESIAN_POINT ( 'NONE',  ( -0.1240156882869291599, 0.03346463208157476887, 0.03149606299212598381 ) ) ;
#1003 = VERTEX_POINT ( 'NONE', #8678 ) ;
#1004 = CARTESIAN_POINT ( 'NONE',  ( -0.1377951177350351941, 0.05416767579484040029, 0.05412407062307798139 ) ) ;
#1005 = B_SPLINE_CURVE_WITH_KNOTS ( 'NONE', 3,
 ( #962, #900, #7264, #1684 ),
 .UNSPECIFIED., .F., .F.,
 ( 4, 4 ),
 ( 0.0000000000000000000, 1.000000000000000000 ),
 .UNSPECIFIED. ) ;
#1006 = CARTESIAN_POINT ( 'NONE',  ( -0.1200786804129128221, -0.05674546550465974643, 0.1293957890667613297 ) ) ;
#1007 = CARTESIAN_POINT ( 'NONE',  ( -0.1377949289321417914, 0.05810863983623778400, 0.06238600149223029467 ) ) ;
#1008 = EDGE_CURVE ( 'NONE', #72, #2082, #6877, .T. ) ;
#1009 = ORIENTED_EDGE ( 'NONE', *, *, #2138, .T. ) ;
#1010 = CARTESIAN_POINT ( 'NONE',  ( -0.1324936933092548119, 0.05511817538865947802, 0.07769475976895733049 ) ) ;
#1011 = CARTESIAN_POINT ( 'NONE',  ( -0.1240156882869291599, -0.02755898996566930048, 0.1029190095611923206 ) ) ;
#1012 = CARTESIAN_POINT ( 'NONE',  ( -0.1301284044757531344, 0.05511817538866075478, 0.1001101984642704806 ) ) ;
#1013 = CARTESIAN_POINT ( 'NONE',  ( -0.1356235392332381384, 0.05511817538866197602, 0.1001135607745883560 ) ) ;
#1014 = CARTESIAN_POINT ( 'NONE',  ( 0.1279740594718503655, 0.02038955001066930506, 0.02316284659584645286 ) ) ;
#1015 = ORIENTED_EDGE ( 'NONE', *, *, #5390, .F. ) ;
#1016 = DIRECTION ( 'NONE',  ( -0.2942024312371056549, 0.0000000000000000000, -0.9557431294307986436 ) ) ;
#1017 = PLANE ( 'NONE',  #8519 ) ;
#1018 = CARTESIAN_POINT ( 'NONE',  ( -0.1279526961609449009, -0.05511804508377923795, 0.07317004566913801189 ) ) ;
#1019 = CARTESIAN_POINT ( 'NONE',  ( 0.1594488786419577531, -0.0003421947366720020289, 0.02362290554048109351 ) ) ;
#1020 = DIRECTION ( 'NONE',  ( 1.000000000000000000, 6.123233995736766036E-17, -0.0000000000000000000 ) ) ;
#1021 = CARTESIAN_POINT ( 'NONE',  ( 0.1673228947792431975, -0.0004806007659477338676, 0.02688598247638118027 ) ) ;
#1022 = ORIENTED_EDGE ( 'NONE', *, *, #7605, .T. ) ;
#1023 = CARTESIAN_POINT ( 'NONE',  ( -0.1372376040444990286, -0.03276886781367892992, 0.05615990302128802403 ) ) ;
#1024 = CARTESIAN_POINT ( 'NONE',  ( 0.1279528156498905556, 4.214544877152374029E-08, 0.02189013583859241580 ) ) ;
#1025 = CARTESIAN_POINT ( 'NONE',  ( 0.1279962623480296879, 0.05343553365563790541, 0.02155226014175850788 ) ) ;
#1026 = ADVANCED_FACE ( 'NONE', ( #1600 ), #6110, .T. ) ;
#1027 = FACE_OUTER_BOUND ( 'NONE', #404, .T. ) ;
#1028 = VERTEX_POINT ( 'NONE', #7077 ) ;
#1029 = DIRECTION ( 'NONE',  ( 1.000000000000000000, 6.123233995736766036E-17, 0.0000000000000000000 ) ) ;
#1030 = VERTEX_POINT ( 'NONE', #6245 ) ;
#1031 = B_SPLINE_CURVE_WITH_KNOTS ( 'NONE', 3,
 ( #10023, #2229, #4665, #2335, #6299, #7800, #2186, #7696 ),
 .UNSPECIFIED., .F., .F.,
 ( 4, 2, 2, 4 ),
 ( 0.0000000000000000000, 0.2499999999999983347, 0.4999999999999966693, 1.000000000000000000 ),
 .UNSPECIFIED. ) ;
#1032 = EDGE_CURVE ( 'NONE', #8727, #2546, #5284, .T. ) ;
#1033 = CARTESIAN_POINT ( 'NONE',  ( 0.1279586746327611435, -0.007040987046834875675, 0.02189869460853252278 ) ) ;
#1034 = CARTESIAN_POINT ( 'NONE',  ( -0.1023621449798425426, 6.515244097045805668E-08, 0.03228346456692913341 ) ) ;
#1035 = EDGE_LOOP ( 'NONE', ( #5522, #168, #6667, #5941 ) ) ;
#1036 = CARTESIAN_POINT ( 'NONE',  ( 0.1673228943901570731, 0.08575298172619319481, 0.03149606332423300625 ) ) ;
#1037 = ORIENTED_EDGE ( 'NONE', *, *, #9930, .F. ) ;
#1038 = DIRECTION ( 'NONE',  ( 1.000000000000000000, 0.0000000000000000000, 0.0000000000000000000 ) ) ;
#1039 = ORIENTED_EDGE ( 'NONE', *, *, #5338, .F. ) ;
#1040 =( BOUNDED_CURVE ( )  B_SPLINE_CURVE ( 3, ( #2880, #4631, #10034, #2095 ),
 .UNSPECIFIED., .F., .T. ) 
 B_SPLINE_CURVE_WITH_KNOTS ( ( 4, 4 ),
 ( 0.0000000000000000000, 1.000000000000000000 ),
 .UNSPECIFIED. ) 
 CURVE ( )  GEOMETRIC_REPRESENTATION_ITEM ( )  RATIONAL_B_SPLINE_CURVE ( ( 1.000000000000000000, 0.9960490760225676476, 0.9960490760225676476, 1.000000000000000000 ) ) 
 REPRESENTATION_ITEM ( '' )  );
#1041 = EDGE_LOOP ( 'NONE', ( #3145, #5051, #7141, #9789 ) ) ;
#1042 = CARTESIAN_POINT ( 'NONE',  ( 0.1200787999020472285, 0.05555539811213379420, 0.01901852971847467835 ) ) ;
#1043 = EDGE_CURVE ( 'NONE', #7761, #5434, #102, .T. ) ;
#1044 = PRODUCT_DEFINITION_SHAPE ( 'NONE', 'NONE',  #3994 ) ;
#1045 = DIRECTION ( 'NONE',  ( -0.0000000000000000000, 0.0000000000000000000, -1.000000000000000000 ) ) ;
#1046 = DIRECTION ( 'NONE',  ( 0.0000000000000000000, 0.0000000000000000000, 1.000000000000000000 ) ) ;
#1047 = CARTESIAN_POINT ( 'NONE',  ( -0.1200786804129134466, 0.04275067708683383261, 0.05217625189382039952 ) ) ;
#1048 = B_SPLINE_CURVE_WITH_KNOTS ( 'NONE', 3,
 ( #5917, #1883, #3497, #2619, #4317, #8858 ),
 .UNSPECIFIED., .F., .F.,
 ( 4, 2, 4 ),
 ( 0.0000000000000000000, 0.5000000000000000000, 1.000000000000000000 ),
 .UNSPECIFIED. ) ;
#1049 = DIRECTION ( 'NONE',  ( 6.123233995736766036E-17, -1.000000000000000000, 0.0000000000000000000 ) ) ;
#1050 = ORIENTED_EDGE ( 'NONE', *, *, #1817, .F. ) ;
#1051 = ORIENTED_EDGE ( 'NONE', *, *, #5511, .F. ) ;
#1052 = PLANE ( 'NONE',  #660 ) ;
#1053 = B_SPLINE_CURVE_WITH_KNOTS ( 'NONE', 3,
 ( #9745, #5052, #4956, #9697, #2636, #5776 ),
 .UNSPECIFIED., .F., .F.,
 ( 4, 2, 4 ),
 ( 0.0000000000000000000, 0.5000000000000000000, 1.000000000000000000 ),
 .UNSPECIFIED. ) ;
#1054 = ORIENTED_EDGE ( 'NONE', *, *, #3950, .F. ) ;
#1055 = CARTESIAN_POINT ( 'NONE',  ( -0.1377950977659879450, 0.05380764846210757402, 0.05427546512668642020 ) ) ;
#1056 = CARTESIAN_POINT ( 'NONE',  ( -0.1200786804129134189, -0.03543300571370078256, 0.02007874015748031121 ) ) ;
#1057 = EDGE_CURVE ( 'NONE', #8767, #3058, #4738, .T. ) ;
#1058 = CARTESIAN_POINT ( 'NONE',  ( 0.1751969101381896932, -0.06566268185673847235, 0.08776125958519492842 ) ) ;
#1059 =( BOUNDED_CURVE ( )  B_SPLINE_CURVE ( 3, ( #6239, #4908, #7122, #4084 ),
 .UNSPECIFIED., .F., .T. ) 
 B_SPLINE_CURVE_WITH_KNOTS ( ( 4, 4 ),
 ( 0.0000000000000000000, 1.000000000000000000 ),
 .UNSPECIFIED. ) 
 CURVE ( )  GEOMETRIC_REPRESENTATION_ITEM ( )  RATIONAL_B_SPLINE_CURVE ( ( 1.000000000000000000, 0.9976647929699533623, 0.9976647929699533623, 1.000000000000000000 ) ) 
 REPRESENTATION_ITEM ( '' )  );
#1060 = VERTEX_POINT ( 'NONE', #1496 ) ;
#1061 = DIRECTION ( 'NONE',  ( -6.122803744263552081E-17, 0.9999297346020887822, -0.01185436032000185616 ) ) ;
#1062 = LINE ( 'NONE', #6525, #4902 ) ;
#1063 = CARTESIAN_POINT ( 'NONE',  ( -0.1305040909158168561, 0.05511817538866197602, 0.1020947136017890111 ) ) ;
#1064 = DIRECTION ( 'NONE',  ( -1.000000000000000000, -6.123233995736766036E-17, -0.0000000000000000000 ) ) ;
#1065 = CARTESIAN_POINT ( 'NONE',  ( -0.1023621449798425426, 0.04748141325618569775, 0.1337844026243326379 ) ) ;
#1066 = EDGE_LOOP ( 'NONE', ( #7026, #6731, #7426, #8403 ) ) ;
#1067 = CARTESIAN_POINT ( 'NONE',  ( -0.1384513838250007733, 0.04921266357763807303, 0.07687941041954664267 ) ) ;
#1068 = PLANE ( 'NONE',  #293 ) ;
#1069 = CARTESIAN_POINT ( 'NONE',  ( -0.1325210033934421383, -0.05183720518873963234, 0.04668366130381226831 ) ) ;
#1070 = CARTESIAN_POINT ( 'NONE',  ( -0.1358267119089759389, 0.04330715176661410065, 0.08003679033381942698 ) ) ;
#1071 = CARTESIAN_POINT ( 'NONE',  ( 0.2854331306106298038, 0.06566375667630373891, 0.08575506069402027975 ) ) ;
#1072 = DIRECTION ( 'NONE',  ( 0.0000000000000000000, -1.000000000000000000, -0.0000000000000000000 ) ) ;
#1073 = ORIENTED_EDGE ( 'NONE', *, *, #8731, .T. ) ;
#1074 = DIRECTION ( 'NONE',  ( 0.8995081585759971965, 0.0000000000000000000, 0.4369039627369138423 ) ) ;
#1075 = CARTESIAN_POINT ( 'NONE',  ( 0.1590481817149606014, 6.515244097005101764E-08, 0.07480314960629920462 ) ) ;
#1076 = CARTESIAN_POINT ( 'NONE',  ( -0.1358267119089758834, -0.05118103720976377446, 0.1023622047244094335 ) ) ;
#1077 = CARTESIAN_POINT ( 'NONE',  ( -0.1023621449798425564, 0.04740791781422860895, 0.01574803149606295374 ) ) ;
#1078 = ORIENTED_EDGE ( 'NONE', *, *, #6539, .F. ) ;
#1079 = DIRECTION ( 'NONE',  ( 1.000000000000000000, 6.123233995736766036E-17, 0.0000000000000000000 ) ) ;
#1080 = EDGE_CURVE ( 'NONE', #710, #7863, #722, .T. ) ;
#1081 = VERTEX_POINT ( 'NONE', #3832 ) ;
#1082 = CARTESIAN_POINT ( 'NONE',  ( 0.1290738001826771397, -0.006503504255472442909, 0.1253321400726377932 ) ) ;
#1083 = ADVANCED_FACE ( 'NONE', ( #3881 ), #7023, .T. ) ;
#1084 = B_SPLINE_CURVE_WITH_KNOTS ( 'NONE', 3,
 ( #1213, #7554, #5143, #8174 ),
 .UNSPECIFIED., .F., .F.,
 ( 4, 4 ),
 ( 0.0000000000000000000, 1.000000000000000000 ),
 .UNSPECIFIED. ) ;
#1085 = ORIENTED_EDGE ( 'NONE', *, *, #6487, .T. ) ;
#1086 = CIRCLE ( 'NONE', #3574, 0.01574803149606299885 ) ;
#1087 = VECTOR ( 'NONE', #6576, 39.37007874015748854 ) ;
#1088 = CARTESIAN_POINT ( 'NONE',  ( -0.1325210033934414999, 0.04658799166161321087, 0.07377674204456675933 ) ) ;
#1089 = FACE_OUTER_BOUND ( 'NONE', #3685, .T. ) ;
#1090 = VERTEX_POINT ( 'NONE', #5479 ) ;
#1091 = VECTOR ( 'NONE', #8110, 39.37007874015748143 ) ;
#1092 = EDGE_LOOP ( 'NONE', ( #9139, #4045, #6760, #559 ) ) ;
#1093 = CARTESIAN_POINT ( 'NONE',  ( 0.2854331306106263622, -0.01554612993704123335, 0.04632442721356883064 ) ) ;
#1094 = CARTESIAN_POINT ( 'NONE',  ( 0.07818480412716533046, -0.02047237579244093331, 0.003937007874015747977 ) ) ;
#1095 = PLANE ( 'NONE',  #4913 ) ;
#1096 = CARTESIAN_POINT ( 'NONE',  ( 0.1200787999020436897, -0.07312429581675299051, 0.1295835179620898336 ) ) ;
#1097 = VECTOR ( 'NONE', #3847, 39.37007874015748143 ) ;
#1098 = CARTESIAN_POINT ( 'NONE',  ( -0.07677159379874018419, 0.04330715176661414229, 0.01177409107594291210 ) ) ;
#1099 = ORIENTED_EDGE ( 'NONE', *, *, #5249, .T. ) ;
#1100 = ADVANCED_FACE ( 'NONE', ( #4707 ), #7849, .F. ) ;
#1101 = EDGE_CURVE ( 'NONE', #2697, #8527, #2003, .T. ) ;
#1102 = VERTEX_POINT ( 'NONE', #5822 ) ;
#1103 = CARTESIAN_POINT ( 'NONE',  ( -0.1397637197829921518, 0.04850300744621937471, 0.09739206747951904830 ) ) ;
#1104 =( BOUNDED_CURVE ( )  B_SPLINE_CURVE ( 3, ( #8167, #4106, #9622, #1103 ),
 .UNSPECIFIED., .F., .T. ) 
 B_SPLINE_CURVE_WITH_KNOTS ( ( 4, 4 ),
 ( 0.0000000000000000000, 1.000000000000000000 ),
 .UNSPECIFIED. ) 
 CURVE ( )  GEOMETRIC_REPRESENTATION_ITEM ( )  RATIONAL_B_SPLINE_CURVE ( ( 1.000000000000000000, 0.9922014156160463560, 0.9922014156160463560, 1.000000000000000000 ) ) 
 REPRESENTATION_ITEM ( '' )  );
#1105 = AXIS2_PLACEMENT_3D ( 'NONE', #1433, #10147, #5509 ) ;
#1106 = ORIENTED_EDGE ( 'NONE', *, *, #9390, .T. ) ;
#1107 = CARTESIAN_POINT ( 'NONE',  ( -0.1377951389560315709, 0.05433085489507182703, 0.05405009450782927161 ) ) ;
#1108 = EDGE_CURVE ( 'NONE', #9133, #8896, #9841, .T. ) ;
#1109 = EDGE_CURVE ( 'NONE', #8457, #9318, #9201, .T. ) ;
#1110 = CONICAL_SURFACE ( 'NONE', #1763, 0.04330708661417306815, 0.7853981633883930780 ) ;
#1111 = CARTESIAN_POINT ( 'NONE',  ( 0.1279962625602895365, -0.04740778751995181756, 0.01904942908853049163 ) ) ;
#1112 = B_SPLINE_CURVE_WITH_KNOTS ( 'NONE', 3,
 ( #774, #9444, #3987, #874 ),
 .UNSPECIFIED., .F., .F.,
 ( 4, 4 ),
 ( 0.0000000000000000000, 1.000000000000000000 ),
 .UNSPECIFIED. ) ;
#1113 = VECTOR ( 'NONE', #4298, 39.37007874015748143 ) ;
#1114 = EDGE_LOOP ( 'NONE', ( #1941, #3586, #2383, #9332, #8261, #4351, #3355, #1136, #4689, #4736, #9925, #2490, #7865, #8722 ) ) ;
#1115 = AXIS2_PLACEMENT_3D ( 'NONE', #565, #10005, #10103 ) ;
#1116 = CARTESIAN_POINT ( 'NONE',  ( 0.1574803747051181091, -0.0004899773017322435215, 0.03346747160110245117 ) ) ;
#1117 = DIRECTION ( 'NONE',  ( 1.000000000000000000, 0.0000000000000000000, 0.0000000000000000000 ) ) ;
#1118 = CARTESIAN_POINT ( 'NONE',  ( 0.1279729377594881756, 0.02079872051055119131, 0.1262781287402361952 ) ) ;
#1119 = CARTESIAN_POINT ( 'NONE',  ( -0.1003936410428345610, 6.515244094399423278E-08, 0.07480314960629920462 ) ) ;
#1120 = ADVANCED_FACE ( 'NONE', ( #1950 ), #8967, .T. ) ;
#1121 = DIRECTION ( 'NONE',  ( 1.000000000000000000, 6.123233995736766036E-17, 0.0000000000000000000 ) ) ;
#1122 = EDGE_LOOP ( 'NONE', ( #163, #7336, #7487, #7767, #827, #2713, #1876 ) ) ;
#1123 = VECTOR ( 'NONE', #2929, 39.37007874015748143 ) ;
#1124 =( BOUNDED_SURFACE ( )  B_SPLINE_SURFACE ( 3, 3, ( 
 ( #3119, #13, #7687, #7792, #1543, #7841, #4754, #4704, #10068, #718, #770, #3934 ),
 ( #7073, #6293, #3985, #9441, #5525, #821, #7124, #65, #6100, #9244, #7952, #5737 ),
 ( #8884, #4965, #5786, #4037, #1082, #9705, #1705, #9549, #3222, #4808, #6340, #2486 ),
 ( #3566, #6028, #4494, #2800, #6607, #9086, #7582, #3469, #2014, #318, #5220, #5984 ) ),
 .UNSPECIFIED., .F., .F., .F. ) 
 B_SPLINE_SURFACE_WITH_KNOTS ( ( 4, 4 ),
 ( 4, 1, 1, 1, 1, 1, 1, 1, 1, 4 ),
 ( 0.0000000000000000000, 1.000000000000000000 ),
 ( 0.01431299450194000074, 0.1056389096166999997, 0.2122152134254000067, 0.3196507882847999804, 0.4278053560912999931, 0.5354290587286000269, 0.6405787661802000432, 0.7472076689736999455, 0.8640220553705000306, 0.9219576521742000041 ),
 .UNSPECIFIED. ) 
 GEOMETRIC_REPRESENTATION_ITEM ( )  RATIONAL_B_SPLINE_SURFACE ( (
 ( 1.225783033154000057, 1.225783033154000057, 1.225783033154000057, 1.225783033154000057, 1.225783033154000057, 1.225783033154000057, 1.225783033154000057, 1.225783033154000057, 1.225783033154000057, 1.225783033154000057, 1.225783033154000057, 1.225783033154000057),
 ( 0.9247389889486999914, 0.9247389889486999914, 0.9247389889486999914, 0.9247389889486999914, 0.9247389889486999914, 0.9247389889486999914, 0.9247389889486999914, 0.9247389889486999914, 0.9247389889486999914, 0.9247389889486999914, 0.9247389889486999914, 0.9247389889486999914),
 ( 0.9247389889486999914, 0.9247389889486999914, 0.9247389889486999914, 0.9247389889486999914, 0.9247389889486999914, 0.9247389889486999914, 0.9247389889486999914, 0.9247389889486999914, 0.9247389889486999914, 0.9247389889486999914, 0.9247389889486999914, 0.9247389889486999914),
 ( 1.225783033154000057, 1.225783033154000057, 1.225783033154000057, 1.225783033154000057, 1.225783033154000057, 1.225783033154000057, 1.225783033154000057, 1.225783033154000057, 1.225783033154000057, 1.225783033154000057, 1.225783033154000057, 1.225783033154000057) ) ) 
 REPRESENTATION_ITEM ( '' )  SURFACE ( )  );
#1125 = CARTESIAN_POINT ( 'NONE',  ( -0.1392992980403947312, 0.04832759091863836343, 0.09956106054816775408 ) ) ;
#1126 = CARTESIAN_POINT ( 'NONE',  ( 0.1232284062012597992, 0.05905518326267716889, 0.003937007874015747977 ) ) ;
#1127 = LINE ( 'NONE', #4275, #615 ) ;
#1128 = AXIS2_PLACEMENT_3D ( 'NONE', #1750, #7169, #918 ) ;
#1129 = ORIENTED_EDGE ( 'NONE', *, *, #5646, .F. ) ;
#1130 = CARTESIAN_POINT ( 'NONE',  ( -0.1200786804129134189, -0.04173221831212647892, 0.09988850972158105912 ) ) ;
#1131 = AXIS2_PLACEMENT_3D ( 'NONE', #66, #8137, #1494 ) ;
#1132 = DIRECTION ( 'NONE',  ( -0.2124842514451818209, 0.0000000000000000000, 0.9771644912131123295 ) ) ;
#1133 = CARTESIAN_POINT ( 'NONE',  ( -0.1023621449798425287, -0.07452861811427161087, 0.03937007874015747283 ) ) ;
#1134 = DIRECTION ( 'NONE',  ( -1.000000000000000000, 0.0000000000000000000, 0.0000000000000000000 ) ) ;
#1135 = LINE ( 'NONE', #3561, #2078 ) ;
#1136 = ORIENTED_EDGE ( 'NONE', *, *, #8428, .T. ) ;
#1137 = LINE ( 'NONE', #6766, #4394 ) ;
#1138 = ORIENTED_EDGE ( 'NONE', *, *, #1537, .F. ) ;
#1139 = DIRECTION ( 'NONE',  ( 0.0000000000000000000, 1.000000000000000000, 0.0000000000000000000 ) ) ;
#1140 = VECTOR ( 'NONE', #2116, 39.37007874015748143 ) ;
#1141 = CARTESIAN_POINT ( 'NONE',  ( 0.1200787999020472424, 6.515244097005101764E-08, 0.007874015748031495954 ) ) ;
#1142 = EDGE_CURVE ( 'NONE', #351, #9378, #3793, .T. ) ;
#1143 = CARTESIAN_POINT ( 'NONE',  ( 0.009842579429606257424, -0.06762415433161436673, 0.1338582677165354173 ) ) ;
#1144 = EDGE_LOOP ( 'NONE', ( #2199, #137 ) ) ;
#1145 = CARTESIAN_POINT ( 'NONE',  ( -0.1388263888904618659, -0.04921253327275590395, 0.05013284967786803270 ) ) ;
#1146 = ORIENTED_EDGE ( 'NONE', *, *, #6794, .F. ) ;
#1147 = DIRECTION ( 'NONE',  ( 1.000000000000000000, 6.123233995736766036E-17, 0.0000000000000000000 ) ) ;
#1148 = CARTESIAN_POINT ( 'NONE',  ( 0.2854331306106299149, 0.008204360258686892171, 0.06072931093870057723 ) ) ;
#1149 = VERTEX_POINT ( 'NONE', #4329 ) ;
#1150 = AXIS2_PLACEMENT_3D ( 'NONE', #5864, #7362, #5199 ) ;
#1151 = ORIENTED_EDGE ( 'NONE', *, *, #4156, .F. ) ;
#1152 = FACE_OUTER_BOUND ( 'NONE', #3310, .T. ) ;
#1153 = CARTESIAN_POINT ( 'NONE',  ( 0.1200787999020472424, 0.04724415964062993883, 0.007874015748031499423 ) ) ;
#1154 = CARTESIAN_POINT ( 'NONE',  ( -0.1384514308544251282, -0.05010193743834173014, 0.04978637174318894382 ) ) ;
#1155 = B_SPLINE_CURVE_WITH_KNOTS ( 'NONE', 3,
 ( #9527, #4065, #963, #2464 ),
 .UNSPECIFIED., .F., .F.,
 ( 4, 4 ),
 ( 0.0000000000000000000, 1.000000000000000000 ),
 .UNSPECIFIED. ) ;
#1156 = LINE ( 'NONE', #1354, #138 ) ;
#1157 = VECTOR ( 'NONE', #9459, 39.37007874015748143 ) ;
#1158 = CARTESIAN_POINT ( 'NONE',  ( 0.1279528156500787384, -0.05390168106071122067, 0.03405857769071088392 ) ) ;
#1159 = EDGE_LOOP ( 'NONE', ( #3179, #3774, #1542, #6979 ) ) ;
#1160 = CARTESIAN_POINT ( 'NONE',  ( -0.1023621449798398780, 0.04740791782478827321, 0.1338582677165354173 ) ) ;
#1161 = ORIENTED_EDGE ( 'NONE', *, *, #4867, .T. ) ;
#1162 = DIRECTION ( 'NONE',  ( -0.0000000000000000000, 1.000000000000000000, 0.0000000000000000000 ) ) ;
#1163 = CARTESIAN_POINT ( 'NONE',  ( -0.1358267119089763830, 0.06062434041765569354, 0.04757068916663059061 ) ) ;
#1164 = EDGE_CURVE ( 'NONE', #3717, #7937, #1681, .T. ) ;
#1165 =( BOUNDED_SURFACE ( )  B_SPLINE_SURFACE ( 3, 3, ( 
 ( #7555, #4364, #494, #2666 ),
 ( #7501, #9106, #2874, #3591 ),
 ( #1111, #9775, #3645, #5808 ),
 ( #1879, #5036, #4261, #8175 ) ),
 .UNSPECIFIED., .F., .F., .F. ) 
 B_SPLINE_SURFACE_WITH_KNOTS ( ( 4, 4 ),
 ( 4, 4 ),
 ( 0.0000000000000000000, 1.000000000000000000 ),
 ( 0.0000000000000000000, 1.000000000000000000 ),
 .UNSPECIFIED. ) 
 GEOMETRIC_REPRESENTATION_ITEM ( )  RATIONAL_B_SPLINE_SURFACE ( (
 ( 1.000000000000000000, 0.9484266784572747966, 0.9484266784572747966, 1.000000000000000000),
 ( 0.8025111867387773046, 0.7611230192634643732, 0.7611230192634643732, 0.8025111867387773046),
 ( 0.8025111867387773046, 0.7611230192634643732, 0.7611230192634643732, 0.8025111867387773046),
 ( 1.000000000000000000, 0.9484266784572747966, 0.9484266784572747966, 1.000000000000000000) ) ) 
 REPRESENTATION_ITEM ( '' )  SURFACE ( )  );
#1166 = EDGE_CURVE ( 'NONE', #9129, #3001, #7129, .T. ) ;
#1167 = ORIENTED_EDGE ( 'NONE', *, *, #7904, .T. ) ;
#1168 = CARTESIAN_POINT ( 'NONE',  ( -0.1048030898617322848, -0.07869206574736223314, 0.1240157480314960509 ) ) ;
#1169 = CARTESIAN_POINT ( 'NONE',  ( -0.1279526961609449287, -0.04658786130524984054, 0.04599645088325686471 ) ) ;
#1170 = CARTESIAN_POINT ( 'NONE',  ( 0.1276927496031101672, 0.01822618758952757392, 0.1244077499743700410 ) ) ;
#1171 = CARTESIAN_POINT ( 'NONE',  ( -0.1279526961609449009, -0.05511804508377949469, 0.04987839297976725400 ) ) ;
#1172 = CARTESIAN_POINT ( 'NONE',  ( -0.1023621449798425426, 0.05256420672010187617, 0.01617701702636981445 ) ) ;
#1173 = ORIENTED_EDGE ( 'NONE', *, *, #5595, .F. ) ;
#1174 = CARTESIAN_POINT ( 'NONE',  ( -0.1003936410428344916, 0.06252029534950112599, 0.1261305567489041102 ) ) ;
#1175 = DIRECTION ( 'NONE',  ( -0.7071067811929505620, 8.659560562276517619E-17, -0.7071067811801444725 ) ) ;
#1176 = EDGE_CURVE ( 'NONE', #9083, #5860, #3276, .T. ) ;
#1177 = DIRECTION ( 'NONE',  ( -0.0000000000000000000, 0.0000000000000000000, 1.000000000000000000 ) ) ;
#1178 = CARTESIAN_POINT ( 'NONE',  ( -0.1383881109914489316, 0.04328924860238795441, 0.09764557866255131613 ) ) ;
#1179 = DIRECTION ( 'NONE',  ( -0.0000000000000000000, 0.0000000000000000000, 1.000000000000000000 ) ) ;
#1180 = ADVANCED_FACE ( 'NONE', ( #826 ), #2433, .T. ) ;
#1181 = CARTESIAN_POINT ( 'NONE',  ( -0.1279526961609449287, 0.02798342379964647089, 0.03337800528045939408 ) ) ;
#1182 = B_SPLINE_CURVE_WITH_KNOTS ( 'NONE', 3,
 ( #7051, #9417, #8708, #745 ),
 .UNSPECIFIED., .F., .F.,
 ( 4, 4 ),
 ( 0.0000000000000000000, 1.000000000000000000 ),
 .UNSPECIFIED. ) ;
#1183 = CARTESIAN_POINT ( 'NONE',  ( 0.1640613705853968818, 0.05116285208921007160, 0.04456641359890685383 ) ) ;
#1184 = LINE ( 'NONE', #8971, #4288 ) ;
#1185 = CARTESIAN_POINT ( 'NONE',  ( -0.1343085966793942099, 0.05511817538865948496, 0.07864370664951755852 ) ) ;
#1186 = FACE_OUTER_BOUND ( 'NONE', #212, .T. ) ;
#1187 = CARTESIAN_POINT ( 'NONE',  ( -0.1200786804129134189, 0.06102368719968503247, 0.04724409448818693569 ) ) ;
#1188 = CARTESIAN_POINT ( 'NONE',  ( -0.03740151505858272524, -0.05511804508377952244, 0.01422248560244881825 ) ) ;
#1189 = VERTEX_POINT ( 'NONE', #7954 ) ;
#1190 = FACE_OUTER_BOUND ( 'NONE', #9905, .T. ) ;
#1191 = VERTEX_POINT ( 'NONE', #5585 ) ;
#1192 = CARTESIAN_POINT ( 'NONE',  ( -0.1279526961609450952, 0.04604350355044068560, 0.05602585535049065674 ) ) ;
#1193 = CARTESIAN_POINT ( 'NONE',  ( -0.1293788725757990254, -0.04460506583094859395, 0.07671683416904892527 ) ) ;
#1194 = EDGE_CURVE ( 'NONE', #8120, #6982, #9317, .T. ) ;
#1195 = DIRECTION ( 'NONE',  ( -6.123233995736766036E-17, 1.000000000000000000, 0.0000000000000000000 ) ) ;
#1196 = ORIENTED_EDGE ( 'NONE', *, *, #338, .T. ) ;
#1197 = DIRECTION ( 'NONE',  ( -0.0000000000000000000, 0.0000000000000000000, 1.000000000000000000 ) ) ;
#1198 = CARTESIAN_POINT ( 'NONE',  ( 0.1200787999020472285, 0.05511817538866110172, 0.01861186520729992896 ) ) ;
#1199 = CARTESIAN_POINT ( 'NONE',  ( 0.1751969101381889993, -0.03428197048590947427, 0.07554964872698322065 ) ) ;
#1200 = VERTEX_POINT ( 'NONE', #9604 ) ;
#1201 = EDGE_LOOP ( 'NONE', ( #6504, #2993, #4644, #5285 ) ) ;
#1202 = CARTESIAN_POINT ( 'NONE',  ( -0.1384513838249973872, 0.04826645540241891741, 0.1003169899509550878 ) ) ;
#1203 = CARTESIAN_POINT ( 'NONE',  ( 0.1673228943901138022, 6.515243728921874837E-08, 0.1043307086614167628 ) ) ;
#1204 = FACE_OUTER_BOUND ( 'NONE', #3439, .T. ) ;
#1205 = CARTESIAN_POINT ( 'NONE',  ( -0.1303548763006040778, -0.04511175526671209329, 0.07727225082051178418 ) ) ;
#1206 = CARTESIAN_POINT ( 'NONE',  ( -0.1377952158459848087, 0.05866148247527092768, 0.04724409448818886470 ) ) ;
#1207 = DIRECTION ( 'NONE',  ( 6.123233995736766036E-17, -1.000000000000000000, 0.0000000000000000000 ) ) ;
#1208 = ORIENTED_EDGE ( 'NONE', *, *, #8803, .T. ) ;
#1209 = ORIENTED_EDGE ( 'NONE', *, *, #9799, .F. ) ;
#1210 = CARTESIAN_POINT ( 'NONE',  ( 0.1246912913694077779, 0.08824351657376366953, 0.05180391536328658730 ) ) ;
#1211 = EDGE_LOOP ( 'NONE', ( #2427, #8715, #9140, #4514 ) ) ;
#1212 = EDGE_CURVE ( 'NONE', #2983, #2848, #9787, .T. ) ;
#1213 = CARTESIAN_POINT ( 'NONE',  ( 0.1279528214177661494, 0.02045737991779435563, 0.02362206019274399812 ) ) ;
#1214 = LINE ( 'NONE', #5091, #6069 ) ;
#1215 = ADVANCED_FACE ( 'NONE', ( #7175 ), #6644, .T. ) ;
#1216 = ORIENTED_EDGE ( 'NONE', *, *, #4446, .F. ) ;
#1217 = LINE ( 'NONE', #4365, #6725 ) ;
#1218 = CARTESIAN_POINT ( 'NONE',  ( -0.1003936410428346443, 0.07874022263275588795, 0.0000000000000000000 ) ) ;
#1219 = CARTESIAN_POINT ( 'NONE',  ( 0.009842579429606257424, 0.06884967636720346063, 0.1338582677165388868 ) ) ;
#1220 = CYLINDRICAL_SURFACE ( 'NONE', #8012, 0.009842519685039369942 ) ;
#1221 = B_SPLINE_CURVE_WITH_KNOTS ( 'NONE', 3,
 ( #566, #9912, #7484, #9238 ),
 .UNSPECIFIED., .F., .F.,
 ( 4, 4 ),
 ( 0.0000000000000000000, 0.8704371728305729805 ),
 .UNSPECIFIED. ) ;
#1222 = VERTEX_POINT ( 'NONE', #8189 ) ;
#1223 = CARTESIAN_POINT ( 'NONE',  ( -0.1301284044757531899, -0.04330702146173294464, 0.07301711772352263707 ) ) ;
#1224 = LINE ( 'NONE', #4372, #6377 ) ;
#1225 = CARTESIAN_POINT ( 'NONE',  ( -0.1271040891027543640, 0.04724415964063093110, 0.003763884576666792336 ) ) ;
#1226 =( BOUNDED_SURFACE ( )  B_SPLINE_SURFACE ( 3, 3, ( 
 ( #7945, #8047, #8141, #261 ),
 ( #5628, #7989, #3412, #313 ),
 ( #6392, #1645, #4029, #3462 ),
 ( #6541, #108, #9543, #2479 ) ),
 .UNSPECIFIED., .F., .F., .F. ) 
 B_SPLINE_SURFACE_WITH_KNOTS ( ( 4, 4 ),
 ( 4, 4 ),
 ( 0.0000000000000000000, 1.000000000000000000 ),
 ( 0.0000000000000000000, 1.000000000000000000 ),
 .UNSPECIFIED. ) 
 GEOMETRIC_REPRESENTATION_ITEM ( )  RATIONAL_B_SPLINE_SURFACE ( (
 ( 1.000000000000000000, 0.9115084555886566742, 0.9115084555886566742, 1.000000000000000000),
 ( 0.8317468925573641148, 0.7581443254756272676, 0.7581443254756272676, 0.8317468925573641148),
 ( 0.8317468925573641148, 0.7581443254756272676, 0.7581443254756272676, 0.8317468925573641148),
 ( 1.000000000000000000, 0.9115084555886566742, 0.9115084555886566742, 1.000000000000000000) ) ) 
 REPRESENTATION_ITEM ( '' )  SURFACE ( )  );
#1227 = CARTESIAN_POINT ( 'NONE',  ( -0.1200786804129134466, 0.04870747251181824222, 0.03779527559055142344 ) ) ;
#1228 = CARTESIAN_POINT ( 'NONE',  ( -0.1003936410428345472, -0.07081804999933524747, 0.1240157480314960370 ) ) ;
#1229 = ORIENTED_EDGE ( 'NONE', *, *, #8803, .F. ) ;
#1230 = CARTESIAN_POINT ( 'NONE',  ( 0.1673228947792431420, 0.02779883509404763170, 0.02660230625294534787 ) ) ;
#1231 = ORIENTED_EDGE ( 'NONE', *, *, #6865, .F. ) ;
#1232 = DIRECTION ( 'NONE',  ( 6.123233995736766036E-17, -1.000000000000000000, -0.0000000000000000000 ) ) ;
#1233 = EDGE_CURVE ( 'NONE', #2441, #2005, #1127, .T. ) ;
#1234 = EDGE_CURVE ( 'NONE', #8907, #9647, #8959, .T. ) ;
#1235 = CARTESIAN_POINT ( 'NONE',  ( -0.1324812906219747510, 0.05511817538865948496, 0.07769201429185275398 ) ) ;
#1236 = DIRECTION ( 'NONE',  ( 0.0000000000000000000, 1.000000000000000000, 0.0000000000000000000 ) ) ;
#1237 = FACE_OUTER_BOUND ( 'NONE', #4606, .T. ) ;
#1238 = CARTESIAN_POINT ( 'NONE',  ( -0.1043306489168504270, -0.03543300571370078256, 0.02007874015748031121 ) ) ;
#1239 = ORIENTED_EDGE ( 'NONE', *, *, #8915, .F. ) ;
#1240 = CARTESIAN_POINT ( 'NONE',  ( -0.1377952158459787302, 0.03325285414223154434, 0.09264994338397845863 ) ) ;
#1241 = EDGE_CURVE ( 'NONE', #6260, #2136, #9954, .T. ) ;
#1242 = ORIENTED_EDGE ( 'NONE', *, *, #2408, .F. ) ;
#1243 = DIRECTION ( 'NONE',  ( 1.000000000000000000, 6.123233995736766036E-17, 0.0000000000000000000 ) ) ;
#1244 = LINE ( 'NONE', #7285, #1140 ) ;
#1245 = DIRECTION ( 'NONE',  ( 1.000000000000000000, 6.123233995736766036E-17, 0.0000000000000000000 ) ) ;
#1246 = ORIENTED_EDGE ( 'NONE', *, *, #6811, .T. ) ;
#1247 = CYLINDRICAL_SURFACE ( 'NONE', #179, 0.07874015748031494566 ) ;
#1248 = CARTESIAN_POINT ( 'NONE',  ( -0.1296423784827298864, 0.05511817538865948496, 0.07706358852464856302 ) ) ;
#1249 = CARTESIAN_POINT ( 'NONE',  ( 0.1729921857287401166, 0.06566281216163399881, 0.08776125958517454195 ) ) ;
#1250 = CARTESIAN_POINT ( 'NONE',  ( -0.07677159379874018419, 0.04330715176661414229, 0.01567416640385617746 ) ) ;
#1251 = ORIENTED_EDGE ( 'NONE', *, *, #8681, .F. ) ;
#1252 = EDGE_CURVE ( 'NONE', #1149, #1767, #10007, .T. ) ;
#1253 = ORIENTED_EDGE ( 'NONE', *, *, #5390, .T. ) ;
#1254 = CARTESIAN_POINT ( 'NONE',  ( 0.008858327461102322165, -0.04740778752000000817, 0.01574803149606299191 ) ) ;
#1255 = CARTESIAN_POINT ( 'NONE',  ( -0.1390338819214668731, 0.05041439941827191573, 0.09934866037191157628 ) ) ;
#1256 = CARTESIAN_POINT ( 'NONE',  ( 0.1791339180122046293, 6.515244097058431753E-08, 0.06299212598425196763 ) ) ;
#1257 = VECTOR ( 'NONE', #1162, 39.37007874015748143 ) ;
#1258 = CARTESIAN_POINT ( 'NONE',  ( -0.1023621449798425426, 0.02362211239654171679, 0.01567416640385572296 ) ) ;
#1259 = AXIS2_PLACEMENT_3D ( 'NONE', #8514, #4605, #7835 ) ;
#1260 = CARTESIAN_POINT ( 'NONE',  ( -0.1200786804129134189, 0.04748014480221540018, 0.1337743389971719765 ) ) ;
#1261 = ORIENTED_EDGE ( 'NONE', *, *, #8035, .F. ) ;
#1262 = AXIS2_PLACEMENT_3D ( 'NONE', #1574, #5559, #6476 ) ;
#1263 = EDGE_LOOP ( 'NONE', ( #2586, #2567, #7601, #8078 ) ) ;
#1264 = CARTESIAN_POINT ( 'NONE',  ( -0.1200786804129133911, -0.04661410807590551930, 0.007874015748031495954 ) ) ;
#1265 = ORIENTED_EDGE ( 'NONE', *, *, #3751, .T. ) ;
#1266 = AXIS2_PLACEMENT_3D ( 'NONE', #9703, #8728, #8826 ) ;
#1267 = VECTOR ( 'NONE', #6471, 39.37007874015748854 ) ;
#1268 = CARTESIAN_POINT ( 'NONE',  ( -0.1377952158459838372, -0.04370072224912854852, 0.1023622047244089339 ) ) ;
#1269 = DIRECTION ( 'NONE',  ( 6.123233995736766036E-17, -1.000000000000000000, -0.0000000000000000000 ) ) ;
#1270 = ORIENTED_EDGE ( 'NONE', *, *, #771, .T. ) ;
#1271 = CARTESIAN_POINT ( 'NONE',  ( -0.09350387726330711136, 6.515244093048020592E-08, 0.007874015748031495954 ) ) ;
#1272 = CARTESIAN_POINT ( 'NONE',  ( -0.1384514009615554764, 0.04714610001506006759, 0.1001860028189245910 ) ) ;
#1273 = CARTESIAN_POINT ( 'NONE',  ( 0.1273493910613779090, 0.004376213253818882036, 0.1301691127947637583 ) ) ;
#1274 = LINE ( 'NONE', #8445, #6197 ) ;
#1275 = DIRECTION ( 'NONE',  ( 0.0000000000000000000, -0.01185436032000038512, -0.9999297346020886712 ) ) ;
#1276 = VERTEX_POINT ( 'NONE', #1384 ) ;
#1277 = DIRECTION ( 'NONE',  ( 0.0000000000000000000, 0.0000000000000000000, 1.000000000000000000 ) ) ;
#1278 = CARTESIAN_POINT ( 'NONE',  ( 0.07565414424650729330, -0.01968497421763776636, 0.0009210848696104383115 ) ) ;
#1279 = AXIS2_PLACEMENT_3D ( 'NONE', #7708, #9156, #6796 ) ;
#1280 = FACE_BOUND ( 'NONE', #1478, .T. ) ;
#1281 = CARTESIAN_POINT ( 'NONE',  ( 0.1279528214177654277, -0.02045724953396792570, 0.1259842390356234465 ) ) ;
#1282 = CARTESIAN_POINT ( 'NONE',  ( 0.1247258340280580219, -0.05577387916804198847, 0.1303844372394394324 ) ) ;
#1283 = VERTEX_POINT ( 'NONE', #6919 ) ;
#1284 = CARTESIAN_POINT ( 'NONE',  ( -0.1397637197829870725, -0.05143541147438393524, 0.07121352076913409213 ) ) ;
#1285 = AXIS2_PLACEMENT_3D ( 'NONE', #2217, #5367, #7737 ) ;
#1286 = DIRECTION ( 'NONE',  ( 0.9771644912131125515, 5.983406832022951318E-17, 0.2124842514451810715 ) ) ;
#1287 = CARTESIAN_POINT ( 'NONE',  ( 0.07565414424650396263, 0.01968510452251841930, 0.0009210848696068063427 ) ) ;
#1288 = CARTESIAN_POINT ( 'NONE',  ( -0.1397637197829920686, -0.05118103720976373977, 0.07010472905582725012 ) ) ;
#1289 = CARTESIAN_POINT ( 'NONE',  ( -0.1279526961609449287, 0.05183733554516822828, 0.1041450685063895903 ) ) ;
#1290 = ORIENTED_EDGE ( 'NONE', *, *, #612, .T. ) ;
#1291 = CARTESIAN_POINT ( 'NONE',  ( -0.1200786804129133911, -0.05314954114677167274, 0.07283464566929133410 ) ) ;
#1292 = CIRCLE ( 'NONE', #1777, 0.001968503937007899142 ) ;
#1293 =( BOUNDED_SURFACE ( )  B_SPLINE_SURFACE ( 3, 3, ( 
 ( #4432, #7569, #6015, #9164 ),
 ( #1125, #5257, #1891, #5047 ),
 ( #8187, #4274, #7421, #355 ),
 ( #5349, #7871, #8546, #3905 ) ),
 .UNSPECIFIED., .F., .F., .F. ) 
 B_SPLINE_SURFACE_WITH_KNOTS ( ( 4, 4 ),
 ( 4, 4 ),
 ( 0.0000000000000000000, 1.000000000000000000 ),
 ( 0.0000000000000000000, 1.000000000000000000 ),
 .UNSPECIFIED. ) 
 GEOMETRIC_REPRESENTATION_ITEM ( )  RATIONAL_B_SPLINE_SURFACE ( (
 ( 1.000000000000000000, 0.9982531623863293291, 0.9982531623863293291, 1.000000000000000000),
 ( 0.9419139527838336079, 0.9402685820622695978, 0.9402685820622695978, 0.9419139527838336079),
 ( 0.9419139527838336079, 0.9402685820622695978, 0.9402685820622695978, 0.9419139527838336079),
 ( 1.000000000000000000, 0.9982531623863293291, 0.9982531623863293291, 1.000000000000000000) ) ) 
 REPRESENTATION_ITEM ( '' )  SURFACE ( )  );
#1294 = ORIENTED_EDGE ( 'NONE', *, *, #285, .T. ) ;
#1295 = CARTESIAN_POINT ( 'NONE',  ( -0.1279526961609450397, 0.06102368719968503941, 0.04724409448818775448 ) ) ;
#1296 = ADVANCED_FACE ( 'NONE', ( #6033 ), #2902, .F. ) ;
#1297 = CARTESIAN_POINT ( 'NONE',  ( -0.1378094211395435031, -0.04576036659549050090, 0.09392423966477815578 ) ) ;
#1298 = DIRECTION ( 'NONE',  ( 1.000000000000000000, 0.0000000000000000000, 0.0000000000000000000 ) ) ;
#1299 = EDGE_CURVE ( 'NONE', #6570, #5432, #2063, .T. ) ;
#1300 = EDGE_CURVE ( 'NONE', #7749, #1479, #8363, .T. ) ;
#1301 = ORIENTED_EDGE ( 'NONE', *, *, #6264, .F. ) ;
#1302 = CARTESIAN_POINT ( 'NONE',  ( -0.1325847361463551310, -0.04130514640293496409, 0.04730134657852113483 ) ) ;
#1303 = CARTESIAN_POINT ( 'NONE',  ( -0.1303548763006112110, 0.04511188557158175849, 0.07286926856913386596 ) ) ;
#1304 = CARTESIAN_POINT ( 'NONE',  ( -0.1377952117468709547, 0.05865132307153051588, 0.04750279310205982042 ) ) ;
#1305 = CARTESIAN_POINT ( 'NONE',  ( -0.09350387726330708360, -0.05708654902078741378, 0.007874015748031495954 ) ) ;
#1306 = CARTESIAN_POINT ( 'NONE',  ( -0.1377952139081217997, 0.05599100984972559675, 0.05299649538565896767 ) ) ;
#1307 = ORIENTED_EDGE ( 'NONE', *, *, #4945, .T. ) ;
#1308 = EDGE_LOOP ( 'NONE', ( #7629, #9657, #1637, #3080, #9440, #7009, #6159, #3331 ) ) ;
#1309 = AXIS2_PLACEMENT_3D ( 'NONE', #1098, #1207, #7401 ) ;
#1310 = EDGE_CURVE ( 'NONE', #1102, #8931, #5566, .T. ) ;
#1311 = CARTESIAN_POINT ( 'NONE',  ( -0.1279526961609448454, -0.05717980708488076130, 0.1289370078740046111 ) ) ;
#1312 = CARTESIAN_POINT ( 'NONE',  ( -0.1358267119089760777, 0.06062998641227863167, 0.04724409448819569951 ) ) ;
#1313 = CARTESIAN_POINT ( 'NONE',  ( 0.1751969101381890548, -0.03070646728011685450, 0.06432313639778093617 ) ) ;
#1314 = DIRECTION ( 'NONE',  ( 1.000000000000000000, 0.0000000000000000000, -0.0000000000000000000 ) ) ;
#1315 = EDGE_CURVE ( 'NONE', #193, #6751, #2956, .T. ) ;
#1316 = ORIENTED_EDGE ( 'NONE', *, *, #172, .F. ) ;
#1317 = CIRCLE ( 'NONE', #3470, 0.05118110236220471676 ) ;
#1318 = ORIENTED_EDGE ( 'NONE', *, *, #9420, .T. ) ;
#1319 = ORIENTED_EDGE ( 'NONE', *, *, #3643, .F. ) ;
#1320 = B_SPLINE_CURVE_WITH_KNOTS ( 'NONE', 3,
 ( #6390, #7276, #5728, #3317 ),
 .UNSPECIFIED., .F., .F.,
 ( 4, 4 ),
 ( 0.0000000000000000000, 1.000000000000000000 ),
 .UNSPECIFIED. ) ;
#1321 = AXIS2_PLACEMENT_3D ( 'NONE', #5662, #1623, #7145 ) ;
#1322 = CARTESIAN_POINT ( 'NONE',  ( -0.07086608198771660039, 0.05218469172443249149, 0.01585647049832588154 ) ) ;
#1323 = CARTESIAN_POINT ( 'NONE',  ( -0.1279526961609451230, 0.06102368719968449817, 0.04466732886024271654 ) ) ;
#1324 = ADVANCED_FACE ( 'NONE', ( #6818 ), #9322, .T. ) ;
#1325 = ORIENTED_EDGE ( 'NONE', *, *, #8053, .F. ) ;
#1326 = CARTESIAN_POINT ( 'NONE',  ( 0.1279094426373227900, -0.01706078036665350378, 0.02194863794836220475 ) ) ;
#1327 = CARTESIAN_POINT ( 'NONE',  ( -0.1291162533926871470, -0.05511804508377945305, 0.04987839297976739278 ) ) ;
#1328 = CARTESIAN_POINT ( 'NONE',  ( 0.1275258179633858291, 0.01386862522468503001, 0.1258043083177952937 ) ) ;
#1329 = CARTESIAN_POINT ( 'NONE',  ( -0.1384513838250074624, -0.04772998154193037329, 0.04986580942123688964 ) ) ;
#1330 = EDGE_CURVE ( 'NONE', #4618, #751, #5415, .T. ) ;
#1331 = CARTESIAN_POINT ( 'NONE',  ( -0.1023621449798425426, 0.02362211239653540934, 0.007874015748030970333 ) ) ;
#1332 = FACE_OUTER_BOUND ( 'NONE', #4094, .T. ) ;
#1333 = CARTESIAN_POINT ( 'NONE',  ( 0.1279528156500787661, -0.01377574183119456910, 0.1277544969872412839 ) ) ;
#1334 = VERTEX_POINT ( 'NONE', #3108 ) ;
#1335 = CARTESIAN_POINT ( 'NONE',  ( -0.1384513838249622764, -0.05128446366865031109, 0.07309170656775383634 ) ) ;
#1336 = CARTESIAN_POINT ( 'NONE',  ( -0.1200786804129133911, -0.04741424112136029961, 0.1337769567560562756 ) ) ;
#1337 = CARTESIAN_POINT ( 'NONE',  ( -0.1377950662575684604, 0.04379570544085267109, 0.04269417331224964474 ) ) ;
#1338 = DIRECTION ( 'NONE',  ( -1.000000000000000000, -6.123233995736766036E-17, -0.0000000000000000000 ) ) ;
#1339 = CARTESIAN_POINT ( 'NONE',  ( -0.1023621449798425564, 0.03937014389259840125, 0.04133858267716534335 ) ) ;
#1340 = EDGE_LOOP ( 'NONE', ( #6926, #4832, #904, #7079 ) ) ;
#1341 = CARTESIAN_POINT ( 'NONE',  ( -0.1311788480827931758, 0.05511817538866107397, 0.09980734988759074056 ) ) ;
#1342 = EDGE_CURVE ( 'NONE', #2172, #1081, #8417, .T. ) ;
#1343 = CARTESIAN_POINT ( 'NONE',  ( -0.1303548763006058542, 0.04511188557159097334, 0.1043653315612598220 ) ) ;
#1344 = DIRECTION ( 'NONE',  ( 0.0000000000000000000, 0.0000000000000000000, 1.000000000000000000 ) ) ;
#1345 = ORIENTED_EDGE ( 'NONE', *, *, #5634, .F. ) ;
#1346 = DIRECTION ( 'NONE',  ( -0.9608635309510028533, -5.883592237982847227E-17, -0.2770221559521390264 ) ) ;
#1347 = CARTESIAN_POINT ( 'NONE',  ( -0.1003936410428346304, -0.07874009232787400336, 0.03937007874015747977 ) ) ;
#1348 = CARTESIAN_POINT ( 'NONE',  ( 0.2775591148625978222, -0.01018019641302416595, 0.05444262647537524702 ) ) ;
#1349 = CARTESIAN_POINT ( 'NONE',  ( 0.1729921857287401166, 6.515244097005101764E-08, 0.07480314960629920462 ) ) ;
#1350 = VERTEX_POINT ( 'NONE', #4600 ) ;
#1351 = ORIENTED_EDGE ( 'NONE', *, *, #3726, .F. ) ;
#1352 = EDGE_CURVE ( 'NONE', #8787, #1090, #4783, .T. ) ;
#1353 = CARTESIAN_POINT ( 'NONE',  ( 0.1200787999020472285, -0.06594484707412992530, 0.06692913385826770867 ) ) ;
#1354 = CARTESIAN_POINT ( 'NONE',  ( 0.1729921857287401166, -0.06566268185674714597, 0.08776125958519946646 ) ) ;
#1355 = CARTESIAN_POINT ( 'NONE',  ( 0.1200787999020472285, 0.06594494704220472958, 0.06692913385826770867 ) ) ;
#1356 = ORIENTED_EDGE ( 'NONE', *, *, #10178, .T. ) ;
#1357 = ORIENTED_EDGE ( 'NONE', *, *, #8954, .F. ) ;
#1358 = CARTESIAN_POINT ( 'NONE',  ( 0.1246912913694077779, 0.05577400953156608221, 0.1303844371805846503 ) ) ;
#1359 = EDGE_LOOP ( 'NONE', ( #2089, #8063, #6697, #7070 ) ) ;
#1360 = ADVANCED_FACE ( 'NONE', ( #6089 ), #7586, .T. ) ;
#1361 = ADVANCED_FACE ( 'NONE', ( #8564 ), #2276, .T. ) ;
#1362 = CARTESIAN_POINT ( 'NONE',  ( 0.1279528156500785996, 0.05019661549106720771, 0.02477999028893286201 ) ) ;
#1363 = CARTESIAN_POINT ( 'NONE',  ( 0.1594488786421259241, 0.003111741992907673515, 0.06337794470042257267 ) ) ;
#1364 = EDGE_LOOP ( 'NONE', ( #22, #5904, #2161, #2965 ) ) ;
#1365 = B_SPLINE_CURVE_WITH_KNOTS ( 'NONE', 3,
 ( #10125, #1323, #1504, #6060, #9350, #2340, #5487, #8481, #3894, #9210 ),
 .UNSPECIFIED., .F., .F.,
 ( 4, 2, 2, 2, 4 ),
 ( 0.0000000000000000000, 0.2500000000000000000, 0.5000000000000000000, 0.7500000000000000000, 1.000000000000000000 ),
 .UNSPECIFIED. ) ;
#1366 = DIRECTION ( 'NONE',  ( 0.0000000000000000000, -0.0000000000000000000, -1.000000000000000000 ) ) ;
#1367 = EDGE_LOOP ( 'NONE', ( #2597, #4193, #76, #6301 ) ) ;
#1368 = CARTESIAN_POINT ( 'NONE',  ( -0.08858261742078740730, 6.515244101013211378E-08, 0.1279527559055118058 ) ) ;
#1369 = DIRECTION ( 'NONE',  ( 0.0000000000000000000, 0.0000000000000000000, -1.000000000000000000 ) ) ;
#1370 = CARTESIAN_POINT ( 'NONE',  ( -0.1200786804129134189, -0.05050024002505210802, 0.09251354967097438764 ) ) ;
#1371 = ADVANCED_FACE ( 'NONE', ( #1642 ), #4797, .F. ) ;
#1372 = CARTESIAN_POINT ( 'NONE',  ( 0.1594488786421259519, -0.003947597406718256034, 0.1043118466253930843 ) ) ;
#1373 = VERTEX_POINT ( 'NONE', #5466 ) ;
#1374 = ORIENTED_EDGE ( 'NONE', *, *, #353, .T. ) ;
#1375 = CARTESIAN_POINT ( 'NONE',  ( -0.1384513838249622486, -0.05183720518876647892, 0.07296489896627550431 ) ) ;
#1376 = DIRECTION ( 'NONE',  ( 1.000000000000000000, 6.123233995736766036E-17, 0.0000000000000000000 ) ) ;
#1377 = LINE ( 'NONE', #3661, #2917 ) ;
#1378 = CARTESIAN_POINT ( 'NONE',  ( 0.1358268313981101094, -0.03140040459195184153, 0.03382828384849743963 ) ) ;
#1379 = CARTESIAN_POINT ( 'NONE',  ( -0.09078019347885911416, 0.04156856854970891052, 0.01567416640385432824 ) ) ;
#1380 = ORIENTED_EDGE ( 'NONE', *, *, #2746, .T. ) ;
#1381 = CYLINDRICAL_SURFACE ( 'NONE', #2582, 0.003937007874026890973 ) ;
#1382 = ORIENTED_EDGE ( 'NONE', *, *, #5286, .T. ) ;
#1383 = CARTESIAN_POINT ( 'NONE',  ( -0.1378094211395435031, -0.05971981454914851439, 0.09710176692852078018 ) ) ;
#1384 = CARTESIAN_POINT ( 'NONE',  ( 0.1279528214177661494, 0.02045737991779435563, 0.02362206019274399812 ) ) ;
#1385 = VERTEX_POINT ( 'NONE', #5569 ) ;
#1386 = CARTESIAN_POINT ( 'NONE',  ( 0.1358268313981101372, 0.06050267542754297206, 0.1040485548362861945 ) ) ;
#1387 = CARTESIAN_POINT ( 'NONE',  ( 0.1200787999020470065, -0.04740778751996060913, 0.1220472440944881665 ) ) ;
#1388 = DIRECTION ( 'NONE',  ( 6.123233995736766036E-17, -1.000000000000000000, 0.0000000000000000000 ) ) ;
#1389 = PRESENTATION_STYLE_ASSIGNMENT (( #766 ) ) ;
#1390 = ORIENTED_EDGE ( 'NONE', *, *, #4255, .T. ) ;
#1391 = CARTESIAN_POINT ( 'NONE',  ( -0.1289292747357935753, 0.04330715176660177718, 0.1022740480997393897 ) ) ;
#1392 = ORIENTED_EDGE ( 'NONE', *, *, #8007, .F. ) ;
#1393 = CARTESIAN_POINT ( 'NONE',  ( 0.1318898235240944239, -0.04724402933574797792, 6.936332796413168713E-18 ) ) ;
#1394 = EDGE_CURVE ( 'NONE', #3527, #3262, #7218, .T. ) ;
#1395 = CARTESIAN_POINT ( 'NONE',  ( -0.1313789265853156640, 0.04330715176661410065, 0.07748688154972227515 ) ) ;
#1396 = DIRECTION ( 'NONE',  ( 0.0000000000000000000, -0.0000000000000000000, 1.000000000000000000 ) ) ;
#1397 = CARTESIAN_POINT ( 'NONE',  ( 0.1594488786419577531, -0.05118103720904744469, 0.06814634145473820459 ) ) ;
#1398 = CARTESIAN_POINT ( 'NONE',  ( -0.1378148836212096939, -0.04257085402363076920, 0.1026599902291193134 ) ) ;
#1399 = CARTESIAN_POINT ( 'NONE',  ( -0.1358037865093598140, -0.05511789907005942152, 0.07007974668078902070 ) ) ;
#1400 = ADVANCED_FACE ( 'NONE', ( #6284 ), #55, .F. ) ;
#1401 = ORIENTED_EDGE ( 'NONE', *, *, #1725, .T. ) ;
#1402 = CARTESIAN_POINT ( 'NONE',  ( 0.1279528156500787106, 0.05055407339171172354, 0.1197265235979560333 ) ) ;
#1403 = ORIENTED_EDGE ( 'NONE', *, *, #7437, .T. ) ;
#1404 = AXIS2_PLACEMENT_3D ( 'NONE', #141, #8852, #6629 ) ;
#1405 = LINE ( 'NONE', #10027, #5538 ) ;
#1406 = CARTESIAN_POINT ( 'NONE',  ( -0.1003936410428345055, -0.08336899849722503864, 0.09493818200169384935 ) ) ;
#1407 = EDGE_CURVE ( 'NONE', #1523, #1959, #3315, .T. ) ;
#1408 = EDGE_CURVE ( 'NONE', #3369, #8780, #1531, .T. ) ;
#1409 = ORIENTED_EDGE ( 'NONE', *, *, #7654, .T. ) ;
#1410 = B_SPLINE_CURVE_WITH_KNOTS ( 'NONE', 3,
 ( #4226, #4332, #3509, #454 ),
 .UNSPECIFIED., .F., .F.,
 ( 4, 4 ),
 ( 0.0000000000000000000, 1.000000000000000000 ),
 .UNSPECIFIED. ) ;
#1411 = EDGE_CURVE ( 'NONE', #4562, #1532, #7829, .T. ) ;
#1412 = PLANE ( 'NONE',  #10004 ) ;
#1413 = AXIS2_PLACEMENT_3D ( 'NONE', #7094, #5491, #3294 ) ;
#1414 = DIRECTION ( 'NONE',  ( -1.000000000000000000, -6.123233995736766036E-17, 0.0000000000000000000 ) ) ;
#1415 = CARTESIAN_POINT ( 'NONE',  ( -0.1023621449798425287, -0.04740778751997639512, 0.01574803149606299191 ) ) ;
#1416 = CARTESIAN_POINT ( 'NONE',  ( -0.1377952158459848087, 0.04370085255402039043, 0.04724409448818969737 ) ) ;
#1417 = VECTOR ( 'NONE', #2052, 39.37007874015748143 ) ;
#1418 = LINE ( 'NONE', #9360, #4568 ) ;
#1419 = CARTESIAN_POINT ( 'NONE',  ( -0.1386138424426988369, -0.04611212263933489597, 0.07355877628694222625 ) ) ;
#1420 = AXIS2_PLACEMENT_3D ( 'NONE', #3309, #2568, #4068 ) ;
#1421 = VECTOR ( 'NONE', #1045, 39.37007874015748143 ) ;
#1422 = B_SPLINE_CURVE_WITH_KNOTS ( 'NONE', 3,
 ( #9522, #1516, #2306, #7974, #897, #6315 ),
 .UNSPECIFIED., .F., .F.,
 ( 4, 2, 4 ),
 ( 0.0000000000000000000, 0.5000000000000000000, 1.000000000000000000 ),
 .UNSPECIFIED. ) ;
#1423 = ORIENTED_EDGE ( 'NONE', *, *, #1342, .T. ) ;
#1424 = CARTESIAN_POINT ( 'NONE',  ( -0.1023621449798398780, -0.04740778751150542120, 0.1338582677165326695 ) ) ;
#1425 = FACE_OUTER_BOUND ( 'NONE', #1035, .T. ) ;
#1426 = CARTESIAN_POINT ( 'NONE',  ( -0.1200786804129134050, 0.02029213112919032655, 0.03956421553555929810 ) ) ;
#1427 = CARTESIAN_POINT ( 'NONE',  ( 0.1751969101381891381, 0.06269117958137558622, 0.1028194400327771540 ) ) ;
#1428 = DIRECTION ( 'NONE',  ( 1.000000000000000000, 6.123233995736766036E-17, 0.0000000000000000000 ) ) ;
#1429 = CARTESIAN_POINT ( 'NONE',  ( -0.1200786804129134189, -0.02980938483054424229, 0.03177677078047765752 ) ) ;
#1430 = ORIENTED_EDGE ( 'NONE', *, *, #2926, .F. ) ;
#1431 = CARTESIAN_POINT ( 'NONE',  ( -0.1200786804129134189, 0.02755912027055370736, 0.1338582677165353896 ) ) ;
#1432 = ORIENTED_EDGE ( 'NONE', *, *, #2366, .T. ) ;
#1433 = CARTESIAN_POINT ( 'NONE',  ( 0.02559061092566927709, 6.515244094229544203E-08, 0.0001334378757510039717 ) ) ;
#1434 = AXIS2_PLACEMENT_3D ( 'NONE', #6809, #3910, #3757 ) ;
#1435 = FACE_OUTER_BOUND ( 'NONE', #9078, .T. ) ;
#1436 = CARTESIAN_POINT ( 'NONE',  ( -0.1358267119089763830, -0.06054040534286148079, 0.09659623005191249334 ) ) ;
#1437 = CARTESIAN_POINT ( 'NONE',  ( 0.2876378550200787143, -0.06573717520079853938, 0.08699901782173229126 ) ) ;
#1438 = ORIENTED_EDGE ( 'NONE', *, *, #580, .T. ) ;
#1439 = AXIS2_PLACEMENT_3D ( 'NONE', #6930, #6147, #9338 ) ;
#1440 = FACE_OUTER_BOUND ( 'NONE', #799, .T. ) ;
#1441 = CARTESIAN_POINT ( 'NONE',  ( 0.1594488786421258963, -0.01181095846960627041, 0.07480314960630017607 ) ) ;
#1442 = CARTESIAN_POINT ( 'NONE',  ( 0.2775591148625983773, -0.007873950595595794258, 0.07480314960630017607 ) ) ;
#1443 = ORIENTED_EDGE ( 'NONE', *, *, #5654, .T. ) ;
#1444 = CARTESIAN_POINT ( 'NONE',  ( -0.1198944284444094649, 0.05118116751464566599, 0.04724409448818897572 ) ) ;
#1445 = ORIENTED_EDGE ( 'NONE', *, *, #6331, .F. ) ;
#1446 = CARTESIAN_POINT ( 'NONE',  ( -0.1279526961609449009, 0.04921266357763776772, 0.07286926856913386596 ) ) ;
#1447 = CARTESIAN_POINT ( 'NONE',  ( -0.1319705446354962064, 0.04330715176661506516, 0.07556495696082711488 ) ) ;
#1448 = AXIS2_PLACEMENT_3D ( 'NONE', #6645, #9788, #2249 ) ;
#1449 = ADVANCED_FACE ( 'NONE', ( #7062 ), #6329, .F. ) ;
#1450 = CARTESIAN_POINT ( 'NONE',  ( -0.1384513838249709639, -0.04921253327275805500, 0.07326210897011423140 ) ) ;
#1451 = CARTESIAN_POINT ( 'NONE',  ( -0.1364069488036263322, -0.05183834314623557427, 0.07455296020956578285 ) ) ;
#1452 = CARTESIAN_POINT ( 'NONE',  ( -0.1279526961609451230, -0.02798329349476458283, 0.03337800528045937326 ) ) ;
#1453 = EDGE_LOOP ( 'NONE', ( #7463, #3587, #1270, #460 ) ) ;
#1454 = CARTESIAN_POINT ( 'NONE',  ( -0.1377951926473907907, -0.04384887187003465997, 0.1038150515602969254 ) ) ;
#1455 = VECTOR ( 'NONE', #1338, 39.37007874015748143 ) ;
#1456 = ORIENTED_EDGE ( 'NONE', *, *, #9462, .T. ) ;
#1457 = CARTESIAN_POINT ( 'NONE',  ( 0.1279528156500787661, 0.04312782558591858606, 0.1259842519685039353 ) ) ;
#1458 = ORIENTED_EDGE ( 'NONE', *, *, #8531, .T. ) ;
#1459 = VECTOR ( 'NONE', #926, 39.37007874015748143 ) ;
#1460 = EDGE_LOOP ( 'NONE', ( #6219, #2320, #8085, #4264 ) ) ;
#1461 = EDGE_CURVE ( 'NONE', #2973, #6631, #6984, .T. ) ;
#1462 = DIRECTION ( 'NONE',  ( -1.000000000000000000, -6.123233995736766036E-17, 0.0000000000000000000 ) ) ;
#1463 = CARTESIAN_POINT ( 'NONE',  ( 0.1594488786421259519, 0.01131045577656307650, 0.07087112823349384083 ) ) ;
#1464 = AXIS2_PLACEMENT_3D ( 'NONE', #8719, #1641, #159 ) ;
#1465 = ORIENTED_EDGE ( 'NONE', *, *, #9924, .F. ) ;
#1466 = CARTESIAN_POINT ( 'NONE',  ( -0.1392992980404028636, -0.04675744419982932193, 0.05082273415814994588 ) ) ;
#1467 = CARTESIAN_POINT ( 'NONE',  ( -0.1279526961609450397, 0.04133864782960629952, 0.04724409448818896184 ) ) ;
#1468 = CARTESIAN_POINT ( 'NONE',  ( -0.1377952117468709547, 0.05865132307153051588, 0.04750279310205982042 ) ) ;
#1469 = EDGE_CURVE ( 'NONE', #9315, #3646, #8611, .T. ) ;
#1470 = CARTESIAN_POINT ( 'NONE',  ( -0.1200786804129134050, -0.05611319461541119241, 0.1107926951522118925 ) ) ;
#1471 = VERTEX_POINT ( 'NONE', #9592 ) ;
#1472 = AXIS2_PLACEMENT_3D ( 'NONE', #3785, #3330, #9651 ) ;
#1473 = PRODUCT_DEFINITION_CONTEXT ( 'detailed design', #3211, 'design' ) ;
#1474 = CARTESIAN_POINT ( 'NONE',  ( -0.1369911382989602855, 0.05712277364753431952, 0.03799522686369619096 ) ) ;
#1475 = LINE ( 'NONE', #9313, #6399 ) ;
#1476 = ADVANCED_FACE ( 'NONE', ( #5625 ), #7986, .T. ) ;
#1477 = CARTESIAN_POINT ( 'NONE',  ( -0.1377952158459814780, -0.03170483187215576010, 0.09314277247479758881 ) ) ;
#1478 = EDGE_LOOP ( 'NONE', ( #10065, #8071, #9154, #8266 ) ) ;
#1479 = VERTEX_POINT ( 'NONE', #8816 ) ;
#1480 = DIRECTION ( 'NONE',  ( -1.000000000000000000, 0.0000000000000000000, 0.0000000000000000000 ) ) ;
#1481 = CARTESIAN_POINT ( 'NONE',  ( -0.1384656293220121459, -0.04984291742289132660, 0.07323666820229064733 ) ) ;
#1482 = CARTESIAN_POINT ( 'NONE',  ( -0.1296423784827293590, 0.05511817538865948496, 0.07706358852465231002 ) ) ;
#1483 = CARTESIAN_POINT ( 'NONE',  ( -0.1279526961609449565, 0.05712005044746735344, 0.1028401728111211361 ) ) ;
#1484 = DIRECTION ( 'NONE',  ( 6.123233995736766036E-17, -1.000000000000000000, 0.0000000000000000000 ) ) ;
#1485 = LINE ( 'NONE', #3867, #2092 ) ;
#1486 = CARTESIAN_POINT ( 'NONE',  ( 0.2854331306106281385, 0.03428210079079135192, 0.07554964872696455502 ) ) ;
#1487 = CARTESIAN_POINT ( 'NONE',  ( 0.2854331306106281940, -0.03428197048589768509, 0.07554964872698727296 ) ) ;
#1488 = FILL_AREA_STYLE_COLOUR ( '', #3075 ) ;
#1489 = EDGE_LOOP ( 'NONE', ( #1881, #7031, #4856, #2999 ) ) ;
#1490 = CARTESIAN_POINT ( 'NONE',  ( -0.1279526961609450397, -0.03149599783968522887, 0.03149606299212598381 ) ) ;
#1491 = ORIENTED_EDGE ( 'NONE', *, *, #9625, .F. ) ;
#1492 = CARTESIAN_POINT ( 'NONE',  ( -0.1023621449798425564, 6.515244093841847958E-08, 0.007874015748031643405 ) ) ;
#1493 = EDGE_CURVE ( 'NONE', #9871, #5342, #2307, .T. ) ;
#1494 = DIRECTION ( 'NONE',  ( -0.2161295262841367582, 0.0000000000000000000, -0.9763647002366454553 ) ) ;
#1495 = CARTESIAN_POINT ( 'NONE',  ( -0.1279526961609449287, 0.05183733554516822828, 0.1041450685063895903 ) ) ;
#1496 = CARTESIAN_POINT ( 'NONE',  ( -0.1023621449798425287, -0.05256407641519588586, 0.01617701702635437194 ) ) ;
#1497 = CARTESIAN_POINT ( 'NONE',  ( -0.1279526961609449287, -0.04921253327275589701, 0.07727225082051179805 ) ) ;
#1498 = CARTESIAN_POINT ( 'NONE',  ( -0.1370571528105335446, -0.05398778419889140728, 0.06763324821898847317 ) ) ;
#1499 = EDGE_LOOP ( 'NONE', ( #2336, #4620, #9027, #1151 ) ) ;
#1500 = DIRECTION ( 'NONE',  ( -6.123233995736766036E-17, 1.000000000000000000, 0.0000000000000000000 ) ) ;
#1501 = ORIENTED_EDGE ( 'NONE', *, *, #5476, .F. ) ;
#1502 = EDGE_CURVE ( 'NONE', #3473, #10078, #1745, .T. ) ;
#1503 = CARTESIAN_POINT ( 'NONE',  ( 0.1279528156500787661, 0.07086336748701294042, 0.06543593632250480074 ) ) ;
#1504 = CARTESIAN_POINT ( 'NONE',  ( -0.1279526961609451507, 0.05996292837694607025, 0.04210643052398196223 ) ) ;
#1505 = CARTESIAN_POINT ( 'NONE',  ( -0.1299341412764768999, -0.04330702146173454059, 0.04797549184880129519 ) ) ;
#1506 = VERTEX_POINT ( 'NONE', #402 ) ;
#1507 = CARTESIAN_POINT ( 'NONE',  ( -0.1287854760047190961, -0.05511804508377882855, 0.07317004566913742902 ) ) ;
#1508 = FACE_OUTER_BOUND ( 'NONE', #4005, .T. ) ;
#1509 = ADVANCED_FACE ( 'NONE', ( #2004 ), #7225, .T. ) ;
#1510 = CARTESIAN_POINT ( 'NONE',  ( -0.1200786804129134466, -0.04864207070431313812, 0.09283276757256085643 ) ) ;
#1511 = CARTESIAN_POINT ( 'NONE',  ( 0.2854331306106263622, 0.02703167279991569236, 0.05685840110219836374 ) ) ;
#1512 = DIRECTION ( 'NONE',  ( -0.7660444431194528558, 0.0000000000000000000, -0.6427876096859733712 ) ) ;
#1513 = EDGE_CURVE ( 'NONE', #5108, #5268, #7839, .T. ) ;
#1514 = DIRECTION ( 'NONE',  ( -0.0000000000000000000, -1.000000000000000000, 0.0000000000000000000 ) ) ;
#1515 = ORIENTED_EDGE ( 'NONE', *, *, #3144, .T. ) ;
#1516 = CARTESIAN_POINT ( 'NONE',  ( 0.1329205297752721893, 0.04724415964062993190, 1.601942724556237915E-17 ) ) ;
#1517 = CARTESIAN_POINT ( 'NONE',  ( -0.1279526961609449009, 0.04330715176661506516, 0.07496055203066674666 ) ) ;
#1518 = CARTESIAN_POINT ( 'NONE',  ( -0.1200786804129130025, 0.04724415964063041068, -2.667820306312757049E-18 ) ) ;
#1519 = DIRECTION ( 'NONE',  ( 0.0000000000000000000, 1.000000000000000000, 0.0000000000000000000 ) ) ;
#1520 = EDGE_CURVE ( 'NONE', #7210, #8931, #1292, .T. ) ;
#1521 = LINE ( 'NONE', #1686, #3287 ) ;
#1522 = CARTESIAN_POINT ( 'NONE',  ( -0.1304697030920075329, -0.04330702146173299322, 0.05015364557641906890 ) ) ;
#1523 = VERTEX_POINT ( 'NONE', #7469 ) ;
#1524 = CARTESIAN_POINT ( 'NONE',  ( -0.05055926790309707430, -0.01849784046843609350, 0.007874015748031495954 ) ) ;
#1525 = ORIENTED_EDGE ( 'NONE', *, *, #6831, .T. ) ;
#1526 = DIRECTION ( 'NONE',  ( -6.123233995736766036E-17, 1.000000000000000000, 0.0000000000000000000 ) ) ;
#1527 = PLANE ( 'NONE',  #8510 ) ;
#1528 = DIRECTION ( 'NONE',  ( -0.0000000000000000000, 0.0000000000000000000, -1.000000000000000000 ) ) ;
#1529 = ADVANCED_FACE ( 'NONE', ( #6597 ), #9743, .T. ) ;
#1530 = EDGE_CURVE ( 'NONE', #2356, #6513, #7425, .T. ) ;
#1531 = LINE ( 'NONE', #6387, #4422 ) ;
#1532 = VERTEX_POINT ( 'NONE', #3508 ) ;
#1533 = DIRECTION ( 'NONE',  ( 1.000000000000000000, 0.0000000000000000000, -0.0000000000000000000 ) ) ;
#1534 = CARTESIAN_POINT ( 'NONE',  ( 0.1358268313981101372, 0.03688482553407541192, 0.1309700502490651897 ) ) ;
#1535 = CARTESIAN_POINT ( 'NONE',  ( 0.1594488786421259519, 0.0007484125265514605854, 0.08662091736144689191 ) ) ;
#1536 = EDGE_CURVE ( 'NONE', #8652, #1350, #5740, .T. ) ;
#1537 = EDGE_CURVE ( 'NONE', #4258, #6861, #2200, .T. ) ;
#1538 = DIRECTION ( 'NONE',  ( 1.000000000000000000, 6.123233995736766036E-17, 0.0000000000000000000 ) ) ;
#1539 = DIRECTION ( 'NONE',  ( -1.000000000000000000, -6.123233995736766036E-17, 0.0000000000000000000 ) ) ;
#1540 = VERTEX_POINT ( 'NONE', #8550 ) ;
#1541 = CARTESIAN_POINT ( 'NONE',  ( -0.1308545400442305273, 0.04330715176660177718, 0.1019621893099983689 ) ) ;
#1542 = ORIENTED_EDGE ( 'NONE', *, *, #9153, .T. ) ;
#1543 = CARTESIAN_POINT ( 'NONE',  ( 0.1274418055595669119, -0.007146033596614188160, 0.1298799579287795436 ) ) ;
#1544 = CARTESIAN_POINT ( 'NONE',  ( -0.1240156882869291877, -0.02755898996567690551, 0.1338582677165354173 ) ) ;
#1545 =( BOUNDED_CURVE ( )  B_SPLINE_CURVE ( 3, ( #3552, #6850, #7619, #5204 ),
 .UNSPECIFIED., .F., .T. ) 
 B_SPLINE_CURVE_WITH_KNOTS ( ( 4, 4 ),
 ( 0.0000000000000000000, 1.000000000000000000 ),
 .UNSPECIFIED. ) 
 CURVE ( )  GEOMETRIC_REPRESENTATION_ITEM ( )  RATIONAL_B_SPLINE_CURVE ( ( 1.000000000000000000, 0.9922014156163513343, 0.9922014156163513343, 1.000000000000000000 ) ) 
 REPRESENTATION_ITEM ( '' )  );
#1546 = CARTESIAN_POINT ( 'NONE',  ( 0.1673228943901575172, 0.02953297708857549955, 0.06699817922028297734 ) ) ;
#1547 = CARTESIAN_POINT ( 'NONE',  ( -0.1377952158459844201, 0.01604530319639812727, 0.02977147738922271761 ) ) ;
#1548 = CARTESIAN_POINT ( 'NONE',  ( -0.1369955064767956754, -0.04239105366359941646, 0.1215751452089451901 ) ) ;
#1549 = B_SPLINE_CURVE_WITH_KNOTS ( 'NONE', 3,
 ( #10133, #9265, #7717, #6120 ),
 .UNSPECIFIED., .F., .F.,
 ( 4, 4 ),
 ( 0.0000000000000000000, 1.000000000000000000 ),
 .UNSPECIFIED. ) ;
#1550 = ORIENTED_EDGE ( 'NONE', *, *, #2061, .T. ) ;
#1551 = CARTESIAN_POINT ( 'NONE',  ( -0.1396854137027988829, -0.05058040627680363693, 0.07060442291088520061 ) ) ;
#1552 = ORIENTED_EDGE ( 'NONE', *, *, #2448, .F. ) ;
#1553 = LINE ( 'NONE', #2284, #6689 ) ;
#1554 = ADVANCED_FACE ( 'NONE', ( #7719 ), #6553, .T. ) ;
#1555 = ORIENTED_EDGE ( 'NONE', *, *, #5503, .T. ) ;
#1556 = ORIENTED_EDGE ( 'NONE', *, *, #7296, .F. ) ;
#1557 = CARTESIAN_POINT ( 'NONE',  ( -0.03740151505858271136, 0.07127513204311680672, 0.04133858267716534335 ) ) ;
#1558 = CARTESIAN_POINT ( 'NONE',  ( -0.1023621449798425287, -0.04740778751997639512, 0.01574803149606299191 ) ) ;
#1559 = EDGE_CURVE ( 'NONE', #7406, #2327, #10089, .T. ) ;
#1560 = CARTESIAN_POINT ( 'NONE',  ( -0.1392992980403947312, 0.04832759091863836343, 0.09956106054816775408 ) ) ;
#1561 = ORIENTED_EDGE ( 'NONE', *, *, #2143, .F. ) ;
#1562 = ORIENTED_EDGE ( 'NONE', *, *, #4303, .T. ) ;
#1563 = PLANE ( 'NONE',  #1413 ) ;
#1564 = CARTESIAN_POINT ( 'NONE',  ( 0.1245276187996849776, -0.04740778751996060913, 0.1220472440944881665 ) ) ;
#1565 = CARTESIAN_POINT ( 'NONE',  ( 0.1200787999020472285, 0.05511817538866110172, 0.01861186520729992896 ) ) ;
#1566 = CARTESIAN_POINT ( 'NONE',  ( -0.1369585853816504273, -0.04445687500895147137, 0.07355876797521450350 ) ) ;
#1567 = B_SPLINE_CURVE_WITH_KNOTS ( 'NONE', 3,
 ( #5191, #9731, #2769, #3539, #6679, #5911 ),
 .UNSPECIFIED., .F., .F.,
 ( 4, 2, 4 ),
 ( 0.0000000000000000000, 0.5000000000000000000, 1.000000000000000000 ),
 .UNSPECIFIED. ) ;
#1568 = ADVANCED_FACE ( 'NONE', ( #3607, #2152 ), #9992, .F. ) ;
#1569 = ORIENTED_EDGE ( 'NONE', *, *, #612, .F. ) ;
#1570 = CYLINDRICAL_SURFACE ( 'NONE', #10172, 0.001968503937007870519 ) ;
#1571 = CARTESIAN_POINT ( 'NONE',  ( 0.07677171328787396609, 6.515244094229544203E-08, 0.0002623371023676379860 ) ) ;
#1572 = VECTOR ( 'NONE', #6199, 39.37007874015748143 ) ;
#1573 = CARTESIAN_POINT ( 'NONE',  ( -0.1397637197829920408, -0.05031257971820289610, 0.05274447178030635536 ) ) ;
#1574 = CARTESIAN_POINT ( 'NONE',  ( -0.1200786804129134189, 6.515244094229544203E-08, 0.07279771312318503163 ) ) ;
#1575 = FACE_OUTER_BOUND ( 'NONE', #4157, .T. ) ;
#1576 = VERTEX_POINT ( 'NONE', #10044 ) ;
#1577 = CARTESIAN_POINT ( 'NONE',  ( -0.1393676006082746333, -0.05306667595065501369, 0.05034490247898586873 ) ) ;
#1578 = ORIENTED_EDGE ( 'NONE', *, *, #7724, .F. ) ;
#1579 = CARTESIAN_POINT ( 'NONE',  ( -0.1384513838249978035, 0.05183733549364271526, 0.07717662042337800066 ) ) ;
#1580 = VECTOR ( 'NONE', #49, 39.37007874015748143 ) ;
#1581 = VECTOR ( 'NONE', #5898, 39.37007874015748143 ) ;
#1582 = CARTESIAN_POINT ( 'NONE',  ( -0.1200786804129134189, -0.05716777164381257881, 0.1102776767547013759 ) ) ;
#1583 = ADVANCED_FACE ( 'NONE', ( #9308 ), #6018, .T. ) ;
#1584 = CARTESIAN_POINT ( 'NONE',  ( -0.1279526961609449565, 0.04130527670781691807, 0.1028401728111245916 ) ) ;
#1585 = DIRECTION ( 'NONE',  ( -1.000000000000000000, 0.0000000000000000000, 0.0000000000000000000 ) ) ;
#1586 = ORIENTED_EDGE ( 'NONE', *, *, #2823, .F. ) ;
#1587 = FACE_BOUND ( 'NONE', #728, .T. ) ;
#1588 = CARTESIAN_POINT ( 'NONE',  ( -0.1023621449798425564, -0.0008390458739560846535, 0.07480314960629920462 ) ) ;
#1589 = CARTESIAN_POINT ( 'NONE',  ( 0.1673228947792431975, 0.0004807310708296381368, 0.1227203167362172220 ) ) ;
#1590 = CARTESIAN_POINT ( 'NONE',  ( -0.03740151505858269054, 0.03740163995559640797, 0.007874015748031310338 ) ) ;
#1591 = ORIENTED_EDGE ( 'NONE', *, *, #9934, .F. ) ;
#1592 = CARTESIAN_POINT ( 'NONE',  ( 0.1594488786421259241, 6.515244096969609760E-08, 0.04527559055118110520 ) ) ;
#1593 = AXIS2_PLACEMENT_3D ( 'NONE', #1075, #6600, #6443 ) ;
#1594 = CARTESIAN_POINT ( 'NONE',  ( -0.1023621449798425426, 6.515244097154551463E-08, 0.01574803149606298844 ) ) ;
#1595 = CIRCLE ( 'NONE', #7864, 0.003937007874015733232 ) ;
#1596 = FACE_OUTER_BOUND ( 'NONE', #7186, .T. ) ;
#1597 = ADVANCED_FACE ( 'NONE', ( #3805 ), #2842, .T. ) ;
#1598 = EDGE_CURVE ( 'NONE', #8751, #3367, #2798, .T. ) ;
#1599 = CARTESIAN_POINT ( 'NONE',  ( 0.1673228943901574062, 0.003962359689246601133, 0.04529452161794013387 ) ) ;
#1600 = FACE_OUTER_BOUND ( 'NONE', #3420, .T. ) ;
#1601 = VECTOR ( 'NONE', #4576, 39.37007874015748143 ) ;
#1602 = CARTESIAN_POINT ( 'NONE',  ( -0.1279526961609449287, -0.04658786130524984054, 0.04599645088325686471 ) ) ;
#1603 = ORIENTED_EDGE ( 'NONE', *, *, #6586, .T. ) ;
#1604 = CARTESIAN_POINT ( 'NONE',  ( -0.1358267119089759112, 0.05620508498307846129, 0.03887596066281030771 ) ) ;
#1605 = EDGE_LOOP ( 'NONE', ( #251, #5194, #5215, #9168, #6580, #322, #1357, #8014 ) ) ;
#1606 = CARTESIAN_POINT ( 'NONE',  ( -0.1279526961609449009, -0.05314954114677164498, 0.03149606299212596300 ) ) ;
#1607 = CARTESIAN_POINT ( 'NONE',  ( -0.1382247786220385244, -0.04460506583094858701, 0.07271796167135209654 ) ) ;
#1608 = ORIENTED_EDGE ( 'NONE', *, *, #2901, .F. ) ;
#1609 = ORIENTED_EDGE ( 'NONE', *, *, #9107, .F. ) ;
#1610 = EDGE_CURVE ( 'NONE', #2248, #8122, #6218, .T. ) ;
#1611 = CIRCLE ( 'NONE', #8537, 0.01181102362204720577 ) ;
#1612 =( BOUNDED_SURFACE ( )  B_SPLINE_SURFACE ( 3, 3, ( 
 ( #1399, #6052, #3943, #1498 ),
 ( #628, #3127, #5482, #4616 ),
 ( #8526, #7750, #3066, #6196 ),
 ( #3884, #7027, #5292, #1551 ) ),
 .UNSPECIFIED., .F., .F., .F. ) 
 B_SPLINE_SURFACE_WITH_KNOTS ( ( 4, 4 ),
 ( 4, 4 ),
 ( 0.0000000000000000000, 1.000000000000000000 ),
 ( 0.0000000000000000000, 1.000000000000000000 ),
 .UNSPECIFIED. ) 
 GEOMETRIC_REPRESENTATION_ITEM ( )  RATIONAL_B_SPLINE_SURFACE ( (
 ( 1.000000000000000000, 0.9115084555882626560, 0.9115084555882626560, 1.000000000000000000),
 ( 0.8317479958103188853, 0.7581453310996965067, 0.7581453310996965067, 0.8317479958103188853),
 ( 0.8317479958103188853, 0.7581453310996965067, 0.7581453310996965067, 0.8317479958103188853),
 ( 1.000000000000000000, 0.9115084555882626560, 0.9115084555882626560, 1.000000000000000000) ) ) 
 REPRESENTATION_ITEM ( '' )  SURFACE ( )  );
#1613 = CARTESIAN_POINT ( 'NONE',  ( -0.03740151505858272524, 6.515244097005101764E-08, 0.007874015748031495954 ) ) ;
#1614 = CARTESIAN_POINT ( 'NONE',  ( -0.1358267358123345647, 0.04330715176661417698, 0.08861730006519684399 ) ) ;
#1615 = CARTESIAN_POINT ( 'NONE',  ( -0.04406518679969546881, 0.02257608199312725883, 0.007874015748031497688 ) ) ;
#1616 = AXIS2_PLACEMENT_3D ( 'NONE', #4960, #2481, #4905 ) ;
#1617 = CARTESIAN_POINT ( 'NONE',  ( -0.03740151505858271136, 0.05577400947292686373, 0.01922186197314519618 ) ) ;
#1618 = VECTOR ( 'NONE', #2142, 39.37007874015748143 ) ;
#1619 = ORIENTED_EDGE ( 'NONE', *, *, #1789, .T. ) ;
#1620 = CARTESIAN_POINT ( 'NONE',  ( -0.08858261742078746281, 0.01771660058551180472, 0.1259842519685039353 ) ) ;
#1621 = B_SPLINE_CURVE_WITH_KNOTS ( 'NONE', 3,
 ( #7247, #4927, #2504, #2602, #7963, #4822 ),
 .UNSPECIFIED., .F., .F.,
 ( 4, 2, 4 ),
 ( 0.0000000000000000000, 0.5000000000000000000, 1.000000000000000000 ),
 .UNSPECIFIED. ) ;
#1622 = VERTEX_POINT ( 'NONE', #4785 ) ;
#1623 = DIRECTION ( 'NONE',  ( 0.0000000000000000000, 0.0000000000000000000, 1.000000000000000000 ) ) ;
#1624 = CARTESIAN_POINT ( 'NONE',  ( -0.1003936410428345055, 0.08020824901181045075, 0.1064127904578245215 ) ) ;
#1625 = EDGE_CURVE ( 'NONE', #7992, #9108, #9580, .T. ) ;
#1626 = DIRECTION ( 'NONE',  ( 7.498798913309288039E-33, -1.224646799147353207E-16, 1.000000000000000000 ) ) ;
#1627 = ORIENTED_EDGE ( 'NONE', *, *, #2628, .T. ) ;
#1628 = CARTESIAN_POINT ( 'NONE',  ( -0.1293171685021382578, 0.04330715176661506516, 0.07496055203066674666 ) ) ;
#1629 = VECTOR ( 'NONE', #750, 39.37007874015748143 ) ;
#1630 = LINE ( 'NONE', #961, #5724 ) ;
#1631 = CARTESIAN_POINT ( 'NONE',  ( -0.1279526961609449009, 0.02755912027055118854, 0.04668728965140610948 ) ) ;
#1632 =( LENGTH_UNIT ( ) NAMED_UNIT ( * ) SI_UNIT ( $, .METRE. ) );
#1633 = CARTESIAN_POINT ( 'NONE',  ( 0.1751969101381891936, 6.515244096889681614E-08, 0.07480314960629920462 ) ) ;
#1634 = ORIENTED_EDGE ( 'NONE', *, *, #4205, .F. ) ;
#1635 = LINE ( 'NONE', #6480, #3415 ) ;
#1636 = ADVANCED_FACE ( 'NONE', ( #1731 ), #89, .T. ) ;
#1637 = ORIENTED_EDGE ( 'NONE', *, *, #9694, .T. ) ;
#1638 = CARTESIAN_POINT ( 'NONE',  ( -0.1338582079719683182, -0.03444875374519212191, 0.05574319219385762830 ) ) ;
#1639 = CARTESIAN_POINT ( 'NONE',  ( -0.1279526961609449009, 0.03852525477211490162, 0.03149606299212629607 ) ) ;
#1640 = VECTOR ( 'NONE', #6286, 39.37007874015748143 ) ;
#1641 = DIRECTION ( 'NONE',  ( 1.000000000000000000, 6.123233995736766036E-17, 0.0000000000000000000 ) ) ;
#1642 = FACE_OUTER_BOUND ( 'NONE', #5459, .T. ) ;
#1643 = VERTEX_POINT ( 'NONE', #7101 ) ;
#1644 = CARTESIAN_POINT ( 'NONE',  ( -0.1343307505385056833, -0.04330702146173367323, 0.05156214303580738956 ) ) ;
#1645 = CARTESIAN_POINT ( 'NONE',  ( -0.1394465149996970965, 0.05375781519481920984, 0.07841755807196860995 ) ) ;
#1646 = CARTESIAN_POINT ( 'NONE',  ( 0.1279524659456942326, 0.04738967470584729003, 0.02369629971207502794 ) ) ;
#1647 = CARTESIAN_POINT ( 'NONE',  ( -0.07086608198771690570, -0.05577387916803614593, 0.01922186197313122819 ) ) ;
#1648 = FACE_OUTER_BOUND ( 'NONE', #3629, .T. ) ;
#1649 = ORIENTED_EDGE ( 'NONE', *, *, #6841, .T. ) ;
#1650 = ORIENTED_EDGE ( 'NONE', *, *, #5455, .T. ) ;
#1651 = B_SPLINE_CURVE_WITH_KNOTS ( 'NONE', 3,
 ( #6808, #3658, #3188, #5544 ),
 .UNSPECIFIED., .F., .F.,
 ( 4, 4 ),
 ( 0.0000000000000000000, 1.000000000000000000 ),
 .UNSPECIFIED. ) ;
#1652 = CARTESIAN_POINT ( 'NONE',  ( -0.1370571528105371806, 0.04443741265150189662, 0.09472632895974092415 ) ) ;
#1653 = EDGE_CURVE ( 'NONE', #8274, #5043, #2514, .T. ) ;
#1654 = CARTESIAN_POINT ( 'NONE',  ( -0.1200786804129134189, 0.04133864782960628564, 0.04724409448818897572 ) ) ;
#1655 = CARTESIAN_POINT ( 'NONE',  ( 0.1279527690026457665, -0.01387283352176697272, 0.1270699517529100264 ) ) ;
#1656 = DIRECTION ( 'NONE',  ( 1.000000000000000000, 0.0000000000000000000, -0.0000000000000000000 ) ) ;
#1657 = EDGE_LOOP ( 'NONE', ( #1929, #6370, #9486, #7338 ) ) ;
#1658 = DIRECTION ( 'NONE',  ( -1.000000000000000000, -6.123233995736766036E-17, 0.0000000000000000000 ) ) ;
#1659 = VERTEX_POINT ( 'NONE', #8759 ) ;
#1660 = CARTESIAN_POINT ( 'NONE',  ( -0.1384514022633691055, -0.04773033405163908810, 0.04986579877698917029 ) ) ;
#1661 = VERTEX_POINT ( 'NONE', #5450 ) ;
#1662 = EDGE_CURVE ( 'NONE', #2617, #2172, #1422, .T. ) ;
#1663 = VERTEX_POINT ( 'NONE', #1680 ) ;
#1664 = CARTESIAN_POINT ( 'NONE',  ( -0.1279526961609449842, -0.04460506583095101563, 0.04633160447986102437 ) ) ;
#1665 = CARTESIAN_POINT ( 'NONE',  ( -0.1384513838249951667, 0.05183733549365759918, 0.1000579797070292043 ) ) ;
#1666 = DIRECTION ( 'NONE',  ( 0.0000000000000000000, 1.000000000000000000, 0.0000000000000000000 ) ) ;
#1667 = B_SPLINE_CURVE_WITH_KNOTS ( 'NONE', 3,
 ( #6271, #7151, #2515, #8648 ),
 .UNSPECIFIED., .F., .F.,
 ( 4, 4 ),
 ( 0.0000000000000000000, 1.000000000000000000 ),
 .UNSPECIFIED. ) ;
#1668 = CYLINDRICAL_SURFACE ( 'NONE', #6232, 0.003937007873978686477 ) ;
#1669 = VERTEX_POINT ( 'NONE', #2459 ) ;
#1670 = EDGE_CURVE ( 'NONE', #2248, #3058, #2213, .T. ) ;
#1671 = CARTESIAN_POINT ( 'NONE',  ( -0.1279526961609449009, -0.04460506583094910049, 0.07671683416904902242 ) ) ;
#1672 = B_SPLINE_CURVE_WITH_KNOTS ( 'NONE', 3,
 ( #5975, #3706, #2994, #4775 ),
 .UNSPECIFIED., .F., .F.,
 ( 4, 4 ),
 ( 0.0000000000000000000, 1.000000000000000000 ),
 .UNSPECIFIED. ) ;
#1673 = ORIENTED_EDGE ( 'NONE', *, *, #7273, .T. ) ;
#1674 = ADVANCED_FACE ( 'NONE', ( #7874 ), #42, .F. ) ;
#1675 = ADVANCED_FACE ( 'NONE', ( #10186 ), #3852, .T. ) ;
#1676 = FACE_BOUND ( 'NONE', #3388, .T. ) ;
#1677 = CARTESIAN_POINT ( 'NONE',  ( 0.2813386424216534620, 6.515244097005101764E-08, 0.07480314960629920462 ) ) ;
#1678 = CARTESIAN_POINT ( 'NONE',  ( 0.2736221069885826362, -0.007873950595590657742, 0.07480314960629920462 ) ) ;
#1679 = ORIENTED_EDGE ( 'NONE', *, *, #3967, .F. ) ;
#1680 = CARTESIAN_POINT ( 'NONE',  ( -0.1003936410428345610, 0.07874022263275588795, 0.07480314960629920462 ) ) ;
#1681 = B_SPLINE_CURVE_WITH_KNOTS ( 'NONE', 3,
 ( #118, #6694, #1181, #9076, #7468, #3327 ),
 .UNSPECIFIED., .F., .F.,
 ( 4, 2, 4 ),
 ( 0.0000000000000000000, 0.5000000000000000000, 1.000000000000000000 ),
 .UNSPECIFIED. ) ;
#1682 = CARTESIAN_POINT ( 'NONE',  ( -0.07086608198771660039, 0.06102368719968503941, 0.007874015748031495954 ) ) ;
#1683 = CARTESIAN_POINT ( 'NONE',  ( -0.1279526961609449009, 0.05511817538866074784, 0.1002631264098830521 ) ) ;
#1684 = CARTESIAN_POINT ( 'NONE',  ( -0.1279526961609449287, 0.04658799161007941975, 0.1041450685063930043 ) ) ;
#1685 = ADVANCED_FACE ( 'NONE', ( #3302 ), #3199, .T. ) ;
#1686 = CARTESIAN_POINT ( 'NONE',  ( 0.05118116210677153832, -0.01968497421763773514, 0.007874015748031502893 ) ) ;
#1687 = CARTESIAN_POINT ( 'NONE',  ( 0.1272978598071259071, -0.0002238924922834577627, 0.01928551105486614112 ) ) ;
#1688 = ORIENTED_EDGE ( 'NONE', *, *, #1241, .F. ) ;
#1689 = CARTESIAN_POINT ( 'NONE',  ( -0.1381303776403538242, -0.05513991960661386582, 0.05157706981872609703 ) ) ;
#1690 = EDGE_LOOP ( 'NONE', ( #4846, #9970, #958, #4529, #3535 ) ) ;
#1691 = DIRECTION ( 'NONE',  ( 1.000000000000000000, 6.123233995736766036E-17, 0.0000000000000000000 ) ) ;
#1692 = DIRECTION ( 'NONE',  ( 1.000000000000000000, 6.123233995736766036E-17, -0.0000000000000000000 ) ) ;
#1693 = B_SPLINE_CURVE_WITH_KNOTS ( 'NONE', 3,
 ( #9271, #6081, #7774, #5312 ),
 .UNSPECIFIED., .F., .F.,
 ( 4, 4 ),
 ( 0.0000000000000000000, 1.000000000000000000 ),
 .UNSPECIFIED. ) ;
#1694 = DIRECTION ( 'NONE',  ( -6.123233995736766036E-17, 1.000000000000000000, 0.0000000000000000000 ) ) ;
#1695 = ORIENTED_CLOSED_SHELL ( 'NONE', *, #130, .F. );
#1696 = CARTESIAN_POINT ( 'NONE',  ( -0.1343223578888239345, 0.06008635630716436388, 0.1000086697117683748 ) ) ;
#1697 = LINE ( 'NONE', #6330, #6423 ) ;
#1698 = CARTESIAN_POINT ( 'NONE',  ( -0.1279526961609450397, -0.06102355689480315482, 0.1023622047244078653 ) ) ;
#1699 = DIRECTION ( 'NONE',  ( -1.000000000000000000, -6.123233995736766036E-17, 0.0000000000000000000 ) ) ;
#1700 = PLANE ( 'NONE',  #1128 ) ;
#1701 = CARTESIAN_POINT ( 'NONE',  ( -0.1392992980403902348, 0.04894890333637173796, 0.07758486660369552645 ) ) ;
#1702 = VERTEX_POINT ( 'NONE', #4061 ) ;
#1703 = CARTESIAN_POINT ( 'NONE',  ( 0.1594488786421259241, -0.02952736880051503449, 0.07480314942667989908 ) ) ;
#1704 = ORIENTED_EDGE ( 'NONE', *, *, #10145, .F. ) ;
#1705 = CARTESIAN_POINT ( 'NONE',  ( 0.1293120157249606494, -0.01112258715964565409, 0.1245192439249606237 ) ) ;
#1706 = CARTESIAN_POINT ( 'NONE',  ( -0.1200786804129134189, 0.04801705298672602484, 0.05659200629539167665 ) ) ;
#1707 = CARTESIAN_POINT ( 'NONE',  ( 0.1200787999020445640, 0.07312442612164216094, 0.1295835179620874189 ) ) ;
#1708 = EDGE_CURVE ( 'NONE', #205, #3664, #744, .T. ) ;
#1709 = CARTESIAN_POINT ( 'NONE',  ( 0.1200787999020467844, 0.05060975827416874101, 0.1338582677165546519 ) ) ;
#1710 = ORIENTED_EDGE ( 'NONE', *, *, #7361, .F. ) ;
#1711 = LINE ( 'NONE', #8108, #7741 ) ;
#1712 = ORIENTED_EDGE ( 'NONE', *, *, #1142, .T. ) ;
#1713 = CARTESIAN_POINT ( 'NONE',  ( -0.1279526961609449009, -0.05511804508377351336, 0.07518096735898791017 ) ) ;
#1714 = B_SPLINE_CURVE_WITH_KNOTS ( 'NONE', 3,
 ( #8300, #1897, #7521, #2892 ),
 .UNSPECIFIED., .F., .F.,
 ( 4, 4 ),
 ( 0.0000000000000000000, 1.000000000000000000 ),
 .UNSPECIFIED. ) ;
#1715 = CARTESIAN_POINT ( 'NONE',  ( -0.1384513838249973872, 0.04826645540241891741, 0.1003169899509550878 ) ) ;
#1716 = ORIENTED_EDGE ( 'NONE', *, *, #5328, .T. ) ;
#1717 = EDGE_CURVE ( 'NONE', #2082, #6598, #1945, .T. ) ;
#1718 = ORIENTED_EDGE ( 'NONE', *, *, #3893, .T. ) ;
#1719 = CARTESIAN_POINT ( 'NONE',  ( -0.1384513838249622486, -0.05015874144792922124, 0.07322390921020380250 ) ) ;
#1720 = CARTESIAN_POINT ( 'NONE',  ( -0.1358267119089760777, 0.04173234861701267950, 0.04724409448819009982 ) ) ;
#1721 = ORIENTED_EDGE ( 'NONE', *, *, #9917, .F. ) ;
#1722 = CARTESIAN_POINT ( 'NONE',  ( -0.1279526961609449009, -0.04330702146173255607, 0.07317004566913223873 ) ) ;
#1723 = EDGE_LOOP ( 'NONE', ( #5261, #1242, #1761, #6339 ) ) ;
#1724 = ADVANCED_FACE ( 'NONE', ( #2349 ), #1570, .F. ) ;
#1725 = EDGE_CURVE ( 'NONE', #6202, #2526, #7611, .T. ) ;
#1726 = LINE ( 'NONE', #2511, #3899 ) ;
#1727 = CARTESIAN_POINT ( 'NONE',  ( -0.1377949289321417914, 0.05862342478058061440, 0.04750148696036039092 ) ) ;
#1728 = ADVANCED_FACE ( 'NONE', ( #8705 ), #1937, .F. ) ;
#1729 = EDGE_CURVE ( 'NONE', #8694, #9548, #1611, .T. ) ;
#1730 = VERTEX_POINT ( 'NONE', #3541 ) ;
#1731 = FACE_OUTER_BOUND ( 'NONE', #422, .T. ) ;
#1732 = B_SPLINE_CURVE_WITH_KNOTS ( 'NONE', 3,
 ( #10100, #4691, #5462, #8609, #3047, #3105 ),
 .UNSPECIFIED., .F., .F.,
 ( 4, 2, 4 ),
 ( 0.0000000000000000000, 0.4999999999999998890, 1.000000000000000000 ),
 .UNSPECIFIED. ) ;
#1733 = CARTESIAN_POINT ( 'NONE',  ( -0.1279526961609449009, 0.04460519613583042997, 0.07342468522060553726 ) ) ;
#1734 = CARTESIAN_POINT ( 'NONE',  ( -0.1023621449798425564, 0.05586047468624983497, 0.1302975371309877950 ) ) ;
#1735 = CARTESIAN_POINT ( 'NONE',  ( 0.1594488786421259796, 0.08316146361733012249, 0.1151587427033060052 ) ) ;
#1736 = CARTESIAN_POINT ( 'NONE',  ( 0.1673228943901574062, -0.003962229384374302624, 0.1043117775946566378 ) ) ;
#1737 = CARTESIAN_POINT ( 'NONE',  ( -0.1279526961609449009, 0.04460519613583042997, 0.07342468522060553726 ) ) ;
#1738 = ORIENTED_EDGE ( 'NONE', *, *, #4280, .F. ) ;
#1739 = CARTESIAN_POINT ( 'NONE',  ( -0.1357896280878212458, -0.05511787042826227917, 0.05294370959307086871 ) ) ;
#1740 = VERTEX_POINT ( 'NONE', #5713 ) ;
#1741 = EDGE_CURVE ( 'NONE', #6513, #495, #5915, .T. ) ;
#1742 = DIRECTION ( 'NONE',  ( 0.0000000000000000000, -1.000000000000000000, -0.0000000000000000000 ) ) ;
#1743 = ADVANCED_FACE ( 'NONE', ( #2775 ), #4057, .T. ) ;
#1744 = AXIS2_PLACEMENT_3D ( 'NONE', #4334, #9792, #407 ) ;
#1745 = LINE ( 'NONE', #1845, #8868 ) ;
#1746 = VERTEX_POINT ( 'NONE', #247 ) ;
#1747 = DIRECTION ( 'NONE',  ( 1.000000000000000000, 6.123233995736766036E-17, 0.0000000000000000000 ) ) ;
#1748 = DIRECTION ( 'NONE',  ( 6.123233995736766036E-17, -1.000000000000000000, 0.0000000000000000000 ) ) ;
#1749 = CARTESIAN_POINT ( 'NONE',  ( -0.1358267119089758834, -0.04173786430672912773, 0.1026887994028503892 ) ) ;
#1750 = CARTESIAN_POINT ( 'NONE',  ( -0.07283458592472444315, -0.06299206083181099758, 0.003937007874015747109 ) ) ;
#1751 = VECTOR ( 'NONE', #3617, 39.37007874015748143 ) ;
#1752 = DIRECTION ( 'NONE',  ( 0.0000000000000000000, -1.000000000000000000, 0.0000000000000000000 ) ) ;
#1753 = ORIENTED_EDGE ( 'NONE', *, *, #7827, .T. ) ;
#1754 = LINE ( 'NONE', #9950, #8178 ) ;
#1755 = VECTOR ( 'NONE', #111, 39.37007874015748143 ) ;
#1756 = B_SPLINE_CURVE_WITH_KNOTS ( 'NONE', 3,
 ( #1441, #9380, #2268, #3113, #5279, #3772, #5417, #3868, #7067, #4652, #4499, #6091, #8464, #7011, #1535, #7786, #6870, #8, #6236, #3823, #3719, #10152, #9191 ),
 .UNSPECIFIED., .F., .F.,
 ( 4, 1, 2, 2, 2, 2, 2, 2, 2, 2, 2, 4 ),
 ( 0.0000000000000000000, 0.1250000000000000000, 0.1875000000000000555, 0.2500000000000001110, 0.3125000000000002220, 0.3750000000000003331, 0.4375000000000004441, 0.5000000000000005551, 0.5625000000000006661, 0.6250000000000006661, 0.7500000000000007772, 1.000000000000000000 ),
 .UNSPECIFIED. ) ;
#1757 = CARTESIAN_POINT ( 'NONE',  ( -0.1200786804129134466, 0.04324936558191336267, 0.05324991056952925461 ) ) ;
#1758 = AXIS2_PLACEMENT_3D ( 'NONE', #8897, #5848, #277 ) ;
#1759 = VECTOR ( 'NONE', #9474, 39.37007874015748143 ) ;
#1760 = DIRECTION ( 'NONE',  ( -6.123233995736766036E-17, 1.000000000000000000, 0.0000000000000000000 ) ) ;
#1761 = ORIENTED_EDGE ( 'NONE', *, *, #6574, .T. ) ;
#1762 = DIRECTION ( 'NONE',  ( 1.000000000000000000, 6.123233995736766036E-17, 0.0000000000000000000 ) ) ;
#1763 = AXIS2_PLACEMENT_3D ( 'NONE', #2806, #9957, #7440 ) ;
#1764 = EDGE_LOOP ( 'NONE', ( #9797, #3956, #2733, #430, #6783, #2507, #1022, #5718 ) ) ;
#1765 = CARTESIAN_POINT ( 'NONE',  ( -0.1048030898617322848, -0.07312429581675365664, 0.1295835179620929700 ) ) ;
#1766 = CARTESIAN_POINT ( 'NONE',  ( -0.1317359179447673834, -0.04330702146173173728, 0.07464649046222182616 ) ) ;
#1767 = VERTEX_POINT ( 'NONE', #2668 ) ;
#1768 =( BOUNDED_CURVE ( )  B_SPLINE_CURVE ( 3, ( #7367, #5723, #305, #8089 ),
 .UNSPECIFIED., .F., .T. ) 
 B_SPLINE_CURVE_WITH_KNOTS ( ( 4, 4 ),
 ( 0.0000000000000000000, 1.000000000000000000 ),
 .UNSPECIFIED. ) 
 CURVE ( )  GEOMETRIC_REPRESENTATION_ITEM ( )  RATIONAL_B_SPLINE_CURVE ( ( 1.000000000000000000, 0.9934450294291116146, 0.9934450294291116146, 1.000000000000000000 ) ) 
 REPRESENTATION_ITEM ( '' )  );
#1769 = VERTEX_POINT ( 'NONE', #4990 ) ;
#1770 = CARTESIAN_POINT ( 'NONE',  ( -0.1377952158459843091, -0.03051174587118248710, 0.05678838069122117693 ) ) ;
#1771 = AXIS2_PLACEMENT_3D ( 'NONE', #6685, #5861, #8956 ) ;
#1772 = EDGE_CURVE ( 'NONE', #7673, #2617, #5810, .T. ) ;
#1773 = CARTESIAN_POINT ( 'NONE',  ( -0.1279526961609449287, -0.04330702146173366629, 0.04987839297977059161 ) ) ;
#1774 = VERTEX_POINT ( 'NONE', #8127 ) ;
#1775 = CARTESIAN_POINT ( 'NONE',  ( -0.1023621449798425426, 0.02362211239654171679, 0.01567416640385572296 ) ) ;
#1776 = EDGE_LOOP ( 'NONE', ( #1515, #2868, #1688, #5825, #7121, #1251, #8619, #3308 ) ) ;
#1777 = AXIS2_PLACEMENT_3D ( 'NONE', #8246, #4277, #7371 ) ;
#1778 = CARTESIAN_POINT ( 'NONE',  ( -0.07086608198771660039, 0.05577400947291721173, 0.01922186197313183881 ) ) ;
#1779 = CARTESIAN_POINT ( 'NONE',  ( 0.1245276187996849776, 0.05511817538866142091, 0.01861186520729826710 ) ) ;
#1780 = VECTOR ( 'NONE', #9920, 39.37007874015748143 ) ;
#1781 = EDGE_LOOP ( 'NONE', ( #4195, #8697, #6198, #9170, #5032 ) ) ;
#1782 = CARTESIAN_POINT ( 'NONE',  ( -0.1332778016574986679, 0.05511817538865754901, 0.07580873017004013947 ) ) ;
#1783 = FACE_OUTER_BOUND ( 'NONE', #451, .T. ) ;
#1784 = DIRECTION ( 'NONE',  ( 1.000000000000000000, 0.0000000000000000000, 0.0000000000000000000 ) ) ;
#1785 = CARTESIAN_POINT ( 'NONE',  ( 0.1294350703184251050, 0.01336625699708661116, 0.02564306279992518631 ) ) ;
#1786 = ORIENTED_EDGE ( 'NONE', *, *, #7714, .T. ) ;
#1787 = CARTESIAN_POINT ( 'NONE',  ( -0.1350599610650451976, -0.05438820340548520399, 0.05079284717617447986 ) ) ;
#1788 = VECTOR ( 'NONE', #5801, 39.37007874015748143 ) ;
#1789 = EDGE_CURVE ( 'NONE', #9031, #1189, #4098, .T. ) ;
#1790 = CARTESIAN_POINT ( 'NONE',  ( -0.1384513838249709639, -0.04921253327275805500, 0.07326210897011423140 ) ) ;
#1791 = LINE ( 'NONE', #2523, #9989 ) ;
#1792 = CARTESIAN_POINT ( 'NONE',  ( -0.1200786804129134189, 0.03149612814456714122, 0.03149606299212598381 ) ) ;
#1793 = VECTOR ( 'NONE', #2672, 39.37007874015748143 ) ;
#1794 = CARTESIAN_POINT ( 'NONE',  ( 0.1594488786419576976, 0.05119946414184289168, 0.1049778495157995262 ) ) ;
#1795 = EDGE_LOOP ( 'NONE', ( #4350, #4634, #683, #8055, #8277 ) ) ;
#1796 = CARTESIAN_POINT ( 'NONE',  ( -0.08267710560974962652, 0.04330715176661215082, 0.01567416640385565357 ) ) ;
#1797 = EDGE_CURVE ( 'NONE', #562, #8889, #2275, .T. ) ;
#1798 = CARTESIAN_POINT ( 'NONE',  ( -0.1200786804129134189, 0.05434528204256507816, 0.03789618268098624704 ) ) ;
#1799 = CARTESIAN_POINT ( 'NONE',  ( 0.1640613705853969373, -0.05118102781069366891, 0.07483416765550776617 ) ) ;
#1800 = LINE ( 'NONE', #8049, #5413 ) ;
#1801 = CARTESIAN_POINT ( 'NONE',  ( -0.1384513838249978035, 0.04658799166161112920, 0.07717662042338295503 ) ) ;
#1802 = ORIENTED_EDGE ( 'NONE', *, *, #8362, .T. ) ;
#1803 = CARTESIAN_POINT ( 'NONE',  ( 0.1358268313981101649, 0.05118103542095132907, 0.07480314949631919341 ) ) ;
#1804 = EDGE_CURVE ( 'NONE', #6967, #1838, #4392, .T. ) ;
#1805 = EDGE_CURVE ( 'NONE', #3963, #3155, #5299, .T. ) ;
#1806 = ORIENTED_EDGE ( 'NONE', *, *, #8362, .F. ) ;
#1807 = AXIS2_PLACEMENT_3D ( 'NONE', #865, #4028, #5515 ) ;
#1808 = CARTESIAN_POINT ( 'NONE',  ( 0.1751969101381896932, 0.06566281216163756540, 0.08776125958518318781 ) ) ;
#1809 = CARTESIAN_POINT ( 'NONE',  ( 0.1306496570495669363, 6.515244097005101764E-08, 0.07480314960629920462 ) ) ;
#1810 = ORIENTED_EDGE ( 'NONE', *, *, #6692, .T. ) ;
#1811 = LINE ( 'NONE', #2541, #8404 ) ;
#1812 = VECTOR ( 'NONE', #9790, 39.37007874015748143 ) ;
#1813 = ORIENTED_EDGE ( 'NONE', *, *, #649, .T. ) ;
#1814 = CARTESIAN_POINT ( 'NONE',  ( 0.01574809124062992449, 0.01771660058551182901, 0.007874015748031495954 ) ) ;
#1815 = FACE_OUTER_BOUND ( 'NONE', #3933, .T. ) ;
#1816 = EDGE_LOOP ( 'NONE', ( #8333, #1409, #1738, #2869, #6040, #7550, #8139 ) ) ;
#1817 = EDGE_CURVE ( 'NONE', #7627, #5434, #1217, .T. ) ;
#1818 = ORIENTED_EDGE ( 'NONE', *, *, #7008, .T. ) ;
#1819 = DIRECTION ( 'NONE',  ( 1.000000000000000000, 0.0000000000000000000, 0.0000000000000000000 ) ) ;
#1820 = B_SPLINE_CURVE_WITH_KNOTS ( 'NONE', 3,
 ( #9586, #8713, #2520, #4948 ),
 .UNSPECIFIED., .F., .F.,
 ( 4, 4 ),
 ( 0.0000000000000000000, 1.000000000000000000 ),
 .UNSPECIFIED. ) ;
#1821 = CARTESIAN_POINT ( 'NONE',  ( 0.1200787999020472285, -0.05577387916802663270, 0.1303844372394453999 ) ) ;
#1822 = CARTESIAN_POINT ( 'NONE',  ( 0.1316149125689370092, 0.0003997734720078728599, 0.02360323760352361910 ) ) ;
#1823 = LINE ( 'NONE', #483, #633 ) ;
#1824 = CARTESIAN_POINT ( 'NONE',  ( -0.1200786804129133772, 0.04726744695767509663, 0.1337844026243306950 ) ) ;
#1825 = ORIENTED_EDGE ( 'NONE', *, *, #6071, .T. ) ;
#1826 = FACE_OUTER_BOUND ( 'NONE', #6441, .T. ) ;
#1827 = ORIENTED_EDGE ( 'NONE', *, *, #4542, .F. ) ;
#1828 = CARTESIAN_POINT ( 'NONE',  ( -0.1377952158459852250, 0.04371083018978577650, 0.04763496143864685839 ) ) ;
#1829 = DIRECTION ( 'NONE',  ( -1.000000000000000000, -6.123233995736766036E-17, -0.0000000000000000000 ) ) ;
#1830 = CARTESIAN_POINT ( 'NONE',  ( -0.1200786804129134189, 6.515244094229544203E-08, 0.07279771312318503163 ) ) ;
#1831 = EDGE_LOOP ( 'NONE', ( #3254, #614, #1704, #2498, #6656, #850 ) ) ;
#1832 = CARTESIAN_POINT ( 'NONE',  ( -0.1023621449798426258, 6.515244099792712340E-08, 0.1173228346456768045 ) ) ;
#1833 = EDGE_CURVE ( 'NONE', #2903, #5206, #7814, .T. ) ;
#1834 = CARTESIAN_POINT ( 'NONE',  ( -0.1342976294835932782, -0.05511804508377882161, 0.07150791132289036067 ) ) ;
#1835 = FACE_OUTER_BOUND ( 'NONE', #4970, .T. ) ;
#1836 = CARTESIAN_POINT ( 'NONE',  ( -0.1382247786220384134, 0.05382013101944520955, 0.09981104241210002337 ) ) ;
#1837 = DIRECTION ( 'NONE',  ( 0.0000000000000000000, 0.0000000000000000000, 1.000000000000000000 ) ) ;
#1838 = VERTEX_POINT ( 'NONE', #6745 ) ;
#1839 = CARTESIAN_POINT ( 'NONE',  ( 0.1279528156500750191, -0.03954068087074474186, 0.1290068499786777290 ) ) ;
#1840 = EDGE_CURVE ( 'NONE', #7633, #5108, #9882, .T. ) ;
#1841 = FACE_OUTER_BOUND ( 'NONE', #302, .T. ) ;
#1842 = CARTESIAN_POINT ( 'NONE',  ( -0.1112204126963779738, -0.01771647028062994789, 0.03228346456692913341 ) ) ;
#1843 = CARTESIAN_POINT ( 'NONE',  ( -0.1397439280257888050, 0.04659583453980016554, 0.09718099163825706654 ) ) ;
#1844 = DIRECTION ( 'NONE',  ( 1.000000000000000000, 6.123233995736766036E-17, 0.0000000000000000000 ) ) ;
#1845 = CARTESIAN_POINT ( 'NONE',  ( -0.1200786804129134050, 0.04145727463738188567, 0.1337844026243306950 ) ) ;
#1846 = ADVANCED_FACE ( 'NONE', ( #2980 ), #10031, .F. ) ;
#1847 = ORIENTED_EDGE ( 'NONE', *, *, #4911, .F. ) ;
#1848 = CARTESIAN_POINT ( 'NONE',  ( -0.1200786804129134466, -0.04275054678195539665, 0.09743004731877071001 ) ) ;
#1849 = CARTESIAN_POINT ( 'NONE',  ( 0.1279527690055652922, 0.01387296394881345867, 0.02253634746624410753 ) ) ;
#1850 = CARTESIAN_POINT ( 'NONE',  ( 0.1751969101381889438, 6.559375512749871745E-08, 0.09055101575812705972 ) ) ;
#1851 = CYLINDRICAL_SURFACE ( 'NONE', #7392, 0.009842519685039369942 ) ;
#1852 = DIRECTION ( 'NONE',  ( 1.000000000000000000, 6.123233995736766036E-17, -0.0000000000000000000 ) ) ;
#1853 = EDGE_LOOP ( 'NONE', ( #7136, #1603, #8347, #9150, #8950 ) ) ;
#1854 = PLANE ( 'NONE',  #7678 ) ;
#1855 = ORIENTED_EDGE ( 'NONE', *, *, #7845, .F. ) ;
#1856 = EDGE_CURVE ( 'NONE', #8787, #2591, #2829, .T. ) ;
#1857 = ADVANCED_FACE ( 'NONE', ( #9259 ), #8395, .T. ) ;
#1858 = CARTESIAN_POINT ( 'NONE',  ( 0.1279528156500787661, -0.04570090768747228638, 0.1259842519685039353 ) ) ;
#1859 = DIRECTION ( 'NONE',  ( 1.000000000000000000, 6.123233995736766036E-17, 0.0000000000000000000 ) ) ;
#1860 = EDGE_CURVE ( 'NONE', #8694, #2973, #7559, .T. ) ;
#1861 = EDGE_CURVE ( 'NONE', #5147, #4618, #2548, .T. ) ;
#1862 = ORIENTED_EDGE ( 'NONE', *, *, #437, .F. ) ;
#1863 = ORIENTED_EDGE ( 'NONE', *, *, #2318, .T. ) ;
#1864 = CARTESIAN_POINT ( 'NONE',  ( 0.1275024971014666053, 6.516018277035999563E-08, 0.1286089252831977836 ) ) ;
#1865 = CARTESIAN_POINT ( 'NONE',  ( 0.2814961227366140073, 0.01181108877448817582, 0.07480314960629920462 ) ) ;
#1866 = ORIENTED_EDGE ( 'NONE', *, *, #3602, .F. ) ;
#1867 = ORIENTED_EDGE ( 'NONE', *, *, #5340, .F. ) ;
#1868 = CARTESIAN_POINT ( 'NONE',  ( -0.1023621449798425564, 0.05363414097104391570, 0.01719196534196209061 ) ) ;
#1869 = CARTESIAN_POINT ( 'NONE',  ( 0.2854331306106298038, -0.01534465447217131344, 0.07889957105962985828 ) ) ;
#1870 = CARTESIAN_POINT ( 'NONE',  ( 0.1316193543222834439, -0.001703957090314963058, 0.02361477733165354143 ) ) ;
#1871 = CARTESIAN_POINT ( 'NONE',  ( -0.1320534741669887047, -0.04921253327275590395, 0.07727225082051179805 ) ) ;
#1872 = CARTESIAN_POINT ( 'NONE',  ( -0.03740151505858270442, -0.05577387916804515261, 0.01922186197314554659 ) ) ;
#1873 = ADVANCED_FACE ( 'NONE', ( #2192 ), #116, .F. ) ;
#1874 = ORIENTED_EDGE ( 'NONE', *, *, #9924, .T. ) ;
#1875 = CARTESIAN_POINT ( 'NONE',  ( -0.1003936410428346304, -0.04724402933574803343, 0.0000000000000000000 ) ) ;
#1876 = ORIENTED_EDGE ( 'NONE', *, *, #243, .F. ) ;
#1877 = DIRECTION ( 'NONE',  ( -1.000000000000000000, -6.123233995736766036E-17, -0.0000000000000000000 ) ) ;
#1878 = CARTESIAN_POINT ( 'NONE',  ( -0.1269684441924409657, -0.03444875374519684730, 0.09386310701873726292 ) ) ;
#1879 = CARTESIAN_POINT ( 'NONE',  ( 0.1279524659422746347, -0.04740778751995661233, 0.02369625699553652362 ) ) ;
#1880 =( BOUNDED_CURVE ( )  B_SPLINE_CURVE ( 3, ( #3952, #5540, #7917, #187 ),
 .UNSPECIFIED., .F., .T. ) 
 B_SPLINE_CURVE_WITH_KNOTS ( ( 4, 4 ),
 ( 0.0000000000000000000, 1.000000000000000000 ),
 .UNSPECIFIED. ) 
 CURVE ( )  GEOMETRIC_REPRESENTATION_ITEM ( )  RATIONAL_B_SPLINE_CURVE ( ( 1.000000000000000000, 0.9961831556432448886, 0.9961831556432448886, 1.000000000000000000 ) ) 
 REPRESENTATION_ITEM ( '' )  );
#1881 = ORIENTED_EDGE ( 'NONE', *, *, #4198, .F. ) ;
#1882 = UNCERTAINTY_MEASURE_WITH_UNIT (LENGTH_MEASURE( 1.000000000000000082E-05 ), #3721, 'distance_accuracy_value', 'NONE');
#1883 = CARTESIAN_POINT ( 'NONE',  ( -0.1171723787900746938, -0.04724402933574805424, 0.007874015748031485545 ) ) ;
#1884 = CARTESIAN_POINT ( 'NONE',  ( 0.1289295682161023249, 0.0002659473375984298363, 0.1257343150028740197 ) ) ;
#1885 = FACE_OUTER_BOUND ( 'NONE', #1340, .T. ) ;
#1886 = CARTESIAN_POINT ( 'NONE',  ( 0.1322895540471653031, 0.01919118180492125278, 0.02733430658277558739 ) ) ;
#1887 = ORIENTED_EDGE ( 'NONE', *, *, #1299, .F. ) ;
#1888 = CARTESIAN_POINT ( 'NONE',  ( 0.1200787999020429542, 0.07197047648251676810, 0.1199146981627095265 ) ) ;
#1889 = ADVANCED_FACE ( 'NONE', ( #4979, #6564, #1204 ), #4250, .F. ) ;
#1890 = LINE ( 'NONE', #5925, #2922 ) ;
#1891 = CARTESIAN_POINT ( 'NONE',  ( -0.1392992980403947034, 0.04727460280751007854, 0.09943739965900620648 ) ) ;
#1892 = CARTESIAN_POINT ( 'NONE',  ( -0.1003936410428345472, -0.07197034617763077569, 0.1199146981627272068 ) ) ;
#1893 = CARTESIAN_POINT ( 'NONE',  ( 0.1279528156498904723, 8.816039931464508703E-08, 0.1277161633740035163 ) ) ;
#1894 = CARTESIAN_POINT ( 'NONE',  ( -0.1023621449798425287, -0.03937001358771655135, 0.07472928451409251160 ) ) ;
#1895 = VERTEX_POINT ( 'NONE', #5182 ) ;
#1896 = CARTESIAN_POINT ( 'NONE',  ( -0.1200786804129134189, -0.04173221831212597238, 0.1023622047244133887 ) ) ;
#1897 = CARTESIAN_POINT ( 'NONE',  ( -0.1200786804129134050, 0.04731617977652970847, 0.1337796659341209948 ) ) ;
#1898 = CARTESIAN_POINT ( 'NONE',  ( -0.1358267119089743014, -0.05511804508377944611, 0.05294370959307149321 ) ) ;
#1899 = CARTESIAN_POINT ( 'NONE',  ( 0.1594488786421260074, 0.02639247784601378780, 0.09015868968035664621 ) ) ;
#1900 = DIRECTION ( 'NONE',  ( -1.000000000000000000, -6.123233995736766036E-17, -0.0000000000000000000 ) ) ;
#1901 = ORIENTED_EDGE ( 'NONE', *, *, #3518, .F. ) ;
#1902 = CARTESIAN_POINT ( 'NONE',  ( 0.1594488786419577531, -0.01339648011985273592, 0.1246521448661525172 ) ) ;
#1903 = EDGE_LOOP ( 'NONE', ( #4753, #10073, #9758, #7962 ) ) ;
#1904 = CYLINDRICAL_SURFACE ( 'NONE', #5553, 0.07874015748031494566 ) ;
#1905 = LINE ( 'NONE', #1858, #160 ) ;
#1906 = B_SPLINE_CURVE_WITH_KNOTS ( 'NONE', 3,
 ( #3411, #8875, #7374, #1023, #3609, #8299 ),
 .UNSPECIFIED., .F., .F.,
 ( 4, 2, 4 ),
 ( 0.0000000000000000000, 0.5000000000000000000, 1.000000000000000000 ),
 .UNSPECIFIED. ) ;
#1907 = LINE ( 'NONE', #9908, #491 ) ;
#1908 = ORIENTED_EDGE ( 'NONE', *, *, #5446, .F. ) ;
#1909 = DIRECTION ( 'NONE',  ( 0.0000000000000000000, 1.000000000000000000, 0.0000000000000000000 ) ) ;
#1910 = CIRCLE ( 'NONE', #2398, 0.05118110236220471676 ) ;
#1911 = VERTEX_POINT ( 'NONE', #1153 ) ;
#1912 = CARTESIAN_POINT ( 'NONE',  ( -0.1200786804129134189, 0.04748014480221540018, 0.1337743389971719765 ) ) ;
#1913 = CARTESIAN_POINT ( 'NONE',  ( -0.1358267119089763830, -0.04992218940413387096, 0.07029898673874016013 ) ) ;
#1914 = ORIENTED_EDGE ( 'NONE', *, *, #5083, .T. ) ;
#1915 = AXIS2_PLACEMENT_3D ( 'NONE', #6348, #7959, #4043 ) ;
#1916 = EDGE_LOOP ( 'NONE', ( #8682, #8659, #6413, #3839, #6479, #3316, #8061, #7994, #7885, #2512, #8024 ) ) ;
#1917 = EDGE_CURVE ( 'NONE', #6345, #7824, #7095, .T. ) ;
#1918 = ADVANCED_FACE ( 'NONE', ( #7298 ), #1095, .F. ) ;
#1919 = CARTESIAN_POINT ( 'NONE',  ( -0.1003936410428345610, -0.06639876260090851745, 0.1338582677165344459 ) ) ;
#1920 = VECTOR ( 'NONE', #9508, 39.37007874015748143 ) ;
#1921 = CARTESIAN_POINT ( 'NONE',  ( 0.1322234693561023522, -0.01559804427374014701, 0.02601347179210236268 ) ) ;
#1922 = FACE_OUTER_BOUND ( 'NONE', #4022, .T. ) ;
#1923 = DIRECTION ( 'NONE',  ( 1.000000000000000000, 0.0000000000000000000, 2.168404344970998613E-15 ) ) ;
#1924 = CARTESIAN_POINT ( 'NONE',  ( -0.1198030898617322981, 0.03444888405007779514, 0.05574319219385942548 ) ) ;
#1925 = ORIENTED_EDGE ( 'NONE', *, *, #3445, .F. ) ;
#1926 = EDGE_LOOP ( 'NONE', ( #5857, #4680, #9819, #198, #7349, #1039 ) ) ;
#1927 = FACE_OUTER_BOUND ( 'NONE', #8772, .T. ) ;
#1928 = EDGE_CURVE ( 'NONE', #4618, #7777, #5751, .T. ) ;
#1929 = ORIENTED_EDGE ( 'NONE', *, *, #5769, .F. ) ;
#1930 = CIRCLE ( 'NONE', #2932, 0.003937007874015733232 ) ;
#1931 = ADVANCED_FACE ( 'NONE', ( #7447 ), #6894, .F. ) ;
#1932 = CARTESIAN_POINT ( 'NONE',  ( -0.1397637197829920686, -0.04724402902681235084, 0.07010472908043169360 ) ) ;
#1933 = FACE_OUTER_BOUND ( 'NONE', #4939, .T. ) ;
#1934 = VECTOR ( 'NONE', #2460, 39.37007874015748143 ) ;
#1935 = ORIENTED_EDGE ( 'NONE', *, *, #1352, .T. ) ;
#1936 = VECTOR ( 'NONE', #5275, 39.37007874015748143 ) ;
#1937 = CYLINDRICAL_SURFACE ( 'NONE', #6062, 0.007874015748031499423 ) ;
#1938 = CARTESIAN_POINT ( 'NONE',  ( 0.1274014083147243792, 0.01152244365413384979, 0.1263854757531889805 ) ) ;
#1939 = CARTESIAN_POINT ( 'NONE',  ( -0.1371863431266610867, 0.05511817538866198296, 0.09867943356616644401 ) ) ;
#1940 = CARTESIAN_POINT ( 'NONE',  ( -0.08661411348377952291, -0.04330702146173235484, 0.01567416640385432824 ) ) ;
#1941 = ORIENTED_EDGE ( 'NONE', *, *, #5636, .T. ) ;
#1942 = CARTESIAN_POINT ( 'NONE',  ( 0.1279528156500759628, -0.03149599783969251471, 0.1338582677165324752 ) ) ;
#1943 = EDGE_CURVE ( 'NONE', #1767, #3776, #2967, .T. ) ;
#1944 = CARTESIAN_POINT ( 'NONE',  ( -0.1279526961609449009, -0.02755898996566929354, 0.1029190095611923067 ) ) ;
#1945 = CIRCLE ( 'NONE', #6551, 0.003937007874015758385 ) ;
#1946 = CARTESIAN_POINT ( 'NONE',  ( 0.2814961227366140073, -0.01181095846960623398, 0.07480314960629920462 ) ) ;
#1947 =( BOUNDED_CURVE ( )  B_SPLINE_CURVE ( 3, ( #5977, #1185, #1235, #8195 ),
 .UNSPECIFIED., .F., .T. ) 
 B_SPLINE_CURVE_WITH_KNOTS ( ( 4, 4 ),
 ( 0.0000000000000000000, 1.000000000000000000 ),
 .UNSPECIFIED. ) 
 CURVE ( )  GEOMETRIC_REPRESENTATION_ITEM ( )  RATIONAL_B_SPLINE_CURVE ( ( 1.000000000000000000, 0.9771950463327285785, 0.9771950463327285785, 1.000000000000000000 ) ) 
 REPRESENTATION_ITEM ( '' )  );
#1948 = CARTESIAN_POINT ( 'NONE',  ( -0.1372206976880334661, 0.04328924860238767686, 0.09871687058148452543 ) ) ;
#1949 = PLANE ( 'NONE',  #8720 ) ;
#1950 = FACE_OUTER_BOUND ( 'NONE', #7157, .T. ) ;
#1951 = B_SPLINE_CURVE_WITH_KNOTS ( 'NONE', 3,
 ( #9357, #2147, #10128, #547 ),
 .UNSPECIFIED., .F., .F.,
 ( 4, 4 ),
 ( 0.0000000000000000000, 0.01042191370845480317 ),
 .UNSPECIFIED. ) ;
#1952 = AXIS2_PLACEMENT_3D ( 'NONE', #4639, #8497, #1428 ) ;
#1953 = CARTESIAN_POINT ( 'NONE',  ( 0.1673228947792431143, -0.0004225205086588797870, 0.1227208641473813006 ) ) ;
#1954 = CARTESIAN_POINT ( 'NONE',  ( -0.1200786804129134189, -0.06062985610740156267, 0.1023622047244070188 ) ) ;
#1955 = VECTOR ( 'NONE', #7148, 39.37007874015748143 ) ;
#1956 = ADVANCED_FACE ( 'NONE', ( #3681 ), #3727, .T. ) ;
#1957 = CARTESIAN_POINT ( 'NONE',  ( 0.1729921857287401166, 0.03137873915852434914, 0.07208638652794382984 ) ) ;
#1958 = CARTESIAN_POINT ( 'NONE',  ( -0.1281369481294488410, 6.515244094229544203E-08, 0.07480314960629920462 ) ) ;
#1959 = VERTEX_POINT ( 'NONE', #4404 ) ;
#1960 = DIRECTION ( 'NONE',  ( 1.000000000000000000, 6.123233995736766036E-17, -0.0000000000000000000 ) ) ;
#1961 = EDGE_LOOP ( 'NONE', ( #6426, #1432, #5363, #741 ) ) ;
#1962 = CARTESIAN_POINT ( 'NONE',  ( -0.07086608198771697509, 0.05256420672010105044, 0.01617701702636625480 ) ) ;
#1963 = AXIS2_PLACEMENT_3D ( 'NONE', #9840, #4126, #8815 ) ;
#1964 = CARTESIAN_POINT ( 'NONE',  ( -0.1029920662396850567, 0.05256420672010147371, 0.01617701702636793401 ) ) ;
#1965 = ORIENTED_EDGE ( 'NONE', *, *, #9551, .F. ) ;
#1966 = CARTESIAN_POINT ( 'NONE',  ( -0.1279526961609449287, -0.04921253327275589701, 0.04577618782838582812 ) ) ;
#1967 = EDGE_CURVE ( 'NONE', #6184, #5293, #690, .T. ) ;
#1968 = CARTESIAN_POINT ( 'NONE',  ( -0.1279526961609449009, 0.04921266357763776078, 0.07286926856913386596 ) ) ;
#1969 = DIRECTION ( 'NONE',  ( 0.0000000000000000000, -0.01185436032000038512, -0.9999297346020886712 ) ) ;
#1970 = CARTESIAN_POINT ( 'NONE',  ( 0.1751969101381888883, -0.03265418154504109299, 0.07506691507972144961 ) ) ;
#1971 = ORIENTED_EDGE ( 'NONE', *, *, #10124, .F. ) ;
#1972 = VECTOR ( 'NONE', #6275, 39.37007874015748143 ) ;
#1973 = VERTEX_POINT ( 'NONE', #8427 ) ;
#1974 = ADVANCED_FACE ( 'NONE', ( #5330 ), #504, .T. ) ;
#1975 = CARTESIAN_POINT ( 'NONE',  ( 0.1673228943901574339, 0.02952177090816415078, 0.08260811968075319756 ) ) ;
#1976 = CARTESIAN_POINT ( 'NONE',  ( 0.1270288616541731253, -0.001812887561023586534, 0.02198278848890550946 ) ) ;
#1977 = CARTESIAN_POINT ( 'NONE',  ( -0.1200786804129134466, 0.06062998641227409363, 0.04971778949104843637 ) ) ;
#1978 = CARTESIAN_POINT ( 'NONE',  ( 0.04133864242173223430, 0.05511817538866142785, 0.01422248560244881825 ) ) ;
#1979 = AXIS2_PLACEMENT_3D ( 'NONE', #4917, #5692, #988 ) ;
#1980 = CARTESIAN_POINT ( 'NONE',  ( -0.1200786804129133772, 0.05367209474458928958, 0.1325003508786403439 ) ) ;
#1981 = ORIENTED_EDGE ( 'NONE', *, *, #3802, .F. ) ;
#1982 = EDGE_LOOP ( 'NONE', ( #1253, #2469, #7896, #4955 ) ) ;
#1983 = CARTESIAN_POINT ( 'NONE',  ( 0.1279528154388308026, 0.05346377724947419530, 0.1280821850041650722 ) ) ;
#1984 = ORIENTED_EDGE ( 'NONE', *, *, #6113, .F. ) ;
#1985 = VECTOR ( 'NONE', #4204, 39.37007874015748143 ) ;
#1986 = PLANE ( 'NONE',  #7504 ) ;
#1987 = CARTESIAN_POINT ( 'NONE',  ( -0.1200786804129134189, 0.02755912027055115385, 0.07283464566929133410 ) ) ;
#1988 = EDGE_CURVE ( 'NONE', #8165, #1350, #8943, .T. ) ;
#1989 = EDGE_CURVE ( 'NONE', #72, #2526, #3901, .T. ) ;
#1990 = ORIENTED_EDGE ( 'NONE', *, *, #8161, .F. ) ;
#1991 = CARTESIAN_POINT ( 'NONE',  ( 0.1262800846890090589, 0.04724415964062991802, 0.007938546864803138273 ) ) ;
#1992 = EDGE_CURVE ( 'NONE', #820, #9405, #3295, .T. ) ;
#1993 = DIRECTION ( 'NONE',  ( -1.000000000000000000, -6.123233995736766036E-17, 0.0000000000000000000 ) ) ;
#1994 = CARTESIAN_POINT ( 'NONE',  ( 0.1274351384597637027, 0.006979977312677177609, 0.1299017446259842501 ) ) ;
#1995 = CARTESIAN_POINT ( 'NONE',  ( -0.1313789265853168853, 0.04330715176661414229, 0.07748688154972407927 ) ) ;
#1996 = B_SPLINE_CURVE_WITH_KNOTS ( 'NONE', 3,
 ( #217, #5631, #3366, #5781 ),
 .UNSPECIFIED., .F., .F.,
 ( 4, 4 ),
 ( 0.0000000000000000000, 1.000000000000000000 ),
 .UNSPECIFIED. ) ;
#1997 = FACE_OUTER_BOUND ( 'NONE', #1982, .T. ) ;
#1998 = ORIENTED_EDGE ( 'NONE', *, *, #8542, .T. ) ;
#1999 = CARTESIAN_POINT ( 'NONE',  ( -0.03740151505858776981, -0.07791971393299654269, 0.04133858267716856993 ) ) ;
#2000 = CYLINDRICAL_SURFACE ( 'NONE', #6712, 0.08661417322834644161 ) ;
#2001 = DIRECTION ( 'NONE',  ( 1.000000000000000000, 6.123233995736766036E-17, 0.0000000000000000000 ) ) ;
#2002 = DIRECTION ( 'NONE',  ( -0.0000000000000000000, 0.0000000000000000000, -1.000000000000000000 ) ) ;
#2003 = LINE ( 'NONE', #4811, #3920 ) ;
#2004 = FACE_OUTER_BOUND ( 'NONE', #7609, .T. ) ;
#2005 = VERTEX_POINT ( 'NONE', #2329 ) ;
#2006 = DIRECTION ( 'NONE',  ( -6.123233995736766036E-17, 1.000000000000000000, 0.0000000000000000000 ) ) ;
#2007 = ADVANCED_FACE ( 'NONE', ( #6534 ), #8675, .F. ) ;
#2008 = CARTESIAN_POINT ( 'NONE',  ( -0.1200786804129134189, 0.04133864782960628564, 0.04724409448818897572 ) ) ;
#2009 = CARTESIAN_POINT ( 'NONE',  ( -0.1390478518185689905, -0.04493659401817794857, 0.05499117133159330678 ) ) ;
#2010 = CARTESIAN_POINT ( 'NONE',  ( -0.1358267882246727010, 0.04330715176662847110, 0.08003685524301890064 ) ) ;
#2011 = ORIENTED_EDGE ( 'NONE', *, *, #3386, .F. ) ;
#2012 = FACE_OUTER_BOUND ( 'NONE', #975, .T. ) ;
#2013 = ORIENTED_EDGE ( 'NONE', *, *, #9679, .T. ) ;
#2014 = CARTESIAN_POINT ( 'NONE',  ( 0.1322243560714172761, -0.01562900546803149687, 0.1235816986196063005 ) ) ;
#2015 = CARTESIAN_POINT ( 'NONE',  ( 0.1673228943901574339, -0.02952164060328480236, 0.06699817953183843933 ) ) ;
#2016 = ORIENTED_EDGE ( 'NONE', *, *, #6831, .F. ) ;
#2017 = DIRECTION ( 'NONE',  ( 1.000000000000000000, 0.0000000000000000000, -0.0000000000000000000 ) ) ;
#2018 = CARTESIAN_POINT ( 'NONE',  ( -0.1161416725388975252, -0.04724402933574804037, 0.007874015748031494219 ) ) ;
#2019 = PLANE ( 'NONE',  #7382 ) ;
#2020 = EDGE_LOOP ( 'NONE', ( #9297, #3116, #4719, #3851, #1818, #5626, #1971 ) ) ;
#2021 = ORIENTED_EDGE ( 'NONE', *, *, #5711, .T. ) ;
#2022 = DIRECTION ( 'NONE',  ( 1.000000000000000000, 0.0000000000000000000, 0.0000000000000000000 ) ) ;
#2023 = CARTESIAN_POINT ( 'NONE',  ( 0.1319861974862204523, -0.01094611133074802067, 0.02476713269273622328 ) ) ;
#2024 = CARTESIAN_POINT ( 'NONE',  ( -0.1279526961609449009, -0.04921253327275591782, 0.07727225082051181193 ) ) ;
#2025 = CARTESIAN_POINT ( 'NONE',  ( 0.1594488786419577531, -0.04986609503098347190, 0.06149208645323363254 ) ) ;
#2026 = CARTESIAN_POINT ( 'NONE',  ( -0.03740151505858271136, -0.05511804508378135431, 0.01861186520730007121 ) ) ;
#2027 = VERTEX_POINT ( 'NONE', #4173 ) ;
#2028 = DIRECTION ( 'NONE',  ( 1.000000000000000000, 6.123233995736766036E-17, 0.0000000000000000000 ) ) ;
#2029 = ORIENTED_EDGE ( 'NONE', *, *, #2951, .T. ) ;
#2030 = CARTESIAN_POINT ( 'NONE',  ( -0.1377952158459839205, -0.05865405168886466541, 0.1021038531805771588 ) ) ;
#2031 = CARTESIAN_POINT ( 'NONE',  ( -0.1358267119089763830, 0.04173799461163563151, 0.04691749980974735390 ) ) ;
#2032 = VERTEX_POINT ( 'NONE', #7316 ) ;
#2033 = CARTESIAN_POINT ( 'NONE',  ( -0.1310382542868566424, -0.05183720518873991684, 0.04622723281519781902 ) ) ;
#2034 = CARTESIAN_POINT ( 'NONE',  ( 0.1289360858844487701, 0.001726753915472442136, 0.1257170652239370245 ) ) ;
#2035 = DIRECTION ( 'NONE',  ( 0.0000000000000000000, 0.0000000000000000000, 1.000000000000000000 ) ) ;
#2036 = PLANE ( 'NONE',  #7902 ) ;
#2037 = ORIENTED_EDGE ( 'NONE', *, *, #5634, .T. ) ;
#2038 = CARTESIAN_POINT ( 'NONE',  ( 0.1279528156500781555, -0.04312769528103663902, 0.1259842519685039353 ) ) ;
#2039 = EDGE_CURVE ( 'NONE', #3540, #3155, #256, .T. ) ;
#2040 = LINE ( 'NONE', #5202, #8695 ) ;
#2041 = EDGE_CURVE ( 'NONE', #1643, #9058, #5623, .T. ) ;
#2042 = CARTESIAN_POINT ( 'NONE',  ( -0.1003936410428346027, -0.06294403425130691565, 0.1240157480314960370 ) ) ;
#2043 = EDGE_CURVE ( 'NONE', #8166, #3178, #7233, .T. ) ;
#2044 = CARTESIAN_POINT ( 'NONE',  ( -0.1029920662396850567, -0.05577387916803686063, 0.01922186197313044062 ) ) ;
#2045 = CARTESIAN_POINT ( 'NONE',  ( -0.1312362688103230202, -0.04460506583095100869, 0.04669068648590204290 ) ) ;
#2046 = ORIENTED_EDGE ( 'NONE', *, *, #3751, .F. ) ;
#2047 = DIRECTION ( 'NONE',  ( -1.000000000000000000, 0.0000000000000000000, 0.0000000000000000000 ) ) ;
#2048 = ORIENTED_EDGE ( 'NONE', *, *, #3790, .F. ) ;
#2049 = LINE ( 'NONE', #7665, #9074 ) ;
#2050 = B_SPLINE_CURVE_WITH_KNOTS ( 'NONE', 3,
 ( #5783, #3516, #2796, #4443, #5937, #7433, #6655, #1902, #9904, #366 ),
 .UNSPECIFIED., .F., .F.,
 ( 4, 2, 2, 2, 4 ),
 ( 0.5000000000000000000, 0.6250000000000000000, 0.7500000000000000000, 0.8750000000000000000, 1.000000000000000000 ),
 .UNSPECIFIED. ) ;
#2051 = CARTESIAN_POINT ( 'NONE',  ( 0.1751969101381889438, -0.01571359636922387698, 0.07053239099102261156 ) ) ;
#2052 = DIRECTION ( 'NONE',  ( 0.0000000000000000000, -1.000000000000000000, -0.0000000000000000000 ) ) ;
#2053 = CARTESIAN_POINT ( 'NONE',  ( 0.07961775780536101133, -0.01968497421763775596, 0.007874015748034158754 ) ) ;
#2054 = ADVANCED_FACE ( 'NONE', ( #7020 ), #4658, .T. ) ;
#2055 = PLANE ( 'NONE',  #3083 ) ;
#2056 = ORIENTED_EDGE ( 'NONE', *, *, #4369, .F. ) ;
#2057 = CARTESIAN_POINT ( 'NONE',  ( -0.1377952158459844201, 0.01604530319638847874, 0.1198348218233790952 ) ) ;
#2058 = ORIENTED_EDGE ( 'NONE', *, *, #849, .T. ) ;
#2059 = CARTESIAN_POINT ( 'NONE',  ( -0.1279526961609451230, 0.05996292837694788824, 0.05238175845239302630 ) ) ;
#2060 = B_SPLINE_CURVE_WITH_KNOTS ( 'NONE', 3,
 ( #8555, #1477, #558, #2518, #804, #7936 ),
 .UNSPECIFIED., .F., .F.,
 ( 4, 2, 4 ),
 ( 0.0000000000000000000, 0.5000000000000000000, 1.000000000000000000 ),
 .UNSPECIFIED. ) ;
#2061 = EDGE_CURVE ( 'NONE', #9206, #6247, #5477, .T. ) ;
#2062 = CARTESIAN_POINT ( 'NONE',  ( -0.1279526961609449009, 0.04921266357763774690, 0.1043653315612598498 ) ) ;
#2063 = LINE ( 'NONE', #5362, #6384 ) ;
#2064 = ORIENTED_EDGE ( 'NONE', *, *, #5180, .T. ) ;
#2065 = CARTESIAN_POINT ( 'NONE',  ( -0.1388263888904618659, -0.04284287154488261584, 0.05013284967786803270 ) ) ;
#2066 = CARTESIAN_POINT ( 'NONE',  ( -0.1320534741670008894, 0.04681048343797146460, 0.07286926856913386596 ) ) ;
#2067 = CARTESIAN_POINT ( 'NONE',  ( -0.1377952090203140578, 0.05865269181414021343, 0.04747701104946296796 ) ) ;
#2068 = LINE ( 'NONE', #8372, #8700 ) ;
#2069 = CARTESIAN_POINT ( 'NONE',  ( -0.1377952131016119686, 0.05561501815792137260, 0.05329343921132453921 ) ) ;
#2070 = ORIENTED_EDGE ( 'NONE', *, *, #1408, .F. ) ;
#2071 = ORIENTED_EDGE ( 'NONE', *, *, #39, .F. ) ;
#2072 = EDGE_CURVE ( 'NONE', #3367, #1030, #6231, .T. ) ;
#2073 = CARTESIAN_POINT ( 'NONE',  ( -0.1384655912268537015, -0.04952708615612849002, 0.07324940148357390879 ) ) ;
#2074 = CARTESIAN_POINT ( 'NONE',  ( -0.1347349699325559036, 0.04658799166161311373, 0.07445825815326716224 ) ) ;
#2075 = CARTESIAN_POINT ( 'NONE',  ( -0.1279526961609451230, -0.04239927634746155916, 0.1074998686886134563 ) ) ;
#2076 = AXIS2_PLACEMENT_3D ( 'NONE', #9974, #1462, #581 ) ;
#2077 = DIRECTION ( 'NONE',  ( 0.0000000000000000000, -0.0000000000000000000, -1.000000000000000000 ) ) ;
#2078 = VECTOR ( 'NONE', #1900, 39.37007874015748143 ) ;
#2079 = LINE ( 'NONE', #3585, #1788 ) ;
#2080 = VERTEX_POINT ( 'NONE', #3121 ) ;
#2081 = VECTOR ( 'NONE', #7648, 39.37007874015748143 ) ;
#2082 = VERTEX_POINT ( 'NONE', #4705 ) ;
#2083 = CARTESIAN_POINT ( 'NONE',  ( 0.1279528156500790437, 0.04740791782483790712, 0.1259842527695648473 ) ) ;
#2084 = ORIENTED_EDGE ( 'NONE', *, *, #5824, .T. ) ;
#2085 = EDGE_CURVE ( 'NONE', #7090, #6411, #8217, .T. ) ;
#2086 = VECTOR ( 'NONE', #6958, 39.37007874015748143 ) ;
#2087 = CARTESIAN_POINT ( 'NONE',  ( -0.1269684441924409657, 0.03444888405007870413, 0.07480314960629920462 ) ) ;
#2088 = CARTESIAN_POINT ( 'NONE',  ( -0.1369955064767784947, 0.04173799461163562458, 0.04691749980974734696 ) ) ;
#2089 = ORIENTED_EDGE ( 'NONE', *, *, #1989, .F. ) ;
#2090 = CARTESIAN_POINT ( 'NONE',  ( 0.1279667584286613702, -0.01914348690897631905, 0.02267608279301180918 ) ) ;
#2091 = CARTESIAN_POINT ( 'NONE',  ( -0.1293171685021399508, -0.05511804508377857181, 0.04786747128990201383 ) ) ;
#2092 = VECTOR ( 'NONE', #4602, 39.37007874015748143 ) ;
#2093 = B_SPLINE_CURVE_WITH_KNOTS ( 'NONE', 3,
 ( #6385, #255, #4895, #6482 ),
 .UNSPECIFIED., .F., .F.,
 ( 4, 4 ),
 ( 0.0000000000000000000, 1.000000000000000000 ),
 .UNSPECIFIED. ) ;
#2094 = LINE ( 'NONE', #1219, #7701 ) ;
#2095 = CARTESIAN_POINT ( 'NONE',  ( -0.1313087054023631128, -0.04658786135673444184, 0.04636345432707439373 ) ) ;
#2096 = ADVANCED_FACE ( 'NONE', ( #1596 ), #824, .T. ) ;
#2097 = CARTESIAN_POINT ( 'NONE',  ( -0.1023621449798425287, -0.05218456141955924582, 0.01585647049834560535 ) ) ;
#2098 = CARTESIAN_POINT ( 'NONE',  ( -0.1161416725388976362, -0.05708654902078741378, 0.007874015748031495954 ) ) ;
#2099 =( BOUNDED_SURFACE ( )  B_SPLINE_SURFACE ( 3, 3, ( 
 ( #5715, #2463, #1735, #9467 ),
 ( #8808, #3250, #4836, #3150 ),
 ( #150, #8860, #2403, #5615 ),
 ( #8762, #7977, #4116, #202 ) ),
 .UNSPECIFIED., .F., .F., .F. ) 
 B_SPLINE_SURFACE_WITH_KNOTS ( ( 4, 4 ),
 ( 4, 4 ),
 ( 0.0000000000000000000, 1.000000000000000000 ),
 ( 0.0000000000000000000, 1.000000000000000000 ),
 .UNSPECIFIED. ) 
 GEOMETRIC_REPRESENTATION_ITEM ( )  RATIONAL_B_SPLINE_SURFACE ( (
 ( 1.000000000000000000, 0.3333333333333334259, 0.3333333333333334259, 1.000000000000000000),
 ( 0.8047378541435570298, 0.2682459513811857321, 0.2682459513811857321, 0.8047378541435570298),
 ( 0.8047378541435570298, 0.2682459513811857321, 0.2682459513811857321, 0.8047378541435570298),
 ( 1.000000000000000000, 0.3333333333333334259, 0.3333333333333334259, 1.000000000000000000) ) ) 
 REPRESENTATION_ITEM ( '' )  SURFACE ( )  );
#2100 = CARTESIAN_POINT ( 'NONE',  ( -0.1397637197829921241, 0.04988955994972422980, 0.07983994475156562520 ) ) ;
#2101 = CARTESIAN_POINT ( 'NONE',  ( -0.1200786804129134189, 0.06062998641228346808, 0.04724409448819157781 ) ) ;
#2102 = CARTESIAN_POINT ( 'NONE',  ( -0.1397637197829944833, 0.04942666077452376877, 0.09860807818059631746 ) ) ;
#2103 = ORIENTED_EDGE ( 'NONE', *, *, #6351, .F. ) ;
#2104 = CARTESIAN_POINT ( 'NONE',  ( 0.1200787999020470065, -0.05055381148838324068, 0.1338732575602999131 ) ) ;
#2105 = ORIENTED_EDGE ( 'NONE', *, *, #2528, .T. ) ;
#2106 = CARTESIAN_POINT ( 'NONE',  ( -0.1397637197829871003, -0.05096728550835137594, 0.07132091623117545187 ) ) ;
#2107 = CARTESIAN_POINT ( 'NONE',  ( 0.03640745115972437995, -0.01968497421763776636, 0.003937007874015747977 ) ) ;
#2108 = CARTESIAN_POINT ( 'NONE',  ( 0.1751969101381890548, -0.03064109767204264978, 0.1362540039401977099 ) ) ;
#2109 = EDGE_CURVE ( 'NONE', #7305, #377, #8401, .T. ) ;
#2110 = EDGE_CURVE ( 'NONE', #7535, #5167, #1545, .T. ) ;
#2111 = CARTESIAN_POINT ( 'NONE',  ( -0.1003936410428346443, 0.04724415964062989026, 2.134256245050205639E-18 ) ) ;
#2112 = CARTESIAN_POINT ( 'NONE',  ( -0.1197637197829921618, 0.06062998641228346808, 0.04724409448818897572 ) ) ;
#2113 = ORIENTED_EDGE ( 'NONE', *, *, #4571, .T. ) ;
#2114 = EDGE_LOOP ( 'NONE', ( #4982, #2417, #7333, #1863, #4629, #8227 ) ) ;
#2115 = CARTESIAN_POINT ( 'NONE',  ( -0.07086608198771657263, -0.06102355689480315482, 0.02362204724409448786 ) ) ;
#2116 = DIRECTION ( 'NONE',  ( -1.000000000000000000, -6.123233995736766036E-17, 0.0000000000000000000 ) ) ;
#2117 = EDGE_CURVE ( 'NONE', #8107, #1540, #931, .T. ) ;
#2118 = VECTOR ( 'NONE', #7308, 39.37007874015748143 ) ;
#2119 =( BOUNDED_SURFACE ( )  B_SPLINE_SURFACE ( 3, 3, ( 
 ( #1739, #2357, #4889, #1787 ),
 ( #8653, #1689, #966, #9472 ),
 ( #206, #3206, #1577, #2407 ),
 ( #2674, #2725, #9687, #5817 ) ),
 .UNSPECIFIED., .F., .F., .F. ) 
 B_SPLINE_SURFACE_WITH_KNOTS ( ( 4, 4 ),
 ( 4, 4 ),
 ( 0.0000000000000000000, 1.000000000000000000 ),
 ( 0.0000000000000000000, 1.000000000000000000 ),
 .UNSPECIFIED. ) 
 GEOMETRIC_REPRESENTATION_ITEM ( )  RATIONAL_B_SPLINE_SURFACE ( (
 ( 1.000000000000000000, 0.9344041809600583948, 0.9344041809600583948, 1.000000000000000000),
 ( 0.8002753804925468728, 0.7477806614516373518, 0.7477806614516373518, 0.8002753804925468728),
 ( 0.8002753804925468728, 0.7477806614516373518, 0.7477806614516373518, 0.8002753804925468728),
 ( 1.000000000000000000, 0.9344041809600583948, 0.9344041809600583948, 1.000000000000000000) ) ) 
 REPRESENTATION_ITEM ( '' )  SURFACE ( )  );
#2120 = DIRECTION ( 'NONE',  ( 1.000000000000000000, 0.0000000000000000000, -0.0000000000000000000 ) ) ;
#2121 = ORIENTED_EDGE ( 'NONE', *, *, #719, .T. ) ;
#2122 = CARTESIAN_POINT ( 'NONE',  ( -0.1279526961609449009, 0.04921266357763775384, 0.07286926856913386596 ) ) ;
#2123 = CARTESIAN_POINT ( 'NONE',  ( 0.1594488786421260351, 6.515244096751976556E-08, 0.07480314960629920462 ) ) ;
#2124 = CARTESIAN_POINT ( 'NONE',  ( -0.1376360653397187273, -0.05493944430383624483, 0.07010471957683303557 ) ) ;
#2125 = LINE ( 'NONE', #9192, #2239 ) ;
#2126 = ORIENTED_EDGE ( 'NONE', *, *, #457, .T. ) ;
#2127 = ORIENTED_EDGE ( 'NONE', *, *, #209, .T. ) ;
#2128 = CIRCLE ( 'NONE', #8393, 0.003937007874015733232 ) ;
#2129 = DIRECTION ( 'NONE',  ( 6.123233995736766036E-17, -1.000000000000000000, -0.0000000000000000000 ) ) ;
#2130 = CARTESIAN_POINT ( 'NONE',  ( -0.1279526961609450952, -0.04604337324555700384, 0.1111439655867100529 ) ) ;
#2131 = CARTESIAN_POINT ( 'NONE',  ( -0.1198944284444094510, -0.05118103720976377446, 0.1023622047244094335 ) ) ;
#2132 = CARTESIAN_POINT ( 'NONE',  ( -0.1377949289321394877, -0.05862329447569881308, 0.1021048122522392049 ) ) ;
#2133 = ORIENTED_EDGE ( 'NONE', *, *, #9413, .F. ) ;
#2134 = DIRECTION ( 'NONE',  ( -0.0000000000000000000, -0.0000000000000000000, -1.000000000000000000 ) ) ;
#2135 = VECTOR ( 'NONE', #8206, 39.37007874015748143 ) ;
#2136 = VERTEX_POINT ( 'NONE', #5926 ) ;
#2137 = CARTESIAN_POINT ( 'NONE',  ( 0.1279528156500783775, 0.07941917183577551498, 0.05410383868225419196 ) ) ;
#2138 = EDGE_CURVE ( 'NONE', #10082, #3608, #3654, .T. ) ;
#2139 = ORIENTED_EDGE ( 'NONE', *, *, #5218, .T. ) ;
#2140 = CIRCLE ( 'NONE', #1472, 0.007874015748031135131 ) ;
#2141 = CYLINDRICAL_SURFACE ( 'NONE', #6029, 0.05118110236220471676 ) ;
#2142 = DIRECTION ( 'NONE',  ( 1.000000000000000000, 6.123233995736766036E-17, 0.0000000000000000000 ) ) ;
#2143 = EDGE_CURVE ( 'NONE', #2219, #4766, #4599, .T. ) ;
#2144 = ORIENTED_EDGE ( 'NONE', *, *, #5749, .F. ) ;
#2145 = CARTESIAN_POINT ( 'NONE',  ( -0.1279526961609449009, 0.05511817538865756289, 0.07496055203066884220 ) ) ;
#2146 = CARTESIAN_POINT ( 'NONE',  ( -0.07283458592472441540, -0.05708654902078741378, 0.007874015748031495954 ) ) ;
#2147 = CARTESIAN_POINT ( 'NONE',  ( -0.1377952158459835041, -0.04370290070083638484, 0.1024474981519729322 ) ) ;
#2148 = CARTESIAN_POINT ( 'NONE',  ( -0.1397637197829920408, -0.04724402933575147512, 0.05294370959306780172 ) ) ;
#2149 = CARTESIAN_POINT ( 'NONE',  ( 0.03425802064244092698, 6.514499997778422369E-08, 0.01574803149606299191 ) ) ;
#2150 = FACE_OUTER_BOUND ( 'NONE', #932, .T. ) ;
#2151 = ORIENTED_EDGE ( 'NONE', *, *, #5328, .F. ) ;
#2152 = FACE_OUTER_BOUND ( 'NONE', #4386, .T. ) ;
#2153 = ORIENTED_EDGE ( 'NONE', *, *, #9116, .F. ) ;
#2154 = CARTESIAN_POINT ( 'NONE',  ( -0.1397637197829871003, -0.05049261674045379955, 0.07139416420810043573 ) ) ;
#2155 = CYLINDRICAL_SURFACE ( 'NONE', #3092, 0.01574803149606299191 ) ;
#2156 = CARTESIAN_POINT ( 'NONE',  ( 0.1751969101381890548, -0.05435564116175738147, 0.1167620050326231423 ) ) ;
#2157 = EDGE_CURVE ( 'NONE', #7956, #1663, #7056, .T. ) ;
#2158 =( BOUNDED_CURVE ( )  B_SPLINE_CURVE ( 3, ( #5792, #8740, #4191, #830 ),
 .UNSPECIFIED., .F., .T. ) 
 B_SPLINE_CURVE_WITH_KNOTS ( ( 4, 4 ),
 ( 0.0000000000000000000, 1.000000000000000000 ),
 .UNSPECIFIED. ) 
 CURVE ( )  GEOMETRIC_REPRESENTATION_ITEM ( )  RATIONAL_B_SPLINE_CURVE ( ( 1.000000000000000000, 0.9981619879277876528, 0.9981619879277876528, 1.000000000000000000 ) ) 
 REPRESENTATION_ITEM ( '' )  );
#2159 = CARTESIAN_POINT ( 'NONE',  ( 0.1673228943901574339, -0.01812164441028955505, 0.09844406554836232504 ) ) ;
#2160 = CARTESIAN_POINT ( 'NONE',  ( -0.1345715475549400242, 0.05183733549365965310, 0.1028692718961350117 ) ) ;
#2161 = ORIENTED_EDGE ( 'NONE', *, *, #10063, .T. ) ;
#2162 = CARTESIAN_POINT ( 'NONE',  ( -0.1279526961609449287, 0.05331344158368463843, 0.07286926856913385209 ) ) ;
#2163 = EDGE_LOOP ( 'NONE', ( #8838, #6466, #8785, #7283 ) ) ;
#2164 = CARTESIAN_POINT ( 'NONE',  ( -0.1397637197829920963, -0.05034613085089554435, 0.07026470062806304540 ) ) ;
#2165 = CARTESIAN_POINT ( 'NONE',  ( -0.1369911382989771609, -0.06054040534286148079, 0.09659623005191249334 ) ) ;
#2166 = CARTESIAN_POINT ( 'NONE',  ( -0.1371863431266616695, -0.04330702146173232708, 0.07158635282541904454 ) ) ;
#2167 = ORIENTED_EDGE ( 'NONE', *, *, #6121, .T. ) ;
#2168 = DIRECTION ( 'NONE',  ( -0.0000000000000000000, 0.0000000000000000000, -1.000000000000000000 ) ) ;
#2169 = DIRECTION ( 'NONE',  ( 1.000000000000000000, 6.123233995736766036E-17, 0.0000000000000000000 ) ) ;
#2170 = CARTESIAN_POINT ( 'NONE',  ( -0.1397439280257577188, -0.05182936231079257605, 0.07008791089752801351 ) ) ;
#2171 = CARTESIAN_POINT ( 'NONE',  ( 0.04133864242173223430, -0.06299206083181105309, 0.01751325901238572069 ) ) ;
#2172 = VERTEX_POINT ( 'NONE', #5158 ) ;
#2173 = CARTESIAN_POINT ( 'NONE',  ( -0.1371863431266636124, 0.04330715176660177718, 0.09867943356617241146 ) ) ;
#2174 = ORIENTED_EDGE ( 'NONE', *, *, #8542, .F. ) ;
#2175 = CARTESIAN_POINT ( 'NONE',  ( -0.1197637197829921618, 0.05118116751464566599, 0.04724409448818897572 ) ) ;
#2176 = ADVANCED_FACE ( 'NONE', ( #7513 ), #2886, .T. ) ;
#2177 = ADVANCED_FACE ( 'NONE', ( #1332 ), #1293, .T. ) ;
#2178 = CARTESIAN_POINT ( 'NONE',  ( -0.1345885803480982579, 0.04460519613583043691, 0.07476386897518386143 ) ) ;
#2179 = EDGE_CURVE ( 'NONE', #8729, #7144, #2286, .T. ) ;
#2180 = CARTESIAN_POINT ( 'NONE',  ( -0.1023621449798425148, -0.05359147488556142286, 0.1325353461162072921 ) ) ;
#2181 = CARTESIAN_POINT ( 'NONE',  ( -0.1357332639062264756, -0.05183771242564056553, 0.07496280304969743513 ) ) ;
#2182 = CARTESIAN_POINT ( 'NONE',  ( -0.1356929156362128019, 0.03413423471422451227, 0.09380372887590932018 ) ) ;
#2183 = ORIENTED_EDGE ( 'NONE', *, *, #6406, .T. ) ;
#2184 = CARTESIAN_POINT ( 'NONE',  ( -0.1377952157269789202, -0.05691757710784155211, 0.1071704055672144384 ) ) ;
#2185 = ORIENTED_EDGE ( 'NONE', *, *, #1536, .T. ) ;
#2186 = CARTESIAN_POINT ( 'NONE',  ( -0.1365139772499201765, -0.04330701917338592583, 0.05294371480431214055 ) ) ;
#2187 = ORIENTED_EDGE ( 'NONE', *, *, #2384, .F. ) ;
#2188 = CARTESIAN_POINT ( 'NONE',  ( -0.1200786804129134050, -0.04736579555802671732, 0.1337844026243306950 ) ) ;
#2189 = ADVANCED_FACE ( 'NONE', ( #3849 ), #593, .F. ) ;
#2190 = CARTESIAN_POINT ( 'NONE',  ( 0.1594488786421259519, -0.003825625481670270975, 0.06361089869269258290 ) ) ;
#2191 = ORIENTED_EDGE ( 'NONE', *, *, #2942, .F. ) ;
#2192 = FACE_OUTER_BOUND ( 'NONE', #534, .T. ) ;
#2193 = CARTESIAN_POINT ( 'NONE',  ( 0.006889823524094451646, -0.03543300571370074786, 0.02165354330708661040 ) ) ;
#2194 = DIRECTION ( 'NONE',  ( -1.000000000000000000, -6.123233995736766036E-17, 0.0000000000000000000 ) ) ;
#2195 = CARTESIAN_POINT ( 'NONE',  ( -0.1392992980404028636, -0.04836831810235740770, 0.05057723125162314620 ) ) ;
#2196 = CARTESIAN_POINT ( 'NONE',  ( -0.1003936410428346304, -0.06308341126629249396, 0.1219251975557665429 ) ) ;
#2197 = CARTESIAN_POINT ( 'NONE',  ( 0.03640745115972437301, 0.01968510452251841930, 0.003937007874015747977 ) ) ;
#2198 = DIRECTION ( 'NONE',  ( -6.123233995736766036E-17, 1.000000000000000000, 0.0000000000000000000 ) ) ;
#2199 = ORIENTED_EDGE ( 'NONE', *, *, #8755, .F. ) ;
#2200 = LINE ( 'NONE', #4483, #2609 ) ;
#2201 = ORIENTED_EDGE ( 'NONE', *, *, #7337, .F. ) ;
#2202 = CARTESIAN_POINT ( 'NONE',  ( -0.1397637197829920963, -0.05076648106967535795, 0.07019983475692001540 ) ) ;
#2203 = B_SPLINE_CURVE_WITH_KNOTS ( 'NONE', 3,
 ( #2026, #6673, #5081, #1872 ),
 .UNSPECIFIED., .F., .F.,
 ( 4, 4 ),
 ( 0.0000000000000000000, 1.000000000000000000 ),
 .UNSPECIFIED. ) ;
#2204 = CARTESIAN_POINT ( 'NONE',  ( -0.1200786804129134050, -0.05051755462848374345, 0.1334255676619667541 ) ) ;
#2205 = DIRECTION ( 'NONE',  ( -1.000000000000000000, -6.123233995736766036E-17, -0.0000000000000000000 ) ) ;
#2206 = CARTESIAN_POINT ( 'NONE',  ( -0.09256551439980889584, 0.04065472748965190397, 0.01567416640385433518 ) ) ;
#2207 = ORIENTED_EDGE ( 'NONE', *, *, #911, .T. ) ;
#2208 = CARTESIAN_POINT ( 'NONE',  ( 0.1751969101381923577, 0.06566375667631003943, 0.08575506069403647513 ) ) ;
#2209 = VERTEX_POINT ( 'NONE', #3752 ) ;
#2210 = CARTESIAN_POINT ( 'NONE',  ( 0.1279528207246279914, 0.02045737705048589899, 0.1259842408612757425 ) ) ;
#2211 = CARTESIAN_POINT ( 'NONE',  ( -0.1358600830307657437, 0.04921266357763776078, 0.1028401728111245916 ) ) ;
#2212 = CARTESIAN_POINT ( 'NONE',  ( -0.1303548763006087130, 0.05331344158368944014, 0.1043653315612598498 ) ) ;
#2213 =( BOUNDED_CURVE ( )  B_SPLINE_CURVE ( 3, ( #7930, #7049, #5499, #3908 ),
 .UNSPECIFIED., .F., .T. ) 
 B_SPLINE_CURVE_WITH_KNOTS ( ( 4, 4 ),
 ( 0.0000000000000000000, 1.000000000000000000 ),
 .UNSPECIFIED. ) 
 CURVE ( )  GEOMETRIC_REPRESENTATION_ITEM ( )  RATIONAL_B_SPLINE_CURVE ( ( 1.000000000000000000, 0.9490320967885346182, 0.9490320967885346182, 1.000000000000000000 ) ) 
 REPRESENTATION_ITEM ( '' )  );
#2214 = ORIENTED_EDGE ( 'NONE', *, *, #2495, .F. ) ;
#2215 = CARTESIAN_POINT ( 'NONE',  ( 0.1358268313981138287, -0.06468413920773044556, 0.09490307051342648792 ) ) ;
#2216 = CARTESIAN_POINT ( 'NONE',  ( -0.07086608198771657263, -0.06102355689480315482, 0.03937007874015747977 ) ) ;
#2217 = CARTESIAN_POINT ( 'NONE',  ( -0.1358267119089763830, 0.05118116751464566599, 0.09719780979655821829 ) ) ;
#2218 = DIRECTION ( 'NONE',  ( 1.000000000000000000, 6.123233995736766036E-17, 0.0000000000000000000 ) ) ;
#2219 = VERTEX_POINT ( 'NONE', #8490 ) ;
#2220 = DIRECTION ( 'NONE',  ( -1.168833966161117227E-17, 1.000000000000000000, -2.406422871508177424E-17 ) ) ;
#2221 = ORIENTED_EDGE ( 'NONE', *, *, #9161, .T. ) ;
#2222 = CARTESIAN_POINT ( 'NONE',  ( -0.1279526961609448454, -0.05001026603041634766, 0.1338582677165349732 ) ) ;
#2223 = CARTESIAN_POINT ( 'NONE',  ( 0.1358268313981101649, -0.05118090511606950693, 0.07480314971627921583 ) ) ;
#2224 = CARTESIAN_POINT ( 'NONE',  ( -0.1198944284444094649, -0.03149599783968545785, 0.03149606299212599075 ) ) ;
#2225 = CARTESIAN_POINT ( 'NONE',  ( -0.1378148836212096939, -0.04316642503305051504, 0.1198803566013852961 ) ) ;
#2226 = VERTEX_POINT ( 'NONE', #9361 ) ;
#2227 = CARTESIAN_POINT ( 'NONE',  ( -0.1377952058647924083, -0.05518888865075737005, 0.1089839335063602643 ) ) ;
#2228 = ORIENTED_EDGE ( 'NONE', *, *, #8232, .T. ) ;
#2229 = CARTESIAN_POINT ( 'NONE',  ( -0.1397637197829920408, -0.04698369494593043066, 0.05294373623752186148 ) ) ;
#2230 = ORIENTED_EDGE ( 'NONE', *, *, #2231, .T. ) ;
#2231 = EDGE_CURVE ( 'NONE', #2781, #8517, #1549, .T. ) ;
#2232 = ORIENTED_EDGE ( 'NONE', *, *, #2262, .T. ) ;
#2233 = DIRECTION ( 'NONE',  ( -1.000000000000000000, -6.123233995736766036E-17, -0.0000000000000000000 ) ) ;
#2234 = CARTESIAN_POINT ( 'NONE',  ( 0.1594488786421259241, 0.0007484125265491374654, 0.06299887011735233466 ) ) ;
#2235 = ORIENTED_EDGE ( 'NONE', *, *, #7241, .F. ) ;
#2236 = ADVANCED_FACE ( 'NONE', ( #10040 ), #7159, .T. ) ;
#2237 = VECTOR ( 'NONE', #7188, 39.37007874015748143 ) ;
#2238 = LINE ( 'NONE', #4974, #2599 ) ;
#2239 = VECTOR ( 'NONE', #5281, 39.37007874015748143 ) ;
#2240 = CARTESIAN_POINT ( 'NONE',  ( 0.1316646451303936927, 0.003930302605157484121, 0.1258715979524015482 ) ) ;
#2241 = CYLINDRICAL_SURFACE ( 'NONE', #8504, 0.003937007874015733232 ) ;
#2242 = EDGE_CURVE ( 'NONE', #3070, #2219, #2301, .T. ) ;
#2243 = CARTESIAN_POINT ( 'NONE',  ( -0.07086608198771655875, -0.07874009232787400336, 0.007874015748031494219 ) ) ;
#2244 = CARTESIAN_POINT ( 'NONE',  ( 0.1279528156500783220, -0.07941904195688433143, 0.05410383866074346126 ) ) ;
#2245 = CARTESIAN_POINT ( 'NONE',  ( -0.1200786804129134189, -0.06062985610740156267, 0.1023622047244070188 ) ) ;
#2246 = DIRECTION ( 'NONE',  ( 0.0000000000000000000, -1.000000000000000000, 0.0000000000000000000 ) ) ;
#2247 = AXIS2_PLACEMENT_3D ( 'NONE', #8218, #6563, #9720 ) ;
#2248 = VERTEX_POINT ( 'NONE', #4679 ) ;
#2249 = DIRECTION ( 'NONE',  ( 0.0000000000000000000, -0.01003067930727469248, -0.9999496914708431161 ) ) ;
#2250 = CARTESIAN_POINT ( 'NONE',  ( 0.1751969101381890548, 0.03064122797694790110, 0.1362540039401861081 ) ) ;
#2251 = EDGE_CURVE ( 'NONE', #4159, #5685, #9427, .T. ) ;
#2252 = LINE ( 'NONE', #7723, #2282 ) ;
#2253 = VECTOR ( 'NONE', #5557, 39.37007874015748143 ) ;
#2254 = DIRECTION ( 'NONE',  ( -6.123233995736766036E-17, 1.000000000000000000, 0.0000000000000000000 ) ) ;
#2255 = EDGE_LOOP ( 'NONE', ( #3887, #3529, #9961, #4345 ) ) ;
#2256 = CARTESIAN_POINT ( 'NONE',  ( -0.05435092104973095889, -0.01775113791533677182, 0.007874015748031499423 ) ) ;
#2257 = ORIENTED_EDGE ( 'NONE', *, *, #1741, .F. ) ;
#2258 = CARTESIAN_POINT ( 'NONE',  ( -0.1384513838249977757, 0.05069521530846347879, 0.07695889016201562516 ) ) ;
#2259 = AXIS2_PLACEMENT_3D ( 'NONE', #6749, #9830, #7561 ) ;
#2260 = CARTESIAN_POINT ( 'NONE',  ( 0.1277638389807010111, 6.517649424048532554E-08, 0.1279956741162715239 ) ) ;
#2261 = CARTESIAN_POINT ( 'NONE',  ( -0.1377950662575663510, -0.05863616412132487132, 0.1022450405749369268 ) ) ;
#2262 = EDGE_CURVE ( 'NONE', #5645, #6825, #3610, .T. ) ;
#2263 = DIRECTION ( 'NONE',  ( -0.0000000000000000000, 0.0000000000000000000, 1.000000000000000000 ) ) ;
#2264 = ORIENTED_EDGE ( 'NONE', *, *, #9477, .T. ) ;
#2265 = CARTESIAN_POINT ( 'NONE',  ( 0.1240158077760629141, 0.04913392342015748121, 0.01181102362204724393 ) ) ;
#2266 = VECTOR ( 'NONE', #1366, 39.37007874015748143 ) ;
#2267 = DIRECTION ( 'NONE',  ( 1.000000000000000000, 6.123233995736766036E-17, 0.0000000000000000000 ) ) ;
#2268 = CARTESIAN_POINT ( 'NONE',  ( 0.1594488786421259241, -0.01131032547168048762, 0.07873517097910608109 ) ) ;
#2269 = CARTESIAN_POINT ( 'NONE',  ( -0.07677159379874015643, -0.04330702146173232014, 0.01177409107594291210 ) ) ;
#2270 = VERTEX_POINT ( 'NONE', #3089 ) ;
#2271 = FACE_OUTER_BOUND ( 'NONE', #8423, .T. ) ;
#2272 = EDGE_LOOP ( 'NONE', ( #5993, #9726, #9038, #6548, #9872 ) ) ;
#2273 = FACE_OUTER_BOUND ( 'NONE', #8112, .T. ) ;
#2274 = CARTESIAN_POINT ( 'NONE',  ( -0.1397635449270651364, 0.05114406242386915213, 0.09804882494015645933 ) ) ;
#2275 = CIRCLE ( 'NONE', #5572, 0.01574803149606299885 ) ;
#2276 =( BOUNDED_SURFACE ( )  B_SPLINE_SURFACE ( 3, 3, ( 
 ( #520, #3769, #3669, #10059 ),
 ( #7632, #2212, #5319, #3820 ),
 ( #1483, #4649, #863, #759 ),
 ( #3261, #1696, #3976, #5678 ) ),
 .UNSPECIFIED., .F., .F., .F. ) 
 B_SPLINE_SURFACE_WITH_KNOTS ( ( 4, 4 ),
 ( 4, 4 ),
 ( 0.0000000000000000000, 1.000000000000000000 ),
 ( 0.0000000000000000000, 1.000000000000000000 ),
 .UNSPECIFIED. ) 
 GEOMETRIC_REPRESENTATION_ITEM ( )  RATIONAL_B_SPLINE_SURFACE ( (
 ( 1.000000000000000000, 0.8047378541243664918, 0.8047378541243664918, 1.000000000000000000),
 ( 0.9521766939769872318, 0.7662526294582743258, 0.7662526294582743258, 0.9521766939769872318),
 ( 0.9521766939769872318, 0.7662526294582743258, 0.7662526294582743258, 0.9521766939769872318),
 ( 1.000000000000000000, 0.8047378541243664918, 0.8047378541243664918, 1.000000000000000000) ) ) 
 REPRESENTATION_ITEM ( '' )  SURFACE ( )  );
#2277 = CARTESIAN_POINT ( 'NONE',  ( -0.1279526961609450397, -0.04133851752472442187, 0.1023622047244066302 ) ) ;
#2278 = CARTESIAN_POINT ( 'NONE',  ( -0.1361644537893928475, 0.01782810742350013009, 0.02476795825400421314 ) ) ;
#2279 = CARTESIAN_POINT ( 'NONE',  ( -0.1330485392802637779, 0.04330715176661417698, 0.07801077099034436912 ) ) ;
#2280 = VERTEX_POINT ( 'NONE', #5398 ) ;
#2281 = CARTESIAN_POINT ( 'NONE',  ( -0.1377952155403615875, -0.04533459818309801270, 0.1071273286391518920 ) ) ;
#2282 = VECTOR ( 'NONE', #2205, 39.37007874015748143 ) ;
#2283 = ORIENTED_EDGE ( 'NONE', *, *, #7004, .F. ) ;
#2284 = CARTESIAN_POINT ( 'NONE',  ( -0.1279526961609449009, 0.07874022263275591571, 0.07086614173228344971 ) ) ;
#2285 = ORIENTED_EDGE ( 'NONE', *, *, #10058, .F. ) ;
#2286 = CIRCLE ( 'NONE', #8543, 0.01968503937007873988 ) ;
#2287 = EDGE_CURVE ( 'NONE', #981, #9776, #9414, .T. ) ;
#2288 = ORIENTED_EDGE ( 'NONE', *, *, #4682, .F. ) ;
#2289 = CARTESIAN_POINT ( 'NONE',  ( -0.1304697030920071721, -0.04724402933574803343, 0.05015364557642069260 ) ) ;
#2290 = LINE ( 'NONE', #4670, #5581 ) ;
#2291 = AXIS2_PLACEMENT_3D ( 'NONE', #1126, #2571, #211 ) ;
#2292 = EDGE_CURVE ( 'NONE', #2219, #8729, #2937, .T. ) ;
#2293 = CARTESIAN_POINT ( 'NONE',  ( -0.1290581130395258569, -0.04460506583095100869, 0.04633160447986101743 ) ) ;
#2294 = EDGE_LOOP ( 'NONE', ( #3866, #8073, #62, #4824 ) ) ;
#2295 = B_SPLINE_CURVE_WITH_KNOTS ( 'NONE', 3,
 ( #9956, #2904, #3052, #6179 ),
 .UNSPECIFIED., .F., .F.,
 ( 4, 4 ),
 ( 0.0000000000000000000, 1.000000000000000000 ),
 .UNSPECIFIED. ) ;
#2296 = ORIENTED_EDGE ( 'NONE', *, *, #2552, .T. ) ;
#2297 = CARTESIAN_POINT ( 'NONE',  ( -0.1339908864572232905, -0.04658786135673475409, 0.04695718587089119100 ) ) ;
#2298 = CARTESIAN_POINT ( 'NONE',  ( -0.1200786804129134466, -0.04626465790825154412, 0.09373056225946091446 ) ) ;
#2299 = EDGE_CURVE ( 'NONE', #3627, #3369, #679, .T. ) ;
#2300 = EDGE_CURVE ( 'NONE', #4497, #1479, #2536, .T. ) ;
#2301 = LINE ( 'NONE', #3803, #2450 ) ;
#2302 = ADVANCED_FACE ( 'NONE', ( #2150 ), #7098, .T. ) ;
#2303 = EDGE_CURVE ( 'NONE', #5498, #8955, #6401, .T. ) ;
#2304 = ORIENTED_EDGE ( 'NONE', *, *, #2358, .F. ) ;
#2305 = VECTOR ( 'NONE', #2134, 39.37007874015748143 ) ;
#2306 = CARTESIAN_POINT ( 'NONE',  ( 0.1339448891097766436, 0.04724415964062993190, 0.0004243035290952407168 ) ) ;
#2307 = B_SPLINE_CURVE_WITH_KNOTS ( 'NONE', 3,
 ( #974, #6696, #2787, #2732 ),
 .UNSPECIFIED., .F., .F.,
 ( 4, 4 ),
 ( 0.0000000000000000000, 1.000000000000000000 ),
 .UNSPECIFIED. ) ;
#2308 = CARTESIAN_POINT ( 'NONE',  ( -0.1362300073050982940, -0.05382000071454001028, 0.07454848937367328232 ) ) ;
#2309 = CARTESIAN_POINT ( 'NONE',  ( -0.1397637197829920408, -0.04942401768653013200, 0.05267835342767269308 ) ) ;
#2310 = CARTESIAN_POINT ( 'NONE',  ( 0.1751969101381890548, 0.05435577146665525328, 0.1167620050326024644 ) ) ;
#2311 = CARTESIAN_POINT ( 'NONE',  ( -0.1358267882246721459, -0.05511804508376519363, 0.05294377450227086973 ) ) ;
#2312 = ORIENTED_EDGE ( 'NONE', *, *, #9296, .T. ) ;
#2313 = B_SPLINE_CURVE_WITH_KNOTS ( 'NONE', 3,
 ( #3380, #1868, #5021, #8159 ),
 .UNSPECIFIED., .F., .F.,
 ( 4, 4 ),
 ( 0.0000000000000000000, 1.000000000000000000 ),
 .UNSPECIFIED. ) ;
#2314 = ORIENTED_EDGE ( 'NONE', *, *, #7226, .F. ) ;
#2315 = CARTESIAN_POINT ( 'NONE',  ( -0.1397637197829920963, -0.05076648106967845964, 0.07019983475693737651 ) ) ;
#2316 = CARTESIAN_POINT ( 'NONE',  ( -0.1338582079719683182, -0.03444875374519335703, 0.09386310701873767925 ) ) ;
#2317 = CARTESIAN_POINT ( 'NONE',  ( -0.1309043226442292707, 0.05511817538865755595, 0.07528333336425750699 ) ) ;
#2318 = EDGE_CURVE ( 'NONE', #8704, #8527, #8757, .T. ) ;
#2319 = CARTESIAN_POINT ( 'NONE',  ( 0.2854331306106298038, -0.01260152421852942482, 0.06512881436892055398 ) ) ;
#2320 = ORIENTED_EDGE ( 'NONE', *, *, #4873, .F. ) ;
#2321 = CARTESIAN_POINT ( 'NONE',  ( 0.1358268313981119968, 0.06692919901070866484, 0.07480314960630117527 ) ) ;
#2322 = FACE_BOUND ( 'NONE', #914, .T. ) ;
#2323 = CARTESIAN_POINT ( 'NONE',  ( -0.1240156882869291599, -0.03346450177669293979, 0.03149606299212598381 ) ) ;
#2324 = CARTESIAN_POINT ( 'NONE',  ( 0.1358268313981111364, -0.04724402933574798485, 0.003937007874015577974 ) ) ;
#2325 = ORIENTED_EDGE ( 'NONE', *, *, #5512, .F. ) ;
#2326 = CARTESIAN_POINT ( 'NONE',  ( -0.1332326546611558860, 0.04330715176660177718, 0.1014450686933874163 ) ) ;
#2327 = VERTEX_POINT ( 'NONE', #8906 ) ;
#2328 = CARTESIAN_POINT ( 'NONE',  ( -0.1023621449798425564, -0.0008390458739560846535, 0.1279527559055118058 ) ) ;
#2329 = CARTESIAN_POINT ( 'NONE',  ( 0.07188043055315136709, 0.01968510452251907503, 0.01436640419164587727 ) ) ;
#2330 = CARTESIAN_POINT ( 'NONE',  ( -0.1200786804129134189, 0.04519443308059706982, 0.05515956651848100828 ) ) ;
#2331 = CARTESIAN_POINT ( 'NONE',  ( 0.2876378550200787143, -0.06180016732677165447, 0.08699901782173229126 ) ) ;
#2332 = ORIENTED_EDGE ( 'NONE', *, *, #3259, .F. ) ;
#2333 = LINE ( 'NONE', #6248, #2305 ) ;
#2334 = ORIENTED_EDGE ( 'NONE', *, *, #9855, .T. ) ;
#2335 = CARTESIAN_POINT ( 'NONE',  ( -0.1394454001730430215, -0.04561005973134725500, 0.05296444665685451358 ) ) ;
#2336 = ORIENTED_EDGE ( 'NONE', *, *, #1234, .F. ) ;
#2337 = ORIENTED_EDGE ( 'NONE', *, *, #6626, .T. ) ;
#2338 =( BOUNDED_CURVE ( )  B_SPLINE_CURVE ( 3, ( #2946, #3152, #2160, #700 ),
 .UNSPECIFIED., .F., .T. ) 
 B_SPLINE_CURVE_WITH_KNOTS ( ( 4, 4 ),
 ( 0.0000000000000000000, 1.000000000000000000 ),
 .UNSPECIFIED. ) 
 CURVE ( )  GEOMETRIC_REPRESENTATION_ITEM ( )  RATIONAL_B_SPLINE_CURVE ( ( 1.000000000000000000, 0.9823076119367524228, 0.9823076119367524228, 1.000000000000000000 ) ) 
 REPRESENTATION_ITEM ( '' )  );
#2339 = CARTESIAN_POINT ( 'NONE',  ( -0.1279526961609448454, -0.03852512446723428685, 0.03149606299212598381 ) ) ;
#2340 = CARTESIAN_POINT ( 'NONE',  ( -0.1279526961609451230, 0.04860440188670044070, 0.03740157480314985905 ) ) ;
#2341 = CARTESIAN_POINT ( 'NONE',  ( -0.1023621449798425287, -0.07031714390067617115, 0.03937007874015747977 ) ) ;
#2342 = VERTEX_POINT ( 'NONE', #8702 ) ;
#2343 = ORIENTED_EDGE ( 'NONE', *, *, #3997, .F. ) ;
#2344 = CYLINDRICAL_SURFACE ( 'NONE', #3408, 0.01181102362204724046 ) ;
#2345 = CARTESIAN_POINT ( 'NONE',  ( -0.03740151505858272524, 0.05511817538866142091, 0.01861186520729827404 ) ) ;
#2346 = CARTESIAN_POINT ( 'NONE',  ( 0.1200787999020472285, 0.05577400947497794526, 0.01922186197520280720 ) ) ;
#2347 = CARTESIAN_POINT ( 'NONE',  ( -0.1381303471247806725, -0.04328511326582286378, 0.07147136951919673409 ) ) ;
#2348 = ORIENTED_EDGE ( 'NONE', *, *, #1625, .F. ) ;
#2349 = FACE_OUTER_BOUND ( 'NONE', #552, .T. ) ;
#2350 = LINE ( 'NONE', #1571, #772 ) ;
#2351 = ADVANCED_FACE ( 'NONE', ( #8077 ), #5610, .F. ) ;
#2352 = CARTESIAN_POINT ( 'NONE',  ( -0.1281369481294488410, -0.04574383263740158800, 0.1181102362204724254 ) ) ;
#2353 = CARTESIAN_POINT ( 'NONE',  ( 0.1358268313981101649, 6.515244095996706394E-08, 0.02362204724409449133 ) ) ;
#2354 = LENGTH_MEASURE_WITH_UNIT ( LENGTH_MEASURE( 0.02539999999999999897 ), #1632 );
#2355 = CARTESIAN_POINT ( 'NONE',  ( 0.1289311124722834490, -0.0002035521785826779342, 0.02387611439384251452 ) ) ;
#2356 = VERTEX_POINT ( 'NONE', #38 ) ;
#2357 = CARTESIAN_POINT ( 'NONE',  ( -0.1357896280878212736, -0.05511787042826228611, 0.05209268976419845903 ) ) ;
#2358 = EDGE_CURVE ( 'NONE', #7496, #9702, #8390, .T. ) ;
#2359 = ORIENTED_EDGE ( 'NONE', *, *, #2832, .F. ) ;
#2360 = FACE_OUTER_BOUND ( 'NONE', #5339, .T. ) ;
#2361 = CARTESIAN_POINT ( 'NONE',  ( -0.1200786804129134189, -0.05977232083732322149, 0.1073763884734908469 ) ) ;
#2362 = CARTESIAN_POINT ( 'NONE',  ( -0.1288000481894221172, 0.05511817538865948496, 0.07697147372051443837 ) ) ;
#2363 = CARTESIAN_POINT ( 'NONE',  ( -0.1279526961609449009, 0.04330715176661419086, 0.07086614173228344971 ) ) ;
#2364 = VERTEX_POINT ( 'NONE', #9578 ) ;
#2365 = FACE_OUTER_BOUND ( 'NONE', #5847, .T. ) ;
#2366 = EDGE_CURVE ( 'NONE', #3334, #3606, #6582, .T. ) ;
#2367 = DIRECTION ( 'NONE',  ( -6.123233995736766036E-17, 1.000000000000000000, 0.0000000000000000000 ) ) ;
#2368 = CARTESIAN_POINT ( 'NONE',  ( 0.1640613705853968818, 0.0004514130336297351824, 0.02362403742065697157 ) ) ;
#2369 = DIRECTION ( 'NONE',  ( -1.000000000000000000, -6.123233995736766036E-17, 0.0000000000000000000 ) ) ;
#2370 = CARTESIAN_POINT ( 'NONE',  ( 0.2814961227366140073, 6.515244097271857586E-08, 0.08661417322834641386 ) ) ;
#2371 = ORIENTED_EDGE ( 'NONE', *, *, #7603, .F. ) ;
#2372 = CARTESIAN_POINT ( 'NONE',  ( -0.1308545400442305273, 0.04330715176660177024, 0.1019621893099983828 ) ) ;
#2373 = ORIENTED_EDGE ( 'NONE', *, *, #8633, .F. ) ;
#2374 = CARTESIAN_POINT ( 'NONE',  ( 0.1673228943901572396, -0.0004343229309665573232, 0.03149895794904133961 ) ) ;
#2375 = CARTESIAN_POINT ( 'NONE',  ( -0.1279526961609449565, -0.05382000071454001028, 0.07671683416905124286 ) ) ;
#2376 = FACE_OUTER_BOUND ( 'NONE', #1092, .T. ) ;
#2377 = CARTESIAN_POINT ( 'NONE',  ( 0.1200787999020472285, -0.06292903247350821461, 0.001725498406859702401 ) ) ;
#2378 = B_SPLINE_CURVE_WITH_KNOTS ( 'NONE', 3,
 ( #9025, #8975, #1899, #5056, #4180, #7323, #263, #8197 ),
 .UNSPECIFIED., .F., .F.,
 ( 4, 2, 2, 4 ),
 ( 0.5000000019177470723, 0.7500000009588733141, 0.8750000004794367126, 1.000000000000000000 ),
 .UNSPECIFIED. ) ;
#2379 = CARTESIAN_POINT ( 'NONE',  ( 0.1275024971014765973, 6.514527444987468973E-08, 0.02099737392942658751 ) ) ;
#2380 = ORIENTED_EDGE ( 'NONE', *, *, #8103, .T. ) ;
#2381 = CARTESIAN_POINT ( 'NONE',  ( -0.1358267119089759112, 0.05379059712041187047, 0.03783897420285389085 ) ) ;
#2382 = ORIENTED_EDGE ( 'NONE', *, *, #6726, .F. ) ;
#2383 = ORIENTED_EDGE ( 'NONE', *, *, #4342, .T. ) ;
#2384 = EDGE_CURVE ( 'NONE', #3344, #3734, #4161, .T. ) ;
#2385 = VERTEX_POINT ( 'NONE', #7971 ) ;
#2386 = CARTESIAN_POINT ( 'NONE',  ( 0.05118116210677153832, 0.01968510452251973075, 0.007874015748031502893 ) ) ;
#2387 = CARTESIAN_POINT ( 'NONE',  ( -0.1384513838249622486, -0.04658786135675367646, 0.07296489896627741945 ) ) ;
#2388 = DIRECTION ( 'NONE',  ( 0.0000000000000000000, -0.0000000000000000000, 1.000000000000000000 ) ) ;
#2389 = ORIENTED_EDGE ( 'NONE', *, *, #3136, .T. ) ;
#2390 = EDGE_CURVE ( 'NONE', #5744, #9127, #3348, .T. ) ;
#2391 = DIRECTION ( 'NONE',  ( 1.000000000000000000, 0.0000000000000000000, -0.0000000000000000000 ) ) ;
#2392 = VERTEX_POINT ( 'NONE', #895 ) ;
#2393 = CARTESIAN_POINT ( 'NONE',  ( 0.1200787999020437175, -0.06294403425130543073, 0.1240157480314960509 ) ) ;
#2394 = CARTESIAN_POINT ( 'NONE',  ( -0.05708655442866347740, 0.01771660058551179778, 0.008257979138106299327 ) ) ;
#2395 = FACE_OUTER_BOUND ( 'NONE', #6824, .T. ) ;
#2396 = DIRECTION ( 'NONE',  ( 0.6427876096843868625, 3.935938943657813008E-17, 0.7660444431207842353 ) ) ;
#2397 = ORIENTED_EDGE ( 'NONE', *, *, #7972, .T. ) ;
#2398 = AXIS2_PLACEMENT_3D ( 'NONE', #4700, #10108, #714 ) ;
#2399 = DIRECTION ( 'NONE',  ( 0.0000000000000000000, 1.000000000000000000, 0.0000000000000000000 ) ) ;
#2400 = CARTESIAN_POINT ( 'NONE',  ( -0.1325210033934381415, 0.04658799166161312066, 0.07377674204456759199 ) ) ;
#2401 = VECTOR ( 'NONE', #7635, 39.37007874015748143 ) ;
#2402 = CARTESIAN_POINT ( 'NONE',  ( -0.1279526961609449009, -0.05511804508377949469, 0.04987839297976725400 ) ) ;
#2403 = CARTESIAN_POINT ( 'NONE',  ( 0.1586334976137580566, 0.08712153021055926705, 0.1170804376125237356 ) ) ;
#2404 = SURFACE_SIDE_STYLE ('',( #3912 ) ) ;
#2405 = CARTESIAN_POINT ( 'NONE',  ( -0.1279526961609449009, 0.04330715176661415616, 0.07697147372051395264 ) ) ;
#2406 = VERTEX_POINT ( 'NONE', #4056 ) ;
#2407 = CARTESIAN_POINT ( 'NONE',  ( -0.1386138470466167782, -0.05231292238899606928, 0.04948967726844257647 ) ) ;
#2408 = EDGE_CURVE ( 'NONE', #4377, #5645, #956, .T. ) ;
#2409 = VERTEX_POINT ( 'NONE', #4937 ) ;
#2410 = LINE ( 'NONE', #3255, #4893 ) ;
#2411 = VECTOR ( 'NONE', #9782, 39.37007874015748143 ) ;
#2412 = AXIS2_PLACEMENT_3D ( 'NONE', #1842, #8870, #5622 ) ;
#2413 = CARTESIAN_POINT ( 'NONE',  ( -0.1279526961609449287, -0.05183720524023641141, 0.04599645088325089032 ) ) ;
#2414 = CARTESIAN_POINT ( 'NONE',  ( -0.1289463631457478665, 0.05511817538865755595, 0.07496055203066884220 ) ) ;
#2415 = DIRECTION ( 'NONE',  ( 0.0000000000000000000, 1.000000000000000000, 0.0000000000000000000 ) ) ;
#2416 = EDGE_CURVE ( 'NONE', #2032, #486, #7201, .T. ) ;
#2417 = ORIENTED_EDGE ( 'NONE', *, *, #6677, .T. ) ;
#2418 = DIRECTION ( 'NONE',  ( -0.0000000000000000000, -0.0000000000000000000, -1.000000000000000000 ) ) ;
#2419 = CARTESIAN_POINT ( 'NONE',  ( 0.1358268313981119413, -0.03149599783969645600, 0.1338582677165324752 ) ) ;
#2420 = CARTESIAN_POINT ( 'NONE',  ( 0.1673228947792431420, -0.04791950394075512182, 0.07483219102503671505 ) ) ;
#2421 = B_SPLINE_CURVE_WITH_KNOTS ( 'NONE', 3,
 ( #6297, #933, #5743, #9447, #4093, #2381, #1604, #4760, #7132, #4042 ),
 .UNSPECIFIED., .F., .F.,
 ( 4, 2, 2, 2, 4 ),
 ( 0.01100444692866452481, 0.2582533351964984014, 0.5055022234643322676, 0.7527511117321661338, 1.000000000000000000 ),
 .UNSPECIFIED. ) ;
#2422 = CARTESIAN_POINT ( 'NONE',  ( -0.07086608198771716938, -0.05256407641520245699, 0.01617701702635583605 ) ) ;
#2423 = DIRECTION ( 'NONE',  ( -1.000000000000000000, -6.123233995736766036E-17, -0.0000000000000000000 ) ) ;
#2424 = ORIENTED_EDGE ( 'NONE', *, *, #2828, .F. ) ;
#2425 = CARTESIAN_POINT ( 'NONE',  ( 0.1594488786421259241, 0.01811722432874450853, 0.05116560566429191603 ) ) ;
#2426 = VECTOR ( 'NONE', #4437, 39.37007874015748143 ) ;
#2427 = ORIENTED_EDGE ( 'NONE', *, *, #2950, .F. ) ;
#2428 =( BOUNDED_CURVE ( )  B_SPLINE_CURVE ( 3, ( #8342, #3547, #5154, #5099 ),
 .UNSPECIFIED., .F., .T. ) 
 B_SPLINE_CURVE_WITH_KNOTS ( ( 4, 4 ),
 ( 0.0000000000000000000, 1.000000000000000000 ),
 .UNSPECIFIED. ) 
 CURVE ( )  GEOMETRIC_REPRESENTATION_ITEM ( )  RATIONAL_B_SPLINE_CURVE ( ( 1.000000000000000000, 0.3333333333332646475, 0.3333333333332646475, 1.000000000000000000 ) ) 
 REPRESENTATION_ITEM ( '' )  );
#2429 = AXIS2_PLACEMENT_3D ( 'NONE', #8867, #3973, #4842 ) ;
#2430 = ADVANCED_FACE ( 'NONE', ( #142 ), #185, .T. ) ;
#2431 = CARTESIAN_POINT ( 'NONE',  ( 0.1594488786419577531, -0.0001710647921299606247, 0.02362204724409449133 ) ) ;
#2432 = CARTESIAN_POINT ( 'NONE',  ( 0.1358268313981101372, -0.04098385370122542559, 0.1061970934887783852 ) ) ;
#2433 = CYLINDRICAL_SURFACE ( 'NONE', #5735, 0.003937007874015741038 ) ;
#2434 = VECTOR ( 'NONE', #10018, 39.37007874015748143 ) ;
#2435 = CARTESIAN_POINT ( 'NONE',  ( -0.1350599610650462523, 0.04403699344490637907, 0.07788592791692525164 ) ) ;
#2436 = ADVANCED_FACE ( 'NONE', ( #8281 ), #6579, .T. ) ;
#2437 = VERTEX_POINT ( 'NONE', #9880 ) ;
#2438 = ORIENTED_EDGE ( 'NONE', *, *, #1394, .T. ) ;
#2439 = CARTESIAN_POINT ( 'NONE',  ( -0.1366744705405505966, -0.04658786135673424061, 0.07459550642698402345 ) ) ;
#2440 = ORIENTED_EDGE ( 'NONE', *, *, #10049, .F. ) ;
#2441 = VERTEX_POINT ( 'NONE', #292 ) ;
#2442 = AXIS2_PLACEMENT_3D ( 'NONE', #5248, #6064, #6115 ) ;
#2443 = CARTESIAN_POINT ( 'NONE',  ( -0.07283458592472441540, -0.04724402933574804037, 0.007874015748031495954 ) ) ;
#2444 = CARTESIAN_POINT ( 'NONE',  ( -0.1397637197829920963, -0.04724402933575595070, 0.07010472905581280334 ) ) ;
#2445 = B_SPLINE_CURVE_WITH_KNOTS ( 'NONE', 3,
 ( #8383, #1158, #8272, #7450, #383, #7547, #4253, #6000, #4357, #3485 ),
 .UNSPECIFIED., .F., .F.,
 ( 4, 2, 2, 2, 4 ),
 ( 0.0000000000000000000, 0.2500000000000000000, 0.5000000000000000000, 0.7500000000000000000, 1.000000000000000000 ),
 .UNSPECIFIED. ) ;
#2446 = VECTOR ( 'NONE', #5165, 39.37007874015748143 ) ;
#2447 = DIRECTION ( 'NONE',  ( 0.0000000000000000000, 1.000000000000000000, -0.0000000000000000000 ) ) ;
#2448 = EDGE_CURVE ( 'NONE', #6452, #7171, #10025, .T. ) ;
#2449 = ORIENTED_EDGE ( 'NONE', *, *, #4459, .T. ) ;
#2450 = VECTOR ( 'NONE', #10086, 39.37007874015748143 ) ;
#2451 = VERTEX_POINT ( 'NONE', #7354 ) ;
#2452 = CARTESIAN_POINT ( 'NONE',  ( 0.1240158077760625116, 0.04724415964062991802, 0.007874015748031355441 ) ) ;
#2453 = ORIENTED_EDGE ( 'NONE', *, *, #5784, .F. ) ;
#2454 = CARTESIAN_POINT ( 'NONE',  ( -0.1223015808938796023, -0.07874009232787400336, 3.435529715893058557E-05 ) ) ;
#2455 = AXIS2_PLACEMENT_3D ( 'NONE', #3360, #9742, #8966 ) ;
#2456 = ADVANCED_FACE ( 'NONE', ( #8953 ), #342, .T. ) ;
#2457 = CARTESIAN_POINT ( 'NONE',  ( 0.07574909417925190791, 6.515244094229544203E-08, 0.01112020996984055057 ) ) ;
#2458 = ORIENTED_EDGE ( 'NONE', *, *, #1407, .F. ) ;
#2459 = CARTESIAN_POINT ( 'NONE',  ( -0.1200786804129133911, -0.04133851752472440799, 0.1023622047244073935 ) ) ;
#2460 = DIRECTION ( 'NONE',  ( -1.000000000000000000, -0.0000000000000000000, 0.0000000000000000000 ) ) ;
#2461 = AXIS2_PLACEMENT_3D ( 'NONE', #4790, #7879, #8084 ) ;
#2462 = CARTESIAN_POINT ( 'NONE',  ( 0.1673228943901138022, 6.515244094979156450E-08, 0.04527559055117848924 ) ) ;
#2463 = CARTESIAN_POINT ( 'NONE',  ( 0.1594488786421259796, 0.08218137870897990194, 0.03248738669259195605 ) ) ;
#2464 = CARTESIAN_POINT ( 'NONE',  ( -0.1200786804129133911, -0.04741424112136029961, 0.1337769567560562756 ) ) ;
#2465 = B_SPLINE_CURVE_WITH_KNOTS ( 'NONE', 3,
 ( #2803, #6711, #2693, #9648, #3421, #8981, #2015, #3521 ),
 .UNSPECIFIED., .F., .F.,
 ( 4, 2, 2, 4 ),
 ( 0.0000000000000000000, 0.1250000003818250438, 0.2500000007636500876, 0.5000000015273001752 ),
 .UNSPECIFIED. ) ;
#2466 = CARTESIAN_POINT ( 'NONE',  ( 0.1289387685548818718, 0.001920695123543355708, 0.02389633814369684570 ) ) ;
#2467 = EDGE_LOOP ( 'NONE', ( #8254, #8571, #6999, #7951 ) ) ;
#2468 = FACE_OUTER_BOUND ( 'NONE', #5647, .T. ) ;
#2469 = ORIENTED_EDGE ( 'NONE', *, *, #10170, .F. ) ;
#2470 = CARTESIAN_POINT ( 'NONE',  ( -0.1279526961609449009, 0.07874022263275588795, 0.007874015748031487280 ) ) ;
#2471 = EDGE_CURVE ( 'NONE', #336, #8147, #9152, .T. ) ;
#2472 = CARTESIAN_POINT ( 'NONE',  ( -0.1279526961609449287, 0.04658799161011473872, 0.07308953162400570747 ) ) ;
#2473 = AXIS2_PLACEMENT_3D ( 'NONE', #6, #4901, #4847 ) ;
#2474 = DIRECTION ( 'NONE',  ( 1.000000000000000000, 6.123233995736766036E-17, 0.0000000000000000000 ) ) ;
#2475 = DIRECTION ( 'NONE',  ( 0.0000000000000000000, 0.0000000000000000000, 1.000000000000000000 ) ) ;
#2476 = EDGE_CURVE ( 'NONE', #3487, #3501, #1214, .T. ) ;
#2477 = ORIENTED_EDGE ( 'NONE', *, *, #3313, .T. ) ;
#2478 = CARTESIAN_POINT ( 'NONE',  ( -0.1364567686643577138, -0.04658786135673475409, 0.04824145093959605890 ) ) ;
#2479 = CARTESIAN_POINT ( 'NONE',  ( -0.1396854136797215096, 0.05058053649606830682, 0.07953709640347299270 ) ) ;
#2480 = CARTESIAN_POINT ( 'NONE',  ( 0.1673228943901569621, 0.0003819748922040479321, 0.03149774765194783555 ) ) ;
#2481 = DIRECTION ( 'NONE',  ( 6.123233995736766036E-17, -1.000000000000000000, 0.0000000000000000000 ) ) ;
#2482 = CARTESIAN_POINT ( 'NONE',  ( -0.1023621449798425564, 6.515244093588845835E-08, 0.1173228346456718085 ) ) ;
#2483 = ORIENTED_EDGE ( 'NONE', *, *, #338, .F. ) ;
#2484 = CARTESIAN_POINT ( 'NONE',  ( 0.1594488786421259241, 0.02952749910539697112, 0.07480314978591853792 ) ) ;
#2485 = ORIENTED_EDGE ( 'NONE', *, *, #7898, .T. ) ;
#2486 = CARTESIAN_POINT ( 'NONE',  ( 0.1296061945279920469, -0.01908198028393701118, 0.1220205108673228095 ) ) ;
#2487 = CARTESIAN_POINT ( 'NONE',  ( 0.2854331306106299149, 6.471112681112413361E-08, 0.05905528345447148136 ) ) ;
#2488 = CARTESIAN_POINT ( 'NONE',  ( -0.1358266950448119847, 0.05511817538861657484, 0.09719781540434652145 ) ) ;
#2489 = CARTESIAN_POINT ( 'NONE',  ( -0.1397856065525178160, 0.04494051495549481606, 0.08003679033381891350 ) ) ;
#2490 = ORIENTED_EDGE ( 'NONE', *, *, #2981, .T. ) ;
#2491 = CARTESIAN_POINT ( 'NONE',  ( -0.1048030898617323126, 0.001968569089448812814, 0.07480314960629920462 ) ) ;
#2492 = ORIENTED_EDGE ( 'NONE', *, *, #7437, .F. ) ;
#2493 = CARTESIAN_POINT ( 'NONE',  ( -0.1384514022950583123, -0.04716055438630731289, 0.04995217184024966506 ) ) ;
#2494 = CARTESIAN_POINT ( 'NONE',  ( -0.1279526961609449009, -0.05511804508377949469, 0.04987839297976725400 ) ) ;
#2495 = EDGE_CURVE ( 'NONE', #2660, #7275, #5957, .T. ) ;
#2496 = VERTEX_POINT ( 'NONE', #6630 ) ;
#2497 = ADVANCED_FACE ( 'NONE', ( #1933 ), #1165, .T. ) ;
#2498 = ORIENTED_EDGE ( 'NONE', *, *, #2471, .T. ) ;
#2499 = VECTOR ( 'NONE', #553, 39.37007874015748143 ) ;
#2500 = EDGE_CURVE ( 'NONE', #4766, #1959, #7457, .T. ) ;
#2501 = EDGE_CURVE ( 'NONE', #9532, #8652, #5441, .T. ) ;
#2502 = CARTESIAN_POINT ( 'NONE',  ( 0.1279524659456939550, -0.05014392011975419422, 0.02483237388727452949 ) ) ;
#2503 = CARTESIAN_POINT ( 'NONE',  ( -0.1279526961609449287, 0.03260617804165578254, 0.09719359953727388368 ) ) ;
#2504 = CARTESIAN_POINT ( 'NONE',  ( -0.1200786804129134189, -0.01017575501305449312, 0.1141732283464566705 ) ) ;
#2505 = CARTESIAN_POINT ( 'NONE',  ( 0.1240158077760629696, 6.515244097005101764E-08, 0.007874015748031495954 ) ) ;
#2506 = EDGE_LOOP ( 'NONE', ( #2605, #1679, #230, #3301 ) ) ;
#2507 = ORIENTED_EDGE ( 'NONE', *, *, #925, .F. ) ;
#2508 = CARTESIAN_POINT ( 'NONE',  ( -0.1338582079719684848, 0.01750235996637492658, 0.02511417626948778473 ) ) ;
#2509 = CARTESIAN_POINT ( 'NONE',  ( -0.1023621449798425564, 0.05577400947292027178, 0.01922186197313627623 ) ) ;
#2510 = EDGE_CURVE ( 'NONE', #8147, #447, #9006, .T. ) ;
#2511 = CARTESIAN_POINT ( 'NONE',  ( 0.2854331306106298594, 0.03428210079079529321, 0.07554964872696061373 ) ) ;
#2512 = ORIENTED_EDGE ( 'NONE', *, *, #6030, .F. ) ;
#2513 = B_SPLINE_CURVE_WITH_KNOTS ( 'NONE', 3,
 ( #5266, #8410, #2945, #2159, #5311, #8455, #1736, #3151 ),
 .UNSPECIFIED., .F., .F.,
 ( 4, 2, 2, 4 ),
 ( 0.5000000015273001752, 0.7500000007636498101, 0.8750000003818250160, 1.000000000000000000 ),
 .UNSPECIFIED. ) ;
#2514 = LINE ( 'NONE', #3246, #6735 ) ;
#2515 = CARTESIAN_POINT ( 'NONE',  ( -0.1200786804129133911, -0.02755898996566929701, 0.1338336460191338340 ) ) ;
#2516 = LINE ( 'NONE', #2620, #9852 ) ;
#2517 = FACE_OUTER_BOUND ( 'NONE', #5909, .T. ) ;
#2518 = CARTESIAN_POINT ( 'NONE',  ( -0.1356929157661755925, -0.03413410430931935330, 0.09380372892063969237 ) ) ;
#2519 = EDGE_LOOP ( 'NONE', ( #8752, #3402, #3323, #365 ) ) ;
#2520 = CARTESIAN_POINT ( 'NONE',  ( -0.1200141438764904672, 0.04724415964062989026, 0.009546741724070840693 ) ) ;
#2521 = EDGE_LOOP ( 'NONE', ( #4826, #5943, #10022, #7260 ) ) ;
#2522 = CARTESIAN_POINT ( 'NONE',  ( -0.1358267119089758834, -0.05118103720976377446, 0.1023622047244094335 ) ) ;
#2523 = CARTESIAN_POINT ( 'NONE',  ( 0.04133864242173223430, -0.05511804508377951550, 0.007874015748031495954 ) ) ;
#2524 = CARTESIAN_POINT ( 'NONE',  ( -0.1279526961609449009, 0.05314967145165355733, 0.03149606299212596300 ) ) ;
#2525 = DIRECTION ( 'NONE',  ( 0.0000000000000000000, 0.0000000000000000000, -1.000000000000000000 ) ) ;
#2526 = VERTEX_POINT ( 'NONE', #5341 ) ;
#2527 = CARTESIAN_POINT ( 'NONE',  ( -0.1358267119089763830, 0.05118116751464566599, 0.09754103741153542784 ) ) ;
#2528 = EDGE_CURVE ( 'NONE', #7558, #4278, #1365, .T. ) ;
#2529 = CYLINDRICAL_SURFACE ( 'NONE', #5069, 0.007874015748031534118 ) ;
#2530 = CARTESIAN_POINT ( 'NONE',  ( 0.1673228947792431698, -0.04793664341263250556, 0.04655133759041359121 ) ) ;
#2531 = CARTESIAN_POINT ( 'NONE',  ( -0.07086608198771657263, -0.05363401066615931106, 0.01719196534195691073 ) ) ;
#2532 = CARTESIAN_POINT ( 'NONE',  ( 0.1232284062012597992, -0.05905505295779525654, 0.003937007874015747977 ) ) ;
#2533 = ORIENTED_EDGE ( 'NONE', *, *, #8292, .F. ) ;
#2534 = CARTESIAN_POINT ( 'NONE',  ( -0.1367446230767328241, -0.05183720518873991684, 0.04851730860420135072 ) ) ;
#2535 = ORIENTED_EDGE ( 'NONE', *, *, #2242, .F. ) ;
#2536 = B_SPLINE_CURVE_WITH_KNOTS ( 'NONE', 3,
 ( #1058, #6425, #3299, #9518 ),
 .UNSPECIFIED., .F., .F.,
 ( 4, 4 ),
 ( 0.0000000000000000000, 0.1295628271694906908 ),
 .UNSPECIFIED. ) ;
#2537 = CARTESIAN_POINT ( 'NONE',  ( 0.1358268313981101649, -0.04987560073845744013, 0.08812817148663007472 ) ) ;
#2538 = CARTESIAN_POINT ( 'NONE',  ( 0.1200787999020472285, 0.07052734084157119554, 0.1269043587615649449 ) ) ;
#2539 = CARTESIAN_POINT ( 'NONE',  ( 0.04133864242173223430, 0.06299219113669290993, 0.003937007874011915973 ) ) ;
#2540 = EDGE_LOOP ( 'NONE', ( #6132, #7048, #6321 ) ) ;
#2541 = CARTESIAN_POINT ( 'NONE',  ( 0.07677171328787396609, 0.01968510452251975157, 0.0001311685511838228419 ) ) ;
#2542 = EDGE_CURVE ( 'NONE', #8751, #7438, #7805, .T. ) ;
#2543 = ORIENTED_EDGE ( 'NONE', *, *, #4867, .F. ) ;
#2544 = CARTESIAN_POINT ( 'NONE',  ( -0.1308536405806891290, -0.04658786135673424061, 0.07684808385654634533 ) ) ;
#2545 = CARTESIAN_POINT ( 'NONE',  ( -0.1337740082188317858, -0.04330702146173173728, 0.07405889800651942190 ) ) ;
#2546 = VERTEX_POINT ( 'NONE', #7758 ) ;
#2547 = ORIENTED_EDGE ( 'NONE', *, *, #6650, .T. ) ;
#2548 = B_SPLINE_CURVE_WITH_KNOTS ( 'NONE', 3,
 ( #5343, #1991, #5148, #9109 ),
 .UNSPECIFIED., .F., .F.,
 ( 4, 4 ),
 ( 0.0000000000000000000, 1.000000000000000000 ),
 .UNSPECIFIED. ) ;
#2549 = CARTESIAN_POINT ( 'NONE',  ( -0.1392992980403738035, -0.05009760593171012216, 0.07246797980741891132 ) ) ;
#2550 = PLANE ( 'NONE',  #8551 ) ;
#2551 = EDGE_LOOP ( 'NONE', ( #4813, #2896, #6034, #8153, #3478, #5233 ) ) ;
#2552 = EDGE_CURVE ( 'NONE', #4910, #8758, #8016, .T. ) ;
#2553 = ORIENTED_EDGE ( 'NONE', *, *, #9462, .F. ) ;
#2554 = CARTESIAN_POINT ( 'NONE',  ( 0.1279528156500786829, -0.04740778748977701046, 0.1259842536102343535 ) ) ;
#2555 = EDGE_CURVE ( 'NONE', #3616, #9133, #5689, .T. ) ;
#2556 = EDGE_LOOP ( 'NONE', ( #7434, #5008, #8412, #5938 ) ) ;
#2557 = CARTESIAN_POINT ( 'NONE',  ( -0.1377952168231384444, 0.04568270315315370311, 0.05231919654123046853 ) ) ;
#2558 = CYLINDRICAL_SURFACE ( 'NONE', #4556, 0.01181102362204724393 ) ;
#2559 = DIRECTION ( 'NONE',  ( 1.000000000000000000, 6.123233995736766036E-17, 0.0000000000000000000 ) ) ;
#2560 = EDGE_CURVE ( 'NONE', #8256, #1523, #685, .T. ) ;
#2561 = EDGE_LOOP ( 'NONE', ( #5130, #3167, #9781 ) ) ;
#2562 = CARTESIAN_POINT ( 'NONE',  ( -0.1371863431266682198, 0.04330715176660789728, 0.09867943356617742134 ) ) ;
#2563 = PLANE ( 'NONE',  #3913 ) ;
#2564 = CARTESIAN_POINT ( 'NONE',  ( -0.1371863431266667210, -0.05511804508377858569, 0.05146208582347031046 ) ) ;
#2565 = CARTESIAN_POINT ( 'NONE',  ( -0.1279526961609449009, 0.03444888405007826004, 0.05574319219386025814 ) ) ;
#2566 = CARTESIAN_POINT ( 'NONE',  ( 0.1272814738887007302, 0.009252188851574815603, 0.02276511277208661393 ) ) ;
#2567 = ORIENTED_EDGE ( 'NONE', *, *, #5595, .T. ) ;
#2568 = DIRECTION ( 'NONE',  ( 6.123233995736766036E-17, -1.000000000000000000, 0.0000000000000000000 ) ) ;
#2569 = PLANE ( 'NONE',  #2429 ) ;
#2570 = CARTESIAN_POINT ( 'NONE',  ( -0.1198944284444094649, -0.02755898996566930742, 0.03543307086614172485 ) ) ;
#2571 = DIRECTION ( 'NONE',  ( -1.000000000000000000, -6.123233995736766036E-17, 0.0000000000000000000 ) ) ;
#2572 = B_SPLINE_CURVE_WITH_KNOTS ( 'NONE', 3,
 ( #7589, #3718, #3053, #10151, #9379, #7680, #3822, #8567 ),
 .UNSPECIFIED., .F., .F.,
 ( 4, 2, 2, 4 ),
 ( 0.0000000000000000000, 0.2500000000000011102, 0.5000000000000022204, 1.000000000000000000 ),
 .UNSPECIFIED. ) ;
#2573 = B_SPLINE_CURVE_WITH_KNOTS ( 'NONE', 3,
 ( #1228, #5927, #5205, #5159 ),
 .UNSPECIFIED., .F., .F.,
 ( 4, 4 ),
 ( 0.0000000000000000000, 1.000000000000000000 ),
 .UNSPECIFIED. ) ;
#2574 = VECTOR ( 'NONE', #854, 39.37007874015748854 ) ;
#2575 = CARTESIAN_POINT ( 'NONE',  ( 0.1640613705853968818, 0.05119946414194145867, 0.1049778495158576186 ) ) ;
#2576 = ORIENTED_EDGE ( 'NONE', *, *, #9799, .T. ) ;
#2577 = DIRECTION ( 'NONE',  ( 0.0000000000000000000, 0.0000000000000000000, 1.000000000000000000 ) ) ;
#2578 = EDGE_CURVE ( 'NONE', #8450, #3826, #2978, .T. ) ;
#2579 = CARTESIAN_POINT ( 'NONE',  ( -0.1200786804129134189, 0.05716790194869392910, 0.03932862245789669337 ) ) ;
#2580 = DIRECTION ( 'NONE',  ( -1.000000000000000000, -0.0000000000000000000, 0.0000000000000000000 ) ) ;
#2581 = DIRECTION ( 'NONE',  ( -1.000000000000000000, -6.123233995736766036E-17, -0.0000000000000000000 ) ) ;
#2582 = AXIS2_PLACEMENT_3D ( 'NONE', #10097, #6083, #6914 ) ;
#2583 = CARTESIAN_POINT ( 'NONE',  ( -0.1397637197829921241, 0.04724415964061543655, 0.08003679033382615771 ) ) ;
#2584 = EDGE_LOOP ( 'NONE', ( #8589, #3101, #8582, #2058 ) ) ;
#2585 = VECTOR ( 'NONE', #101, 39.37007874015748143 ) ;
#2586 = ORIENTED_EDGE ( 'NONE', *, *, #4651, .F. ) ;
#2587 = VECTOR ( 'NONE', #2035, 39.37007874015748143 ) ;
#2588 = EDGE_CURVE ( 'NONE', #3262, #5679, #25, .T. ) ;
#2589 = AXIS2_PLACEMENT_3D ( 'NONE', #2175, #4657, #3168 ) ;
#2590 = CARTESIAN_POINT ( 'NONE',  ( 0.1247258340280576611, 0.04740791782473090937, 0.1338582677165246482 ) ) ;
#2591 = VERTEX_POINT ( 'NONE', #9300 ) ;
#2592 = CARTESIAN_POINT ( 'NONE',  ( 0.1279528156500768787, 0.03149612814456747428, 0.1338582677165340851 ) ) ;
#2593 = VECTOR ( 'NONE', #3926, 39.37007874015748143 ) ;
#2594 = CARTESIAN_POINT ( 'NONE',  ( -0.1294103344528970689, -0.04658786135673424061, 0.07705198778402974624 ) ) ;
#2595 = CARTESIAN_POINT ( 'NONE',  ( -0.1279526961609449009, 0.05511817538866112948, 0.1002631264098800407 ) ) ;
#2596 = ORIENTED_EDGE ( 'NONE', *, *, #8409, .T. ) ;
#2597 = ORIENTED_EDGE ( 'NONE', *, *, #786, .F. ) ;
#2598 = DIRECTION ( 'NONE',  ( -1.584809575714207066E-17, 0.2588190451022471250, 0.9659258262891415869 ) ) ;
#2599 = VECTOR ( 'NONE', #125, 39.37007874015748143 ) ;
#2600 = CARTESIAN_POINT ( 'NONE',  ( 0.1200787999020471869, 0.04724415964062993190, 0.0000000000000000000 ) ) ;
#2601 = CARTESIAN_POINT ( 'NONE',  ( 0.1276355738457873312, -0.01625191050141731874, 0.02450841693902755872 ) ) ;
#2602 = CARTESIAN_POINT ( 'NONE',  ( -0.1200786804129134050, 0.01017588531793640720, 0.1141732283464566844 ) ) ;
#2603 = CARTESIAN_POINT ( 'NONE',  ( 0.1200787999020429542, -0.07197034617762586295, 0.1199146981627366576 ) ) ;
#2604 = ORIENTED_EDGE ( 'NONE', *, *, #3338, .F. ) ;
#2605 = ORIENTED_EDGE ( 'NONE', *, *, #6709, .F. ) ;
#2606 = DIRECTION ( 'NONE',  ( 0.0000000000000000000, 0.0000000000000000000, 1.000000000000000000 ) ) ;
#2607 = EDGE_CURVE ( 'NONE', #5697, #9043, #9867, .T. ) ;
#2608 = VERTEX_POINT ( 'NONE', #10080 ) ;
#2609 = VECTOR ( 'NONE', #6806, 39.37007874015748143 ) ;
#2610 = CARTESIAN_POINT ( 'NONE',  ( -0.1377951761521180596, 0.05470534981237243355, 0.05386440701448792084 ) ) ;
#2611 = AXIS2_PLACEMENT_3D ( 'NONE', #4749, #2581, #3268 ) ;
#2612 = EDGE_CURVE ( 'NONE', #4805, #2327, #2290, .T. ) ;
#2613 = DIRECTION ( 'NONE',  ( 1.000000000000000000, 0.0000000000000000000, -0.0000000000000000000 ) ) ;
#2614 = CARTESIAN_POINT ( 'NONE',  ( -0.1023621449798425287, -0.07031714390067617115, 0.03937007874015747977 ) ) ;
#2615 = AXIS2_PLACEMENT_3D ( 'NONE', #3395, #4987, #5710 ) ;
#2616 =( BOUNDED_SURFACE ( )  B_SPLINE_SURFACE ( 3, 3, ( 
 ( #6208, #4717, #9352, #9167 ),
 ( #2045, #10176, #2293, #8588 ),
 ( #789, #1505, #7806, #732 ),
 ( #2840, #7038, #4202, #1773 ) ),
 .UNSPECIFIED., .F., .F., .F. ) 
 B_SPLINE_SURFACE_WITH_KNOTS ( ( 4, 4 ),
 ( 4, 4 ),
 ( 0.0000000000000000000, 1.000000000000000000 ),
 ( 0.0000000000000000000, 1.000000000000000000 ),
 .UNSPECIFIED. ) 
 GEOMETRIC_REPRESENTATION_ITEM ( )  RATIONAL_B_SPLINE_SURFACE ( (
 ( 1.000000000000000000, 0.9960490760225676476, 0.9960490760225676476, 1.000000000000000000),
 ( 0.8425084105513456212, 0.8391797238709098883, 0.8391797238709098883, 0.8425084105513456212),
 ( 0.8425084105513456212, 0.8391797238709098883, 0.8391797238709098883, 0.8425084105513456212),
 ( 1.000000000000000000, 0.9960490760225676476, 0.9960490760225676476, 1.000000000000000000) ) ) 
 REPRESENTATION_ITEM ( '' )  SURFACE ( )  );
#2617 = VERTEX_POINT ( 'NONE', #8011 ) ;
#2618 = CARTESIAN_POINT ( 'NONE',  ( -0.1362732155254119670, 0.05382013101944313482, 0.07562122888688249667 ) ) ;
#2619 = CARTESIAN_POINT ( 'NONE',  ( -0.1196543768838166932, -0.04724402933574805424, 0.009755958036362850569 ) ) ;
#2620 = CARTESIAN_POINT ( 'NONE',  ( -0.1397637197829921518, -0.05118103720976377446, 0.05260048451362204364 ) ) ;
#2621 = LINE ( 'NONE', #6798, #9991 ) ;
#2622 = B_SPLINE_CURVE_WITH_KNOTS ( 'NONE', 3,
 ( #8570, #7069, #3164, #9383 ),
 .UNSPECIFIED., .F., .F.,
 ( 4, 4 ),
 ( 0.0000000000000000000, 1.000000000000000000 ),
 .UNSPECIFIED. ) ;
#2623 = EDGE_CURVE ( 'NONE', #8585, #8796, #1621, .T. ) ;
#2624 = CARTESIAN_POINT ( 'NONE',  ( -0.1023621449798425564, -0.03543300571370076174, 0.02165354330708661040 ) ) ;
#2625 = EDGE_LOOP ( 'NONE', ( #664, #1456, #8558, #4701 ) ) ;
#2626 = LINE ( 'NONE', #4996, #9988 ) ;
#2627 = VECTOR ( 'NONE', #8996, 39.37007874015748143 ) ;
#2628 = EDGE_CURVE ( 'NONE', #8825, #351, #4154, .T. ) ;
#2629 = FACE_OUTER_BOUND ( 'NONE', #7238, .T. ) ;
#2630 = EDGE_CURVE ( 'NONE', #6140, #3608, #8509, .T. ) ;
#2631 = CARTESIAN_POINT ( 'NONE',  ( -0.1279526961609449009, -0.04724402933574803343, 0.007874015748031489015 ) ) ;
#2632 = CARTESIAN_POINT ( 'NONE',  ( 0.1279528156500787661, -7.435394413446427819E-06, 0.02362204724409449133 ) ) ;
#2633 = CIRCLE ( 'NONE', #7248, 0.003937007874015830376 ) ;
#2634 = CARTESIAN_POINT ( 'NONE',  ( 0.1673228943901569621, 0.04332263286363987470, 0.1003355875996637253 ) ) ;
#2635 = ORIENTED_EDGE ( 'NONE', *, *, #6211, .F. ) ;
#2636 = CARTESIAN_POINT ( 'NONE',  ( -0.1003936410428346721, -0.07156951807729830528, 0.1105646319141157935 ) ) ;
#2637 = LINE ( 'NONE', #4178, #2768 ) ;
#2638 = DIRECTION ( 'NONE',  ( -0.0000000000000000000, -1.000000000000000000, 0.0000000000000000000 ) ) ;
#2639 = CARTESIAN_POINT ( 'NONE',  ( -0.1112204126963779738, -0.02374060889942913866, 0.1337844026243306950 ) ) ;
#2640 = CARTESIAN_POINT ( 'NONE',  ( -0.1397637197829904032, 0.04897385069820651277, 0.07862835256716387000 ) ) ;
#2641 = EDGE_LOOP ( 'NONE', ( #6292, #3138, #8213, #184 ) ) ;
#2642 = CARTESIAN_POINT ( 'NONE',  ( -0.1279526961609449009, 0.03149612814456703019, 0.03149606299212597688 ) ) ;
#2643 = ORIENTED_EDGE ( 'NONE', *, *, #4219, .T. ) ;
#2644 = EDGE_CURVE ( 'NONE', #1283, #3646, #1880, .T. ) ;
#2645 = B_SPLINE_CURVE_WITH_KNOTS ( 'NONE', 3,
 ( #4348, #5176, #9913, #8315 ),
 .UNSPECIFIED., .F., .F.,
 ( 4, 4 ),
 ( 0.0000000000000000000, 1.000000000000000000 ),
 .UNSPECIFIED. ) ;
#2646 = CARTESIAN_POINT ( 'NONE',  ( -0.1356028212171448144, 0.04658763793132773140, 0.1021305039898407901 ) ) ;
#2647 = PLANE ( 'NONE',  #6086 ) ;
#2648 = EDGE_LOOP ( 'NONE', ( #3342, #50, #5467 ) ) ;
#2649 = CARTESIAN_POINT ( 'NONE',  ( -0.1358600830307658547, -0.04458049328734574324, 0.04730134657852113483 ) ) ;
#2650 = VERTEX_POINT ( 'NONE', #9453 ) ;
#2651 = CARTESIAN_POINT ( 'NONE',  ( -0.1304272508542544118, -0.05511804508377882855, 0.07290410729930255074 ) ) ;
#2652 = DIRECTION ( 'NONE',  ( 1.000000000000000000, 6.123233995736766036E-17, 0.0000000000000000000 ) ) ;
#2653 = ORIENTED_EDGE ( 'NONE', *, *, #9626, .F. ) ;
#2654 = PLANE ( 'NONE',  #9325 ) ;
#2655 = CYLINDRICAL_SURFACE ( 'NONE', #2247, 0.01574803149606299191 ) ;
#2656 = CARTESIAN_POINT ( 'NONE',  ( 0.1289360858844487701, -0.001726623610590556461, 0.02388923398865747810 ) ) ;
#2657 = CARTESIAN_POINT ( 'NONE',  ( -0.04719814583694061788, 0.02036902474400163407, 0.007874015748031497688 ) ) ;
#2658 = CARTESIAN_POINT ( 'NONE',  ( -0.1342976294835989126, -0.05511804508377881467, 0.07150791132289931185 ) ) ;
#2659 = ORIENTED_EDGE ( 'NONE', *, *, #2555, .T. ) ;
#2660 = VERTEX_POINT ( 'NONE', #4715 ) ;
#2661 = LINE ( 'NONE', #5756, #8577 ) ;
#2662 = VERTEX_POINT ( 'NONE', #4771 ) ;
#2663 = CARTESIAN_POINT ( 'NONE',  ( -0.1377952149737045606, 0.04522263336787511745, 0.05177257481387108340 ) ) ;
#2664 = EDGE_CURVE ( 'NONE', #2082, #4793, #6490, .T. ) ;
#2665 = CARTESIAN_POINT ( 'NONE',  ( -0.1161416725388975252, 6.515244157406620216E-08, 0.007874015748031494219 ) ) ;
#2666 = CARTESIAN_POINT ( 'NONE',  ( 0.1200787999020463959, -0.05581316052198066063, 0.01926146608892272474 ) ) ;
#2667 = EDGE_LOOP ( 'NONE', ( #4734, #9771, #1901, #207 ) ) ;
#2668 = CARTESIAN_POINT ( 'NONE',  ( 0.02559061092566927709, 0.01968510452251908543, 0.0002668757515022702662 ) ) ;
#2669 = FACE_BOUND ( 'NONE', #2521, .T. ) ;
#2670 = CARTESIAN_POINT ( 'NONE',  ( 0.1271613092969290926, 0.006660589191771629572, 0.1272365149063385548 ) ) ;
#2671 = LINE ( 'NONE', #8083, #8343 ) ;
#2672 = DIRECTION ( 'NONE',  ( -1.000000000000000000, -0.0000000000000000000, -0.0000000000000000000 ) ) ;
#2673 = ORIENTED_EDGE ( 'NONE', *, *, #2476, .T. ) ;
#2674 = CARTESIAN_POINT ( 'NONE',  ( -0.1397635449302742638, -0.05114393245961716683, 0.05294370959307086871 ) ) ;
#2675 = FACE_OUTER_BOUND ( 'NONE', #1657, .T. ) ;
#2676 = LINE ( 'NONE', #8963, #4073 ) ;
#2677 =( BOUNDED_SURFACE ( )  B_SPLINE_SURFACE ( 3, 3, ( 
 ( #5171, #370, #5738, #5012 ),
 ( #9801, #1193, #2747, #6550 ),
 ( #5887, #9036, #8887, #8258 ),
 ( #8310, #4343, #7480, #3571 ) ),
 .UNSPECIFIED., .F., .F., .F. ) 
 B_SPLINE_SURFACE_WITH_KNOTS ( ( 4, 4 ),
 ( 4, 4 ),
 ( 0.0000000000000000000, 1.000000000000000000 ),
 ( 0.0000000000000000000, 1.000000000000000000 ),
 .UNSPECIFIED. ) 
 GEOMETRIC_REPRESENTATION_ITEM ( )  RATIONAL_B_SPLINE_SURFACE ( (
 ( 1.000000000000000000, 0.9934450294291115036, 0.9934450294291115036, 1.000000000000000000),
 ( 0.8425084105511453370, 0.8369857927142565490, 0.8369857927142565490, 0.8425084105511453370),
 ( 0.8425084105511453370, 0.8369857927142565490, 0.8369857927142565490, 0.8425084105511453370),
 ( 1.000000000000000000, 0.9934450294291115036, 0.9934450294291115036, 1.000000000000000000) ) ) 
 REPRESENTATION_ITEM ( '' )  SURFACE ( )  );
#2678 = DIRECTION ( 'NONE',  ( 1.000000000000000000, 6.123233995736766036E-17, -0.0000000000000000000 ) ) ;
#2679 = CARTESIAN_POINT ( 'NONE',  ( -0.1397637197829920686, -0.04724402933574944896, 0.05294369135373609703 ) ) ;
#2680 = DIRECTION ( 'NONE',  ( -6.123233995736766036E-17, 1.000000000000000000, 0.0000000000000000000 ) ) ;
#2681 = ORIENTED_EDGE ( 'NONE', *, *, #5519, .T. ) ;
#2682 = DIRECTION ( 'NONE',  ( 0.0000000000000000000, 0.0000000000000000000, 1.000000000000000000 ) ) ;
#2683 = CARTESIAN_POINT ( 'NONE',  ( -0.1358267119089625052, -0.05118103720976377446, 0.07010472905581846548 ) ) ;
#2684 = CARTESIAN_POINT ( 'NONE',  ( -0.1371863431266667488, -0.05511804508377858569, 0.05146208582347031046 ) ) ;
#2685 = ADVANCED_FACE ( 'NONE', ( #132 ), #2957, .T. ) ;
#2686 = DIRECTION ( 'NONE',  ( 0.0000000000000000000, 1.000000000000000000, 0.0000000000000000000 ) ) ;
#2687 = CARTESIAN_POINT ( 'NONE',  ( 0.1200787999020472424, 0.05511817538866142785, 0.007874015748031499423 ) ) ;
#2688 = VERTEX_POINT ( 'NONE', #235 ) ;
#2689 = LINE ( 'NONE', #8255, #4059 ) ;
#2690 = ORIENTED_EDGE ( 'NONE', *, *, #1653, .T. ) ;
#2691 = FACE_OUTER_BOUND ( 'NONE', #9415, .T. ) ;
#2692 = B_SPLINE_CURVE_WITH_KNOTS ( 'NONE', 3,
 ( #4589, #1429, #4535, #3761 ),
 .UNSPECIFIED., .F., .F.,
 ( 4, 4 ),
 ( 0.0000000000000000000, 1.000000000000000000 ),
 .UNSPECIFIED. ) ;
#2693 = CARTESIAN_POINT ( 'NONE',  ( 0.1673228943901574062, -0.007686628856397072218, 0.04603273933518543803 ) ) ;
#2694 = EDGE_CURVE ( 'NONE', #4963, #4293, #835, .T. ) ;
#2695 = DIRECTION ( 'NONE',  ( 0.0000000000000000000, 0.0000000000000000000, 1.000000000000000000 ) ) ;
#2696 = VERTEX_POINT ( 'NONE', #4100 ) ;
#2697 = VERTEX_POINT ( 'NONE', #5598 ) ;
#2698 = CARTESIAN_POINT ( 'NONE',  ( -0.1200786804129134189, -0.04719250588261681562, 0.02301938057396955839 ) ) ;
#2699 = EDGE_CURVE ( 'NONE', #5246, #4254, #3768, .T. ) ;
#2700 = CARTESIAN_POINT ( 'NONE',  ( 0.1200787999020463959, -0.04930410162685039399, 0.01574803149606294680 ) ) ;
#2701 = ORIENTED_EDGE ( 'NONE', *, *, #9632, .F. ) ;
#2702 = ORIENTED_EDGE ( 'NONE', *, *, #4911, .T. ) ;
#2703 = CYLINDRICAL_SURFACE ( 'NONE', #1758, 0.03937007874015747977 ) ;
#2704 = DIRECTION ( 'NONE',  ( -1.000000000000000000, -6.123233995736766036E-17, -0.0000000000000000000 ) ) ;
#2705 = CARTESIAN_POINT ( 'NONE',  ( 0.1294310107057873860, -0.01328816023401571851, 0.02562154746148425158 ) ) ;
#2706 = B_SPLINE_CURVE_WITH_KNOTS ( 'NONE', 3,
 ( #7804, #8010, #2503, #943 ),
 .UNSPECIFIED., .F., .F.,
 ( 4, 4 ),
 ( 0.0000000000000000000, 1.000000000000000000 ),
 .UNSPECIFIED. ) ;
#2707 = DIRECTION ( 'NONE',  ( 1.000000000000000000, 0.0000000000000000000, -0.0000000000000000000 ) ) ;
#2708 = CARTESIAN_POINT ( 'NONE',  ( -0.1377952158459847254, 0.04370815303555623810, 0.04698574294435553522 ) ) ;
#2709 = LINE ( 'NONE', #4466, #5100 ) ;
#2710 = EDGE_LOOP ( 'NONE', ( #7807, #7183, #9100, #2910 ) ) ;
#2711 = CARTESIAN_POINT ( 'NONE',  ( 0.1279528156500783775, 0.05019661529629170643, 0.02477999048190419537 ) ) ;
#2712 = EDGE_CURVE ( 'NONE', #9776, #4727, #8639, .T. ) ;
#2713 = ORIENTED_EDGE ( 'NONE', *, *, #3017, .F. ) ;
#2714 = CYLINDRICAL_SURFACE ( 'NONE', #923, 0.03149606299212598381 ) ;
#2715 = CARTESIAN_POINT ( 'NONE',  ( 0.1200787999020436897, -0.07081804999933613565, 0.1240157480314960509 ) ) ;
#2716 = DIRECTION ( 'NONE',  ( 0.0000000000000000000, -0.0000000000000000000, 1.000000000000000000 ) ) ;
#2717 = ADVANCED_FACE ( 'NONE', ( #9097 ), #4004, .T. ) ;
#2718 = ORIENTED_EDGE ( 'NONE', *, *, #1109, .T. ) ;
#2719 = CARTESIAN_POINT ( 'NONE',  ( -0.1358267221532746816, 0.04330715176662494614, 0.09719780879090611503 ) ) ;
#2720 = UNCERTAINTY_MEASURE_WITH_UNIT (LENGTH_MEASURE( 1.000000000000000082E-05 ), #7820, 'distance_accuracy_value', 'NONE');
#2721 = CARTESIAN_POINT ( 'NONE',  ( 0.1276750916771653421, 0.01208362772011810880, 0.1290104903096850331 ) ) ;
#2722 = CARTESIAN_POINT ( 'NONE',  ( -0.1345715475549400242, 0.05183733549365964616, 0.1028692718961350255 ) ) ;
#2723 = CARTESIAN_POINT ( 'NONE',  ( 0.1574803747051181091, 6.515244097005101764E-08, 0.07480314960629920462 ) ) ;
#2724 = VERTEX_POINT ( 'NONE', #9812 ) ;
#2725 = CARTESIAN_POINT ( 'NONE',  ( -0.1397635449302742638, -0.05114393245961716683, 0.05209269437444680184 ) ) ;
#2726 = CARTESIAN_POINT ( 'NONE',  ( -0.1279526961609449287, -0.03260604773677323875, 0.09719359953727475798 ) ) ;
#2727 = FACE_OUTER_BOUND ( 'NONE', #2773, .T. ) ;
#2728 = ADVANCED_FACE ( 'NONE', ( #1922 ), #9767, .F. ) ;
#2729 = B_SPLINE_CURVE_WITH_KNOTS ( 'NONE', 3,
 ( #1203, #4353, #4301, #7398, #5133, #8992, #1975, #996 ),
 .UNSPECIFIED., .F., .F.,
 ( 4, 2, 2, 4 ),
 ( 0.0000000000000000000, 0.1250000003818224625, 0.2500000007636448696, 0.5000000015272897391 ),
 .UNSPECIFIED. ) ;
#2730 = LINE ( 'NONE', #6643, #6907 ) ;
#2731 = DIRECTION ( 'NONE',  ( -6.123233995736766036E-17, 1.000000000000000000, 0.0000000000000000000 ) ) ;
#2732 = CARTESIAN_POINT ( 'NONE',  ( -0.1384513838250003848, -0.04831000477663986714, 0.04982107890626930741 ) ) ;
#2733 = ORIENTED_EDGE ( 'NONE', *, *, #8674, .T. ) ;
#2734 = CARTESIAN_POINT ( 'NONE',  ( -0.1200786804129134189, -0.05961152763757317924, 0.09743004731877244473 ) ) ;
#2735 = CARTESIAN_POINT ( 'NONE',  ( -0.1200786804129134050, -0.04574383263740279537, 0.1338582677165354173 ) ) ;
#2736 = CARTESIAN_POINT ( 'NONE',  ( 0.1751969101381888883, -0.01409955434554244040, 0.08296816847225479963 ) ) ;
#2737 = EDGE_CURVE ( 'NONE', #3430, #5535, #5135, .T. ) ;
#2738 = PLANE ( 'NONE',  #8385 ) ;
#2739 = CARTESIAN_POINT ( 'NONE',  ( -0.1279526961609450675, -0.05375780283770899975, 0.09251968503937034460 ) ) ;
#2740 = ORIENTED_EDGE ( 'NONE', *, *, #3760, .T. ) ;
#2741 = CARTESIAN_POINT ( 'NONE',  ( -0.1377952158459843091, 0.03051187617606588784, 0.05678838069122389004 ) ) ;
#2742 = VERTEX_POINT ( 'NONE', #1256 ) ;
#2743 = CARTESIAN_POINT ( 'NONE',  ( 0.2814961227366140073, 6.515244097103107447E-08, 0.06299212598425199539 ) ) ;
#2744 = VECTOR ( 'NONE', #3492, 39.37007874015748143 ) ;
#2745 = AXIS2_PLACEMENT_3D ( 'NONE', #5354, #5265, #1519 ) ;
#2746 = EDGE_CURVE ( 'NONE', #410, #8530, #381, .T. ) ;
#2747 = CARTESIAN_POINT ( 'NONE',  ( -0.1307910261740107272, -0.04460506583094859395, 0.07651733133362088879 ) ) ;
#2748 = DIRECTION ( 'NONE',  ( 1.000000000000000000, 0.0000000000000000000, -0.0000000000000000000 ) ) ;
#2749 = VERTEX_POINT ( 'NONE', #4406 ) ;
#2750 =( GEOMETRIC_REPRESENTATION_CONTEXT ( 3 ) GLOBAL_UNCERTAINTY_ASSIGNED_CONTEXT ( ( #1882 ) ) GLOBAL_UNIT_ASSIGNED_CONTEXT ( ( #3721, #4549, #7683 ) ) REPRESENTATION_CONTEXT ( 'NONE', 'WORKASPACE' ) );
#2751 = CARTESIAN_POINT ( 'NONE',  ( 0.01574809124062992449, 0.04724415964062995271, 0.007874015748031495954 ) ) ;
#2752 = DIRECTION ( 'NONE',  ( 1.000000000000000000, 0.0000000000000000000, 0.0000000000000000000 ) ) ;
#2753 = ORIENTED_EDGE ( 'NONE', *, *, #7299, .F. ) ;
#2754 = ORIENTED_EDGE ( 'NONE', *, *, #6961, .F. ) ;
#2755 = EDGE_CURVE ( 'NONE', #7937, #3334, #1823, .T. ) ;
#2756 = EDGE_CURVE ( 'NONE', #1540, #8107, #7650, .T. ) ;
#2757 = CARTESIAN_POINT ( 'NONE',  ( 0.2854331306106298594, -0.01573089720327825944, 0.07692411899266217434 ) ) ;
#2758 = AXIS2_PLACEMENT_3D ( 'NONE', #9180, #6131, #4591 ) ;
#2759 = CARTESIAN_POINT ( 'NONE',  ( 0.1290671786608266480, -0.006351906445944907782, 0.02425444446171259871 ) ) ;
#2760 = CARTESIAN_POINT ( 'NONE',  ( -0.1358600830307603591, -0.04458049328734892125, 0.07574709207037866321 ) ) ;
#2761 = DIRECTION ( 'NONE',  ( 0.0000000000000000000, -1.000000000000000000, 0.0000000000000000000 ) ) ;
#2762 = CARTESIAN_POINT ( 'NONE',  ( 0.2854331306106281385, 0.03428210079079135192, 0.07554964872696455502 ) ) ;
#2763 = EDGE_LOOP ( 'NONE', ( #3770, #2334, #3477, #7803, #3657, #7939 ) ) ;
#2764 = EDGE_LOOP ( 'NONE', ( #536, #6955, #8207, #2898 ) ) ;
#2765 = CARTESIAN_POINT ( 'NONE',  ( 0.1279528156500783775, 0.07941917185762374654, 0.09550246044651705679 ) ) ;
#2766 = AXIS2_PLACEMENT_3D ( 'NONE', #10099, #3046, #1480 ) ;
#2767 = ORIENTED_EDGE ( 'NONE', *, *, #9965, .T. ) ;
#2768 = VECTOR ( 'NONE', #5729, 39.37007874015748143 ) ;
#2769 = CARTESIAN_POINT ( 'NONE',  ( -0.1002406273343664223, 0.03389744032494648729, 0.007874015748029556533 ) ) ;
#2770 =( BOUNDED_CURVE ( )  B_SPLINE_CURVE ( 3, ( #6229, #2164, #2315, #5460 ),
 .UNSPECIFIED., .F., .T. ) 
 B_SPLINE_CURVE_WITH_KNOTS ( ( 4, 4 ),
 ( 0.0000000000000000000, 1.000000000000000000 ),
 .UNSPECIFIED. ) 
 CURVE ( )  GEOMETRIC_REPRESENTATION_ITEM ( )  RATIONAL_B_SPLINE_CURVE ( ( 1.000000000000000000, 0.9982531623862326287, 0.9982531623862326287, 1.000000000000000000 ) ) 
 REPRESENTATION_ITEM ( '' )  );
#2771 = EDGE_CURVE ( 'NONE', #4650, #7551, #6166, .T. ) ;
#2772 = CARTESIAN_POINT ( 'NONE',  ( 0.1673228943901572396, -0.0004343229309665573232, 0.03149895794904133961 ) ) ;
#2773 = EDGE_LOOP ( 'NONE', ( #7294, #5291, #317, #2659 ) ) ;
#2774 = AXIS2_PLACEMENT_3D ( 'NONE', #9144, #8995, #382 ) ;
#2775 = FACE_OUTER_BOUND ( 'NONE', #6688, .T. ) ;
#2776 = FACE_OUTER_BOUND ( 'NONE', #2890, .T. ) ;
#2777 = LINE ( 'NONE', #8397, #5400 ) ;
#2778 = DIRECTION ( 'NONE',  ( 1.000000000000000000, 6.123233995736766036E-17, 0.0000000000000000000 ) ) ;
#2779 = AXIS2_PLACEMENT_3D ( 'NONE', #7912, #831, #7135 ) ;
#2780 = CARTESIAN_POINT ( 'NONE',  ( 0.1319919543290157538, 0.01104975053562992984, 0.02479012580464173138 ) ) ;
#2781 = VERTEX_POINT ( 'NONE', #6619 ) ;
#2782 = CARTESIAN_POINT ( 'NONE',  ( -0.03740151505859279357, -0.07428269065549170103, 0.03265609933385734548 ) ) ;
#2783 = DIRECTION ( 'NONE',  ( 1.000000000000000000, 6.123233995736766036E-17, 0.0000000000000000000 ) ) ;
#2784 = CARTESIAN_POINT ( 'NONE',  ( -0.1200786804129134189, 0.04173234861700785003, 0.04724409448818519403 ) ) ;
#2785 = CYLINDRICAL_SURFACE ( 'NONE', #2291, 0.003937007874015749712 ) ;
#2786 = CARTESIAN_POINT ( 'NONE',  ( -0.1043306489168504270, -0.03543300571370078256, 0.007874015748031495954 ) ) ;
#2787 = CARTESIAN_POINT ( 'NONE',  ( -0.1384643418095415912, -0.04861121365840120195, 0.04980947451961718897 ) ) ;
#2788 = VERTEX_POINT ( 'NONE', #5850 ) ;
#2789 = CARTESIAN_POINT ( 'NONE',  ( -0.1279526961609449009, 0.05511817538866112948, 0.1002631264098800407 ) ) ;
#2790 = VECTOR ( 'NONE', #2002, 39.37007874015748143 ) ;
#2791 = DIRECTION ( 'NONE',  ( -0.0000000000000000000, -1.000000000000000000, 0.0000000000000000000 ) ) ;
#2792 = CARTESIAN_POINT ( 'NONE',  ( -0.1358267119089763830, -0.05118103720976377446, 0.05260048451362204364 ) ) ;
#2793 = CARTESIAN_POINT ( 'NONE',  ( -0.1358267119089763830, -0.04724402933574803343, 0.07010472905581019432 ) ) ;
#2794 = CARTESIAN_POINT ( 'NONE',  ( -0.1279526961609450120, -0.02755898996566928660, 0.03543307086613975421 ) ) ;
#2795 = VERTEX_POINT ( 'NONE', #3583 ) ;
#2796 = CARTESIAN_POINT ( 'NONE',  ( 0.1594488786419577531, -0.04984893011173687632, 0.08819969486250116286 ) ) ;
#2797 = EDGE_CURVE ( 'NONE', #7193, #9871, #3841, .T. ) ;
#2798 = B_SPLINE_CURVE_WITH_KNOTS ( 'NONE', 3,
 ( #1424, #4584, #6948, #6372 ),
 .UNSPECIFIED., .F., .F.,
 ( 4, 4 ),
 ( 0.0000000000000000000, 1.000000000000000000 ),
 .UNSPECIFIED. ) ;
#2799 = ORIENTED_EDGE ( 'NONE', *, *, #2542, .F. ) ;
#2800 = CARTESIAN_POINT ( 'NONE',  ( 0.1316698732690157747, -0.004106125520866162233, 0.1258574112342519813 ) ) ;
#2801 = AXIS2_PLACEMENT_3D ( 'NONE', #8091, #1020, #4174 ) ;
#2802 = EDGE_CURVE ( 'NONE', #9962, #7558, #8994, .T. ) ;
#2803 = CARTESIAN_POINT ( 'NONE',  ( 0.1673228943901138022, 6.515244094979156450E-08, 0.04527559055117848924 ) ) ;
#2804 = ORIENTED_EDGE ( 'NONE', *, *, #6739, .F. ) ;
#2805 = B_SPLINE_CURVE_WITH_KNOTS ( 'NONE', 3,
 ( #8932, #5015, #9804, #417, #7588, #10104 ),
 .UNSPECIFIED., .F., .F.,
 ( 4, 2, 4 ),
 ( 0.0000000000000000000, 0.5000000000000000000, 1.000000000000000000 ),
 .UNSPECIFIED. ) ;
#2806 = CARTESIAN_POINT ( 'NONE',  ( 0.1574803747053955261, 6.515244096462829948E-08, 0.07480314960629920462 ) ) ;
#2807 = CARTESIAN_POINT ( 'NONE',  ( 0.06808444073216524117, -0.01968497421763773861, 0.01574803149606298844 ) ) ;
#2808 = FACE_OUTER_BOUND ( 'NONE', #4474, .T. ) ;
#2809 = ORIENTED_EDGE ( 'NONE', *, *, #3193, .T. ) ;
#2810 = AXIS2_PLACEMENT_3D ( 'NONE', #1339, #10051, #2254 ) ;
#2811 = VERTEX_POINT ( 'NONE', #1312 ) ;
#2812 = CARTESIAN_POINT ( 'NONE',  ( 0.1200787999020468122, 0.04740791778282603397, 0.01574803149606292599 ) ) ;
#2813 = CARTESIAN_POINT ( 'NONE',  ( 0.1291800288779133554, -0.008711231378700780639, 0.02460728046135039412 ) ) ;
#2814 = CARTESIAN_POINT ( 'NONE',  ( -0.05708655442866219371, 0.01771660058551181513, 0.007874015748031549730 ) ) ;
#2815 = CARTESIAN_POINT ( 'NONE',  ( 0.06808444073216524117, 0.01968510452251923462, 0.01574803149606298844 ) ) ;
#2816 = CIRCLE ( 'NONE', #4455, 0.003937007874015783539 ) ;
#2817 = DIRECTION ( 'NONE',  ( 1.000000000000000000, 6.123233995736766036E-17, 0.0000000000000000000 ) ) ;
#2818 = ORIENTED_EDGE ( 'NONE', *, *, #5193, .T. ) ;
#2819 = EDGE_CURVE ( 'NONE', #323, #2451, #8623, .T. ) ;
#2820 = ORIENTED_EDGE ( 'NONE', *, *, #2408, .T. ) ;
#2821 = CARTESIAN_POINT ( 'NONE',  ( 0.2775591148625983773, -0.007873950595591651738, 0.07480314960629920462 ) ) ;
#2822 = ORIENTED_EDGE ( 'NONE', *, *, #9181, .F. ) ;
#2823 = EDGE_CURVE ( 'NONE', #8652, #9400, #8663, .T. ) ;
#2824 = EDGE_CURVE ( 'NONE', #6624, #4841, #7553, .T. ) ;
#2825 = DIRECTION ( 'NONE',  ( 6.103306557709932352E-17, -0.9967456023988781055, -0.08061143900525390149 ) ) ;
#2826 = CARTESIAN_POINT ( 'NONE',  ( -0.1369955064767785224, 0.04108480525475239481, 0.06580384561576743674 ) ) ;
#2827 = EDGE_LOOP ( 'NONE', ( #9614, #6529, #237, #7325 ) ) ;
#2828 = EDGE_CURVE ( 'NONE', #8282, #72, #8605, .T. ) ;
#2829 = LINE ( 'NONE', #2878, #2266 ) ;
#2830 = DIRECTION ( 'NONE',  ( -0.0000000000000000000, -1.000000000000000000, 0.0000000000000000000 ) ) ;
#2831 = LINE ( 'NONE', #7414, #8366 ) ;
#2832 = EDGE_CURVE ( 'NONE', #1661, #3007, #4678, .T. ) ;
#2833 = CARTESIAN_POINT ( 'NONE',  ( 0.1318668888708661169, 0.008755885912519691464, 0.02433756408631889898 ) ) ;
#2834 = ORIENTED_EDGE ( 'NONE', *, *, #7782, .T. ) ;
#2835 = CARTESIAN_POINT ( 'NONE',  ( -0.1358267119089759112, 0.06062434041766172343, 0.04757068916663079183 ) ) ;
#2836 =( BOUNDED_SURFACE ( )  B_SPLINE_SURFACE ( 3, 3, ( 
 ( #8208, #6715, #2065, #1145 ),
 ( #8365, #1302, #2649, #270 ),
 ( #6555, #2855, #6773, #6662 ),
 ( #4294, #1966, #3425, #8313 ) ),
 .UNSPECIFIED., .F., .F., .F. ) 
 B_SPLINE_SURFACE_WITH_KNOTS ( ( 4, 4 ),
 ( 4, 4 ),
 ( 0.0000000000000000000, 1.000000000000000000 ),
 ( 0.0000000000000000000, 1.000000000000000000 ),
 .UNSPECIFIED. ) 
 GEOMETRIC_REPRESENTATION_ITEM ( )  RATIONAL_B_SPLINE_SURFACE ( (
 ( 1.000000000000000000, 0.8047378541243664918, 0.8047378541243664918, 1.000000000000000000),
 ( 0.9521766939770929250, 0.7662526294583593689, 0.7662526294583593689, 0.9521766939770929250),
 ( 0.9521766939770929250, 0.7662526294583593689, 0.7662526294583593689, 0.9521766939770929250),
 ( 1.000000000000000000, 0.8047378541243664918, 0.8047378541243664918, 1.000000000000000000) ) ) 
 REPRESENTATION_ITEM ( '' )  SURFACE ( )  );
#2837 = CARTESIAN_POINT ( 'NONE',  ( -0.1290824988655806527, 0.05183733549366235233, 0.07308953160562779716 ) ) ;
#2838 = DIRECTION ( 'NONE',  ( 1.000000000000000000, 0.0000000000000000000, 0.0000000000000000000 ) ) ;
#2839 = DIRECTION ( 'NONE',  ( -1.000000000000000000, -6.123233995736766036E-17, -0.0000000000000000000 ) ) ;
#2840 = CARTESIAN_POINT ( 'NONE',  ( -0.1304697030920075329, -0.04330702146173366629, 0.05015364557641903420 ) ) ;
#2841 = EDGE_LOOP ( 'NONE', ( #5602, #9808, #627, #4976 ) ) ;
#2842 = PLANE ( 'NONE',  #2949 ) ;
#2843 = ORIENTED_EDGE ( 'NONE', *, *, #3171, .T. ) ;
#2844 = LINE ( 'NONE', #5931, #1812 ) ;
#2845 = DIRECTION ( 'NONE',  ( 6.123233995736766036E-17, -1.000000000000000000, -0.0000000000000000000 ) ) ;
#2846 = CARTESIAN_POINT ( 'NONE',  ( -0.1313789265853153032, -0.05511804508377944611, 0.05039380080897534753 ) ) ;
#2847 = CARTESIAN_POINT ( 'NONE',  ( 0.03046203082145701804, 0.01968510452251974116, 0.01436640419164765189 ) ) ;
#2848 = VERTEX_POINT ( 'NONE', #9143 ) ;
#2849 = CARTESIAN_POINT ( 'NONE',  ( 0.1279528156500787661, 0.04724415964062991802, 0.01369764846694448979 ) ) ;
#2850 = VERTEX_POINT ( 'NONE', #7689 ) ;
#2851 = CARTESIAN_POINT ( 'NONE',  ( -0.1279526961609451507, 0.04860440188670211992, 0.05708661417322861975 ) ) ;
#2852 = CARTESIAN_POINT ( 'NONE',  ( -0.1377950662575663510, -0.05535383034208501973, 0.09475729642610886128 ) ) ;
#2853 = EDGE_CURVE ( 'NONE', #1090, #8889, #3098, .T. ) ;
#2854 = ORIENTED_EDGE ( 'NONE', *, *, #7419, .F. ) ;
#2855 = CARTESIAN_POINT ( 'NONE',  ( -0.1303548763006058819, -0.04511175526670903324, 0.04577618782838581424 ) ) ;
#2856 = CARTESIAN_POINT ( 'NONE',  ( -0.1023621449798425287, -0.07874009232787400336, 0.07472928451409251160 ) ) ;
#2857 = LINE ( 'NONE', #419, #3733 ) ;
#2858 = CARTESIAN_POINT ( 'NONE',  ( 0.2854331306106299149, 0.01573102750816333245, 0.07268218021992403632 ) ) ;
#2859 = ORIENTED_EDGE ( 'NONE', *, *, #2157, .F. ) ;
#2860 = ORIENTED_EDGE ( 'NONE', *, *, #4053, .T. ) ;
#2861 = CARTESIAN_POINT ( 'NONE',  ( -0.1279526961609449009, -0.03444875374519684730, 0.05574319219386040386 ) ) ;
#2862 = CARTESIAN_POINT ( 'NONE',  ( -0.1367446230767304927, 0.04658799166161311373, 0.07561038934495474539 ) ) ;
#2863 = CARTESIAN_POINT ( 'NONE',  ( -0.1279526961609450675, -0.04860427158181822305, 0.1122047244094485363 ) ) ;
#2864 = CARTESIAN_POINT ( 'NONE',  ( -0.1281369481294488410, 0.02755912027055119201, 0.03543307086614172485 ) ) ;
#2865 = EDGE_CURVE ( 'NONE', #6285, #3599, #6047, .T. ) ;
#2866 = CARTESIAN_POINT ( 'NONE',  ( 0.05117123068730305285, -0.01968497421763773514, 0.007874015748031495954 ) ) ;
#2867 = B_SPLINE_CURVE_WITH_KNOTS ( 'NONE', 3,
 ( #1995, #3399, #9780, #8958 ),
 .UNSPECIFIED., .F., .F.,
 ( 4, 4 ),
 ( 0.0000000000000000000, 1.000000000000000000 ),
 .UNSPECIFIED. ) ;
#2868 = ORIENTED_EDGE ( 'NONE', *, *, #3195, .T. ) ;
#2869 = ORIENTED_EDGE ( 'NONE', *, *, #8045, .F. ) ;
#2870 = DIRECTION ( 'NONE',  ( 0.0000000000000000000, 0.9994024655698422466, 0.03456460346829427072 ) ) ;
#2871 = EDGE_LOOP ( 'NONE', ( #7966, #2070, #4041, #2144 ) ) ;
#2872 = ADVANCED_FACE ( 'NONE', ( #4613 ), #9288, .T. ) ;
#2873 = LINE ( 'NONE', #1056, #2744 ) ;
#2874 = CARTESIAN_POINT ( 'NONE',  ( 0.1247258341972802415, -0.05356377409821690833, 0.01698286059871185333 ) ) ;
#2875 = EDGE_CURVE ( 'NONE', #1030, #1003, #8489, .T. ) ;
#2876 = EDGE_CURVE ( 'NONE', #3486, #5816, #674, .T. ) ;
#2877 = ORIENTED_EDGE ( 'NONE', *, *, #3503, .F. ) ;
#2878 = CARTESIAN_POINT ( 'NONE',  ( -0.1358266935761429650, -0.04330702146173232014, 0.06152421932444881308 ) ) ;
#2879 = FACE_OUTER_BOUND ( 'NONE', #1201, .T. ) ;
#2880 = CARTESIAN_POINT ( 'NONE',  ( -0.1279526961609449287, -0.04658786130524984054, 0.04599645088325686471 ) ) ;
#2881 = CARTESIAN_POINT ( 'NONE',  ( -0.1023621449798425287, -0.05256407641519588586, 0.01617701702635437194 ) ) ;
#2882 = VERTEX_POINT ( 'NONE', #6929 ) ;
#2883 = B_SPLINE_CURVE_WITH_KNOTS ( 'NONE', 3,
 ( #10009, #9239, #4547, #5322 ),
 .UNSPECIFIED., .F., .F.,
 ( 4, 4 ),
 ( 0.0000000000000000000, 1.000000000000000000 ),
 .UNSPECIFIED. ) ;
#2884 = EDGE_CURVE ( 'NONE', #4562, #1622, #9615, .T. ) ;
#2885 = CARTESIAN_POINT ( 'NONE',  ( 0.2854331306106263622, 0.06269117958137557234, 0.1028194400327771540 ) ) ;
#2886 = PLANE ( 'NONE',  #4925 ) ;
#2887 = CARTESIAN_POINT ( 'NONE',  ( 0.2736221069885826362, 0.01181108877448829378, 0.07480314960629919074 ) ) ;
#2888 = VERTEX_POINT ( 'NONE', #8625 ) ;
#2889 = CARTESIAN_POINT ( 'NONE',  ( 0.1279524659456942048, -0.04738954440098879645, 0.1259099995005234229 ) ) ;
#2890 = EDGE_LOOP ( 'NONE', ( #2553, #4083, #9927, #3666, #8765, #881, #528, #11, #5401, #8833 ) ) ;
#2891 = CARTESIAN_POINT ( 'NONE',  ( -0.1279526961609449009, 0.02755912027055118854, 0.04668728965140610948 ) ) ;
#2892 = CARTESIAN_POINT ( 'NONE',  ( -0.1200786804129133911, 0.04741437090982231900, 0.1337769567834183049 ) ) ;
#2893 = CARTESIAN_POINT ( 'NONE',  ( -0.1388263888904618659, -0.05558219500062921981, 0.05013284967786802576 ) ) ;
#2894 = CARTESIAN_POINT ( 'NONE',  ( 0.1751969101381888883, 0.01409968465041357838, 0.06663813074032862160 ) ) ;
#2895 = FACE_OUTER_BOUND ( 'NONE', #1776, .T. ) ;
#2896 = ORIENTED_EDGE ( 'NONE', *, *, #1797, .T. ) ;
#2897 = CARTESIAN_POINT ( 'NONE',  ( -0.1279526961609449565, 0.05712005044745874921, 0.07439442731926916574 ) ) ;
#2898 = ORIENTED_EDGE ( 'NONE', *, *, #7801, .T. ) ;
#2899 = DIRECTION ( 'NONE',  ( 1.000000000000000000, 0.0000000000000000000, 0.0000000000000000000 ) ) ;
#2900 = CARTESIAN_POINT ( 'NONE',  ( -0.1279526961609449287, 0.04921266357763775384, 0.1043653315612598498 ) ) ;
#2901 = EDGE_CURVE ( 'NONE', #3664, #701, #5425, .T. ) ;
#2902 = PLANE ( 'NONE',  #7866 ) ;
#2903 = VERTEX_POINT ( 'NONE', #9391 ) ;
#2904 = CARTESIAN_POINT ( 'NONE',  ( -0.1392813702291568478, -0.04675385863758556304, 0.05080710505466803223 ) ) ;
#2905 = CARTESIAN_POINT ( 'NONE',  ( 0.1200787999020472285, -0.05577387921075208088, 0.01922186201529648905 ) ) ;
#2906 = CARTESIAN_POINT ( 'NONE',  ( -0.1200786804129134189, 0.03543313601858270184, 0.1173228346456692828 ) ) ;
#2907 = DIRECTION ( 'NONE',  ( 1.000000000000000000, 6.123233995736766036E-17, 0.0000000000000000000 ) ) ;
#2908 = CARTESIAN_POINT ( 'NONE',  ( -0.1377952045720409746, 0.04911819873007634840, 0.05471172962683045621 ) ) ;
#2909 = ORIENTED_EDGE ( 'NONE', *, *, #2300, .T. ) ;
#2910 = ORIENTED_EDGE ( 'NONE', *, *, #911, .F. ) ;
#2911 = CARTESIAN_POINT ( 'NONE',  ( -0.1384514308544940175, -0.04832312910718867399, 0.07326206690564705803 ) ) ;
#2912 = LINE ( 'NONE', #9814, #3277 ) ;
#2913 = VECTOR ( 'NONE', #2423, 39.37007874015748143 ) ;
#2914 = PLANE ( 'NONE',  #9218 ) ;
#2915 = ORIENTED_EDGE ( 'NONE', *, *, #8922, .F. ) ;
#2916 = CARTESIAN_POINT ( 'NONE',  ( -0.03740151505857768066, -0.06299206083180708404, 0.003937007874015747977 ) ) ;
#2917 = VECTOR ( 'NONE', #9368, 39.37007874015748143 ) ;
#2918 = EDGE_LOOP ( 'NONE', ( #2767, #9585, #6396, #4299 ) ) ;
#2919 = CARTESIAN_POINT ( 'NONE',  ( 0.2775591148625978222, 0.01018032671790192016, 0.09516367273722105280 ) ) ;
#2920 = EDGE_LOOP ( 'NONE', ( #5966, #3951, #921, #9943 ) ) ;
#2921 = AXIS2_PLACEMENT_3D ( 'NONE', #4770, #834, #5597 ) ;
#2922 = VECTOR ( 'NONE', #2001, 39.37007874015748143 ) ;
#2923 = VECTOR ( 'NONE', #9112, 39.37007874015748143 ) ;
#2924 = CARTESIAN_POINT ( 'NONE',  ( 0.1279528156500788216, 0.05019661602290199226, 0.1248263094125508094 ) ) ;
#2925 = CARTESIAN_POINT ( 'NONE',  ( 0.1200787999020472285, 0.06299219113669250747, 0.06692913385826770867 ) ) ;
#2926 = EDGE_CURVE ( 'NONE', #8767, #6674, #4938, .T. ) ;
#2927 = ORIENTED_EDGE ( 'NONE', *, *, #3393, .F. ) ;
#2928 = VECTOR ( 'NONE', #9184, 39.37007874015748143 ) ;
#2929 = DIRECTION ( 'NONE',  ( 0.0000000000000000000, 0.0000000000000000000, 1.000000000000000000 ) ) ;
#2930 = ORIENTED_EDGE ( 'NONE', *, *, #909, .T. ) ;
#2931 = CARTESIAN_POINT ( 'NONE',  ( -0.1279526961609449009, 0.02755912027055117119, 0.07086614173228344971 ) ) ;
#2932 = AXIS2_PLACEMENT_3D ( 'NONE', #2107, #2845, #5827 ) ;
#2933 = CARTESIAN_POINT ( 'NONE',  ( -0.1003936410428345610, 0.07197047648251046759, 0.1199146981627110808 ) ) ;
#2934 = FACE_OUTER_BOUND ( 'NONE', #8126, .T. ) ;
#2935 = CARTESIAN_POINT ( 'NONE',  ( -0.1200786804129134189, -0.05999757280122733349, 0.09729158550158314989 ) ) ;
#2936 = DIRECTION ( 'NONE',  ( -0.0000000000000000000, -1.000000000000000000, 0.0000000000000000000 ) ) ;
#2937 = LINE ( 'NONE', #6217, #790 ) ;
#2938 = VECTOR ( 'NONE', #675, 39.37007874015748143 ) ;
#2939 = EDGE_LOOP ( 'NONE', ( #7739, #6805, #6019, #7998 ) ) ;
#2940 = CARTESIAN_POINT ( 'NONE',  ( -0.1392992980403737480, -0.05062633945056761731, 0.07242521867589180040 ) ) ;
#2941 = EDGE_CURVE ( 'NONE', #8536, #9962, #4314, .T. ) ;
#2942 = EDGE_CURVE ( 'NONE', #2983, #3836, #984, .T. ) ;
#2943 = CARTESIAN_POINT ( 'NONE',  ( -0.1200786804129134050, -0.01017575501305446189, 0.03543307086614170404 ) ) ;
#2944 = CARTESIAN_POINT ( 'NONE',  ( -0.1358600830307658824, -0.05384457325816607853, 0.04730134657852112789 ) ) ;
#2945 = CARTESIAN_POINT ( 'NONE',  ( 0.1673228943901574339, -0.02639234821857424154, 0.09015868916395201882 ) ) ;
#2946 = CARTESIAN_POINT ( 'NONE',  ( -0.1384513838249951667, 0.05183733549365759918, 0.1000579797070292043 ) ) ;
#2947 = ORIENTED_EDGE ( 'NONE', *, *, #4139, .F. ) ;
#2948 = CARTESIAN_POINT ( 'NONE',  ( -0.1388263888904618659, 0.05558232530551106276, 0.07722593041861605667 ) ) ;
#2949 = AXIS2_PLACEMENT_3D ( 'NONE', #2990, #5207, #8348 ) ;
#2950 = EDGE_CURVE ( 'NONE', #2850, #8727, #9972, .T. ) ;
#2951 = EDGE_CURVE ( 'NONE', #3070, #8256, #1112, .T. ) ;
#2952 = ORIENTED_EDGE ( 'NONE', *, *, #5824, .F. ) ;
#2953 = CARTESIAN_POINT ( 'NONE',  ( -0.1384513838249977757, 0.05127032016476213566, 0.07704653818558705736 ) ) ;
#2954 = CARTESIAN_POINT ( 'NONE',  ( 0.1751969101381888883, 0.004204927865585968150, 0.09055646198074344955 ) ) ;
#2955 = AXIS2_PLACEMENT_3D ( 'NONE', #1678, #1626, #3196 ) ;
#2956 = LINE ( 'NONE', #8461, #1936 ) ;
#2957 =( BOUNDED_SURFACE ( )  B_SPLINE_SURFACE ( 3, 3, ( 
 ( #2387, #6354, #7300, #1719 ),
 ( #79, #6508, #3286, #2549 ),
 ( #8691, #9617, #6415, #4868 ),
 ( #2444, #944, #7861, #3235 ) ),
 .UNSPECIFIED., .F., .F., .F. ) 
 B_SPLINE_SURFACE_WITH_KNOTS ( ( 4, 4 ),
 ( 4, 4 ),
 ( 0.0000000000000000000, 1.000000000000000000 ),
 ( 0.0000000000000000000, 1.000000000000000000 ),
 .UNSPECIFIED. ) 
 GEOMETRIC_REPRESENTATION_ITEM ( )  RATIONAL_B_SPLINE_SURFACE ( (
 ( 1.000000000000000000, 0.9922014156163513343, 0.9922014156163513343, 1.000000000000000000),
 ( 0.9419139527829749614, 0.9345683573400608291, 0.9345683573400608291, 0.9419139527829749614),
 ( 0.9419139527829749614, 0.9345683573400608291, 0.9345683573400608291, 0.9419139527829749614),
 ( 1.000000000000000000, 0.9922014156163513343, 0.9922014156163513343, 1.000000000000000000) ) ) 
 REPRESENTATION_ITEM ( '' )  SURFACE ( )  );
#2958 = ORIENTED_EDGE ( 'NONE', *, *, #2552, .F. ) ;
#2959 = DIRECTION ( 'NONE',  ( -0.2770221559521390264, 0.0000000000000000000, 0.9608635309510028533 ) ) ;
#2960 = DIRECTION ( 'NONE',  ( -1.000000000000000000, -6.123233995736766036E-17, -0.0000000000000000000 ) ) ;
#2961 = CARTESIAN_POINT ( 'NONE',  ( 0.2775591148625983773, 0.007874080900473591840, 0.05905511811023071711 ) ) ;
#2962 = ORIENTED_EDGE ( 'NONE', *, *, #320, .F. ) ;
#2963 = DIRECTION ( 'NONE',  ( 4.329780281195159100E-17, -0.7071067811894370392, 0.7071067811836579953 ) ) ;
#2964 = ADVANCED_FACE ( 'NONE', ( #2376 ), #6342, .T. ) ;
#2965 = ORIENTED_EDGE ( 'NONE', *, *, #7647, .T. ) ;
#2966 = AXIS2_PLACEMENT_3D ( 'NONE', #9075, #4482, #28 ) ;
#2967 = LINE ( 'NONE', #6046, #9046 ) ;
#2968 = DIRECTION ( 'NONE',  ( -6.123233995736766036E-17, 1.000000000000000000, 0.0000000000000000000 ) ) ;
#2969 = CARTESIAN_POINT ( 'NONE',  ( -0.1372547411619577384, -0.05183836270083958669, 0.07397592233121205729 ) ) ;
#2970 = CARTESIAN_POINT ( 'NONE',  ( -0.1358267882246727010, 0.04330715176662847110, 0.08003685524301890064 ) ) ;
#2971 = ORIENTED_EDGE ( 'NONE', *, *, #2588, .F. ) ;
#2972 = CARTESIAN_POINT ( 'NONE',  ( -0.1377952139081202454, -0.04637119487468280982, 0.1081146056218831586 ) ) ;
#2973 = VERTEX_POINT ( 'NONE', #2487 ) ;
#2974 = CARTESIAN_POINT ( 'NONE',  ( -0.1384513838250003848, -0.04831000477663986714, 0.04982107890626930741 ) ) ;
#2975 = ORIENTED_EDGE ( 'NONE', *, *, #5533, .F. ) ;
#2976 = VECTOR ( 'NONE', #2682, 39.37007874015748143 ) ;
#2977 = CARTESIAN_POINT ( 'NONE',  ( -0.1023621449798425287, -0.05586034438137428559, 0.1302975371309796071 ) ) ;
#2978 = LINE ( 'NONE', #731, #1618 ) ;
#2979 = ORIENTED_EDGE ( 'NONE', *, *, #2072, .T. ) ;
#2980 = FACE_OUTER_BOUND ( 'NONE', #7114, .T. ) ;
#2981 = EDGE_CURVE ( 'NONE', #9347, #9283, #6403, .T. ) ;
#2982 = VECTOR ( 'NONE', #8696, 39.37007874015748143 ) ;
#2983 = VERTEX_POINT ( 'NONE', #4238 ) ;
#2984 = CARTESIAN_POINT ( 'NONE',  ( -0.1279526961609449287, -0.05382000071454370871, 0.04633160447983396962 ) ) ;
#2985 = CARTESIAN_POINT ( 'NONE',  ( -0.1197637197829921618, 0.04173234861700785697, 0.04724409448818897572 ) ) ;
#2986 = CARTESIAN_POINT ( 'NONE',  ( -0.1397637197829998679, -0.04844816691209991033, 0.05161263549278083396 ) ) ;
#2987 = CARTESIAN_POINT ( 'NONE',  ( -0.1358267882246727010, 0.04330715176662847110, 0.08003685524301890064 ) ) ;
#2988 = CARTESIAN_POINT ( 'NONE',  ( -0.1377123403824438708, -0.04370312000815908954, 0.07270354113178910394 ) ) ;
#2989 = VERTEX_POINT ( 'NONE', #1808 ) ;
#2990 = CARTESIAN_POINT ( 'NONE',  ( -0.1318897757064173559, 0.04330715176661417698, 0.08861730006519684399 ) ) ;
#2991 = EDGE_CURVE ( 'NONE', #8825, #5186, #1905, .T. ) ;
#2992 = B_SPLINE_CURVE_WITH_KNOTS ( 'NONE', 3,
 ( #4006, #6363, #4875, #8753, #4827, #139, #5033, #3676, #9624, #8170, #569, #1306, #2069, #7591, #2610, #1107, #1004, #7637, #3490, #8373, #1055, #4259, #4932, #4501, #7407, #6470, #4453, #2908, #340, #2557, #5806, #2663, #5758, #4985, #6625, #9673, #289, #1828, #9773 ),
 .UNSPECIFIED., .F., .F.,
 ( 4, 2, 2, 2, 2, 2, 2, 1, 1, 2, 2, 2, 2, 2, 2, 2, 1, 2, 2, 2, 4 ),
 ( 0.01042191370842520531, 0.07227054410169464482, 0.1031948592983293611, 0.1186570168966468442, 0.1341191744949642994, 0.2578164352815040528, 0.3196650656747739294, 0.3505893808714092841, 0.3660515384697277663, 0.3737826172688867299, 0.3815136960680457490, 0.4124380112646445218, 0.4279001688629431865, 0.4433623264612418513, 0.5052109568544375096, 0.7526054784272223630, 0.7835297936238196925, 0.7989919512221183018, 0.8144541088204169110, 0.8763027392136111260, 1.000000000000000000 ),
 .UNSPECIFIED. ) ;
#2993 = ORIENTED_EDGE ( 'NONE', *, *, #7102, .T. ) ;
#2994 = CARTESIAN_POINT ( 'NONE',  ( 0.1279527650180935783, 0.01387263557172419871, 0.1270699552368573515 ) ) ;
#2995 = CARTESIAN_POINT ( 'NONE',  ( -0.1200786804129134189, 0.02755912027055118854, 0.04668728965140610948 ) ) ;
#2996 = CARTESIAN_POINT ( 'NONE',  ( 0.2854331306106284716, -0.06566268185673879154, 0.08776125958519478965 ) ) ;
#2997 = CARTESIAN_POINT ( 'NONE',  ( -0.1358267119089760777, 0.04173234861701267950, 0.04724409448819009982 ) ) ;
#2998 = CARTESIAN_POINT ( 'NONE',  ( -0.08267710560974962652, 0.04330715176661215082, 0.01567416640385565357 ) ) ;
#2999 = ORIENTED_EDGE ( 'NONE', *, *, #9476, .T. ) ;
#3000 = FACE_OUTER_BOUND ( 'NONE', #2710, .T. ) ;
#3001 = VERTEX_POINT ( 'NONE', #3371 ) ;
#3002 = CARTESIAN_POINT ( 'NONE',  ( -0.1397637197829904032, 0.05095532708771562114, 0.07881782981463594795 ) ) ;
#3003 = DIRECTION ( 'NONE',  ( 0.0000000000000000000, 1.000000000000000000, 0.0000000000000000000 ) ) ;
#3004 = CARTESIAN_POINT ( 'NONE',  ( -0.1384514022634031893, 0.05069486279869207107, 0.07695887951776285429 ) ) ;
#3005 = ADVANCED_FACE ( 'NONE', ( #9708 ), #414, .T. ) ;
#3006 = EDGE_CURVE ( 'NONE', #6202, #7880, #8990, .T. ) ;
#3007 = VERTEX_POINT ( 'NONE', #223 ) ;
#3008 = DIRECTION ( 'NONE',  ( -6.123233995736766036E-17, 1.000000000000000000, -0.0000000000000000000 ) ) ;
#3009 = DIRECTION ( 'NONE',  ( -6.123233995736766036E-17, 1.000000000000000000, 0.0000000000000000000 ) ) ;
#3010 = DIRECTION ( 'NONE',  ( -0.0000000000000000000, 0.0000000000000000000, 1.000000000000000000 ) ) ;
#3011 = CARTESIAN_POINT ( 'NONE',  ( -0.08858261742078746281, -0.01771647028062989238, 0.02362204724409448786 ) ) ;
#3012 = ORIENTED_EDGE ( 'NONE', *, *, #7567, .F. ) ;
#3013 = CARTESIAN_POINT ( 'NONE',  ( -0.1279526961609449287, 0.04330715176660177024, 0.1022740480997394036 ) ) ;
#3014 = EDGE_LOOP ( 'NONE', ( #9795, #6884, #8476, #1802 ) ) ;
#3015 = FACE_OUTER_BOUND ( 'NONE', #1853, .T. ) ;
#3016 = B_SPLINE_CURVE_WITH_KNOTS ( 'NONE', 3,
 ( #45, #4064, #8028, #9631 ),
 .UNSPECIFIED., .F., .F.,
 ( 4, 4 ),
 ( 0.8704371728305729805, 1.000000000000000000 ),
 .UNSPECIFIED. ) ;
#3017 = EDGE_CURVE ( 'NONE', #4176, #10006, #4809, .T. ) ;
#3018 = CARTESIAN_POINT ( 'NONE',  ( -0.1395032496428385838, 0.05088376713964298109, 0.09881610553070875602 ) ) ;
#3019 =( BOUNDED_CURVE ( )  B_SPLINE_CURVE ( 3, ( #7709, #2297, #3797, #5444 ),
 .UNSPECIFIED., .F., .T. ) 
 B_SPLINE_CURVE_WITH_KNOTS ( ( 4, 4 ),
 ( 0.0000000000000000000, 1.000000000000000000 ),
 .UNSPECIFIED. ) 
 CURVE ( )  GEOMETRIC_REPRESENTATION_ITEM ( )  RATIONAL_B_SPLINE_CURVE ( ( 1.000000000000000000, 0.9771939831883017513, 0.9771939831883017513, 1.000000000000000000 ) ) 
 REPRESENTATION_ITEM ( '' )  );
#3020 = CARTESIAN_POINT ( 'NONE',  ( -0.1279526961609449287, 0.05382013101944467526, 0.1038099149097968382 ) ) ;
#3021 = CARTESIAN_POINT ( 'NONE',  ( 0.1200787999020471869, -0.06299206083181720095, 0.003937007874015744507 ) ) ;
#3022 = CARTESIAN_POINT ( 'NONE',  ( -0.1369955064767957031, -0.04173786430671660302, 0.1026887994028508194 ) ) ;
#3023 = EDGE_CURVE ( 'NONE', #701, #3189, #2465, .T. ) ;
#3024 = ORIENTED_EDGE ( 'NONE', *, *, #3181, .F. ) ;
#3025 = ORIENTED_EDGE ( 'NONE', *, *, #6186, .T. ) ;
#3026 = VERTEX_POINT ( 'NONE', #7436 ) ;
#3027 = DIRECTION ( 'NONE',  ( 0.0000000000000000000, 1.000000000000000000, -0.0000000000000000000 ) ) ;
#3028 = CARTESIAN_POINT ( 'NONE',  ( -0.1003936410428345055, 0.08464573444377952727, 0.06335027850596847143 ) ) ;
#3029 = ADVANCED_FACE ( 'NONE', ( #5787 ), #2677, .T. ) ;
#3030 = ORIENTED_EDGE ( 'NONE', *, *, #7641, .F. ) ;
#3031 = LINE ( 'NONE', #10083, #9677 ) ;
#3032 = LINE ( 'NONE', #6897, #7380 ) ;
#3033 = DIRECTION ( 'NONE',  ( -1.000000000000000000, 0.0000000000000000000, 0.0000000000000000000 ) ) ;
#3034 = CARTESIAN_POINT ( 'NONE',  ( -0.1200786804129134189, -0.04162866974832184208, 0.09966823566059800077 ) ) ;
#3035 = CARTESIAN_POINT ( 'NONE',  ( 0.1279528156500784331, -0.05019648576910819976, 0.02477998974913838207 ) ) ;
#3036 = EDGE_CURVE ( 'NONE', #8536, #4278, #1244, .T. ) ;
#3037 = CARTESIAN_POINT ( 'NONE',  ( 0.1594488786421259519, -0.01490321616908902788, 0.1005938136063950633 ) ) ;
#3038 = ORIENTED_EDGE ( 'NONE', *, *, #7530, .F. ) ;
#3039 = CARTESIAN_POINT ( 'NONE',  ( 0.1247258340280580219, -0.05351375649350335884, 0.1326523939848756606 ) ) ;
#3040 = CARTESIAN_POINT ( 'NONE',  ( -0.1200786804129134050, 0.04159833277562860476, 0.03022315240484076820 ) ) ;
#3041 = CARTESIAN_POINT ( 'NONE',  ( 0.03425802064244096168, -0.01968497421763775249, 0.01574803149606298844 ) ) ;
#3042 = CARTESIAN_POINT ( 'NONE',  ( -0.09749458744889684392, 0.03663540426859107635, 0.01567416640385433518 ) ) ;
#3043 = ORIENTED_EDGE ( 'NONE', *, *, #1233, .F. ) ;
#3044 = CARTESIAN_POINT ( 'NONE',  ( -0.1343223578888182723, 0.06008635630715467024, 0.07722593041861605667 ) ) ;
#3045 = ORIENTED_EDGE ( 'NONE', *, *, #7337, .T. ) ;
#3046 = DIRECTION ( 'NONE',  ( -6.123233995736766036E-17, 1.000000000000000000, 0.0000000000000000000 ) ) ;
#3047 = CARTESIAN_POINT ( 'NONE',  ( 0.1200787999020401231, -0.08152317596121372301, 0.1042573799253264377 ) ) ;
#3048 = CARTESIAN_POINT ( 'NONE',  ( -0.1377950662575663510, -0.04649252553589790227, 0.09506393842105137493 ) ) ;
#3049 = CARTESIAN_POINT ( 'NONE',  ( 0.02415058830330707104, 0.01968510452251841930, 0.003931076325590550542 ) ) ;
#3050 = EDGE_CURVE ( 'NONE', #4774, #5043, #7995, .T. ) ;
#3051 = ORIENTED_EDGE ( 'NONE', *, *, #4765, .T. ) ;
#3052 = CARTESIAN_POINT ( 'NONE',  ( -0.1397637197829919298, -0.04696639406825076773, 0.05173383680512687322 ) ) ;
#3053 = CARTESIAN_POINT ( 'NONE',  ( -0.1397439291477011736, 0.05182948663111780485, 0.08005360920001472480 ) ) ;
#3054 = CARTESIAN_POINT ( 'NONE',  ( 0.2854331306106298594, 9.972686082493353865E-08, 0.09253126714496497096 ) ) ;
#3055 = B_SPLINE_CURVE_WITH_KNOTS ( 'NONE', 3,
 ( #9230, #6171, #8456, #6912, #3810, #3042, #4489, #7670, #2206, #5356, #1379, #3857, #605, #2998 ),
 .UNSPECIFIED., .F., .F.,
 ( 4, 1, 2, 2, 1, 2, 2, 4 ),
 ( 0.0000000000000000000, 0.2499999999999972800, 0.3749999999999961142, 0.4999999999999950040, 0.6249999999999938938, 0.6874999999999942268, 0.7499999999999944489, 1.000000000000000000 ),
 .UNSPECIFIED. ) ;
#3056 = CARTESIAN_POINT ( 'NONE',  ( -0.1023621449798425287, -0.05124997287601990720, 0.01567416640385873444 ) ) ;
#3057 = CARTESIAN_POINT ( 'NONE',  ( -0.1397637197829921241, 0.05118116782358608091, 0.09719780982118189638 ) ) ;
#3058 = VERTEX_POINT ( 'NONE', #6087 ) ;
#3059 = CARTESIAN_POINT ( 'NONE',  ( -0.1338264499774735883, 0.04460519613581900161, 0.1028877067235767634 ) ) ;
#3060 = VERTEX_POINT ( 'NONE', #4597 ) ;
#3061 = CARTESIAN_POINT ( 'NONE',  ( 0.1329205297752721893, -0.04724402933574794322, 1.405607823888533859E-17 ) ) ;
#3062 = ADVANCED_FACE ( 'NONE', ( #9131 ), #8278, .T. ) ;
#3063 = CARTESIAN_POINT ( 'NONE',  ( 0.1594488786420320825, -0.08548108661490025351, 0.03332185369419703169 ) ) ;
#3064 = CARTESIAN_POINT ( 'NONE',  ( -0.1338582079719685125, 0.01782810742350013009, 0.02476795825400421314 ) ) ;
#3065 = CARTESIAN_POINT ( 'NONE',  ( -0.1347270795572375612, 0.03444690521151388268, 0.09386668355616235859 ) ) ;
#3066 = CARTESIAN_POINT ( 'NONE',  ( -0.1401095362393983135, -0.05315985345070517454, 0.07042978272007428819 ) ) ;
#3067 = EDGE_LOOP ( 'NONE', ( #9021, #7293, #9284, #3390, #1984, #1265 ) ) ;
#3068 = DIRECTION ( 'NONE',  ( 0.0000000000000000000, 0.0000000000000000000, 1.000000000000000000 ) ) ;
#3069 = ADVANCED_FACE ( 'NONE', ( #6134 ), #10057, .F. ) ;
#3070 = VERTEX_POINT ( 'NONE', #8562 ) ;
#3071 = EDGE_CURVE ( 'NONE', #5860, #9108, #7585, .T. ) ;
#3072 = EDGE_LOOP ( 'NONE', ( #4687, #3466, #7347, #344 ) ) ;
#3073 = EDGE_CURVE ( 'NONE', #2662, #9031, #5922, .T. ) ;
#3074 = CIRCLE ( 'NONE', #5706, 0.003937007874015825172 ) ;
#3075 = COLOUR_RGB ( '',0.7921568627450980005, 0.8196078431372548767, 0.9333333333333333481 ) ;
#3076 = DIRECTION ( 'NONE',  ( 6.122925944840758340E-17, -0.9999496914708433382, 0.01003067930727482085 ) ) ;
#3077 = CARTESIAN_POINT ( 'NONE',  ( -0.1003936410428344916, -0.08318766511552738718, 0.05391449844829102750 ) ) ;
#3078 = VECTOR ( 'NONE', #9610, 39.37007874015748143 ) ;
#3079 = CARTESIAN_POINT ( 'NONE',  ( -0.1397637197829922073, 0.05118116751465788539, 0.09719780979657392794 ) ) ;
#3080 = ORIENTED_EDGE ( 'NONE', *, *, #77, .T. ) ;
#3081 = AXIS2_PLACEMENT_3D ( 'NONE', #2849, #4339, #7580 ) ;
#3082 = EDGE_LOOP ( 'NONE', ( #1650, #10030, #6758, #3789 ) ) ;
#3083 = AXIS2_PLACEMENT_3D ( 'NONE', #8354, #6603, #7524 ) ;
#3084 = CARTESIAN_POINT ( 'NONE',  ( 0.1316149125689370092, -0.0003996431671259688618, 0.1260030616090945521 ) ) ;
#3085 = LINE ( 'NONE', #10129, #2587 ) ;
#3086 = CARTESIAN_POINT ( 'NONE',  ( 0.06808444073216524117, -0.01968497421763773861, 0.01574803149606298844 ) ) ;
#3087 = AXIS2_PLACEMENT_3D ( 'NONE', #4426, #548, #641 ) ;
#3088 = ADVANCED_FACE ( 'NONE', ( #9275 ), #9661, .T. ) ;
#3089 = CARTESIAN_POINT ( 'NONE',  ( 0.1279528156500785441, -0.05019648537984278125, 0.1248263091177689715 ) ) ;
#3090 = VECTOR ( 'NONE', #3749, 39.37007874015748143 ) ;
#3091 = ORIENTED_EDGE ( 'NONE', *, *, #3875, .T. ) ;
#3092 = AXIS2_PLACEMENT_3D ( 'NONE', #2352, #5501, #3854 ) ;
#3093 = DIRECTION ( 'NONE',  ( -0.7071067811865475727, 0.0000000000000000000, 0.7071067811865474617 ) ) ;
#3094 = CARTESIAN_POINT ( 'NONE',  ( -0.1312521024186899254, -0.05183720518874071481, 0.07669740329091583042 ) ) ;
#3095 = CARTESIAN_POINT ( 'NONE',  ( 0.1358268313981119968, -0.04724402933574800567, 0.02739529693389312556 ) ) ;
#3096 = CARTESIAN_POINT ( 'NONE',  ( -0.1279526961609449009, -0.04921253327275589701, 0.04577618782838582118 ) ) ;
#3097 = CARTESIAN_POINT ( 'NONE',  ( 0.1358268313981101372, -0.04097978221387810899, 0.04339714883804556694 ) ) ;
#3098 = B_SPLINE_CURVE_WITH_KNOTS ( 'NONE', 3,
 ( #4506, #531, #2911, #1450 ),
 .UNSPECIFIED., .F., .F.,
 ( 4, 4 ),
 ( 0.0000000000000000000, 1.000000000000000000 ),
 .UNSPECIFIED. ) ;
#3099 = AXIS2_PLACEMENT_3D ( 'NONE', #4166, #8909, #7310 ) ;
#3100 = FACE_OUTER_BOUND ( 'NONE', #6704, .T. ) ;
#3101 = ORIENTED_EDGE ( 'NONE', *, *, #6594, .T. ) ;
#3102 = CARTESIAN_POINT ( 'NONE',  ( -0.1279526961609449287, 0.04921266357763775384, 0.07286926856913386596 ) ) ;
#3103 = PLANE ( 'NONE',  #5888 ) ;
#3104 = VECTOR ( 'NONE', #8761, 39.37007874015748143 ) ;
#3105 = CARTESIAN_POINT ( 'NONE',  ( 0.1200787999020429542, -0.07197034617762586295, 0.1199146981627366576 ) ) ;
#3106 = B_SPLINE_CURVE_WITH_KNOTS ( 'NONE', 3,
 ( #8115, #8941, #7340, #1919 ),
 .UNSPECIFIED., .F., .F.,
 ( 4, 4 ),
 ( 0.0000000000000000000, 1.000000000000000000 ),
 .UNSPECIFIED. ) ;
#3107 = AXIS2_PLACEMENT_3D ( 'NONE', #667, #2907, #618 ) ;
#3108 = CARTESIAN_POINT ( 'NONE',  ( -0.1338582079719683182, 0.03444888405007397875, 0.09386310701874012175 ) ) ;
#3109 = ORIENTED_EDGE ( 'NONE', *, *, #8428, .F. ) ;
#3110 = AXIS2_PLACEMENT_3D ( 'NONE', #8657, #104, #1585 ) ;
#3111 = EDGE_CURVE ( 'NONE', #2546, #6411, #7256, .T. ) ;
#3112 = CARTESIAN_POINT ( 'NONE',  ( 0.1279528156500787661, -0.04570090768747228638, 0.07480315044697047333 ) ) ;
#3113 = CARTESIAN_POINT ( 'NONE',  ( 0.1594488786421259241, -0.01024370871699295873, 0.08072657147908689212 ) ) ;
#3114 = DIRECTION ( 'NONE',  ( 0.0000000000000000000, 0.0000000000000000000, 1.000000000000000000 ) ) ;
#3115 = CARTESIAN_POINT ( 'NONE',  ( -0.1198944284444094510, -0.06102355689480314788, 0.1023622047244094335 ) ) ;
#3116 = ORIENTED_EDGE ( 'NONE', *, *, #3726, .T. ) ;
#3117 = CARTESIAN_POINT ( 'NONE',  ( 0.1594488786421259241, 6.515244096969609760E-08, 0.04527559055118110520 ) ) ;
#3118 = ORIENTED_EDGE ( 'NONE', *, *, #1840, .F. ) ;
#3119 = CARTESIAN_POINT ( 'NONE',  ( 0.1272978598071259071, 0.0002240227971653586166, 0.1303207881577165550 ) ) ;
#3120 =( GEOMETRIC_REPRESENTATION_CONTEXT ( 3 ) GLOBAL_UNCERTAINTY_ASSIGNED_CONTEXT ( ( #8706 ) ) GLOBAL_UNIT_ASSIGNED_CONTEXT ( ( #4732, #6477, #5616 ) ) REPRESENTATION_CONTEXT ( 'NONE', 'WORKASPACE' ) );
#3121 = CARTESIAN_POINT ( 'NONE',  ( -0.07086608198771716938, -0.05256407641520245699, 0.01617701702635583605 ) ) ;
#3122 = VECTOR ( 'NONE', #1396, 39.37007874015748143 ) ;
#3123 = CARTESIAN_POINT ( 'NONE',  ( 0.1200787999020472563, -0.07557216209527130302, 0.05075123638634941592 ) ) ;
#3124 = CARTESIAN_POINT ( 'NONE',  ( -0.1377952158459787579, 0.01708964573357892036, 0.02684048373940352283 ) ) ;
#3125 = CARTESIAN_POINT ( 'NONE',  ( -0.1369955064767956754, -0.06127739946969378015, 0.1209219558520623627 ) ) ;
#3126 = VERTEX_POINT ( 'NONE', #7112 ) ;
#3127 = CARTESIAN_POINT ( 'NONE',  ( -0.1383881109914491259, -0.05513594824801270472, 0.07055249792180613710 ) ) ;
#3128 = ADVANCED_FACE ( 'NONE', ( #3864 ), #9264, .T. ) ;
#3129 = ORIENTED_EDGE ( 'NONE', *, *, #7004, .T. ) ;
#3130 = CARTESIAN_POINT ( 'NONE',  ( -0.1200786804129133911, -0.06102355689480314788, 0.1023622047244094474 ) ) ;
#3131 = ORIENTED_EDGE ( 'NONE', *, *, #6723, .T. ) ;
#3132 = CARTESIAN_POINT ( 'NONE',  ( 0.1247258340280550382, -0.08824338626888122983, 0.09780238384930191320 ) ) ;
#3133 = DIRECTION ( 'NONE',  ( 1.000000000000000000, 6.123233995736766036E-17, 0.0000000000000000000 ) ) ;
#3134 = CARTESIAN_POINT ( 'NONE',  ( -0.1003936410428344778, -0.08542779993855889598, 0.06774661703753658004 ) ) ;
#3135 = AXIS2_PLACEMENT_3D ( 'NONE', #8240, #4321, #9982 ) ;
#3136 = EDGE_CURVE ( 'NONE', #4815, #2392, #7557, .T. ) ;
#3137 = CARTESIAN_POINT ( 'NONE',  ( -0.1023621449798425564, 0.04740791781422860895, 0.01574803149606295374 ) ) ;
#3138 = ORIENTED_EDGE ( 'NONE', *, *, #9567, .F. ) ;
#3139 = EDGE_CURVE ( 'NONE', #1730, #6624, #883, .T. ) ;
#3140 = B_SPLINE_CURVE_WITH_KNOTS ( 'NONE', 3,
 ( #901, #7935, #4837, #6432 ),
 .UNSPECIFIED., .F., .F.,
 ( 4, 4 ),
 ( 0.0000000000000000000, 1.000000000000000000 ),
 .UNSPECIFIED. ) ;
#3141 = CARTESIAN_POINT ( 'NONE',  ( -0.1279526961609449009, -0.02755898996566926926, 0.07086614173228344971 ) ) ;
#3142 = CARTESIAN_POINT ( 'NONE',  ( -0.1338582079719683182, 0.03444888405007397875, 0.09386310701874012175 ) ) ;
#3143 = CARTESIAN_POINT ( 'NONE',  ( 0.1594488786421259241, 6.515243486138746842E-08, 0.1043307086614173040 ) ) ;
#3144 = EDGE_CURVE ( 'NONE', #1643, #8515, #6328, .T. ) ;
#3145 = ORIENTED_EDGE ( 'NONE', *, *, #849, .F. ) ;
#3146 = DIRECTION ( 'NONE',  ( 6.123233995736766036E-17, -1.000000000000000000, 0.0000000000000000000 ) ) ;
#3147 = EDGE_CURVE ( 'NONE', #1911, #6842, #912, .T. ) ;
#3148 = LINE ( 'NONE', #801, #9845 ) ;
#3149 = CARTESIAN_POINT ( 'NONE',  ( -0.1023621449798354371, 0.05055609193468854623, 0.1338387861142222579 ) ) ;
#3150 = CARTESIAN_POINT ( 'NONE',  ( 0.1594488786420320825, 0.0005037771410683555221, 0.1172918694956561481 ) ) ;
#3151 = CARTESIAN_POINT ( 'NONE',  ( 0.1673228943901138022, 6.515243728921874837E-08, 0.1043307086614167628 ) ) ;
#3152 = CARTESIAN_POINT ( 'NONE',  ( -0.1366744705405504856, 0.05183733549365965310, 0.1016885871677319780 ) ) ;
#3153 = ORIENTED_EDGE ( 'NONE', *, *, #3932, .T. ) ;
#3154 = CARTESIAN_POINT ( 'NONE',  ( -0.1003936410428346027, -0.06294403425130691565, 0.1240157480314960370 ) ) ;
#3155 = VERTEX_POINT ( 'NONE', #4692 ) ;
#3156 = DIRECTION ( 'NONE',  ( 0.0000000000000000000, 0.0000000000000000000, 1.000000000000000000 ) ) ;
#3157 = CARTESIAN_POINT ( 'NONE',  ( -0.1200786804129133911, -0.06102355689480314788, 0.1023622047244094474 ) ) ;
#3158 = CARTESIAN_POINT ( 'NONE',  ( -0.1290581130395258014, 0.05382013101944310707, 0.07342468522060938141 ) ) ;
#3159 = DIRECTION ( 'NONE',  ( 1.000000000000000000, 0.0000000000000000000, 0.0000000000000000000 ) ) ;
#3160 = LINE ( 'NONE', #7064, #1640 ) ;
#3161 = CARTESIAN_POINT ( 'NONE',  ( 0.1574803747053955261, 6.515244096462829948E-08, 0.1181102362204722728 ) ) ;
#3162 = CARTESIAN_POINT ( 'NONE',  ( -0.1023621449798407801, 0.05577383123804167953, 0.1303842543798778564 ) ) ;
#3163 = CARTESIAN_POINT ( 'NONE',  ( -0.1397637197829998956, -0.04945134615218421681, 0.05153527182640302989 ) ) ;
#3164 = CARTESIAN_POINT ( 'NONE',  ( -0.1200786804129134050, 0.05674709526117273362, 0.1293942052436988788 ) ) ;
#3165 = EDGE_LOOP ( 'NONE', ( #4237, #3736, #6051, #4112, #3229, #1827 ) ) ;
#3166 = CARTESIAN_POINT ( 'NONE',  ( -0.1312521024186812102, 0.04658799166161530642, 0.1037904840316890981 ) ) ;
#3167 = ORIENTED_EDGE ( 'NONE', *, *, #5347, .T. ) ;
#3168 = DIRECTION ( 'NONE',  ( 0.0000000000000000000, -1.000000000000000000, 0.0000000000000000000 ) ) ;
#3169 =( BOUNDED_SURFACE ( )  B_SPLINE_SURFACE ( 3, 3, ( 
 ( #4469, #5954, #5086, #5141 ),
 ( #337, #537, #8228, #9926 ),
 ( #5188, #8327, #2919, #4309 ),
 ( #2821, #9057, #386, #3688 ) ),
 .UNSPECIFIED., .F., .F., .F. ) 
 B_SPLINE_SURFACE_WITH_KNOTS ( ( 4, 4 ),
 ( 4, 4 ),
 ( 0.0000000000000000000, 1.000000000000000000 ),
 ( 0.0000000000000000000, 1.000000000000000000 ),
 .UNSPECIFIED. ) 
 GEOMETRIC_REPRESENTATION_ITEM ( )  RATIONAL_B_SPLINE_SURFACE ( (
 ( 1.000000000000000000, 0.3333333333333334259, 0.3333333333333334259, 1.000000000000000000),
 ( 0.8047378541244245564, 0.2682459513748082780, 0.2682459513748082780, 0.8047378541244245564),
 ( 0.8047378541244245564, 0.2682459513748082780, 0.2682459513748082780, 0.8047378541244245564),
 ( 1.000000000000000000, 0.3333333333333334259, 0.3333333333333334259, 1.000000000000000000) ) ) 
 REPRESENTATION_ITEM ( '' )  SURFACE ( )  );
#3170 = DIRECTION ( 'NONE',  ( 0.0000000000000000000, 1.000000000000000000, 0.0000000000000000000 ) ) ;
#3171 = EDGE_CURVE ( 'NONE', #1959, #6056, #319, .T. ) ;
#3172 = CARTESIAN_POINT ( 'NONE',  ( -0.1384514009615963603, -0.05127909683540185504, 0.07309292207812181918 ) ) ;
#3173 = CARTESIAN_POINT ( 'NONE',  ( -0.08267710560976378187, 0.02362211239653541628, 0.01592914729855905362 ) ) ;
#3174 = ORIENTED_EDGE ( 'NONE', *, *, #6971, .T. ) ;
#3175 = FACE_OUTER_BOUND ( 'NONE', #1781, .T. ) ;
#3176 = EDGE_LOOP ( 'NONE', ( #5865, #6706, #5953, #3724 ) ) ;
#3177 = CARTESIAN_POINT ( 'NONE',  ( 0.1279528156500787384, 0.06693051232536444128, 0.07480315341988209854 ) ) ;
#3178 = VERTEX_POINT ( 'NONE', #3314 ) ;
#3179 = ORIENTED_EDGE ( 'NONE', *, *, #719, .F. ) ;
#3180 = CARTESIAN_POINT ( 'NONE',  ( -0.1311788480827937309, -0.04330702146173262546, 0.07271426914684277210 ) ) ;
#3181 = EDGE_CURVE ( 'NONE', #6714, #3429, #8376, .T. ) ;
#3182 = CARTESIAN_POINT ( 'NONE',  ( -0.1279526961609449009, -0.03543300571370079644, 0.03149606299212597688 ) ) ;
#3183 = CARTESIAN_POINT ( 'NONE',  ( -0.1198030898617322981, 0.02755912027055119201, 0.04668728965140610948 ) ) ;
#3184 = DIRECTION ( 'NONE',  ( -6.123233995736766036E-17, 1.000000000000000000, 0.0000000000000000000 ) ) ;
#3185 = ORIENTED_EDGE ( 'NONE', *, *, #8991, .F. ) ;
#3186 =( BOUNDED_CURVE ( )  B_SPLINE_CURVE ( 3, ( #2595, #8538, #992, #8003 ),
 .UNSPECIFIED., .F., .T. ) 
 B_SPLINE_CURVE_WITH_KNOTS ( ( 4, 4 ),
 ( 0.0000000000000000000, 1.000000000000000000 ),
 .UNSPECIFIED. ) 
 CURVE ( )  GEOMETRIC_REPRESENTATION_ITEM ( )  RATIONAL_B_SPLINE_CURVE ( ( 1.000000000000000000, 0.9934450294291116146, 0.9934450294291116146, 1.000000000000000000 ) ) 
 REPRESENTATION_ITEM ( '' )  );
#3187 = ORIENTED_EDGE ( 'NONE', *, *, #7666, .F. ) ;
#3188 = CARTESIAN_POINT ( 'NONE',  ( -0.07086608198771657263, -0.05218456150812569166, 0.01585647053223685973 ) ) ;
#3189 = VERTEX_POINT ( 'NONE', #103 ) ;
#3190 = CARTESIAN_POINT ( 'NONE',  ( 0.1200787999020436897, -0.06639876260090862847, 0.1338582677165346124 ) ) ;
#3191 = CARTESIAN_POINT ( 'NONE',  ( -0.1048030898617323126, 0.08464573444377952727, 0.07480314960629920462 ) ) ;
#3192 = CARTESIAN_POINT ( 'NONE',  ( -0.07086608198771705835, -0.05124997287602364726, 0.01567416640385979956 ) ) ;
#3193 = EDGE_CURVE ( 'NONE', #7937, #6285, #3258, .T. ) ;
#3194 = LINE ( 'NONE', #7257, #608 ) ;
#3195 = EDGE_CURVE ( 'NONE', #8515, #2136, #6386, .T. ) ;
#3196 = DIRECTION ( 'NONE',  ( 0.0000000000000000000, -1.000000000000000000, 0.0000000000000000000 ) ) ;
#3197 = PRODUCT ( '74661A69-EAB1-4AAF-972D-68C3622D1F66', '74661A69-EAB1-4AAF-972D-68C3622D1F66', '', ( #4269 ) ) ;
#3198 = EDGE_LOOP ( 'NONE', ( #3622, #2133, #6307, #7363 ) ) ;
#3199 = PLANE ( 'NONE',  #4746 ) ;
#3200 = DIRECTION ( 'NONE',  ( 1.000000000000000000, 6.123233995736766036E-17, 0.0000000000000000000 ) ) ;
#3201 = CARTESIAN_POINT ( 'NONE',  ( -0.1279526961609449287, 0.05382013101944520261, 0.1038099149097967688 ) ) ;
#3202 = CARTESIAN_POINT ( 'NONE',  ( -0.1279526961609449287, 0.03027734586517090085, 0.04935168366623492869 ) ) ;
#3203 = EDGE_CURVE ( 'NONE', #4509, #1200, #6438, .T. ) ;
#3204 = CARTESIAN_POINT ( 'NONE',  ( -0.1279526961609449287, 0.04658799161011473872, 0.07308953162400570747 ) ) ;
#3205 = ORIENTED_EDGE ( 'NONE', *, *, #408, .T. ) ;
#3206 = CARTESIAN_POINT ( 'NONE',  ( -0.1397856065525178715, -0.05348468189489882091, 0.05157707173900188957 ) ) ;
#3207 = VERTEX_POINT ( 'NONE', #6693 ) ;
#3208 = DIRECTION ( 'NONE',  ( 0.0000000000000000000, -0.0000000000000000000, 1.000000000000000000 ) ) ;
#3209 = EDGE_CURVE ( 'NONE', #6247, #1767, #2730, .T. ) ;
#3210 = CARTESIAN_POINT ( 'NONE',  ( -0.1200786804129133911, -0.05241248359655977657, 0.1121486294901075514 ) ) ;
#3211 = APPLICATION_CONTEXT ( 'automotive_design' ) ;
#3212 = CARTESIAN_POINT ( 'NONE',  ( -0.1290824988655806249, 0.05183733549366235233, 0.07308953160562779716 ) ) ;
#3213 = DIRECTION ( 'NONE',  ( 1.000000000000000000, 6.123233995736766036E-17, 0.0000000000000000000 ) ) ;
#3214 = ORIENTED_EDGE ( 'NONE', *, *, #1772, .F. ) ;
#3215 = CARTESIAN_POINT ( 'NONE',  ( -0.1309043226442289654, -0.04330702146173453365, 0.04819025262351093325 ) ) ;
#3216 = LINE ( 'NONE', #7010, #3272 ) ;
#3217 = CARTESIAN_POINT ( 'NONE',  ( 0.1751969101381889993, -0.01574796634362083531, 0.07480314960629605436 ) ) ;
#3218 = CARTESIAN_POINT ( 'NONE',  ( -0.1397637197829920408, -0.05118103720976536347, 0.05294370959306895358 ) ) ;
#3219 = CARTESIAN_POINT ( 'NONE',  ( -0.1397637197829920963, 0.04811261713218279584, 0.07983755252106117251 ) ) ;
#3220 = ORIENTED_EDGE ( 'NONE', *, *, #7299, .T. ) ;
#3221 = CARTESIAN_POINT ( 'NONE',  ( -0.1325210033934421383, -0.05183720518873963234, 0.04668366130381226831 ) ) ;
#3222 = CARTESIAN_POINT ( 'NONE',  ( 0.1295425783807873654, -0.01563562042535434488, 0.1232909879285432886 ) ) ;
#3223 = EDGE_CURVE ( 'NONE', #10006, #1740, #6535, .T. ) ;
#3224 = CARTESIAN_POINT ( 'NONE',  ( -0.1023621449798354371, -0.05055596162776819502, 0.1338387861142238955 ) ) ;
#3225 = CARTESIAN_POINT ( 'NONE',  ( -0.1384514009297296011, -0.05072354181061582840, 0.07317821583687832143 ) ) ;
#3226 = CARTESIAN_POINT ( 'NONE',  ( -0.1377123711087668845, 0.04370328377536671083, 0.07743797956812785432 ) ) ;
#3227 = ORIENTED_EDGE ( 'NONE', *, *, #2500, .F. ) ;
#3228 = LINE ( 'NONE', #19, #3959 ) ;
#3229 = ORIENTED_EDGE ( 'NONE', *, *, #6468, .F. ) ;
#3230 = CARTESIAN_POINT ( 'NONE',  ( -0.1290630692859758011, -0.05183720518874071481, 0.07705198778401500803 ) ) ;
#3231 = CARTESIAN_POINT ( 'NONE',  ( -0.1358267119089788255, -0.04330702146173294464, 0.07010472905582867953 ) ) ;
#3232 = ORIENTED_EDGE ( 'NONE', *, *, #9730, .F. ) ;
#3233 =( BOUNDED_SURFACE ( )  B_SPLINE_SURFACE ( 3, 3, ( 
 ( #8096, #3265, #4132, #4179, #7946, #7223, #2480 ),
 ( #1589, #5629, #8775, #2420, #2530, #8048, #4748 ),
 ( #166, #4850, #3980, #1799, #7278, #7990, #2368 ),
 ( #7118, #917, #215, #6489, #7893, #8822, #4802 ) ),
 .UNSPECIFIED., .F., .F., .F. ) 
 B_SPLINE_SURFACE_WITH_KNOTS ( ( 4, 4 ),
 ( 4, 3, 4 ),
 ( 0.0000000000000000000, 1.000000000000000000 ),
 ( 0.0000000000000000000, 0.5000000000000000000, 1.000000000000000000 ),
 .UNSPECIFIED. ) 
 GEOMETRIC_REPRESENTATION_ITEM ( )  RATIONAL_B_SPLINE_SURFACE ( (
 ( 1.000000000000000000, 0.8025111809223165471, 0.8025111809223165471, 1.000000000000000000, 0.8025111809223165471, 0.8025111809223165471, 1.000000000000000000),
 ( 0.8047378342366968695, 0.6458111096861590683, 0.6458111096861590683, 0.8047378342366968695, 0.6458111096861590683, 0.6458111096861590683, 0.8047378342366968695),
 ( 0.8047378342366968695, 0.6458111096861590683, 0.6458111096861590683, 0.8047378342366968695, 0.6458111096861590683, 0.6458111096861590683, 0.8047378342366968695),
 ( 1.000000000000000000, 0.8025111809223165471, 0.8025111809223165471, 1.000000000000000000, 0.8025111809223165471, 0.8025111809223165471, 1.000000000000000000) ) ) 
 REPRESENTATION_ITEM ( '' )  SURFACE ( )  );
#3234 = VERTEX_POINT ( 'NONE', #5104 ) ;
#3235 = CARTESIAN_POINT ( 'NONE',  ( -0.1397637197829920963, -0.04992218940413527262, 0.07029898673875741022 ) ) ;
#3236 = ORIENTED_EDGE ( 'NONE', *, *, #9620, .T. ) ;
#3237 = CARTESIAN_POINT ( 'NONE',  ( -0.1318896948685433501, 0.05511817538866139315, 0.08861730006519684399 ) ) ;
#3238 = ORIENTED_EDGE ( 'NONE', *, *, #4896, .T. ) ;
#3239 = EDGE_CURVE ( 'NONE', #2696, #5816, #9102, .T. ) ;
#3240 = CARTESIAN_POINT ( 'NONE',  ( -0.1279187658193603194, -0.07874009232787398949, 0.005678629235418265753 ) ) ;
#3241 = CARTESIAN_POINT ( 'NONE',  ( -0.1200786804129134189, -0.04624887980414833788, 0.1107926951522306414 ) ) ;
#3242 = ADVANCED_FACE ( 'NONE', ( #3507 ), #5049, .T. ) ;
#3243 = CARTESIAN_POINT ( 'NONE',  ( 0.1275688522599999764, -0.04724402933574801955, 0.02739529693388861875 ) ) ;
#3244 = ORIENTED_EDGE ( 'NONE', *, *, #4890, .F. ) ;
#3245 = CIRCLE ( 'NONE', #1259, 0.01574803149606299885 ) ;
#3246 = CARTESIAN_POINT ( 'NONE',  ( 0.1751969101381891936, 6.515244096889681614E-08, 0.09055118110236227980 ) ) ;
#3247 = CARTESIAN_POINT ( 'NONE',  ( -0.1279526961609449009, 0.04658799166161312066, 0.07308953160562373097 ) ) ;
#3248 = VECTOR ( 'NONE', #1500, 39.37007874015748143 ) ;
#3249 = LINE ( 'NONE', #201, #951 ) ;
#3250 = CARTESIAN_POINT ( 'NONE',  ( 0.1594488786420320825, 0.08447379294252747861, 0.03130700573968749068 ) ) ;
#3251 = CARTESIAN_POINT ( 'NONE',  ( 0.1273055964345274904, 0.002112604626102338509, 0.01930795195382283697 ) ) ;
#3252 = EDGE_LOOP ( 'NONE', ( #2643, #9593, #7192, #872, #9241, #5701 ) ) ;
#3253 = PLANE ( 'NONE',  #6521 ) ;
#3254 = ORIENTED_EDGE ( 'NONE', *, *, #5392, .T. ) ;
#3255 = CARTESIAN_POINT ( 'NONE',  ( -0.03740151505858269054, -0.03740150965072382150, 0.02066929133858267167 ) ) ;
#3256 = AXIS2_PLACEMENT_3D ( 'NONE', #5869, #9163, #2838 ) ;
#3257 = PLANE ( 'NONE',  #2412 ) ;
#3258 = LINE ( 'NONE', #2524, #9211 ) ;
#3259 = EDGE_CURVE ( 'NONE', #9283, #6358, #9786, .T. ) ;
#3260 = EDGE_CURVE ( 'NONE', #2270, #1576, #8064, .T. ) ;
#3261 = CARTESIAN_POINT ( 'NONE',  ( -0.1279526961609449842, 0.06008635630716440551, 0.1000086697117683748 ) ) ;
#3262 = VERTEX_POINT ( 'NONE', #1892 ) ;
#3263 = DIRECTION ( 'NONE',  ( 0.0000000000000000000, 1.000000000000000000, 0.0000000000000000000 ) ) ;
#3264 = FACE_OUTER_BOUND ( 'NONE', #5378, .T. ) ;
#3265 = CARTESIAN_POINT ( 'NONE',  ( 0.1673228943901570731, -0.02512293826459546797, 0.1183644278506081893 ) ) ;
#3266 = ADVANCED_FACE ( 'NONE', ( #8244 ), #3458, .F. ) ;
#3267 = ADVANCED_FACE ( 'NONE', ( #7370 ), #2785, .T. ) ;
#3268 = DIRECTION ( 'NONE',  ( 0.0000000000000000000, 1.000000000000000000, 0.0000000000000000000 ) ) ;
#3269 = LINE ( 'NONE', #6395, #9980 ) ;
#3270 = ORIENTED_EDGE ( 'NONE', *, *, #3569, .T. ) ;
#3271 = CARTESIAN_POINT ( 'NONE',  ( -0.1279526961609449009, -0.04921253327275590395, 0.07727225082051179805 ) ) ;
#3272 = VECTOR ( 'NONE', #4697, 39.37007874015748854 ) ;
#3273 = VERTEX_POINT ( 'NONE', #2679 ) ;
#3274 = VECTOR ( 'NONE', #9883, 39.37007874015748854 ) ;
#3275 = DIRECTION ( 'NONE',  ( -1.000000000000000000, 0.0000000000000000000, 0.0000000000000000000 ) ) ;
#3276 = LINE ( 'NONE', #6404, #450 ) ;
#3277 = VECTOR ( 'NONE', #8322, 39.37007874015748143 ) ;
#3278 = CARTESIAN_POINT ( 'NONE',  ( 0.1279528207246279636, -0.02045724674566089946, 0.02362205835133775883 ) ) ;
#3279 = ORIENTED_EDGE ( 'NONE', *, *, #4743, .T. ) ;
#3280 = CARTESIAN_POINT ( 'NONE',  ( -0.1043306489168504825, 0.03543313601858269490, 0.1279527559055118058 ) ) ;
#3281 = CARTESIAN_POINT ( 'NONE',  ( 0.1751969101381906369, 0.06281927025020936362, 0.08319616023792154869 ) ) ;
#3282 = EDGE_CURVE ( 'NONE', #632, #5691, #7721, .T. ) ;
#3283 = ORIENTED_EDGE ( 'NONE', *, *, #6023, .T. ) ;
#3284 = ORIENTED_EDGE ( 'NONE', *, *, #4694, .F. ) ;
#3285 = CARTESIAN_POINT ( 'NONE',  ( -0.1279526961609448732, -0.04724402933574802649, 0.01968503937007812579 ) ) ;
#3286 = CARTESIAN_POINT ( 'NONE',  ( -0.1392992980403737757, -0.04897618106084492690, 0.07255867463702693476 ) ) ;
#3287 = VECTOR ( 'NONE', #855, 39.37007874015748143 ) ;
#3288 = DIRECTION ( 'NONE',  ( 1.000000000000000000, 6.123233995736766036E-17, 0.0000000000000000000 ) ) ;
#3289 = ORIENTED_EDGE ( 'NONE', *, *, #8755, .T. ) ;
#3290 = VECTOR ( 'NONE', #9198, 39.37007874015748143 ) ;
#3291 = CARTESIAN_POINT ( 'NONE',  ( -0.1279526961609449009, -0.04330702146173233402, 0.07518096735898611993 ) ) ;
#3292 =( BOUNDED_CURVE ( )  B_SPLINE_CURVE ( 3, ( #9498, #4860, #1036, #6499 ),
 .UNSPECIFIED., .F., .T. ) 
 B_SPLINE_CURVE_WITH_KNOTS ( ( 4, 4 ),
 ( 0.003192902386174927172, 1.000000000000000000 ),
 .UNSPECIFIED. ) 
 CURVE ( )  GEOMETRIC_REPRESENTATION_ITEM ( )  RATIONAL_B_SPLINE_CURVE ( ( 1.000000000000000000, 0.3366769188757592901, 0.3366769188757592901, 1.000000000000000000 ) ) 
 REPRESENTATION_ITEM ( '' )  );
#3293 = ORIENTED_EDGE ( 'NONE', *, *, #4413, .T. ) ;
#3294 = DIRECTION ( 'NONE',  ( 1.000000000000000000, 0.0000000000000000000, -0.0000000000000000000 ) ) ;
#3295 = B_SPLINE_CURVE_WITH_KNOTS ( 'NONE', 3,
 ( #5772, #3877, #4950, #7074, #8090, #306 ),
 .UNSPECIFIED., .F., .F.,
 ( 4, 2, 4 ),
 ( 0.0000000000000000000, 0.5000000000000000000, 1.000000000000000000 ),
 .UNSPECIFIED. ) ;
#3296 = CARTESIAN_POINT ( 'NONE',  ( -0.1200786804129129609, -0.07874009232787351764, -3.734948428837859484E-18 ) ) ;
#3297 = B_SPLINE_CURVE_WITH_KNOTS ( 'NONE', 3,
 ( #2470, #860, #7270, #9589, #254, #5771 ),
 .UNSPECIFIED., .F., .F.,
 ( 4, 2, 4 ),
 ( 0.0000000000000000000, 0.5000000000000001110, 1.000000000000000000 ),
 .UNSPECIFIED. ) ;
#3298 = CARTESIAN_POINT ( 'NONE',  ( -0.1200786804129128221, -0.05630560213212518900, 0.1298493426123164540 ) ) ;
#3299 = CARTESIAN_POINT ( 'NONE',  ( 0.1751969101381924687, -0.06573717558553028584, 0.08725470920064028191 ) ) ;
#3300 = EDGE_CURVE ( 'NONE', #8983, #907, #5534, .T. ) ;
#3301 = ORIENTED_EDGE ( 'NONE', *, *, #8054, .T. ) ;
#3302 = FACE_OUTER_BOUND ( 'NONE', #938, .T. ) ;
#3303 = CARTESIAN_POINT ( 'NONE',  ( -0.1364126072578067950, -0.05183720518874072175, 0.07483580865570015062 ) ) ;
#3304 = VECTOR ( 'NONE', #5920, 39.37007874015748143 ) ;
#3305 = CARTESIAN_POINT ( 'NONE',  ( 0.1751969101381889993, 0.03428210079079552913, 0.07554964872697181311 ) ) ;
#3306 = CARTESIAN_POINT ( 'NONE',  ( 0.1358268313981100817, 0.04469427562748631844, 0.04895603218822367625 ) ) ;
#3307 = DIRECTION ( 'NONE',  ( 0.0000000000000000000, 0.0000000000000000000, 1.000000000000000000 ) ) ;
#3308 = ORIENTED_EDGE ( 'NONE', *, *, #2041, .F. ) ;
#3309 = CARTESIAN_POINT ( 'NONE',  ( -0.1240156882869291599, 0.02755912027055118507, 0.04106018025878149791 ) ) ;
#3310 = EDGE_LOOP ( 'NONE', ( #31, #6904, #476, #9114, #6873, #1649, #8154, #3205 ) ) ;
#3311 = CARTESIAN_POINT ( 'NONE',  ( -0.09842513710582680153, -0.03543300571370078256, 0.007874015748031011966 ) ) ;
#3312 = AXIS2_PLACEMENT_3D ( 'NONE', #9409, #33, #10180 ) ;
#3313 = EDGE_CURVE ( 'NONE', #8987, #6936, #9019, .T. ) ;
#3314 = CARTESIAN_POINT ( 'NONE',  ( -0.1304697030920098366, 0.05511817538866042865, 0.07724672631716407445 ) ) ;
#3315 = LINE ( 'NONE', #4693, #8380 ) ;
#3316 = ORIENTED_EDGE ( 'NONE', *, *, #3824, .T. ) ;
#3317 = CARTESIAN_POINT ( 'NONE',  ( -0.1200786804129134050, -0.04574383263740279537, 0.1338582677165354173 ) ) ;
#3318 = LINE ( 'NONE', #916, #768 ) ;
#3319 = DIRECTION ( 'NONE',  ( 0.0000000000000000000, -1.000000000000000000, 0.0000000000000000000 ) ) ;
#3320 = FACE_OUTER_BOUND ( 'NONE', #3915, .T. ) ;
#3321 = CARTESIAN_POINT ( 'NONE',  ( -0.1324551940942060024, 0.04330715176661404514, 0.09955621212946247356 ) ) ;
#3322 = ORIENTED_EDGE ( 'NONE', *, *, #9552, .F. ) ;
#3323 = ORIENTED_EDGE ( 'NONE', *, *, #7934, .T. ) ;
#3324 = B_SPLINE_CURVE_WITH_KNOTS ( 'NONE', 3,
 ( #6909, #9418, #6125, #3040, #802, #6168 ),
 .UNSPECIFIED., .F., .F.,
 ( 4, 2, 4 ),
 ( 0.0000000000000000000, 0.5000000000000000000, 1.000000000000000000 ),
 .UNSPECIFIED. ) ;
#3325 = EDGE_CURVE ( 'NONE', #5350, #9127, #8886, .T. ) ;
#3326 = ADVANCED_FACE ( 'NONE', ( #5725 ), #1949, .T. ) ;
#3327 = CARTESIAN_POINT ( 'NONE',  ( -0.1279526961609449009, 0.03149612814456703019, 0.03149606299212597688 ) ) ;
#3328 = DIRECTION ( 'NONE',  ( 1.000000000000000000, 6.123233995736766036E-17, 0.0000000000000000000 ) ) ;
#3329 = ORIENTED_EDGE ( 'NONE', *, *, #333, .T. ) ;
#3330 = DIRECTION ( 'NONE',  ( -4.322282815942685019E-17, 0.7058823521936324896, -0.7083290936150968831 ) ) ;
#3331 = ORIENTED_EDGE ( 'NONE', *, *, #2384, .T. ) ;
#3332 = CARTESIAN_POINT ( 'NONE',  ( -0.1311808875536952246, -0.05382000071453999640, 0.07636990307927152277 ) ) ;
#3333 = CARTESIAN_POINT ( 'NONE',  ( -0.1321613870797464785, -0.04460506583094858701, 0.07612224886840988913 ) ) ;
#3334 = VERTEX_POINT ( 'NONE', #1792 ) ;
#3335 = ORIENTED_EDGE ( 'NONE', *, *, #6388, .T. ) ;
#3336 = EDGE_CURVE ( 'NONE', #4421, #7627, #6412, .T. ) ;
#3337 = CARTESIAN_POINT ( 'NONE',  ( -0.1279526961609448177, -0.04159820247074785121, 0.03022315240484011942 ) ) ;
#3338 = EDGE_CURVE ( 'NONE', #351, #5555, #9226, .T. ) ;
#3339 = CARTESIAN_POINT ( 'NONE',  ( -0.1023621449798425287, -0.05577387916803935169, 0.01922186197313554765 ) ) ;
#3340 = DIRECTION ( 'NONE',  ( 1.000000000000000000, 6.123233995736766036E-17, 0.0000000000000000000 ) ) ;
#3341 = ORIENTED_EDGE ( 'NONE', *, *, #8292, .T. ) ;
#3342 = ORIENTED_EDGE ( 'NONE', *, *, #9965, .F. ) ;
#3343 = CARTESIAN_POINT ( 'NONE',  ( -0.1197637197829921341, -0.06062985610740157655, 0.1023622047244094335 ) ) ;
#3344 = VERTEX_POINT ( 'NONE', #7317 ) ;
#3345 = CARTESIAN_POINT ( 'NONE',  ( -0.1200786804129134050, 0.05580156162137221709, 0.1302265700350506150 ) ) ;
#3346 = FACE_OUTER_BOUND ( 'NONE', #4150, .T. ) ;
#3347 = EDGE_CURVE ( 'NONE', #778, #190, #3936, .T. ) ;
#3348 = LINE ( 'NONE', #848, #3601 ) ;
#3349 =( BOUNDED_CURVE ( )  B_SPLINE_CURVE ( 3, ( #2708, #6781, #5902, #1206 ),
 .UNSPECIFIED., .F., .T. ) 
 B_SPLINE_CURVE_WITH_KNOTS ( ( 4, 4 ),
 ( 0.01100222019301893249, 1.000000000000000000 ),
 .UNSPECIFIED. ) 
 CURVE ( )  GEOMETRIC_REPRESENTATION_ITEM ( )  RATIONAL_B_SPLINE_CURVE ( ( 1.000000000000000000, 0.3448542578530038871, 0.3448542578530038871, 1.000000000000000000 ) ) 
 REPRESENTATION_ITEM ( '' )  );
#3350 = ORIENTED_EDGE ( 'NONE', *, *, #4228, .T. ) ;
#3351 = CARTESIAN_POINT ( 'NONE',  ( -0.08267710560975535805, -0.04330702146173232014, 0.007874015748030087358 ) ) ;
#3352 = FACE_OUTER_BOUND ( 'NONE', #1367, .T. ) ;
#3353 = CARTESIAN_POINT ( 'NONE',  ( 0.1358268313981101372, 0.02580381195993269525, 0.03009411615610736376 ) ) ;
#3354 = CARTESIAN_POINT ( 'NONE',  ( 0.1270228148068897611, 0.0004904053693700824446, 0.02196600335759448658 ) ) ;
#3355 = ORIENTED_EDGE ( 'NONE', *, *, #437, .T. ) ;
#3356 = EDGE_CURVE ( 'NONE', #1523, #2409, #4297, .T. ) ;
#3357 = EDGE_LOOP ( 'NONE', ( #2543, #2011, #10098, #5315, #6226 ) ) ;
#3358 = FACE_OUTER_BOUND ( 'NONE', #4233, .T. ) ;
#3359 = CARTESIAN_POINT ( 'NONE',  ( -0.1200786804129134050, -0.02374060889942913866, 0.1337844026243306950 ) ) ;
#3360 = CARTESIAN_POINT ( 'NONE',  ( 0.1200787999020472285, 6.515244097005101764E-08, 0.07480314960629920462 ) ) ;
#3361 = CARTESIAN_POINT ( 'NONE',  ( 0.1673228947792431143, 0.02785723841882629948, 0.1229702629498193311 ) ) ;
#3362 = EDGE_LOOP ( 'NONE', ( #4661, #1196 ) ) ;
#3363 = CARTESIAN_POINT ( 'NONE',  ( -0.03740151505858273218, 0.06299219113669829451, 0.003937007874013831975 ) ) ;
#3364 = CARTESIAN_POINT ( 'NONE',  ( -0.1200786804129134466, 0.06073353497608768164, 0.04455012542437807033 ) ) ;
#3365 = LINE ( 'NONE', #9643, #7232 ) ;
#3366 = CARTESIAN_POINT ( 'NONE',  ( 0.1200787999020472285, -0.07121265547513407068, 0.1211767444156773010 ) ) ;
#3367 = VERTEX_POINT ( 'NONE', #3605 ) ;
#3368 = CARTESIAN_POINT ( 'NONE',  ( -0.1279526961609449287, -0.05096949276276844382, 0.07719865795377058026 ) ) ;
#3369 = VERTEX_POINT ( 'NONE', #2341 ) ;
#3370 = ADVANCED_FACE ( 'NONE', ( #4433 ), #6259, .T. ) ;
#3371 = CARTESIAN_POINT ( 'NONE',  ( -0.08858261742078743506, 0.03543313601858269490, 0.1279527559055118058 ) ) ;
#3372 = CARTESIAN_POINT ( 'NONE',  ( 0.1275074588649771634, -0.006972753403534229406, 0.02101142051124291893 ) ) ;
#3373 = EDGE_LOOP ( 'NONE', ( #2304, #3220, #10146, #7784 ) ) ;
#3374 = DIRECTION ( 'NONE',  ( 1.000000000000000000, 0.0000000000000000000, -0.0000000000000000000 ) ) ;
#3375 = LINE ( 'NONE', #1814, #3078 ) ;
#3376 = DIRECTION ( 'NONE',  ( -1.000000000000000000, -0.0000000000000000000, 0.0000000000000000000 ) ) ;
#3377 = ORIENTED_EDGE ( 'NONE', *, *, #7782, .F. ) ;
#3378 = EDGE_CURVE ( 'NONE', #7303, #3262, #2573, .T. ) ;
#3379 = ORIENTED_EDGE ( 'NONE', *, *, #2560, .F. ) ;
#3380 = CARTESIAN_POINT ( 'NONE',  ( -0.1023621449798425426, 0.05256420672010187617, 0.01617701702636981445 ) ) ;
#3381 = DIRECTION ( 'NONE',  ( -1.000000000000000000, 0.0000000000000000000, 0.0000000000000000000 ) ) ;
#3382 = DIRECTION ( 'NONE',  ( 6.123233995736766036E-17, -1.000000000000000000, 0.0000000000000000000 ) ) ;
#3383 = CARTESIAN_POINT ( 'NONE',  ( -0.1397637197829921241, 0.04811261713218200481, 0.07983755252105477485 ) ) ;
#3384 = DIRECTION ( 'NONE',  ( -6.123233995736766036E-17, 1.000000000000000000, 0.0000000000000000000 ) ) ;
#3385 = ORIENTED_EDGE ( 'NONE', *, *, #7138, .T. ) ;
#3386 = EDGE_CURVE ( 'NONE', #5246, #7496, #5124, .T. ) ;
#3387 = ADVANCED_FACE ( 'NONE', ( #8636 ), #7287, .T. ) ;
#3388 = EDGE_LOOP ( 'NONE', ( #4014, #8273 ) ) ;
#3389 = CARTESIAN_POINT ( 'NONE',  ( -0.1279526961609449287, -0.04658786130522523522, 0.07705198776564156637 ) ) ;
#3390 = ORIENTED_EDGE ( 'NONE', *, *, #838, .F. ) ;
#3391 = CARTESIAN_POINT ( 'NONE',  ( 0.07961775780536396729, 6.515244094229544203E-08, 0.007874015748039484355 ) ) ;
#3392 = ADVANCED_FACE ( 'NONE', ( #6804 ), #2616, .T. ) ;
#3393 = EDGE_CURVE ( 'NONE', #5187, #1643, #7343, .T. ) ;
#3394 = CARTESIAN_POINT ( 'NONE',  ( -0.1200786804129134050, 0.04743537645647169509, 0.1337671866560646017 ) ) ;
#3395 = CARTESIAN_POINT ( 'NONE',  ( -0.1358267119089763830, 0.04370532229976613336, 0.04698554036775613729 ) ) ;
#3396 = DIRECTION ( 'NONE',  ( -6.123233995736766036E-17, 1.000000000000000000, 0.0000000000000000000 ) ) ;
#3397 = CARTESIAN_POINT ( 'NONE',  ( -0.1324551940942077510, -0.05511804508377882161, 0.07246313138870655313 ) ) ;
#3398 = CARTESIAN_POINT ( 'NONE',  ( -0.08267710560975535805, -0.04330702146173232014, 0.007874015748030087358 ) ) ;
#3399 = CARTESIAN_POINT ( 'NONE',  ( -0.1302618371690854870, 0.04330715176661417698, 0.07714897251018276725 ) ) ;
#3400 = ADVANCED_FACE ( 'NONE', ( #8118 ), #2550, .F. ) ;
#3401 = FACE_OUTER_BOUND ( 'NONE', #7695, .T. ) ;
#3402 = ORIENTED_EDGE ( 'NONE', *, *, #7961, .T. ) ;
#3403 = CARTESIAN_POINT ( 'NONE',  ( -0.1397637197829921518, 0.04850300744621937471, 0.09739206747951904830 ) ) ;
#3404 = CARTESIAN_POINT ( 'NONE',  ( -0.1023621449798425287, -0.03543300571370076868, 0.01574803149606299191 ) ) ;
#3405 = CARTESIAN_POINT ( 'NONE',  ( -0.1023621449798425287, -0.03543300571370076868, 0.01574803149606299191 ) ) ;
#3406 =( BOUNDED_CURVE ( )  B_SPLINE_CURVE ( 3, ( #6225, #5456, #6858, #4640 ),
 .UNSPECIFIED., .F., .T. ) 
 B_SPLINE_CURVE_WITH_KNOTS ( ( 4, 4 ),
 ( 0.0000000000000000000, 1.000000000000000000 ),
 .UNSPECIFIED. ) 
 CURVE ( )  GEOMETRIC_REPRESENTATION_ITEM ( )  RATIONAL_B_SPLINE_CURVE ( ( 1.000000000000000000, 0.8377691550895406403, 0.8377691550895406403, 1.000000000000000000 ) ) 
 REPRESENTATION_ITEM ( '' )  );
#3407 = DIRECTION ( 'NONE',  ( -1.000000000000000000, -0.0000000000000000000, -0.0000000000000000000 ) ) ;
#3408 = AXIS2_PLACEMENT_3D ( 'NONE', #3900, #8799, #32 ) ;
#3409 = DIRECTION ( 'NONE',  ( 0.0000000000000000000, 0.0000000000000000000, 1.000000000000000000 ) ) ;
#3410 = VECTOR ( 'NONE', #2638, 39.37007874015748143 ) ;
#3411 = CARTESIAN_POINT ( 'NONE',  ( -0.1338582079719683182, -0.03444875374519212191, 0.05574319219385762830 ) ) ;
#3412 = CARTESIAN_POINT ( 'NONE',  ( -0.1390562861424899654, 0.05453361310325566952, 0.08089328294763278859 ) ) ;
#3413 = CARTESIAN_POINT ( 'NONE',  ( -0.1392401800227599795, -0.04674124840120155028, 0.05076974092314961301 ) ) ;
#3414 = CARTESIAN_POINT ( 'NONE',  ( -0.07283458592472442927, 0.07874022263275588795, 0.03740157480314960231 ) ) ;
#3415 = VECTOR ( 'NONE', #6380, 39.37007874015748143 ) ;
#3416 = FACE_OUTER_BOUND ( 'NONE', #7571, .T. ) ;
#3417 = ORIENTED_EDGE ( 'NONE', *, *, #8479, .F. ) ;
#3418 = CARTESIAN_POINT ( 'NONE',  ( -0.1279526961609449287, 0.04745570408762551928, 0.1042917386945186459 ) ) ;
#3419 = AXIS2_PLACEMENT_3D ( 'NONE', #1, #7887, #6327 ) ;
#3420 = EDGE_LOOP ( 'NONE', ( #6807, #1458, #527, #121 ) ) ;
#3421 = CARTESIAN_POINT ( 'NONE',  ( 0.1673228943901574339, -0.01811709367567177625, 0.05116560542593469318 ) ) ;
#3422 = ADVANCED_FACE ( 'NONE', ( #4981 ), #4823, .F. ) ;
#3423 = CYLINDRICAL_SURFACE ( 'NONE', #5106, 0.06692913385826770867 ) ;
#3424 = ORIENTED_EDGE ( 'NONE', *, *, #9249, .F. ) ;
#3425 = CARTESIAN_POINT ( 'NONE',  ( -0.1279526961609449287, -0.04921253327275589701, 0.04577618782838582812 ) ) ;
#3426 = ORIENTED_EDGE ( 'NONE', *, *, #9619, .F. ) ;
#3427 = CARTESIAN_POINT ( 'NONE',  ( -0.1384513838249901152, -0.04658786135674033990, 0.05008353968260950695 ) ) ;
#3428 = CARTESIAN_POINT ( 'NONE',  ( 0.02415058830330707451, -0.01968497421763776636, 0.003931076325590550542 ) ) ;
#3429 = VERTEX_POINT ( 'NONE', #1617 ) ;
#3430 = VERTEX_POINT ( 'NONE', #5542 ) ;
#3431 = CARTESIAN_POINT ( 'NONE',  ( 0.2854331306106263622, -0.03070646728011684409, 0.06432313639778093617 ) ) ;
#3432 = CARTESIAN_POINT ( 'NONE',  ( 0.1200787999020472285, -0.08824338626888122983, 0.09780238384930192708 ) ) ;
#3433 = CARTESIAN_POINT ( 'NONE',  ( 0.1270222644220865560, -0.0002790746117716310531, 0.02196446385606692919 ) ) ;
#3434 = VECTOR ( 'NONE', #2194, 39.37007874015748143 ) ;
#3435 = DIRECTION ( 'NONE',  ( 1.000000000000000000, 0.0000000000000000000, 0.0000000000000000000 ) ) ;
#3436 = ORIENTED_EDGE ( 'NONE', *, *, #6373, .F. ) ;
#3437 = EDGE_LOOP ( 'NONE', ( #5440, #2397, #8998, #6868 ) ) ;
#3438 = FACE_OUTER_BOUND ( 'NONE', #2255, .T. ) ;
#3439 = EDGE_LOOP ( 'NONE', ( #9973, #9541, #2056, #5658, #2151, #8919, #3638, #2927, #5382, #8433, #5062, #3038, #4490, #4096 ) ) ;
#3440 = AXIS2_PLACEMENT_3D ( 'NONE', #5666, #8805, #4681 ) ;
#3441 = B_SPLINE_CURVE_WITH_KNOTS ( 'NONE', 3,
 ( #3285, #4099, #7087, #3337, #2339, #3182 ),
 .UNSPECIFIED., .F., .F.,
 ( 4, 2, 4 ),
 ( 0.0000000000000000000, 0.5000000000000000000, 1.000000000000000000 ),
 .UNSPECIFIED. ) ;
#3442 = LINE ( 'NONE', #8075, #1087 ) ;
#3443 = CARTESIAN_POINT ( 'NONE',  ( 0.2876378550200787143, -0.06281913994531493350, 0.08319616023791340242 ) ) ;
#3444 = VECTOR ( 'NONE', #2716, 39.37007874015748143 ) ;
#3445 = EDGE_CURVE ( 'NONE', #9563, #8745, #5840, .T. ) ;
#3446 = ORIENTED_EDGE ( 'NONE', *, *, #9567, .T. ) ;
#3447 = DIRECTION ( 'NONE',  ( 1.000000000000000000, 6.123233995736766036E-17, 0.0000000000000000000 ) ) ;
#3448 = FACE_OUTER_BOUND ( 'NONE', #6495, .T. ) ;
#3449 = CARTESIAN_POINT ( 'NONE',  ( 0.1294310107057873860, 0.01328829053889760484, 0.1239847517511023789 ) ) ;
#3450 = CARTESIAN_POINT ( 'NONE',  ( -0.1313789265853139154, -0.05511804508377948081, 0.05039380080897669367 ) ) ;
#3451 = LINE ( 'NONE', #1940, #1793 ) ;
#3452 = ORIENTED_EDGE ( 'NONE', *, *, #2560, .T. ) ;
#3453 = CARTESIAN_POINT ( 'NONE',  ( -0.03740151505858521630, -0.06299206083181010940, 0.01751325901238621335 ) ) ;
#3454 = AXIS2_PLACEMENT_3D ( 'NONE', #662, #3668, #611 ) ;
#3455 = EDGE_CURVE ( 'NONE', #8796, #447, #9668, .T. ) ;
#3456 = CARTESIAN_POINT ( 'NONE',  ( -0.1200786804129134189, -0.05580134111793400020, 0.1302266452400383800 ) ) ;
#3457 = CARTESIAN_POINT ( 'NONE',  ( -0.1397637197829906253, 0.04698382099522752098, 0.09719778315169755323 ) ) ;
#3458 = PLANE ( 'NONE',  #7889 ) ;
#3459 = CONICAL_SURFACE ( 'NONE', #5599, 0.01574803149606306824, 0.7853981633974482790 ) ;
#3460 = ORIENTED_EDGE ( 'NONE', *, *, #4825, .T. ) ;
#3461 = CARTESIAN_POINT ( 'NONE',  ( -0.1200786804129134466, -0.05365473221259120518, 0.09291338582677188818 ) ) ;
#3462 = CARTESIAN_POINT ( 'NONE',  ( -0.1401011688136789834, 0.05212305094839603942, 0.08089351280912501774 ) ) ;
#3463 = CARTESIAN_POINT ( 'NONE',  ( -0.1325210033934398624, -0.05183720518873991684, 0.04668366130381402385 ) ) ;
#3464 = CARTESIAN_POINT ( 'NONE',  ( 0.1275688522599999764, 6.515244097005101764E-08, 0.07480314960629920462 ) ) ;
#3465 = CARTESIAN_POINT ( 'NONE',  ( -0.1279526961609451230, -0.05996279807206524037, 0.09722454076020424496 ) ) ;
#3466 = ORIENTED_EDGE ( 'NONE', *, *, #4303, .F. ) ;
#3467 = LINE ( 'NONE', #8926, #1751 ) ;
#3468 = ORIENTED_EDGE ( 'NONE', *, *, #3879, .T. ) ;
#3469 = CARTESIAN_POINT ( 'NONE',  ( 0.1321155169033857990, -0.01331647926740157570, 0.1242608374449212377 ) ) ;
#3470 = AXIS2_PLACEMENT_3D ( 'NONE', #6943, #691, #10130 ) ;
#3471 = ADVANCED_FACE ( 'NONE', ( #8900 ), #7301, .T. ) ;
#3472 = CARTESIAN_POINT ( 'NONE',  ( -0.1281369481294488410, 0.05586047468624482509, 0.1302975371309895714 ) ) ;
#3473 = VERTEX_POINT ( 'NONE', #1824 ) ;
#3474 = ORIENTED_EDGE ( 'NONE', *, *, #4320, .F. ) ;
#3475 = CARTESIAN_POINT ( 'NONE',  ( -0.1200786804129134466, -0.04606069974201797146, 0.02578267322875136061 ) ) ;
#3476 = FACE_OUTER_BOUND ( 'NONE', #8297, .T. ) ;
#3477 = ORIENTED_EDGE ( 'NONE', *, *, #9055, .T. ) ;
#3478 = ORIENTED_EDGE ( 'NONE', *, *, #1032, .T. ) ;
#3479 = DIRECTION ( 'NONE',  ( 0.0000000000000000000, -0.9659258262891414759, 0.2588190451022470695 ) ) ;
#3480 = EDGE_CURVE ( 'NONE', #6934, #2781, #945, .T. ) ;
#3481 = CARTESIAN_POINT ( 'NONE',  ( 0.2854331306106299704, -0.01574796634361898262, 0.07480314960629605436 ) ) ;
#3482 = CARTESIAN_POINT ( 'NONE',  ( 0.1289295682161023249, -0.0002658170327165138036, 0.02387198420974015467 ) ) ;
#3483 = CARTESIAN_POINT ( 'NONE',  ( 0.1200787999020436897, -0.07081804999933613565, 0.1240157480314960509 ) ) ;
#3484 = DIRECTION ( 'NONE',  ( 1.000000000000000000, 6.123233995736766036E-17, 0.0000000000000000000 ) ) ;
#3485 = CARTESIAN_POINT ( 'NONE',  ( 0.1279528156500781555, -0.04312769528103663902, 0.1259842519685039353 ) ) ;
#3486 = VERTEX_POINT ( 'NONE', #4049 ) ;
#3487 = VERTEX_POINT ( 'NONE', #6355 ) ;
#3488 = CARTESIAN_POINT ( 'NONE',  ( -0.1377952158459835319, -0.05866135217040679278, 0.1022760159997441881 ) ) ;
#3489 = ORIENTED_EDGE ( 'NONE', *, *, #3393, .T. ) ;
#3490 = CARTESIAN_POINT ( 'NONE',  ( -0.1377950856118781708, 0.05395359382084653765, 0.05421604282691133009 ) ) ;
#3491 = EDGE_CURVE ( 'NONE', #10024, #8955, #590, .T. ) ;
#3492 = DIRECTION ( 'NONE',  ( 0.0000000000000000000, -0.0000000000000000000, -1.000000000000000000 ) ) ;
#3493 =( BOUNDED_CURVE ( )  B_SPLINE_CURVE ( 3, ( #6754, #2837, #5867, #5924 ),
 .UNSPECIFIED., .F., .T. ) 
 B_SPLINE_CURVE_WITH_KNOTS ( ( 4, 4 ),
 ( 0.0000000000000000000, 1.000000000000000000 ),
 .UNSPECIFIED. ) 
 CURVE ( )  GEOMETRIC_REPRESENTATION_ITEM ( )  RATIONAL_B_SPLINE_CURVE ( ( 1.000000000000000000, 0.9960490760225676476, 0.9960490760225676476, 1.000000000000000000 ) ) 
 REPRESENTATION_ITEM ( '' )  );
#3494 = DIRECTION ( 'NONE',  ( 1.000000000000000000, 6.123233995736766036E-17, 0.0000000000000000000 ) ) ;
#3495 = ADVANCED_FACE ( 'NONE', ( #8844 ), #9054, .F. ) ;
#3496 = ORIENTED_EDGE ( 'NONE', *, *, #4265, .F. ) ;
#3497 = CARTESIAN_POINT ( 'NONE',  ( -0.1181967381245786070, -0.04724402933574805424, 0.008298319277126159008 ) ) ;
#3498 = CARTESIAN_POINT ( 'NONE',  ( 0.1289315655075196076, -0.0004049208859448705992, 0.1257289820537007830 ) ) ;
#3499 = CARTESIAN_POINT ( 'NONE',  ( -0.1317359179447673279, 0.05511817538866198296, 0.1017395712029696558 ) ) ;
#3500 = CARTESIAN_POINT ( 'NONE',  ( -0.1048030898617323126, 0.07869219605224408998, 0.1240157480314960509 ) ) ;
#3501 = VERTEX_POINT ( 'NONE', #7249 ) ;
#3502 = LINE ( 'NONE', #6638, #2411 ) ;
#3503 = EDGE_CURVE ( 'NONE', #837, #3001, #8793, .T. ) ;
#3504 = CARTESIAN_POINT ( 'NONE',  ( -0.1279526961609449287, 0.05001039633529667794, 0.1338582677165358614 ) ) ;
#3505 = CARTESIAN_POINT ( 'NONE',  ( -0.1384513838249951667, 0.05183733549365759918, 0.1000579797070292043 ) ) ;
#3506 = CARTESIAN_POINT ( 'NONE',  ( -0.1200786804129134189, 0.06062998641228294766, 0.04477039948536058050 ) ) ;
#3507 = FACE_OUTER_BOUND ( 'NONE', #3918, .T. ) ;
#3508 = CARTESIAN_POINT ( 'NONE',  ( 0.1594488786420418247, -0.05118103720976298343, 0.07480314960079195719 ) ) ;
#3509 = CARTESIAN_POINT ( 'NONE',  ( -0.1023621449798425287, -0.05363401066615686164, 0.01719196534196305512 ) ) ;
#3510 = ADVANCED_FACE ( 'NONE', ( #5600 ), #8070, .T. ) ;
#3511 = LINE ( 'NONE', #8972, #4242 ) ;
#3512 = CARTESIAN_POINT ( 'NONE',  ( -0.1394385021092407195, -0.04465987481311636115, 0.05130851325976876903 ) ) ;
#3513 = DIRECTION ( 'NONE',  ( -6.123233995736766036E-17, 1.000000000000000000, 0.0000000000000000000 ) ) ;
#3514 = FACE_OUTER_BOUND ( 'NONE', #3556, .T. ) ;
#3515 = ORIENTED_EDGE ( 'NONE', *, *, #6594, .F. ) ;
#3516 = CARTESIAN_POINT ( 'NONE',  ( 0.1594488786419577531, -0.05118103721048464921, 0.08150274023298836878 ) ) ;
#3517 = ADVANCED_FACE ( 'NONE', ( #8749 ), #1668, .F. ) ;
#3518 = EDGE_CURVE ( 'NONE', #6358, #5147, #9569, .T. ) ;
#3519 = ORIENTED_EDGE ( 'NONE', *, *, #4156, .T. ) ;
#3520 = CARTESIAN_POINT ( 'NONE',  ( -0.1279526961609450397, 0.04133864782960629952, 0.04724409448818896184 ) ) ;
#3521 = CARTESIAN_POINT ( 'NONE',  ( 0.1673228943901210741, -0.02952736879809106721, 0.07480314978592199349 ) ) ;
#3522 = ORIENTED_EDGE ( 'NONE', *, *, #2771, .F. ) ;
#3523 = DIRECTION ( 'NONE',  ( -1.000000000000000000, 0.0000000000000000000, 0.0000000000000000000 ) ) ;
#3524 = CARTESIAN_POINT ( 'NONE',  ( -0.1388263888904801846, 0.04284300184975369657, 0.07722593041863357044 ) ) ;
#3525 = CARTESIAN_POINT ( 'NONE',  ( 0.1770866739177164584, 6.515244097005101764E-08, 0.07480314960629920462 ) ) ;
#3526 = CARTESIAN_POINT ( 'NONE',  ( -0.1023621449798425287, -0.03543300571370458507, 0.01567416640385435600 ) ) ;
#3527 = VERTEX_POINT ( 'NONE', #2603 ) ;
#3528 = EDGE_CURVE ( 'NONE', #9183, #6661, #8945, .T. ) ;
#3529 = ORIENTED_EDGE ( 'NONE', *, *, #8797, .T. ) ;
#3530 = CARTESIAN_POINT ( 'NONE',  ( -0.1384655912268698552, 0.04889811069426158729, 0.1003424822243074443 ) ) ;
#3531 = DIRECTION ( 'NONE',  ( 0.0000000000000000000, -0.0000000000000000000, -1.000000000000000000 ) ) ;
#3532 = CARTESIAN_POINT ( 'NONE',  ( 0.1289315655075196076, 0.0004050511908267565996, 0.02387731715890551581 ) ) ;
#3533 = CARTESIAN_POINT ( 'NONE',  ( -0.1023621449798425564, 0.04204077291944251921, 0.01567416640385432824 ) ) ;
#3534 = CARTESIAN_POINT ( 'NONE',  ( -0.1023621449798425287, -0.07874009232787400336, 0.07480314960629513843 ) ) ;
#3535 = ORIENTED_EDGE ( 'NONE', *, *, #7968, .F. ) ;
#3536 = ORIENTED_EDGE ( 'NONE', *, *, #10035, .T. ) ;
#3537 = CARTESIAN_POINT ( 'NONE',  ( -0.1377952158459839205, -0.05865405168886466541, 0.1021038531805771588 ) ) ;
#3538 = ORIENTED_EDGE ( 'NONE', *, *, #2110, .F. ) ;
#3539 = CARTESIAN_POINT ( 'NONE',  ( -0.09295243353817485288, 0.04118563412113803585, 0.007874015748029556533 ) ) ;
#3540 = VERTEX_POINT ( 'NONE', #9145 ) ;
#3541 = CARTESIAN_POINT ( 'NONE',  ( -0.1279526961609449009, 0.04921266357763776772, 0.1043653315612598498 ) ) ;
#3542 = DIRECTION ( 'NONE',  ( -1.000000000000000000, -6.123233995736766036E-17, 0.0000000000000000000 ) ) ;
#3543 = CARTESIAN_POINT ( 'NONE',  ( 0.1318603670774803338, 0.008631862303188971020, 0.1252905150968504078 ) ) ;
#3544 = DIRECTION ( 'NONE',  ( -6.123233995736766036E-17, 1.000000000000000000, 0.0000000000000000000 ) ) ;
#3545 = CARTESIAN_POINT ( 'NONE',  ( 0.1322243560714172761, 0.01562913577291337452, 0.02602460059300787734 ) ) ;
#3546 = ORIENTED_EDGE ( 'NONE', *, *, #1469, .T. ) ;
#3547 = CARTESIAN_POINT ( 'NONE',  ( 0.2775591148625983773, 0.007874080900473591840, 0.05905511811023071711 ) ) ;
#3548 = EDGE_CURVE ( 'NONE', #6570, #9895, #8223, .T. ) ;
#3549 =( BOUNDED_CURVE ( )  B_SPLINE_CURVE ( 3, ( #3389, #1671, #3291, #1722 ),
 .UNSPECIFIED., .F., .T. ) 
 B_SPLINE_CURVE_WITH_KNOTS ( ( 4, 4 ),
 ( 0.0000000000000000000, 1.000000000000000000 ),
 .UNSPECIFIED. ) 
 CURVE ( )  GEOMETRIC_REPRESENTATION_ITEM ( )  RATIONAL_B_SPLINE_CURVE ( ( 1.000000000000000000, 0.8425084105512101740, 0.8425084105512101740, 1.000000000000000000 ) ) 
 REPRESENTATION_ITEM ( '' )  );
#3550 = CARTESIAN_POINT ( 'NONE',  ( 0.1594488786421258963, -0.01181095846960627041, 0.07480314960630017607 ) ) ;
#3551 = CARTESIAN_POINT ( 'NONE',  ( -0.1279526961609449287, 0.04724415964063093110, 0.005812603245675843772 ) ) ;
#3552 = CARTESIAN_POINT ( 'NONE',  ( -0.1397637197829920686, -0.04724402902681235084, 0.07010472908043169360 ) ) ;
#3553 = DIRECTION ( 'NONE',  ( -1.000000000000000000, -6.123233995736766036E-17, 0.0000000000000000000 ) ) ;
#3554 = DIRECTION ( 'NONE',  ( -6.123233995736766036E-17, 1.000000000000000000, 0.0000000000000000000 ) ) ;
#3555 = CARTESIAN_POINT ( 'NONE',  ( 0.1673228943901570454, -0.0004343343384557032212, 0.03149824237213493666 ) ) ;
#3556 = EDGE_LOOP ( 'NONE', ( #10134, #839, #9343, #5430, #9659, #7908, #6209, #3153, #2332 ) ) ;
#3557 = CARTESIAN_POINT ( 'NONE',  ( -0.1200786804129134050, -0.04624887980412763916, 0.09393171429659950833 ) ) ;
#3558 = CARTESIAN_POINT ( 'NONE',  ( -0.1377952158459843091, -0.03051174587118248710, 0.05678838069122117693 ) ) ;
#3559 = CARTESIAN_POINT ( 'NONE',  ( 0.1751969101381889438, -0.004204797477887202602, 0.09054523884597233396 ) ) ;
#3560 = CARTESIAN_POINT ( 'NONE',  ( 0.03425802064244096862, 0.01968510452251973422, 0.01574803149606298844 ) ) ;
#3561 = CARTESIAN_POINT ( 'NONE',  ( -0.1043306489168504270, -0.03543300571370078256, 0.01567416640385432824 ) ) ;
#3562 = ORIENTED_EDGE ( 'NONE', *, *, #8717, .T. ) ;
#3563 = CARTESIAN_POINT ( 'NONE',  ( -0.1377952158459844201, -0.03122064927255883277, 0.09155932762509844114 ) ) ;
#3564 = B_SPLINE_CURVE_WITH_KNOTS ( 'NONE', 3,
 ( #9060, #7500, #5807, #435 ),
 .UNSPECIFIED., .F., .F.,
 ( 4, 4 ),
 ( 0.0000000000000000000, 1.000000000000000000 ),
 .UNSPECIFIED. ) ;
#3565 = ORIENTED_EDGE ( 'NONE', *, *, #3568, .T. ) ;
#3566 = CARTESIAN_POINT ( 'NONE',  ( 0.1316144677061810708, 0.0002010275164173313677, 0.1260042274738976398 ) ) ;
#3567 = AXIS2_PLACEMENT_3D ( 'NONE', #730, #3076, #6937 ) ;
#3568 = EDGE_CURVE ( 'NONE', #8637, #4145, #2709, .T. ) ;
#3569 = EDGE_CURVE ( 'NONE', #8265, #9976, #2203, .T. ) ;
#3570 = AXIS2_PLACEMENT_3D ( 'NONE', #3525, #1147, #6821 ) ;
#3571 = CARTESIAN_POINT ( 'NONE',  ( -0.1311788480827941472, -0.04330702146173294464, 0.07271426914684635257 ) ) ;
#3572 = EDGE_CURVE ( 'NONE', #7410, #5589, #6628, .T. ) ;
#3573 = EDGE_CURVE ( 'NONE', #6099, #7144, #2079, .T. ) ;
#3574 = AXIS2_PLACEMENT_3D ( 'NONE', #6983, #10123, #6206 ) ;
#3575 = DIRECTION ( 'NONE',  ( -0.0000000000000000000, -0.0000000000000000000, -1.000000000000000000 ) ) ;
#3576 = LINE ( 'NONE', #2700, #5905 ) ;
#3577 = EDGE_LOOP ( 'NONE', ( #6493, #367, #5889, #4512 ) ) ;
#3578 = ORIENTED_EDGE ( 'NONE', *, *, #1057, .F. ) ;
#3579 = CARTESIAN_POINT ( 'NONE',  ( -0.03740151505858269054, -0.06299206083180314275, 0.02066929133858267167 ) ) ;
#3580 = AXIS2_PLACEMENT_3D ( 'NONE', #10000, #3156, #7058 ) ;
#3581 = ADVANCED_FACE ( 'NONE', ( #5138 ), #9922, .T. ) ;
#3582 = CARTESIAN_POINT ( 'NONE',  ( 0.1321114210489369167, -0.01323732751972441814, 0.02532384147141338374 ) ) ;
#3583 = CARTESIAN_POINT ( 'NONE',  ( 0.1358268313981119413, 0.03149612814456353993, 0.1338582677165340851 ) ) ;
#3584 = CARTESIAN_POINT ( 'NONE',  ( 0.1594488786419577531, -0.03168808706754663862, 0.03406398733476079244 ) ) ;
#3585 = CARTESIAN_POINT ( 'NONE',  ( -0.07480308986173236918, 0.01771660058551183248, 0.0000000000000000000 ) ) ;
#3586 = ORIENTED_EDGE ( 'NONE', *, *, #8021, .F. ) ;
#3587 = ORIENTED_EDGE ( 'NONE', *, *, #432, .T. ) ;
#3588 = CARTESIAN_POINT ( 'NONE',  ( 0.1279528156500783775, 0.05019661534909135303, 0.1248263086777115782 ) ) ;
#3589 = ORIENTED_EDGE ( 'NONE', *, *, #5374, .T. ) ;
#3590 = DIRECTION ( 'NONE',  ( -0.0000000000000000000, -0.0000000000000000000, -1.000000000000000000 ) ) ;
#3591 = CARTESIAN_POINT ( 'NONE',  ( 0.1247258341972802415, -0.05581316052198102146, 0.01926146608892237433 ) ) ;
#3592 = ORIENTED_EDGE ( 'NONE', *, *, #6458, .T. ) ;
#3593 = AXIS2_PLACEMENT_3D ( 'NONE', #4354, #425, #9664 ) ;
#3594 = DIRECTION ( 'NONE',  ( -1.000000000000000000, 0.0000000000000000000, 0.0000000000000000000 ) ) ;
#3595 = CARTESIAN_POINT ( 'NONE',  ( -0.1384513838250007733, 0.04921266357763807303, 0.07687941041954664267 ) ) ;
#3596 = CARTESIAN_POINT ( 'NONE',  ( 0.2854331306106298594, -0.06281913994527556222, 0.08319616023790546433 ) ) ;
#3597 = DIRECTION ( 'NONE',  ( 1.000000000000000000, 6.123233995736766036E-17, 0.0000000000000000000 ) ) ;
#3598 = CARTESIAN_POINT ( 'NONE',  ( -0.1392813702291529621, 0.05167133821282068884, 0.07790018579541634069 ) ) ;
#3599 = VERTEX_POINT ( 'NONE', #4409 ) ;
#3600 = FACE_OUTER_BOUND ( 'NONE', #4983, .T. ) ;
#3601 = VECTOR ( 'NONE', #2559, 39.37007874015748143 ) ;
#3602 = EDGE_CURVE ( 'NONE', #2032, #8825, #2445, .T. ) ;
#3603 = CARTESIAN_POINT ( 'NONE',  ( -0.1279526961609449009, 0.04724415964062991108, 0.01968503937007873641 ) ) ;
#3604 = CARTESIAN_POINT ( 'NONE',  ( -0.1390562931984465900, 0.04389172422988181499, 0.09634132567593765850 ) ) ;
#3605 = CARTESIAN_POINT ( 'NONE',  ( -0.1023621449798390176, -0.04748173994139162635, 0.1338577398448461964 ) ) ;
#3606 = VERTEX_POINT ( 'NONE', #6621 ) ;
#3607 = FACE_BOUND ( 'NONE', #7432, .T. ) ;
#3608 = VERTEX_POINT ( 'NONE', #5237 ) ;
#3609 = CARTESIAN_POINT ( 'NONE',  ( -0.1377952158459815057, -0.03170483197994267144, 0.05646352673566858854 ) ) ;
#3610 = CIRCLE ( 'NONE', #468, 0.01181102362204741220 ) ;
#3611 = CARTESIAN_POINT ( 'NONE',  ( -0.09251962529480314834, 6.515244097005101764E-08, 0.007874015748031495954 ) ) ;
#3612 = FACE_OUTER_BOUND ( 'NONE', #3687, .T. ) ;
#3613 =( BOUNDED_SURFACE ( )  B_SPLINE_SURFACE ( 3, 3, ( 
 ( #10013, #4702, #5420, #7740 ),
 ( #7071, #9385, #3059, #7639 ),
 ( #2173, #669, #2326, #1541 ),
 ( #716, #10066, #7015, #6291 ) ),
 .UNSPECIFIED., .F., .F., .F. ) 
 B_SPLINE_SURFACE_WITH_KNOTS ( ( 4, 4 ),
 ( 4, 4 ),
 ( 0.0000000000000000000, 1.000000000000000000 ),
 ( 0.0000000000000000000, 1.000000000000000000 ),
 .UNSPECIFIED. ) 
 GEOMETRIC_REPRESENTATION_ITEM ( )  RATIONAL_B_SPLINE_SURFACE ( (
 ( 1.000000000000000000, 0.9768702674408494824, 0.9768702674408494824, 1.000000000000000000),
 ( 0.8425084105501572385, 0.8230214163352971291, 0.8230214163352971291, 0.8425084105501572385),
 ( 0.8425084105501572385, 0.8230214163352971291, 0.8230214163352971291, 0.8425084105501572385),
 ( 1.000000000000000000, 0.9768702674408494824, 0.9768702674408494824, 1.000000000000000000) ) ) 
 REPRESENTATION_ITEM ( '' )  SURFACE ( )  );
#3614 = CARTESIAN_POINT ( 'NONE',  ( -0.1364273451834340511, 0.05183733549366234539, 0.07531923518203463563 ) ) ;
#3615 = CARTESIAN_POINT ( 'NONE',  ( -0.1279526961609450952, -0.04604337324555948102, 0.09358044386210744026 ) ) ;
#3616 = VERTEX_POINT ( 'NONE', #5028 ) ;
#3617 = DIRECTION ( 'NONE',  ( -1.000000000000000000, -0.0000000000000000000, -0.0000000000000000000 ) ) ;
#3618 = ORIENTED_EDGE ( 'NONE', *, *, #9153, .F. ) ;
#3619 = DIRECTION ( 'NONE',  ( -0.0000000000000000000, 0.0000000000000000000, 1.000000000000000000 ) ) ;
#3620 = VECTOR ( 'NONE', #2447, 39.37007874015748143 ) ;
#3621 = CARTESIAN_POINT ( 'NONE',  ( 0.1751969101381888883, 0.01411408107209806938, 0.08296970013641746799 ) ) ;
#3622 = ORIENTED_EDGE ( 'NONE', *, *, #7845, .T. ) ;
#3623 = DIRECTION ( 'NONE',  ( 0.0000000000000000000, 1.000000000000000000, 0.0000000000000000000 ) ) ;
#3624 = FACE_OUTER_BOUND ( 'NONE', #9438, .T. ) ;
#3625 = FACE_OUTER_BOUND ( 'NONE', #218, .T. ) ;
#3626 = CARTESIAN_POINT ( 'NONE',  ( 0.04133864242173223430, -0.06299206083181105309, 0.01072513344320078638 ) ) ;
#3627 = VERTEX_POINT ( 'NONE', #3534 ) ;
#3628 = AXIS2_PLACEMENT_3D ( 'NONE', #1809, #1245, #6552 ) ;
#3629 = EDGE_LOOP ( 'NONE', ( #3678, #4410, #6815, #4762, #767 ) ) ;
#3630 = EDGE_CURVE ( 'NONE', #6751, #9083, #2128, .T. ) ;
#3631 = FACE_BOUND ( 'NONE', #9045, .T. ) ;
#3632 = CARTESIAN_POINT ( 'NONE',  ( -0.1381303471247790071, 0.05514008358456818498, 0.09719780979656161835 ) ) ;
#3633 = DIRECTION ( 'NONE',  ( 6.123233995736766036E-17, -1.000000000000000000, 0.0000000000000000000 ) ) ;
#3634 = DIRECTION ( 'NONE',  ( -1.000000000000000000, -6.123233995736766036E-17, 0.0000000000000000000 ) ) ;
#3635 = VECTOR ( 'NONE', #7999, 39.37007874015748143 ) ;
#3636 = CARTESIAN_POINT ( 'NONE',  ( -0.1279526961609450397, -0.03149599783968522887, 0.03149606299212598381 ) ) ;
#3637 = VERTEX_POINT ( 'NONE', #2762 ) ;
#3638 = ORIENTED_EDGE ( 'NONE', *, *, #3144, .F. ) ;
#3639 = CARTESIAN_POINT ( 'NONE',  ( -0.1358267119089763830, -0.04370519199484550199, 0.1026207588448424107 ) ) ;
#3640 = EDGE_CURVE ( 'NONE', #1506, #7799, #9725, .T. ) ;
#3641 = ORIENTED_EDGE ( 'NONE', *, *, #7146, .F. ) ;
#3642 = AXIS2_PLACEMENT_3D ( 'NONE', #9512, #949, #9670 ) ;
#3643 = EDGE_CURVE ( 'NONE', #8687, #5955, #9001, .T. ) ;
#3644 = CARTESIAN_POINT ( 'NONE',  ( 0.1279528156500787106, 0.03563499092568662985, 0.1316508742332706816 ) ) ;
#3645 = CARTESIAN_POINT ( 'NONE',  ( 0.1279962625602895643, -0.05184306301346811724, 0.01993910082318988905 ) ) ;
#3646 = VERTEX_POINT ( 'NONE', #5852 ) ;
#3647 = CARTESIAN_POINT ( 'NONE',  ( 0.1279528156498904723, 8.816039931464508703E-08, 0.1277161633740035163 ) ) ;
#3648 = CARTESIAN_POINT ( 'NONE',  ( 0.1296072913525196102, 0.01871435671444883139, 0.1221691313112992089 ) ) ;
#3649 = CARTESIAN_POINT ( 'NONE',  ( -0.1279526961609449009, -0.04921253327275590395, 0.04577618782838581424 ) ) ;
#3650 = LINE ( 'NONE', #5766, #9376 ) ;
#3651 = ORIENTED_EDGE ( 'NONE', *, *, #6976, .F. ) ;
#3652 = ADVANCED_FACE ( 'NONE', ( #6730 ), #5950, .T. ) ;
#3653 = CARTESIAN_POINT ( 'NONE',  ( -0.1221400929152682419, 0.04724415964063093804, -2.208204889165811863E-16 ) ) ;
#3654 = LINE ( 'NONE', #2044, #6742 ) ;
#3655 = CARTESIAN_POINT ( 'NONE',  ( -0.1397637197829922073, 0.04850300744622106780, 0.09739206747951975607 ) ) ;
#3656 = VERTEX_POINT ( 'NONE', #5185 ) ;
#3657 = ORIENTED_EDGE ( 'NONE', *, *, #9355, .T. ) ;
#3658 = CARTESIAN_POINT ( 'NONE',  ( -0.07086608198771657263, -0.05174652699506005621, 0.01568885365806494195 ) ) ;
#3659 = EDGE_CURVE ( 'NONE', #7863, #6610, #9208, .T. ) ;
#3660 = CARTESIAN_POINT ( 'NONE',  ( 0.1751969101381889438, 6.471112680329151407E-08, 0.05905528345447134259 ) ) ;
#3661 = CARTESIAN_POINT ( 'NONE',  ( 0.1358268313981101372, -0.04724402933574799179, 0.06889763779527557919 ) ) ;
#3662 = FACE_OUTER_BOUND ( 'NONE', #9888, .T. ) ;
#3663 = CARTESIAN_POINT ( 'NONE',  ( 0.1279528156498905556, 4.214544877152374029E-08, 0.02189013583859241580 ) ) ;
#3664 = VERTEX_POINT ( 'NONE', #6931 ) ;
#3665 = CARTESIAN_POINT ( 'NONE',  ( -0.1377952158459843923, 0.03122077957743709872, 0.09155932762510517187 ) ) ;
#3666 = ORIENTED_EDGE ( 'NONE', *, *, #10157, .F. ) ;
#3667 = CARTESIAN_POINT ( 'NONE',  ( -0.1384513838249768480, -0.05183720518875357258, 0.07296489896628316485 ) ) ;
#3668 = DIRECTION ( 'NONE',  ( 1.000000000000000000, 6.123233995736766036E-17, -0.0000000000000000000 ) ) ;
#3669 = CARTESIAN_POINT ( 'NONE',  ( -0.1279526961609449287, 0.04921266357763775384, 0.1043653315612598498 ) ) ;
#3670 =( BOUNDED_SURFACE ( )  B_SPLINE_SURFACE ( 3, 3, ( 
 ( #1118, #5095, #6009, #7507, #5813, #2721, #5251, #1994, #1273, #9010, #347, #8338 ),
 ( #4367, #6584, #1170, #9885, #1328, #1938, #5150, #2670, #8285, #444, #499, #7359 ),
 ( #5963, #3648, #9111, #4425, #3449, #8238, #9735, #6686, #8957, #2034, #1884, #3498 ),
 ( #5039, #8180, #6633, #9779, #5862, #393, #3543, #10033, #2240, #4630, #4477, #3084 ) ),
 .UNSPECIFIED., .F., .F., .F. ) 
 B_SPLINE_SURFACE_WITH_KNOTS ( ( 4, 4 ),
 ( 4, 1, 1, 1, 1, 1, 1, 1, 1, 4 ),
 ( 0.0000000000000000000, 1.000000000000000000 ),
 ( 0.07728074264702999852, 0.1324840773636999924, 0.2526495364017000145, 0.3601302744479000228, 0.4645371975640000262, 0.5722146442173999814, 0.6806530596944000422, 0.7881534311872999687, 0.8946068691734000433, 0.9850692345678000450 ),
 .UNSPECIFIED. ) 
 GEOMETRIC_REPRESENTATION_ITEM ( )  RATIONAL_B_SPLINE_SURFACE ( (
 ( 1.225782960702999969, 1.225782960702999969, 1.225782960702999969, 1.225782960702999969, 1.225782960702999969, 1.225782960702999969, 1.225782960702999969, 1.225782960702999969, 1.225782960702999969, 1.225782960702999969, 1.225782960702999969, 1.225782960702999969),
 ( 0.9247390130991000046, 0.9247390130991000046, 0.9247390130991000046, 0.9247390130991000046, 0.9247390130991000046, 0.9247390130991000046, 0.9247390130991000046, 0.9247390130991000046, 0.9247390130991000046, 0.9247390130991000046, 0.9247390130991000046, 0.9247390130991000046),
 ( 0.9247390130991000046, 0.9247390130991000046, 0.9247390130991000046, 0.9247390130991000046, 0.9247390130991000046, 0.9247390130991000046, 0.9247390130991000046, 0.9247390130991000046, 0.9247390130991000046, 0.9247390130991000046, 0.9247390130991000046, 0.9247390130991000046),
 ( 1.225782960702999969, 1.225782960702999969, 1.225782960702999969, 1.225782960702999969, 1.225782960702999969, 1.225782960702999969, 1.225782960702999969, 1.225782960702999969, 1.225782960702999969, 1.225782960702999969, 1.225782960702999969, 1.225782960702999969) ) ) 
 REPRESENTATION_ITEM ( '' )  SURFACE ( )  );
#3671 = ORIENTED_EDGE ( 'NONE', *, *, #7099, .T. ) ;
#3672 = EDGE_CURVE ( 'NONE', #1334, #4656, #4663, .T. ) ;
#3673 = CARTESIAN_POINT ( 'NONE',  ( -0.08661411348377956454, 0.07452874841915356485, 0.03937007874015747283 ) ) ;
#3674 = CARTESIAN_POINT ( 'NONE',  ( -0.1200786804129134050, -0.04724402933574804037, 0.01968503937007782742 ) ) ;
#3675 = CARTESIAN_POINT ( 'NONE',  ( 0.2736221069885826362, -0.01181095846961129417, 0.05118110236220198284 ) ) ;
#3676 = CARTESIAN_POINT ( 'NONE',  ( -0.1377952064729828230, 0.05814650089140111638, 0.04996105832206364228 ) ) ;
#3677 = EDGE_LOOP ( 'NONE', ( #680, #7822, #2283, #4839 ) ) ;
#3678 = ORIENTED_EDGE ( 'NONE', *, *, #4458, .F. ) ;
#3679 = LINE ( 'NONE', #8267, #7366 ) ;
#3680 = ADVANCED_FACE ( 'NONE', ( #9968 ), #5779, .T. ) ;
#3681 = FACE_OUTER_BOUND ( 'NONE', #4190, .T. ) ;
#3682 = CARTESIAN_POINT ( 'NONE',  ( -0.1384513838250003293, -0.04921253327275761091, 0.04978632967877868326 ) ) ;
#3683 = CARTESIAN_POINT ( 'NONE',  ( 0.1751969101381890548, 0.02703167279991567848, 0.05685840110219836374 ) ) ;
#3684 = FACE_OUTER_BOUND ( 'NONE', #2551, .T. ) ;
#3685 = EDGE_LOOP ( 'NONE', ( #10120, #8670, #8169, #5846, #10177, #5087, #6454, #5457 ) ) ;
#3686 = EDGE_CURVE ( 'NONE', #7880, #1283, #2633, .T. ) ;
#3687 = EDGE_LOOP ( 'NONE', ( #2701, #10014, #2264, #6987 ) ) ;
#3688 = CARTESIAN_POINT ( 'NONE',  ( 0.2775591148625983773, 0.007874080900473593575, 0.07480314960629920462 ) ) ;
#3689 = ORIENTED_EDGE ( 'NONE', *, *, #7284, .F. ) ;
#3690 = CARTESIAN_POINT ( 'NONE',  ( 0.1673228943901572396, 6.515244144151754996E-08, 0.1181102356891025190 ) ) ;
#3691 = CARTESIAN_POINT ( 'NONE',  ( -0.1196543768838166516, -0.03543300571370085195, 0.009755958036362715260 ) ) ;
#3692 = ADVANCED_FACE ( 'NONE', ( #3684 ), #8335, .T. ) ;
#3693 = ADVANCED_FACE ( 'NONE', ( #9341 ), #2914, .T. ) ;
#3694 = CARTESIAN_POINT ( 'NONE',  ( 0.1277995499114173150, -0.01455075283681104246, 0.02120578387633464956 ) ) ;
#3695 = EDGE_CURVE ( 'NONE', #6598, #4923, #345, .T. ) ;
#3696 = EDGE_CURVE ( 'NONE', #3873, #6674, #474, .T. ) ;
#3697 = CARTESIAN_POINT ( 'NONE',  ( -0.1295041058032682380, -0.05183720518873991684, 0.04599645086486991996 ) ) ;
#3698 = CARTESIAN_POINT ( 'NONE',  ( 0.1275688522599999764, 0.04724415964063124335, 0.02739529693388989898 ) ) ;
#3699 = CARTESIAN_POINT ( 'NONE',  ( -0.1397637197829998679, -0.04746986976267911218, 0.05172474907387416415 ) ) ;
#3700 = CARTESIAN_POINT ( 'NONE',  ( -0.1200786804129134466, -0.04801692268184466761, 0.09301429291720660075 ) ) ;
#3701 = LINE ( 'NONE', #2098, #6045 ) ;
#3702 = DIRECTION ( 'NONE',  ( -1.000000000000000000, 0.0000000000000000000, 5.285485590866854626E-15 ) ) ;
#3703 = CARTESIAN_POINT ( 'NONE',  ( -0.03740151505858273218, 0.05905518326267716195, 0.003937007874015747977 ) ) ;
#3704 = ORIENTED_EDGE ( 'NONE', *, *, #320, .T. ) ;
#3705 = CARTESIAN_POINT ( 'NONE',  ( 0.1279962623480249695, -0.04967444017626753555, 0.1305676702275552492 ) ) ;
#3706 = CARTESIAN_POINT ( 'NONE',  ( 0.1279586746327727176, 0.007041117352495459419, 0.1277076046039806179 ) ) ;
#3707 = ADVANCED_FACE ( 'NONE', ( #5429 ), #6837, .T. ) ;
#3708 = DIRECTION ( 'NONE',  ( -6.123233995736766036E-17, 1.000000000000000000, 0.0000000000000000000 ) ) ;
#3709 = CARTESIAN_POINT ( 'NONE',  ( -0.1369911382989602855, 0.06091672847782853700, 0.04213889238583098246 ) ) ;
#3710 = CARTESIAN_POINT ( 'NONE',  ( 0.1358268313981101649, 6.515244095996706394E-08, 0.02362204724409449133 ) ) ;
#3711 = ORIENTED_EDGE ( 'NONE', *, *, #3748, .F. ) ;
#3712 = FACE_OUTER_BOUND ( 'NONE', #8883, .T. ) ;
#3713 = ORIENTED_EDGE ( 'NONE', *, *, #369, .F. ) ;
#3714 = DIRECTION ( 'NONE',  ( 1.000000000000000000, 6.123233995736766036E-17, -0.0000000000000000000 ) ) ;
#3715 = CARTESIAN_POINT ( 'NONE',  ( 0.1751969101381889438, 0.01571372667410469992, 0.07907390822155592469 ) ) ;
#3716 = DIRECTION ( 'NONE',  ( -1.000000000000000000, 0.0000000000000000000, 0.0000000000000000000 ) ) ;
#3717 = VERTEX_POINT ( 'NONE', #224 ) ;
#3718 = CARTESIAN_POINT ( 'NONE',  ( -0.1397637197829910694, 0.05144150190448606996, 0.08003681697827040586 ) ) ;
#3719 = CARTESIAN_POINT ( 'NONE',  ( 0.1594488786421258963, 0.01057797814962713016, 0.08096967185661059496 ) ) ;
#3720 = CARTESIAN_POINT ( 'NONE',  ( 0.07188043055315136709, 0.01968510452251907503, 0.01436640419164587727 ) ) ;
#3721 =( CONVERSION_BASED_UNIT ( 'INCH', #9331 ) LENGTH_UNIT ( ) NAMED_UNIT ( #542 ) );
#3722 = EDGE_LOOP ( 'NONE', ( #2201, #1847 ) ) ;
#3723 = CARTESIAN_POINT ( 'NONE',  ( -0.1200786804129134189, 0.04748014480221540018, 0.1337743389971719765 ) ) ;
#3724 = ORIENTED_EDGE ( 'NONE', *, *, #4890, .T. ) ;
#3725 = CARTESIAN_POINT ( 'NONE',  ( -0.1324224003850725806, 0.04460519613583042997, 0.07409706280939036549 ) ) ;
#3726 = EDGE_CURVE ( 'NONE', #1003, #1222, #7078, .T. ) ;
#3727 =( BOUNDED_SURFACE ( )  B_SPLINE_SURFACE ( 3, 3, ( 
 ( #6145, #6101, #3780, #9919 ),
 ( #3632, #5235, #9964, #10069 ),
 ( #6928, #5996, #6190, #8379 ),
 ( #4612, #2274, #3018, #1255 ) ),
 .UNSPECIFIED., .F., .F., .F. ) 
 B_SPLINE_SURFACE_WITH_KNOTS ( ( 4, 4 ),
 ( 4, 4 ),
 ( 0.0000000000000000000, 1.000000000000000000 ),
 ( 0.0000000000000000000, 1.000000000000000000 ),
 .UNSPECIFIED. ) 
 GEOMETRIC_REPRESENTATION_ITEM ( )  RATIONAL_B_SPLINE_SURFACE ( (
 ( 1.000000000000000000, 0.9344041809601488779, 0.9344041809601488779, 1.000000000000000000),
 ( 0.8002719084689889906, 0.7477774171783808654, 0.7477774171783808654, 0.8002719084689889906),
 ( 0.8002719084689889906, 0.7477774171783808654, 0.7477774171783808654, 0.8002719084689889906),
 ( 1.000000000000000000, 0.9344041809601488779, 0.9344041809601488779, 1.000000000000000000) ) ) 
 REPRESENTATION_ITEM ( '' )  SURFACE ( )  );
#3728 = CARTESIAN_POINT ( 'NONE',  ( -0.1279526961609450397, -0.06102355689480315482, 0.1023622047244078653 ) ) ;
#3729 = CARTESIAN_POINT ( 'NONE',  ( -0.1377952158459787302, -0.01708951542868683907, 0.02684048373939986604 ) ) ;
#3730 = CARTESIAN_POINT ( 'NONE',  ( -0.1279526961609449009, -0.04921253327275590395, 0.07727225082051179805 ) ) ;
#3731 = ORIENTED_EDGE ( 'NONE', *, *, #906, .F. ) ;
#3732 = CARTESIAN_POINT ( 'NONE',  ( -0.1377952191565940954, -0.04476424054170419914, 0.1063231006979525189 ) ) ;
#3733 = VECTOR ( 'NONE', #324, 39.37007874015748143 ) ;
#3734 = VERTEX_POINT ( 'NONE', #5528 ) ;
#3735 = CARTESIAN_POINT ( 'NONE',  ( 0.1200787999020472285, 0.06594494704220472958, 0.1338582677165354173 ) ) ;
#3736 = ORIENTED_EDGE ( 'NONE', *, *, #978, .T. ) ;
#3737 = VECTOR ( 'NONE', #2220, 39.37007874015748143 ) ;
#3738 = AXIS2_PLACEMENT_3D ( 'NONE', #9320, #5995, #2022 ) ;
#3739 = EDGE_CURVE ( 'NONE', #7303, #7551, #986, .T. ) ;
#3740 = FACE_OUTER_BOUND ( 'NONE', #6447, .T. ) ;
#3741 = CARTESIAN_POINT ( 'NONE',  ( 0.1594488786421259241, 0.01024383902187568640, 0.06887972773351272449 ) ) ;
#3742 = CARTESIAN_POINT ( 'NONE',  ( -0.1023621449798354371, 0.04743257015525295661, 0.1338582677165354173 ) ) ;
#3743 = DIRECTION ( 'NONE',  ( 1.000000000000000000, 6.123233995736766036E-17, -0.0000000000000000000 ) ) ;
#3744 = LINE ( 'NONE', #2985, #8533 ) ;
#3745 = CARTESIAN_POINT ( 'NONE',  ( -0.1397637197829998679, -0.04698965507113175150, 0.05183491787975072485 ) ) ;
#3746 = CARTESIAN_POINT ( 'NONE',  ( -0.1200786804129133911, -0.06102355689480314788, 0.1023622047244094474 ) ) ;
#3747 = VECTOR ( 'NONE', #7960, 39.37007874015748143 ) ;
#3748 = EDGE_CURVE ( 'NONE', #8517, #10045, #5741, .T. ) ;
#3749 = DIRECTION ( 'NONE',  ( 1.000000000000000000, 6.123233995736766036E-17, 0.0000000000000000000 ) ) ;
#3750 = B_SPLINE_CURVE_WITH_KNOTS ( 'NONE', 3,
 ( #5844, #8985, #2067, #1304 ),
 .UNSPECIFIED., .F., .F.,
 ( 4, 4 ),
 ( 0.0000000000000000000, 0.01042191370842520531 ),
 .UNSPECIFIED. ) ;
#3751 = EDGE_CURVE ( 'NONE', #9267, #9499, #9381, .T. ) ;
#3752 = CARTESIAN_POINT ( 'NONE',  ( 0.1751969101381889993, 0.03137873915854069717, 0.07208638652795154589 ) ) ;
#3753 = ORIENTED_EDGE ( 'NONE', *, *, #4959, .F. ) ;
#3754 = B_SPLINE_CURVE_WITH_KNOTS ( 'NONE', 3,
 ( #8336, #6116, #1272, #8444 ),
 .UNSPECIFIED., .F., .F.,
 ( 4, 4 ),
 ( 0.0000000000000000000, 1.000000000000000000 ),
 .UNSPECIFIED. ) ;
#3755 = EDGE_LOOP ( 'NONE', ( #9969, #5300 ) ) ;
#3756 = FACE_OUTER_BOUND ( 'NONE', #7093, .T. ) ;
#3757 = DIRECTION ( 'NONE',  ( 0.0000000000000000000, -0.9994024655698422466, -0.03456460346829427072 ) ) ;
#3758 = CARTESIAN_POINT ( 'NONE',  ( -0.1369911382989602855, 0.04182179938158572807, 0.04147811981571314366 ) ) ;
#3759 = CARTESIAN_POINT ( 'NONE',  ( -0.1384513838249768480, -0.05183720518875357258, 0.07296489896628316485 ) ) ;
#3760 = EDGE_CURVE ( 'NONE', #8375, #5179, #4859, .T. ) ;
#3761 = CARTESIAN_POINT ( 'NONE',  ( -0.1200786804129134050, -0.03149599783968524275, 0.03149606299212599075 ) ) ;
#3762 = ORIENTED_EDGE ( 'NONE', *, *, #2991, .F. ) ;
#3763 = CARTESIAN_POINT ( 'NONE',  ( -0.1303548763006058819, 0.05331344158368462455, 0.07286926856913386596 ) ) ;
#3764 = VECTOR ( 'NONE', #5961, 39.37007874015748143 ) ;
#3765 = ORIENTED_EDGE ( 'NONE', *, *, #155, .F. ) ;
#3766 = CARTESIAN_POINT ( 'NONE',  ( -0.1200786804129134189, 0.02755912027055118854, 0.1029190095611923067 ) ) ;
#3767 = CARTESIAN_POINT ( 'NONE',  ( -0.1358267119089763830, -0.04144547624654317669, 0.09725700262203025581 ) ) ;
#3768 = CIRCLE ( 'NONE', #9531, 0.003937007874015770528 ) ;
#3769 = CARTESIAN_POINT ( 'NONE',  ( -0.1279526961609449287, 0.04921266357763775384, 0.1043653315612598498 ) ) ;
#3770 = ORIENTED_EDGE ( 'NONE', *, *, #5670, .T. ) ;
#3771 = FACE_OUTER_BOUND ( 'NONE', #276, .T. ) ;
#3772 = CARTESIAN_POINT ( 'NONE',  ( 0.1594488786421258963, -0.008874168056119041692, 0.08262358474400456620 ) ) ;
#3773 = CARTESIAN_POINT ( 'NONE',  ( 0.2759283528060109680, 0.01181108877448836837, 0.07480314960629920462 ) ) ;
#3774 = ORIENTED_EDGE ( 'NONE', *, *, #6311, .F. ) ;
#3775 = CARTESIAN_POINT ( 'NONE',  ( 0.009842579429606257424, -0.07098692093952760351, 0.1317208928393110157 ) ) ;
#3776 = VERTEX_POINT ( 'NONE', #175 ) ;
#3777 = LINE ( 'NONE', #672, #6874 ) ;
#3778 = VECTOR ( 'NONE', #886, 39.37007874015748143 ) ;
#3779 = B_SPLINE_CURVE_WITH_KNOTS ( 'NONE', 3,
 ( #5132, #3530, #6042, #1202 ),
 .UNSPECIFIED., .F., .F.,
 ( 4, 4 ),
 ( 0.0000000000000000000, 1.000000000000000000 ),
 .UNSPECIFIED. ) ;
#3780 = CARTESIAN_POINT ( 'NONE',  ( -0.1355292781064329766, 0.05485770732546466771, 0.09881609051666230548 ) ) ;
#3781 = CARTESIAN_POINT ( 'NONE',  ( -0.1023621449798425287, -0.04748128295130207843, 0.1337844026243306950 ) ) ;
#3782 = CARTESIAN_POINT ( 'NONE',  ( -0.1322212845019570815, -0.05183745836559644493, 0.07648661101795574402 ) ) ;
#3783 = CARTESIAN_POINT ( 'NONE',  ( -0.1279526961609451507, -0.02755898996566931089, 0.03440236461496391090 ) ) ;
#3784 = ORIENTED_EDGE ( 'NONE', *, *, #9245, .F. ) ;
#3785 = CARTESIAN_POINT ( 'NONE',  ( 0.1200787999020472285, 0.05019661509365217628, 0.1248263084231547304 ) ) ;
#3786 = VECTOR ( 'NONE', #371, 39.37007874015748143 ) ;
#3787 = ORIENTED_EDGE ( 'NONE', *, *, #479, .T. ) ;
#3788 = FACE_OUTER_BOUND ( 'NONE', #3072, .T. ) ;
#3789 = ORIENTED_EDGE ( 'NONE', *, *, #7419, .T. ) ;
#3790 = EDGE_CURVE ( 'NONE', #3060, #10006, #5027, .T. ) ;
#3791 = VECTOR ( 'NONE', #3958, 39.37007874015748143 ) ;
#3792 = CARTESIAN_POINT ( 'NONE',  ( 0.1279528156500787661, 0.06193885607011117428, 0.1104749374516013766 ) ) ;
#3793 = B_SPLINE_CURVE_WITH_KNOTS ( 'NONE', 3,
 ( #5872, #1655, #401, #1893 ),
 .UNSPECIFIED., .F., .F.,
 ( 4, 4 ),
 ( 0.0000000000000000000, 1.000000000000000000 ),
 .UNSPECIFIED. ) ;
#3794 = CARTESIAN_POINT ( 'NONE',  ( 0.1594488786421258963, -0.01181095846960627041, 0.07480314960630017607 ) ) ;
#3795 = VERTEX_POINT ( 'NONE', #7907 ) ;
#3796 = CARTESIAN_POINT ( 'NONE',  ( 0.1673228943901572396, 6.515244144151754996E-08, 0.1181102356891025190 ) ) ;
#3797 = CARTESIAN_POINT ( 'NONE',  ( -0.1364273451834335238, -0.04658786135673475409, 0.04822615444128745127 ) ) ;
#3798 = CARTESIAN_POINT ( 'NONE',  ( -0.1392992980404028358, -0.04782577078552874977, 0.05061907168046793359 ) ) ;
#3799 = ADVANCED_FACE ( 'NONE', ( #69 ), #242, .T. ) ;
#3800 = CARTESIAN_POINT ( 'NONE',  ( 0.1200787999020472285, 0.06363456148799485901, 0.1303415562012744389 ) ) ;
#3801 = CARTESIAN_POINT ( 'NONE',  ( -0.1200786804129134050, -0.06062985610740157655, 0.1048358997272330756 ) ) ;
#3802 = EDGE_CURVE ( 'NONE', #4766, #8256, #5690, .T. ) ;
#3803 = CARTESIAN_POINT ( 'NONE',  ( 0.1232284062012597992, 0.05905518326267716889, -3.734948428837859484E-18 ) ) ;
#3804 = ORIENTED_EDGE ( 'NONE', *, *, #5025, .T. ) ;
#3805 = FACE_OUTER_BOUND ( 'NONE', #9254, .T. ) ;
#3806 = CARTESIAN_POINT ( 'NONE',  ( -0.1392992980403737480, -0.05115059404286752959, 0.07234431891825723882 ) ) ;
#3807 = CARTESIAN_POINT ( 'NONE',  ( -0.1279526961609449009, -0.04921253327275590395, 0.07727225082051179805 ) ) ;
#3808 = CARTESIAN_POINT ( 'NONE',  ( -0.1279526961609449009, -0.04921253327275590395, 0.04577618782838582812 ) ) ;
#3809 = CARTESIAN_POINT ( 'NONE',  ( 0.1751969101381889993, 0.01574809664850911756, 0.07480314960629799725 ) ) ;
#3810 = CARTESIAN_POINT ( 'NONE',  ( -0.09836795053919668297, 0.03558539642770772865, 0.01567416640385432824 ) ) ;
#3811 = ORIENTED_EDGE ( 'NONE', *, *, #6908, .T. ) ;
#3812 = CARTESIAN_POINT ( 'NONE',  ( -0.03793517050385369904, -0.03217316719100521416, 0.007874015748031495954 ) ) ;
#3813 = ORIENTED_EDGE ( 'NONE', *, *, #9035, .T. ) ;
#3814 = CARTESIAN_POINT ( 'NONE',  ( -0.1397637197829904032, 0.05046826124115431217, 0.07874359924897010587 ) ) ;
#3815 = CARTESIAN_POINT ( 'NONE',  ( -0.08661411348377956454, 0.05125010318088659561, 0.01567416640385432824 ) ) ;
#3816 = CARTESIAN_POINT ( 'NONE',  ( 0.1751969101381889993, 0.01574809664850911756, 0.07480314960629799725 ) ) ;
#3817 = B_SPLINE_CURVE_WITH_KNOTS ( 'NONE', 3,
 ( #8821, #4903, #3364, #976, #4131, #2579, #8877, #1798, #6021, #4281, #5211, #4333, #8349, #554, #6699, #2008 ),
 .UNSPECIFIED., .F., .F.,
 ( 4, 2, 2, 2, 2, 2, 2, 4 ),
 ( 0.0000000000000000000, 0.1249999999999998890, 0.2499999999999997780, 0.3749999999999996669, 0.4374999999999996669, 0.4999999999999996669, 0.7499999999999997780, 1.000000000000000000 ),
 .UNSPECIFIED. ) ;
#3818 = EDGE_CURVE ( 'NONE', #8305, #10024, #6917, .T. ) ;
#3819 = EDGE_CURVE ( 'NONE', #4092, #3234, #5987, .T. ) ;
#3820 = CARTESIAN_POINT ( 'NONE',  ( -0.1320534741669965872, 0.04921266357763776772, 0.1043653315612598498 ) ) ;
#3821 = VERTEX_POINT ( 'NONE', #8930 ) ;
#3822 = CARTESIAN_POINT ( 'NONE',  ( -0.1365139772499382731, 0.05511817767700710052, 0.08003679554506039351 ) ) ;
#3823 = CARTESIAN_POINT ( 'NONE',  ( 0.1594488786421259241, 0.007237791383952024184, 0.08424904778161122765 ) ) ;
#3824 = EDGE_CURVE ( 'NONE', #7410, #1471, #5173, .T. ) ;
#3825 = CARTESIAN_POINT ( 'NONE',  ( -0.07283458592472447091, 0.04724415964062989026, 0.009842519685039369942 ) ) ;
#3826 = VERTEX_POINT ( 'NONE', #268 ) ;
#3827 = DIRECTION ( 'NONE',  ( -1.000000000000000000, -6.123233995736766036E-17, 0.0000000000000000000 ) ) ;
#3828 = VERTEX_POINT ( 'NONE', #8311 ) ;
#3829 = CARTESIAN_POINT ( 'NONE',  ( -0.1279526961609449287, 0.05009268459609446389, 0.07286926856913386596 ) ) ;
#3830 = CARTESIAN_POINT ( 'NONE',  ( 0.1586334976137580566, -0.0005133126566928773032, 0.03149910598180697546 ) ) ;
#3831 = CARTESIAN_POINT ( 'NONE',  ( -0.1198944284444094649, 0.06102368719968503247, 0.04724409448818897572 ) ) ;
#3832 = CARTESIAN_POINT ( 'NONE',  ( 0.1358268313981119968, 0.04724415964063058415, 0.02739529693389376047 ) ) ;
#3833 = CARTESIAN_POINT ( 'NONE',  ( -0.1279526961609449009, -0.04921253327275590395, 0.07727225082051179805 ) ) ;
#3834 = ORIENTED_EDGE ( 'NONE', *, *, #9161, .F. ) ;
#3835 = CARTESIAN_POINT ( 'NONE',  ( -0.1377952117468700666, -0.04371088165287814048, 0.1026209033382795427 ) ) ;
#3836 = VERTEX_POINT ( 'NONE', #1034 ) ;
#3837 = CARTESIAN_POINT ( 'NONE',  ( -0.1003936410428346027, 0.07127513204311679285, 0.04133858267716534335 ) ) ;
#3838 = ADVANCED_FACE ( 'NONE', ( #8982 ), #9857, .T. ) ;
#3839 = ORIENTED_EDGE ( 'NONE', *, *, #2578, .T. ) ;
#3840 = ORIENTED_EDGE ( 'NONE', *, *, #1513, .F. ) ;
#3841 = B_SPLINE_CURVE_WITH_KNOTS ( 'NONE', 3,
 ( #5079, #8220, #1154, #3682 ),
 .UNSPECIFIED., .F., .F.,
 ( 4, 4 ),
 ( 0.0000000000000000000, 1.000000000000000000 ),
 .UNSPECIFIED. ) ;
#3842 = CARTESIAN_POINT ( 'NONE',  ( 0.1279528156500787661, 0.04724415964062993883, 0.02362204724409448786 ) ) ;
#3843 = CARTESIAN_POINT ( 'NONE',  ( -0.1003936410428345055, 0.08234481716300982856, 0.05190209871361724930 ) ) ;
#3844 = CARTESIAN_POINT ( 'NONE',  ( 0.1200787999020472424, 0.06998471565722552690, 0.02547293203492979191 ) ) ;
#3845 = ORIENTED_EDGE ( 'NONE', *, *, #8797, .F. ) ;
#3846 = ORIENTED_EDGE ( 'NONE', *, *, #7842, .F. ) ;
#3847 = DIRECTION ( 'NONE',  ( 1.000000000000000000, 0.0000000000000000000, 0.0000000000000000000 ) ) ;
#3848 = CARTESIAN_POINT ( 'NONE',  ( -0.1200786804129134466, -0.05628303798508259986, 0.09351153583560486982 ) ) ;
#3849 = FACE_OUTER_BOUND ( 'NONE', #9606, .T. ) ;
#3850 = ADVANCED_FACE ( 'NONE', ( #8105 ), #3423, .T. ) ;
#3851 = ORIENTED_EDGE ( 'NONE', *, *, #9327, .T. ) ;
#3852 = PLANE ( 'NONE',  #9197 ) ;
#3853 = CARTESIAN_POINT ( 'NONE',  ( -0.1279526961609449009, 0.04330715176661410065, 0.07697147372051425795 ) ) ;
#3854 = DIRECTION ( 'NONE',  ( 0.0000000000000000000, 1.000000000000000000, 0.0000000000000000000 ) ) ;
#3855 = CARTESIAN_POINT ( 'NONE',  ( -0.1358267119089763830, 0.06061648386953953638, 0.04774905373723924151 ) ) ;
#3856 = CARTESIAN_POINT ( 'NONE',  ( 0.1279528207246279914, 0.02045737705048589899, 0.1259842408612757425 ) ) ;
#3857 = CARTESIAN_POINT ( 'NONE',  ( -0.08790544916152216726, 0.04277349599378034439, 0.01567416640385432478 ) ) ;
#3858 = VERTEX_POINT ( 'NONE', #8260 ) ;
#3859 = CARTESIAN_POINT ( 'NONE',  ( -0.04407326259214851272, -0.02258402777262354805, 0.007874015748031495954 ) ) ;
#3860 = ORIENTED_EDGE ( 'NONE', *, *, #6267, .F. ) ;
#3861 = CARTESIAN_POINT ( 'NONE',  ( 0.1275074593543885637, 0.006973570929823232414, 0.1285948773170911552 ) ) ;
#3862 = B_SPLINE_CURVE_WITH_KNOTS ( 'NONE', 3,
 ( #9848, #4283, #9749, #5780 ),
 .UNSPECIFIED., .F., .F.,
 ( 4, 4 ),
 ( 0.0000000000000000000, 1.000000000000000000 ),
 .UNSPECIFIED. ) ;
#3863 = FACE_OUTER_BOUND ( 'NONE', #8224, .T. ) ;
#3864 = FACE_OUTER_BOUND ( 'NONE', #2163, .T. ) ;
#3865 = CARTESIAN_POINT ( 'NONE',  ( -0.1358266950448111243, -0.04330702146177716622, 0.07010473466359852523 ) ) ;
#3866 = ORIENTED_EDGE ( 'NONE', *, *, #8954, .T. ) ;
#3867 = CARTESIAN_POINT ( 'NONE',  ( 0.1751969101381891936, 6.515244097082539105E-08, 0.05905511811023613639 ) ) ;
#3868 = CARTESIAN_POINT ( 'NONE',  ( 0.1594488786421259241, -0.007247116292498775696, 0.08416766698036254324 ) ) ;
#3869 = CARTESIAN_POINT ( 'NONE',  ( 0.2775591148625977667, -0.01018019641301996098, 0.07480314960630131405 ) ) ;
#3870 = DIRECTION ( 'NONE',  ( -6.123233995736766036E-17, 1.000000000000000000, 0.0000000000000000000 ) ) ;
#3871 = ORIENTED_EDGE ( 'NONE', *, *, #4324, .T. ) ;
#3872 = CARTESIAN_POINT ( 'NONE',  ( -0.1200786804129134050, 0.05344990562659490685, 0.1321802840582391170 ) ) ;
#3873 = VERTEX_POINT ( 'NONE', #5123 ) ;
#3874 = CARTESIAN_POINT ( 'NONE',  ( 0.1354025278690149381, -0.04724402933574794322, 0.001881942288333538198 ) ) ;
#3875 = EDGE_CURVE ( 'NONE', #6082, #428, #1907, .T. ) ;
#3876 =( BOUNDED_CURVE ( )  B_SPLINE_CURVE ( 3, ( #399, #7420, #5969, #3505 ),
 .UNSPECIFIED., .F., .T. ) 
 B_SPLINE_CURVE_WITH_KNOTS ( ( 4, 4 ),
 ( 0.0000000000000000000, 1.000000000000000000 ),
 .UNSPECIFIED. ) 
 CURVE ( )  GEOMETRIC_REPRESENTATION_ITEM ( )  RATIONAL_B_SPLINE_CURVE ( ( 1.000000000000000000, 0.8425084105512172794, 0.8425084105512172794, 1.000000000000000000 ) ) 
 REPRESENTATION_ITEM ( '' )  );
#3877 = CARTESIAN_POINT ( 'NONE',  ( -0.1003936410428344916, 0.07105920610414918903, 0.1214082922743663223 ) ) ;
#3878 = ADVANCED_FACE ( 'NONE', ( #470 ), #6660, .T. ) ;
#3879 = EDGE_CURVE ( 'NONE', #10055, #7303, #9574, .T. ) ;
#3880 = CARTESIAN_POINT ( 'NONE',  ( -0.1279526961609450952, -0.05631870117396873404, 0.1111439655867111354 ) ) ;
#3881 = FACE_OUTER_BOUND ( 'NONE', #8865, .T. ) ;
#3882 = CARTESIAN_POINT ( 'NONE',  ( -0.1358267119089763830, -0.06127739946969375934, 0.1209219558520623627 ) ) ;
#3883 = ORIENTED_EDGE ( 'NONE', *, *, #9194, .T. ) ;
#3884 = CARTESIAN_POINT ( 'NONE',  ( -0.1384672563152490876, -0.05167877454935414228, 0.07298219561155594448 ) ) ;
#3885 = EDGE_LOOP ( 'NONE', ( #1501, #6895, #6352, #2804 ) ) ;
#3886 = DIRECTION ( 'NONE',  ( 0.0000000000000000000, 0.0000000000000000000, 1.000000000000000000 ) ) ;
#3887 = ORIENTED_EDGE ( 'NONE', *, *, #2712, .F. ) ;
#3888 = ORIENTED_EDGE ( 'NONE', *, *, #8721, .F. ) ;
#3889 = ADVANCED_FACE ( 'NONE', ( #8152 ), #2647, .F. ) ;
#3890 = CARTESIAN_POINT ( 'NONE',  ( 0.1279962623480210004, -0.05343540340087600538, 0.02155226019206213026 ) ) ;
#3891 = AXIS2_PLACEMENT_3D ( 'NONE', #3011, #2218, #3870 ) ;
#3892 = CARTESIAN_POINT ( 'NONE',  ( -0.1023621449798401417, -0.05577370092932322498, 0.1303842543837251122 ) ) ;
#3893 = EDGE_CURVE ( 'NONE', #7527, #8745, #4344, .T. ) ;
#3894 = CARTESIAN_POINT ( 'NONE',  ( -0.1279526961609451507, 0.04133864782960629258, 0.04466732886024475657 ) ) ;
#3895 = CIRCLE ( 'NONE', #9658, 0.07874015748031494566 ) ;
#3896 = CARTESIAN_POINT ( 'NONE',  ( 0.2736221069885825807, 0.01181108877448836837, 0.09842519685038912669 ) ) ;
#3897 = ORIENTED_EDGE ( 'NONE', *, *, #1080, .F. ) ;
#3898 =( BOUNDED_SURFACE ( )  B_SPLINE_SURFACE ( 3, 3, ( 
 ( #3916, #3044, #2948, #4537 ),
 ( #2897, #607, #8557, #7055 ),
 ( #2162, #3763, #8458, #10144 ),
 ( #4642, #3102, #6026, #10053 ) ),
 .UNSPECIFIED., .F., .F., .F. ) 
 B_SPLINE_SURFACE_WITH_KNOTS ( ( 4, 4 ),
 ( 4, 4 ),
 ( 0.0000000000000000000, 1.000000000000000000 ),
 ( 0.0000000000000000000, 1.000000000000000000 ),
 .UNSPECIFIED. ) 
 GEOMETRIC_REPRESENTATION_ITEM ( )  RATIONAL_B_SPLINE_SURFACE ( (
 ( 1.000000000000000000, 0.8047378541243664918, 0.8047378541243664918, 1.000000000000000000),
 ( 0.9521766939770928140, 0.7662526294583592579, 0.7662526294583592579, 0.9521766939770928140),
 ( 0.9521766939770928140, 0.7662526294583592579, 0.7662526294583592579, 0.9521766939770928140),
 ( 1.000000000000000000, 0.8047378541243664918, 0.8047378541243664918, 1.000000000000000000) ) ) 
 REPRESENTATION_ITEM ( '' )  SURFACE ( )  );
#3899 = VECTOR ( 'NONE', #86, 39.37007874015748854 ) ;
#3900 = CARTESIAN_POINT ( 'NONE',  ( -0.1204330111215747845, -0.04748128295129924042, 0.1219733790022834580 ) ) ;
#3901 = B_SPLINE_CURVE_WITH_KNOTS ( 'NONE', 3,
 ( #8916, #3457, #1843, #3937, #8624, #7126, #9443, #7368 ),
 .UNSPECIFIED., .F., .F.,
 ( 4, 2, 2, 4 ),
 ( 0.0000000000000000000, 0.2500000000000000000, 0.5000000000000000000, 1.000000000000000000 ),
 .UNSPECIFIED. ) ;
#3902 = CARTESIAN_POINT ( 'NONE',  ( -0.1200786804129134189, 6.515244094229544203E-08, 0.07279771312318503163 ) ) ;
#3903 = DIRECTION ( 'NONE',  ( 1.000000000000000000, 6.123233995736766036E-17, 0.0000000000000000000 ) ) ;
#3904 = EDGE_CURVE ( 'NONE', #7824, #9862, #2338, .T. ) ;
#3905 = CARTESIAN_POINT ( 'NONE',  ( -0.1397637197829922073, 0.04724415964062694817, 0.09719780979657607900 ) ) ;
#3906 = ORIENTED_EDGE ( 'NONE', *, *, #580, .F. ) ;
#3907 = VECTOR ( 'NONE', #3008, 39.37007874015748143 ) ;
#3908 = CARTESIAN_POINT ( 'NONE',  ( 0.1279528156500784331, -0.05019648576910819976, 0.02477998974913838207 ) ) ;
#3909 = CARTESIAN_POINT ( 'NONE',  ( -0.1310382542868554767, 0.04658799166161312066, 0.07332031355595156064 ) ) ;
#3910 = DIRECTION ( 'NONE',  ( 2.116471550061988490E-18, -0.03456460346829075270, 0.9994024655698423576 ) ) ;
#3911 = PLANE ( 'NONE',  #1262 ) ;
#3912 = SURFACE_STYLE_FILL_AREA ( #7265 ) ;
#3913 = AXIS2_PLACEMENT_3D ( 'NONE', #4266, #4991, #7412 ) ;
#3914 = CARTESIAN_POINT ( 'NONE',  ( 0.1594488786421260351, 6.515244096462829948E-08, 0.1161417322837774158 ) ) ;
#3915 = EDGE_LOOP ( 'NONE', ( #3992, #9353, #5855, #2312 ) ) ;
#3916 = CARTESIAN_POINT ( 'NONE',  ( -0.1279526961609449842, 0.06008635630715471881, 0.07722593041861607055 ) ) ;
#3917 = EDGE_CURVE ( 'NONE', #5691, #5350, #3406, .T. ) ;
#3918 = EDGE_LOOP ( 'NONE', ( #6785, #2860, #8654, #225, #8830 ) ) ;
#3919 = CYLINDRICAL_SURFACE ( 'NONE', #5066, 0.01181102362204724046 ) ;
#3920 = VECTOR ( 'NONE', #3988, 39.37007874015748143 ) ;
#3921 = CARTESIAN_POINT ( 'NONE',  ( 0.1673228943901574339, 6.515244113658447134E-08, 0.07480314960629527721 ) ) ;
#3922 = CARTESIAN_POINT ( 'NONE',  ( 0.2854331306106299149, 6.471112681112413361E-08, 0.05905528345447148136 ) ) ;
#3923 = ORIENTED_EDGE ( 'NONE', *, *, #8303, .F. ) ;
#3924 = CARTESIAN_POINT ( 'NONE',  ( -0.1312362688103230202, -0.04460506583095100869, 0.04669068648590205678 ) ) ;
#3925 = AXIS2_PLACEMENT_3D ( 'NONE', #9896, #9169, #2047 ) ;
#3926 = DIRECTION ( 'NONE',  ( -0.7071067811929505620, 0.0000000000000000000, 0.7071067811801444725 ) ) ;
#3927 = DIRECTION ( 'NONE',  ( 1.000000000000000000, 6.123233995736766036E-17, 0.0000000000000000000 ) ) ;
#3928 = CARTESIAN_POINT ( 'NONE',  ( -0.1392992980404028636, -0.05166762234568878648, 0.05082273415815138917 ) ) ;
#3929 = CARTESIAN_POINT ( 'NONE',  ( 0.1574803747051181091, 6.515244096462829948E-08, 0.1181102362207496898 ) ) ;
#3930 = ORIENTED_EDGE ( 'NONE', *, *, #4139, .T. ) ;
#3931 = CARTESIAN_POINT ( 'NONE',  ( -0.1290391028307943666, 0.04460519613581898773, 0.1038099149098132695 ) ) ;
#3932 = EDGE_CURVE ( 'NONE', #751, #6358, #1693, .T. ) ;
#3933 = EDGE_LOOP ( 'NONE', ( #5972, #4502, #1810, #1935 ) ) ;
#3934 = CARTESIAN_POINT ( 'NONE',  ( 0.1279729392545275457, -0.02079866774921255296, 0.1262780974139763590 ) ) ;
#3935 = B_SPLINE_CURVE_WITH_KNOTS ( 'NONE', 3,
 ( #3398, #6527, #4883, #8859 ),
 .UNSPECIFIED., .F., .F.,
 ( 4, 4 ),
 ( 0.0000000000000000000, 1.000000000000000000 ),
 .UNSPECIFIED. ) ;
#3936 = B_SPLINE_CURVE_WITH_KNOTS ( 'NONE', 3,
 ( #3137, #4375, #686, #9940 ),
 .UNSPECIFIED., .F., .F.,
 ( 4, 4 ),
 ( 0.0000000000000000000, 1.000000000000000000 ),
 .UNSPECIFIED. ) ;
#3937 = CARTESIAN_POINT ( 'NONE',  ( -0.1394453983877973202, 0.04561018638867917613, 0.09717707401739952844 ) ) ;
#3938 = AXIS2_PLACEMENT_3D ( 'NONE', #8449, #7047, #2198 ) ;
#3939 = CARTESIAN_POINT ( 'NONE',  ( -0.1200786804129134189, 0.06095878693999243897, 0.04999449902574203131 ) ) ;
#3940 = CARTESIAN_POINT ( 'NONE',  ( -0.1361644537893928475, -0.03468961754199081926, 0.05618517402985269416 ) ) ;
#3941 = CARTESIAN_POINT ( 'NONE',  ( 0.1200787999020467844, 0.05356390440307196021, 0.1326234386139083232 ) ) ;
#3942 = ORIENTED_EDGE ( 'NONE', *, *, #978, .F. ) ;
#3943 = CARTESIAN_POINT ( 'NONE',  ( -0.1370629384451965138, -0.05470462264377316114, 0.06845020904599477540 ) ) ;
#3944 = ORIENTED_EDGE ( 'NONE', *, *, #7127, .T. ) ;
#3945 = CYLINDRICAL_SURFACE ( 'NONE', #115, 0.01181102362204724046 ) ;
#3946 = ORIENTED_EDGE ( 'NONE', *, *, #6524, .F. ) ;
#3947 = VECTOR ( 'NONE', #8656, 39.37007874015748143 ) ;
#3948 = ADVANCED_FACE ( 'NONE', ( #3100 ), #9370, .T. ) ;
#3949 =( BOUNDED_CURVE ( )  B_SPLINE_CURVE ( 3, ( #5694, #5745, #936, #8834 ),
 .UNSPECIFIED., .F., .T. ) 
 B_SPLINE_CURVE_WITH_KNOTS ( ( 4, 4 ),
 ( 0.0000000000000000000, 1.000000000000000000 ),
 .UNSPECIFIED. ) 
 CURVE ( )  GEOMETRIC_REPRESENTATION_ITEM ( )  RATIONAL_B_SPLINE_CURVE ( ( 1.000000000000000000, 0.9419139527839750503, 0.9419139527839750503, 1.000000000000000000 ) ) 
 REPRESENTATION_ITEM ( '' )  );
#3950 = EDGE_CURVE ( 'NONE', #8517, #710, #2692, .T. ) ;
#3951 = ORIENTED_EDGE ( 'NONE', *, *, #5533, .T. ) ;
#3952 = CARTESIAN_POINT ( 'NONE',  ( -0.1304272508542485554, 0.04330715176661411453, 0.09999718804005486295 ) ) ;
#3953 = CARTESIAN_POINT ( 'NONE',  ( 0.2736221069885825807, -0.01181095846960155023, 0.09842519685039158306 ) ) ;
#3954 = ORIENTED_EDGE ( 'NONE', *, *, #3967, .T. ) ;
#3955 = EDGE_CURVE ( 'NONE', #5131, #4891, #3055, .T. ) ;
#3956 = ORIENTED_EDGE ( 'NONE', *, *, #3347, .T. ) ;
#3957 = EDGE_CURVE ( 'NONE', #9647, #4284, #6746, .T. ) ;
#3958 = DIRECTION ( 'NONE',  ( 1.000000000000000000, 6.123233995736766036E-17, 0.0000000000000000000 ) ) ;
#3959 = VECTOR ( 'NONE', #877, 39.37007874015748143 ) ;
#3960 = CYLINDRICAL_SURFACE ( 'NONE', #1404, 0.01968503937007873988 ) ;
#3961 = CARTESIAN_POINT ( 'NONE',  ( -0.1397856070055294164, -0.04494035807650598180, 0.07010472905581358050 ) ) ;
#3962 =( BOUNDED_CURVE ( )  B_SPLINE_CURVE ( 3, ( #3035, #2244, #4633, #692 ),
 .UNSPECIFIED., .F., .T. ) 
 B_SPLINE_CURVE_WITH_KNOTS ( ( 4, 4 ),
 ( 0.0000000000000000000, 1.000000000000000000 ),
 .UNSPECIFIED. ) 
 CURVE ( )  GEOMETRIC_REPRESENTATION_ITEM ( )  RATIONAL_B_SPLINE_CURVE ( ( 1.000000000000000000, 0.8055527288284146659, 0.8055527288284146659, 1.000000000000000000 ) ) 
 REPRESENTATION_ITEM ( '' )  );
#3963 = VERTEX_POINT ( 'NONE', #9421 ) ;
#3964 = DIRECTION ( 'NONE',  ( -6.123233995736766036E-17, 1.000000000000000000, 0.0000000000000000000 ) ) ;
#3965 = LINE ( 'NONE', #7103, #1934 ) ;
#3966 = FACE_OUTER_BOUND ( 'NONE', #6350, .T. ) ;
#3967 = EDGE_CURVE ( 'NONE', #4776, #7253, #10095, .T. ) ;
#3968 = CARTESIAN_POINT ( 'NONE',  ( -0.1200786804129134050, -0.03456686398141733951, 0.01181102362204338764 ) ) ;
#3969 = CARTESIAN_POINT ( 'NONE',  ( -0.1358267119089758834, -0.05118103720976377446, 0.1023622047244094335 ) ) ;
#3970 = ORIENTED_EDGE ( 'NONE', *, *, #2746, .F. ) ;
#3971 = DIRECTION ( 'NONE',  ( 1.584809575712245082E-17, -0.2588190451019266591, 0.9659258262892275182 ) ) ;
#3972 = ORIENTED_EDGE ( 'NONE', *, *, #7458, .F. ) ;
#3973 = DIRECTION ( 'NONE',  ( 1.000000000000000000, 6.123233995736766036E-17, -0.0000000000000000000 ) ) ;
#3974 = CARTESIAN_POINT ( 'NONE',  ( -0.1279526961609449009, -0.02755898996566928660, 0.04668728965140609560 ) ) ;
#3975 = CARTESIAN_POINT ( 'NONE',  ( -0.1343223578888181891, 0.03833897084812097622, 0.1000086697117777562 ) ) ;
#3976 = CARTESIAN_POINT ( 'NONE',  ( -0.1388263888904715804, 0.05558232530551671796, 0.1000086697117683748 ) ) ;
#3977 = EDGE_LOOP ( 'NONE', ( #6314, #2820, #2232, #4874, #9221, #3129, #2167 ) ) ;
#3978 = PLANE ( 'NONE',  #1807 ) ;
#3979 = PLANE ( 'NONE',  #290 ) ;
#3980 = CARTESIAN_POINT ( 'NONE',  ( 0.1640613705853969373, -0.05116272178415595673, 0.1050398856138470005 ) ) ;
#3981 = CARTESIAN_POINT ( 'NONE',  ( -0.1397637197829998679, -0.04844816691209988951, 0.05161263549278083396 ) ) ;
#3982 = CARTESIAN_POINT ( 'NONE',  ( -0.1358267221532746816, 0.04330715176662494614, 0.09719780879090611503 ) ) ;
#3983 = VERTEX_POINT ( 'NONE', #7725 ) ;
#3984 = ORIENTED_EDGE ( 'NONE', *, *, #5660, .T. ) ;
#3985 = CARTESIAN_POINT ( 'NONE',  ( 0.1270315767790550776, -0.002016465462795278499, 0.1276159655864566589 ) ) ;
#3986 = CARTESIAN_POINT ( 'NONE',  ( -0.1271040891027543362, -0.04724402933574808894, 0.003763884576666797540 ) ) ;
#3987 = CARTESIAN_POINT ( 'NONE',  ( 0.1200787999020472285, 0.06292765973912109456, 0.001672730697266665506 ) ) ;
#3988 = DIRECTION ( 'NONE',  ( 6.123233995736766036E-17, -1.000000000000000000, -0.0000000000000000000 ) ) ;
#3989 = EDGE_CURVE ( 'NONE', #2591, #9563, #10054, .T. ) ;
#3990 = VERTEX_POINT ( 'NONE', #3914 ) ;
#3991 = LINE ( 'NONE', #3280, #3635 ) ;
#3992 = ORIENTED_EDGE ( 'NONE', *, *, #2476, .F. ) ;
#3993 = CARTESIAN_POINT ( 'NONE',  ( -0.1289292747357966284, -0.05511804508377349948, 0.07518096735898789629 ) ) ;
#3994 = PRODUCT_DEFINITION ( 'UNKNOWN', '', #4761, #1473 ) ;
#3995 = CARTESIAN_POINT ( 'NONE',  ( 0.03046203082145504393, -0.01968497421763775249, 0.01436640419164607850 ) ) ;
#3996 = VERTEX_POINT ( 'NONE', #6954 ) ;
#3997 = EDGE_CURVE ( 'NONE', #180, #3795, #4165, .T. ) ;
#3998 = ORIENTED_EDGE ( 'NONE', *, *, #8479, .T. ) ;
#3999 = CARTESIAN_POINT ( 'NONE',  ( -0.1279526961609449287, -0.04330702146173454059, 0.04786747128992228234 ) ) ;
#4000 = DIRECTION ( 'NONE',  ( -0.0000000000000000000, 1.000000000000000000, 0.0000000000000000000 ) ) ;
#4001 = CARTESIAN_POINT ( 'NONE',  ( -0.1358267119089759112, 0.04173234861700785697, 0.04713520790668374733 ) ) ;
#4002 = ORIENTED_EDGE ( 'NONE', *, *, #1992, .T. ) ;
#4003 = CARTESIAN_POINT ( 'NONE',  ( -0.1392992980403737202, -0.05166762234568686440, 0.07222570449073395515 ) ) ;
#4004 =( BOUNDED_SURFACE ( )  B_SPLINE_SURFACE ( 3, 3, ( 
 ( #4304, #2024, #8899, #7448 ),
 ( #426, #1205, #6728, #1871 ),
 ( #282, #6780, #2760, #4355 ),
 ( #5183, #9723, #6671, #8944 ) ),
 .UNSPECIFIED., .F., .F., .F. ) 
 B_SPLINE_SURFACE_WITH_KNOTS ( ( 4, 4 ),
 ( 4, 4 ),
 ( 0.0000000000000000000, 1.000000000000000000 ),
 ( 0.0000000000000000000, 1.000000000000000000 ),
 .UNSPECIFIED. ) 
 GEOMETRIC_REPRESENTATION_ITEM ( )  RATIONAL_B_SPLINE_SURFACE ( (
 ( 1.000000000000000000, 0.8047378541243658256, 0.8047378541243658256, 1.000000000000000000),
 ( 0.9521766939771596494, 0.7662526294584124376, 0.7662526294584124376, 0.9521766939771596494),
 ( 0.9521766939771596494, 0.7662526294584124376, 0.7662526294584124376, 0.9521766939771596494),
 ( 1.000000000000000000, 0.8047378541243658256, 0.8047378541243658256, 1.000000000000000000) ) ) 
 REPRESENTATION_ITEM ( '' )  SURFACE ( )  );
#4005 = EDGE_LOOP ( 'NONE', ( #8355, #9069, #6469, #397, #5974, #9623 ) ) ;
#4006 = CARTESIAN_POINT ( 'NONE',  ( -0.1377952117468709547, 0.05865132307153051588, 0.04750279310205982042 ) ) ;
#4007 = LINE ( 'NONE', #8800, #1157 ) ;
#4008 = EDGE_CURVE ( 'NONE', #3599, #3334, #7821, .T. ) ;
#4009 = EDGE_CURVE ( 'NONE', #7305, #6936, #2060, .T. ) ;
#4010 = CARTESIAN_POINT ( 'NONE',  ( -0.1200786804129134189, -0.05365473221260533276, 0.1118110236220425241 ) ) ;
#4011 = CARTESIAN_POINT ( 'NONE',  ( -0.1200786804129134050, 0.03046542189338914339, 0.03149606299212600463 ) ) ;
#4012 = ADVANCED_FACE ( 'NONE', ( #1575 ), #3459, .F. ) ;
#4013 = ADVANCED_FACE ( 'NONE', ( #7156 ), #10037, .F. ) ;
#4014 = ORIENTED_EDGE ( 'NONE', *, *, #2756, .F. ) ;
#4015 = LINE ( 'NONE', #1682, #2253 ) ;
#4016 = CARTESIAN_POINT ( 'NONE',  ( -0.1293788725757990254, 0.05382013101944520261, 0.1038099149097967827 ) ) ;
#4017 = CARTESIAN_POINT ( 'NONE',  ( 0.07961775780535804148, -0.01968497421763773514, 0.007874015748031497688 ) ) ;
#4018 = CARTESIAN_POINT ( 'NONE',  ( -0.1279526961609448454, -0.05717980708488076130, 0.1289370078740046111 ) ) ;
#4019 = DIRECTION ( 'NONE',  ( 1.000000000000000000, 6.123233995736766036E-17, -0.0000000000000000000 ) ) ;
#4020 = ORIENTED_EDGE ( 'NONE', *, *, #3630, .T. ) ;
#4021 = CARTESIAN_POINT ( 'NONE',  ( -0.08858261742078746281, -0.01771647028062989238, 0.02165354330708662081 ) ) ;
#4022 = EDGE_LOOP ( 'NONE', ( #7664, #3923, #5529, #1392, #29, #3474, #9529, #4163, #1239 ) ) ;
#4023 = DIRECTION ( 'NONE',  ( 0.0000000000000000000, -1.000000000000000000, 0.0000000000000000000 ) ) ;
#4024 = CARTESIAN_POINT ( 'NONE',  ( -0.1279526961609449287, 0.04597124905334405709, 0.02585023612712577731 ) ) ;
#4025 = CARTESIAN_POINT ( 'NONE',  ( -0.1302056059233231144, 0.05183733549366235233, 0.07321235134447819093 ) ) ;
#4026 = EDGE_CURVE ( 'NONE', #428, #5794, #643, .T. ) ;
#4027 = EDGE_LOOP ( 'NONE', ( #8827, #6787, #177, #5594, #136 ) ) ;
#4028 = DIRECTION ( 'NONE',  ( 6.123233995736766036E-17, -1.000000000000000000, 0.0000000000000000000 ) ) ;
#4029 = CARTESIAN_POINT ( 'NONE',  ( -0.1401095380059894369, 0.05315999143121787063, 0.07971174059747446194 ) ) ;
#4030 = FACE_OUTER_BOUND ( 'NONE', #2561, .T. ) ;
#4031 = APPLICATION_CONTEXT ( 'automotive_design' ) ;
#4032 = CARTESIAN_POINT ( 'NONE',  ( -0.1397637197829920408, -0.04853563690067139863, 0.05274686401081447179 ) ) ;
#4033 = CARTESIAN_POINT ( 'NONE',  ( -0.07086608198771657263, -0.04330702146173225076, 0.02362204724409448786 ) ) ;
#4034 = ORIENTED_EDGE ( 'NONE', *, *, #3819, .F. ) ;
#4035 = CARTESIAN_POINT ( 'NONE',  ( -0.1279526961609449287, -0.05183720524023042314, 0.07705198776564245455 ) ) ;
#4036 = ORIENTED_EDGE ( 'NONE', *, *, #6460, .F. ) ;
#4037 = CARTESIAN_POINT ( 'NONE',  ( 0.1289874398145668677, -0.004157548437204719102, 0.1255788176128740108 ) ) ;
#4038 = CARTESIAN_POINT ( 'NONE',  ( 0.1358268313981101372, -0.02580368166535304195, 0.1195121830503130256 ) ) ;
#4039 = DIRECTION ( 'NONE',  ( 1.000000000000000000, 6.123233995736766036E-17, 0.0000000000000000000 ) ) ;
#4040 = CARTESIAN_POINT ( 'NONE',  ( -0.1397635449302742638, 0.04728126439077645626, 0.08003679033381889962 ) ) ;
#4041 = ORIENTED_EDGE ( 'NONE', *, *, #5868, .T. ) ;
#4042 = CARTESIAN_POINT ( 'NONE',  ( -0.1358267119089760777, 0.06062998641227863167, 0.04724409448819569951 ) ) ;
#4043 = DIRECTION ( 'NONE',  ( -6.123233995736766036E-17, 1.000000000000000000, 0.0000000000000000000 ) ) ;
#4044 = FACE_OUTER_BOUND ( 'NONE', #1308, .T. ) ;
#4045 = ORIENTED_EDGE ( 'NONE', *, *, #4290, .T. ) ;
#4046 = ORIENTED_EDGE ( 'NONE', *, *, #4198, .T. ) ;
#4047 = EDGE_CURVE ( 'NONE', #1191, #9315, #6160, .T. ) ;
#4048 = CARTESIAN_POINT ( 'NONE',  ( -0.1329168347064415834, -0.04330702146173295158, 0.07221319819765312231 ) ) ;
#4049 = CARTESIAN_POINT ( 'NONE',  ( -0.1023621449798425564, 0.07874022263274971234, 0.03937007874015746589 ) ) ;
#4050 = ORIENTED_EDGE ( 'NONE', *, *, #4873, .T. ) ;
#4051 = CARTESIAN_POINT ( 'NONE',  ( 0.1594488786419577531, 0.05118116751464568681, 0.07480314960629920462 ) ) ;
#4052 = DIRECTION ( 'NONE',  ( 6.123233995736766036E-17, -1.000000000000000000, -0.0000000000000000000 ) ) ;
#4053 = EDGE_CURVE ( 'NONE', #2496, #2742, #6242, .T. ) ;
#4054 = VECTOR ( 'NONE', #3575, 39.37007874015748143 ) ;
#4055 = CARTESIAN_POINT ( 'NONE',  ( 0.1200787999020470620, -0.04740778750804428010, 0.1338582677165275625 ) ) ;
#4056 = CARTESIAN_POINT ( 'NONE',  ( -0.1397637197829918188, 0.05118116751464523578, 0.08003677209448736840 ) ) ;
#4057 =( BOUNDED_SURFACE ( )  B_SPLINE_SURFACE ( 3, 3, ( 
 ( #959, #297, #4113, #8179 ),
 ( #7261, #2618, #199, #4213 ),
 ( #6474, #8857, #1782, #4164 ),
 ( #4940, #8080, #1010, #7309 ) ),
 .UNSPECIFIED., .F., .F., .F. ) 
 B_SPLINE_SURFACE_WITH_KNOTS ( ( 4, 4 ),
 ( 4, 4 ),
 ( 0.0000000000000000000, 1.000000000000000000 ),
 ( 0.0000000000000000000, 1.000000000000000000 ),
 .UNSPECIFIED. ) 
 GEOMETRIC_REPRESENTATION_ITEM ( )  RATIONAL_B_SPLINE_SURFACE ( (
 ( 1.000000000000000000, 0.9769210847303648748, 0.9769210847303648748, 1.000000000000000000),
 ( 0.8425084105516513766, 0.8230642303305748531, 0.8230642303305748531, 0.8425084105516513766),
 ( 0.8425084105516513766, 0.8230642303305748531, 0.8230642303305748531, 0.8425084105516513766),
 ( 1.000000000000000000, 0.9769210847303648748, 0.9769210847303648748, 1.000000000000000000) ) ) 
 REPRESENTATION_ITEM ( '' )  SURFACE ( )  );
#4058 = ORIENTED_EDGE ( 'NONE', *, *, #2802, .T. ) ;
#4059 = VECTOR ( 'NONE', #1079, 39.37007874015748143 ) ;
#4060 = VECTOR ( 'NONE', #6446, 39.37007874015748143 ) ;
#4061 = CARTESIAN_POINT ( 'NONE',  ( -0.07283458592472445703, 0.04724415964062989720, 0.007874015748031495954 ) ) ;
#4062 = FACE_OUTER_BOUND ( 'NONE', #7671, .T. ) ;
#4063 = CARTESIAN_POINT ( 'NONE',  ( -0.1358267882246721459, -0.05511804508376519363, 0.05294377450227086973 ) ) ;
#4064 = CARTESIAN_POINT ( 'NONE',  ( 0.2854331306106298038, -0.06573717558553028584, 0.08725470920063987945 ) ) ;
#4065 = CARTESIAN_POINT ( 'NONE',  ( -0.1200786804129134050, -0.04745704090186503993, 0.1337648168297892737 ) ) ;
#4066 = CARTESIAN_POINT ( 'NONE',  ( 0.1291865884274408793, 0.008835416914055121973, 0.02462940116914566491 ) ) ;
#4067 = ORIENTED_EDGE ( 'NONE', *, *, #260, .T. ) ;
#4068 = DIRECTION ( 'NONE',  ( 1.000000000000000000, 6.123233995736766036E-17, 0.0000000000000000000 ) ) ;
#4069 = ADVANCED_FACE ( 'NONE', ( #3401 ), #4462, .F. ) ;
#4070 = ORIENTED_EDGE ( 'NONE', *, *, #7143, .T. ) ;
#4071 = DIRECTION ( 'NONE',  ( 1.000000000000000000, 0.0000000000000000000, -0.0000000000000000000 ) ) ;
#4072 = AXIS2_PLACEMENT_3D ( 'NONE', #4737, #7213, #157 ) ;
#4073 = VECTOR ( 'NONE', #2783, 39.37007874015748143 ) ;
#4074 = CARTESIAN_POINT ( 'NONE',  ( -0.1200786804129134050, -0.04140341778441697373, 0.1051126092619627111 ) ) ;
#4075 = AXIS2_PLACEMENT_3D ( 'NONE', #6272, #696, #4684 ) ;
#4076 = CARTESIAN_POINT ( 'NONE',  ( -0.1279526961609449009, 0.05183733549366234539, 0.07308953160562776941 ) ) ;
#4077 = EDGE_LOOP ( 'NONE', ( #7755, #10118, #4711, #8810 ) ) ;
#4078 = CARTESIAN_POINT ( 'NONE',  ( -0.05708655442866219371, 0.01771660058551181513, 0.007874015748031549730 ) ) ;
#4079 = ADVANCED_FACE ( 'NONE', ( #6750 ), #5042, .T. ) ;
#4080 = DIRECTION ( 'NONE',  ( -6.123233995736766036E-17, 1.000000000000000000, 0.0000000000000000000 ) ) ;
#4081 = CARTESIAN_POINT ( 'NONE',  ( -0.1377952158459814780, 0.03170496274403717535, 0.05646352662940513911 ) ) ;
#4082 = CARTESIAN_POINT ( 'NONE',  ( 0.02272470356924936180, -0.01968497421763775596, 0.007874015748031495954 ) ) ;
#4083 = ORIENTED_EDGE ( 'NONE', *, *, #782, .F. ) ;
#4084 = CARTESIAN_POINT ( 'NONE',  ( -0.1279526961609449287, -0.04658786130522523522, 0.07705198776564156637 ) ) ;
#4085 = CIRCLE ( 'NONE', #6878, 0.003937007874015053220 ) ;
#4086 = EDGE_CURVE ( 'NONE', #8122, #2650, #7730, .T. ) ;
#4087 = VERTEX_POINT ( 'NONE', #4994 ) ;
#4088 = CARTESIAN_POINT ( 'NONE',  ( 0.1358268313981101372, -0.01336523406106101403, 0.1246648790507371429 ) ) ;
#4089 = CARTESIAN_POINT ( 'NONE',  ( -0.1048030898617322848, -0.07869206574736223314, 0.1240157480314960509 ) ) ;
#4090 = VECTOR ( 'NONE', #484, 39.37007874015748143 ) ;
#4091 = CARTESIAN_POINT ( 'NONE',  ( 0.1279962623480250805, 0.05346383514572305984, 0.1280255050367833658 ) ) ;
#4092 = VERTEX_POINT ( 'NONE', #1172 ) ;
#4093 = CARTESIAN_POINT ( 'NONE',  ( -0.1358267119089759112, 0.04889838138614569646, 0.03775440018644253548 ) ) ;
#4094 = EDGE_LOOP ( 'NONE', ( #857, #8548, #7851, #339 ) ) ;
#4095 = CARTESIAN_POINT ( 'NONE',  ( -0.1377952158459847254, 0.04370815303555623810, 0.04698574294435553522 ) ) ;
#4096 = ORIENTED_EDGE ( 'NONE', *, *, #9035, .F. ) ;
#4097 = ORIENTED_EDGE ( 'NONE', *, *, #2755, .F. ) ;
#4098 = CIRCLE ( 'NONE', #8038, 0.001968503937007894805 ) ;
#4099 = CARTESIAN_POINT ( 'NONE',  ( -0.1279526961609448177, -0.04724402933574836649, 0.02277715812361098130 ) ) ;
#4100 = CARTESIAN_POINT ( 'NONE',  ( -0.1023621449798425564, 0.07031727420555804187, 0.03937007874015745895 ) ) ;
#4101 = CIRCLE ( 'NONE', #2611, 0.04133858267747821807 ) ;
#4102 = DIRECTION ( 'NONE',  ( 0.0000000000000000000, 0.0000000000000000000, -1.000000000000000000 ) ) ;
#4103 = ORIENTED_EDGE ( 'NONE', *, *, #4009, .T. ) ;
#4104 = AXIS2_PLACEMENT_3D ( 'NONE', #4222, #9741, #7903 ) ;
#4105 = ADVANCED_FACE ( 'NONE', ( #4270 ), #2036, .F. ) ;
#4106 = CARTESIAN_POINT ( 'NONE',  ( -0.1397637197829922073, 0.05030190877789820353, 0.09739952558493109036 ) ) ;
#4107 = ORIENTED_EDGE ( 'NONE', *, *, #2501, .T. ) ;
#4108 = CARTESIAN_POINT ( 'NONE',  ( -0.1161416725388975252, 6.515244157406620216E-08, 0.007874015748031494219 ) ) ;
#4109 = AXIS2_PLACEMENT_3D ( 'NONE', #4773, #7964, #188 ) ;
#4110 = LINE ( 'NONE', #9676, #7024 ) ;
#4111 = CARTESIAN_POINT ( 'NONE',  ( -0.1279526961609449009, 0.04724415964062993190, 0.07086614173228344971 ) ) ;
#4112 = ORIENTED_EDGE ( 'NONE', *, *, #4739, .T. ) ;
#4113 = CARTESIAN_POINT ( 'NONE',  ( -0.1340073590253551827, 0.05183733549366233845, 0.07405391300355115836 ) ) ;
#4114 = CIRCLE ( 'NONE', #9878, 0.04330708661417343591 ) ;
#4115 = CYLINDRICAL_SURFACE ( 'NONE', #5394, 0.01181102362205110022 ) ;
#4116 = CARTESIAN_POINT ( 'NONE',  ( 0.1574803747051181091, 0.08712153021055926705, 0.1170804376125237356 ) ) ;
#4117 = FILL_AREA_STYLE_COLOUR ( '', #792 ) ;
#4118 = CARTESIAN_POINT ( 'NONE',  ( 0.1274418055595669119, 0.007146163901496046730, 0.01972634128381889687 ) ) ;
#4119 = EDGE_LOOP ( 'NONE', ( #391, #3293, #7593, #1443, #6834, #2818, #2930, #8874 ) ) ;
#4120 = LINE ( 'NONE', #905, #594 ) ;
#4121 = EDGE_CURVE ( 'NONE', #6096, #9997, #8131, .T. ) ;
#4122 = ORIENTED_EDGE ( 'NONE', *, *, #1176, .F. ) ;
#4123 = DIRECTION ( 'NONE',  ( 1.000000000000000000, 6.123233995736766036E-17, -0.0000000000000000000 ) ) ;
#4124 = CARTESIAN_POINT ( 'NONE',  ( -0.1384643418095514444, 0.04981398319199092928, 0.07690255526037399758 ) ) ;
#4125 = VECTOR ( 'NONE', #2017, 39.37007874015748143 ) ;
#4126 = DIRECTION ( 'NONE',  ( 4.322282820519996804E-17, -0.7058823529411644149, -0.7083290928701471145 ) ) ;
#4127 = DIRECTION ( 'NONE',  ( 1.000000000000000000, 6.123233995736766036E-17, 0.0000000000000000000 ) ) ;
#4128 = ADVANCED_FACE ( 'NONE', ( #1997 ), #5152, .F. ) ;
#4129 = ORIENTED_EDGE ( 'NONE', *, *, #8563, .F. ) ;
#4130 = PLANE ( 'NONE',  #6098 ) ;
#4131 = CARTESIAN_POINT ( 'NONE',  ( -0.1200786804129134466, 0.05911296944737687298, 0.04123827840684753804 ) ) ;
#4132 = CARTESIAN_POINT ( 'NONE',  ( 0.1673228943901569898, -0.04329152312985319606, 0.1003880796817726156 ) ) ;
#4133 = CARTESIAN_POINT ( 'NONE',  ( -0.1377952158459843091, 0.03051187617606588784, 0.05678838069122389004 ) ) ;
#4134 = VECTOR ( 'NONE', #489, 39.37007874015748143 ) ;
#4135 = CARTESIAN_POINT ( 'NONE',  ( -0.1397637197829904032, 0.04797046679133339098, 0.07870301487392174222 ) ) ;
#4136 = ORIENTED_EDGE ( 'NONE', *, *, #7606, .F. ) ;
#4137 = CARTESIAN_POINT ( 'NONE',  ( 0.1358268313981101372, 0.03140053488854149810, 0.1157780153707116122 ) ) ;
#4138 = ORIENTED_EDGE ( 'NONE', *, *, #6681, .F. ) ;
#4139 = EDGE_CURVE ( 'NONE', #5117, #8165, #8069, .T. ) ;
#4140 = EDGE_CURVE ( 'NONE', #9195, #5744, #9706, .T. ) ;
#4141 = CARTESIAN_POINT ( 'NONE',  ( 0.1200787999020472424, -0.07820156392987549776, 0.08794324538173377281 ) ) ;
#4142 = CARTESIAN_POINT ( 'NONE',  ( 0.1279962623480250805, 0.05184319342025717897, 0.1296671985645373726 ) ) ;
#4143 = ORIENTED_EDGE ( 'NONE', *, *, #2853, .T. ) ;
#4144 = DIRECTION ( 'NONE',  ( -1.000000000000000000, -6.123233995736766036E-17, 0.0000000000000000000 ) ) ;
#4145 = VERTEX_POINT ( 'NONE', #2624 ) ;
#4146 = DIRECTION ( 'NONE',  ( 0.7660444431210322591, 0.0000000000000000000, -0.6427876096840912101 ) ) ;
#4147 = DIRECTION ( 'NONE',  ( -6.123233995736766036E-17, 1.000000000000000000, 0.0000000000000000000 ) ) ;
#4148 = EDGE_LOOP ( 'NONE', ( #7477, #2834, #8739, #5543, #3030, #3813, #3883, #6814 ) ) ;
#4149 = B_SPLINE_CURVE_WITH_KNOTS ( 'NONE', 3,
 ( #9835, #5045, #3504, #7365 ),
 .UNSPECIFIED., .F., .F.,
 ( 4, 4 ),
 ( 0.0000000000000000000, 1.000000000000000000 ),
 .UNSPECIFIED. ) ;
#4150 = EDGE_LOOP ( 'NONE', ( #48, #41, #8452, #1037, #5295 ) ) ;
#4151 = CARTESIAN_POINT ( 'NONE',  ( 0.1751969101381906924, -0.06573334738828959245, 0.08699900598517586181 ) ) ;
#4152 = DIRECTION ( 'NONE',  ( 1.000000000000000000, 6.123233995736766036E-17, 0.0000000000000000000 ) ) ;
#4153 = CARTESIAN_POINT ( 'NONE',  ( -0.1384513838249951667, 0.05183733549365759918, 0.1000579797070292043 ) ) ;
#4154 = LINE ( 'NONE', #5650, #8215 ) ;
#4155 = CARTESIAN_POINT ( 'NONE',  ( 0.2854331306106299149, 6.515244097103107447E-08, 0.07480314960629920462 ) ) ;
#4156 = EDGE_CURVE ( 'NONE', #9647, #2406, #5651, .T. ) ;
#4157 = EDGE_LOOP ( 'NONE', ( #8482, #9205, #3846, #2690, #9579, #8912 ) ) ;
#4158 = CARTESIAN_POINT ( 'NONE',  ( 0.1358268313981101372, -7.435393316268523733E-06, 0.003937007874015741038 ) ) ;
#4159 = VERTEX_POINT ( 'NONE', #9887 ) ;
#4160 = LINE ( 'NONE', #9138, #9488 ) ;
#4161 = LINE ( 'NONE', #4111, #1955 ) ;
#4162 = DIMENSIONAL_EXPONENTS ( 1.000000000000000000, 0.0000000000000000000, 0.0000000000000000000, 0.0000000000000000000, 0.0000000000000000000, 0.0000000000000000000, 0.0000000000000000000 ) ;
#4163 = ORIENTED_EDGE ( 'NONE', *, *, #9401, .F. ) ;
#4164 = CARTESIAN_POINT ( 'NONE',  ( -0.1309043226442292707, 0.05511817538865755595, 0.07528333336425750699 ) ) ;
#4165 = B_SPLINE_CURVE_WITH_KNOTS ( 'NONE', 3,
 ( #2311, #5406, #4686, #10192 ),
 .UNSPECIFIED., .F., .F.,
 ( 4, 4 ),
 ( 0.0000000000000000000, 1.000000000000000000 ),
 .UNSPECIFIED. ) ;
#4166 = CARTESIAN_POINT ( 'NONE',  ( 0.1751969101381888883, 9.982819224041426862E-08, 0.09253126641157145837 ) ) ;
#4167 = CARTESIAN_POINT ( 'NONE',  ( -0.1023621449798425564, 0.05580285375644513518, 0.1303554929754517921 ) ) ;
#4168 = DIRECTION ( 'NONE',  ( 0.0000000000000000000, -1.000000000000000000, 0.0000000000000000000 ) ) ;
#4169 = VERTEX_POINT ( 'NONE', #9737 ) ;
#4170 = DIRECTION ( 'NONE',  ( -6.123233995736766036E-17, 1.000000000000000000, 0.0000000000000000000 ) ) ;
#4171 = EDGE_CURVE ( 'NONE', #1189, #1102, #4114, .T. ) ;
#4172 = CARTESIAN_POINT ( 'NONE',  ( -0.1384513838250004403, 0.05011519207375348534, 0.07691415964703693375 ) ) ;
#4173 = CARTESIAN_POINT ( 'NONE',  ( 0.1279528156500787384, 0.04740791779465919342, 0.02362204585494010606 ) ) ;
#4174 = DIRECTION ( 'NONE',  ( 0.0000000000000000000, -1.000000000000000000, 0.0000000000000000000 ) ) ;
#4175 = CARTESIAN_POINT ( 'NONE',  ( 0.1594488786419577253, 0.05118115811547725019, 0.07477213155738229866 ) ) ;
#4176 = VERTEX_POINT ( 'NONE', #4216 ) ;
#4177 = LINE ( 'NONE', #8095, #7572 ) ;
#4178 = CARTESIAN_POINT ( 'NONE',  ( -0.1281369481294488410, 0.07874022263275588795, 0.07480314960629920462 ) ) ;
#4179 = CARTESIAN_POINT ( 'NONE',  ( 0.1673228943901569898, -0.04330701284437826065, 0.07482939564753463002 ) ) ;
#4180 = CARTESIAN_POINT ( 'NONE',  ( 0.1594488786421258963, 0.01486274720496387480, 0.1006046043253943645 ) ) ;
#4181 = CARTESIAN_POINT ( 'NONE',  ( -0.1358267119089759112, 0.05118116751464566599, 0.04724409448818897572 ) ) ;
#4182 = VERTEX_POINT ( 'NONE', #5097 ) ;
#4183 = CARTESIAN_POINT ( 'NONE',  ( 0.1594488786421259519, -0.02953284678880948796, 0.06699817931889941180 ) ) ;
#4184 = ORIENTED_EDGE ( 'NONE', *, *, #1610, .T. ) ;
#4185 = B_SPLINE_CURVE_WITH_KNOTS ( 'NONE', 3,
 ( #5175, #472, #10008, #4295 ),
 .UNSPECIFIED., .F., .F.,
 ( 4, 4 ),
 ( 0.0000000000000000000, 1.000000000000000000 ),
 .UNSPECIFIED. ) ;
#4186 = CARTESIAN_POINT ( 'NONE',  ( -0.1378500824586287310, 0.04658785778899309643, 0.1006097409715089736 ) ) ;
#4187 = DIRECTION ( 'NONE',  ( -1.000000000000000000, -6.123233995736766036E-17, 0.0000000000000000000 ) ) ;
#4188 = ORIENTED_EDGE ( 'NONE', *, *, #5636, .F. ) ;
#4189 = CARTESIAN_POINT ( 'NONE',  ( 0.2876378550200787143, 0.06180029763169292423, 0.08699901782173229126 ) ) ;
#4190 = EDGE_LOOP ( 'NONE', ( #3232, #9307, #9384 ) ) ;
#4191 = CARTESIAN_POINT ( 'NONE',  ( -0.1397637197829920408, -0.04766929083241273901, 0.05284614791472456302 ) ) ;
#4192 = CARTESIAN_POINT ( 'NONE',  ( -0.1112204126963779738, 6.515244100304490970E-08, 0.1337844026243306950 ) ) ;
#4193 = ORIENTED_EDGE ( 'NONE', *, *, #7534, .F. ) ;
#4194 = EDGE_CURVE ( 'NONE', #5030, #5562, #3650, .T. ) ;
#4195 = ORIENTED_EDGE ( 'NONE', *, *, #6586, .F. ) ;
#4196 = CARTESIAN_POINT ( 'NONE',  ( 0.2854331306106263622, 0.01554626024191508096, 0.04632442721356438975 ) ) ;
#4197 = EDGE_CURVE ( 'NONE', #2697, #6123, #3451, .T. ) ;
#4198 = EDGE_CURVE ( 'NONE', #9862, #8120, #7565, .T. ) ;
#4199 = DIRECTION ( 'NONE',  ( -6.123233995736766036E-17, 1.000000000000000000, 0.0000000000000000000 ) ) ;
#4200 = CARTESIAN_POINT ( 'NONE',  ( 0.1295417190280314934, -0.01560560310968504144, 0.02630445668399212719 ) ) ;
#4201 = CARTESIAN_POINT ( 'NONE',  ( -0.05436759156067659526, 0.01775105680764121896, 0.007874015748031495954 ) ) ;
#4202 = CARTESIAN_POINT ( 'NONE',  ( -0.1288000481894218119, -0.04330702146173366629, 0.04987839297977059855 ) ) ;
#4203 = ORIENTED_EDGE ( 'NONE', *, *, #8034, .F. ) ;
#4204 = DIRECTION ( 'NONE',  ( -6.123233995736766036E-17, 1.000000000000000000, 0.0000000000000000000 ) ) ;
#4205 = EDGE_CURVE ( 'NONE', #6598, #384, #9729, .T. ) ;
#4206 = EDGE_LOOP ( 'NONE', ( #8317, #1813, #878, #2453 ) ) ;
#4207 = CARTESIAN_POINT ( 'NONE',  ( -0.1281369481294488410, 0.07031727420555804187, 0.03937007874015744507 ) ) ;
#4208 = EDGE_CURVE ( 'NONE', #5656, #5860, #8895, .T. ) ;
#4209 = LINE ( 'NONE', #7353, #9813 ) ;
#4210 =( BOUNDED_SURFACE ( )  B_SPLINE_SURFACE ( 3, 3, ( 
 ( #3463, #5054, #9080, #6601 ),
 ( #5164, #4438, #8301, #9900 ),
 ( #9699, #4379, #7522, #2684 ),
 ( #2846, #8973, #5978, #1898 ) ),
 .UNSPECIFIED., .F., .F., .F. ) 
 B_SPLINE_SURFACE_WITH_KNOTS ( ( 4, 4 ),
 ( 4, 4 ),
 ( 0.0000000000000000000, 1.000000000000000000 ),
 ( 0.0000000000000000000, 1.000000000000000000 ),
 .UNSPECIFIED. ) 
 GEOMETRIC_REPRESENTATION_ITEM ( )  RATIONAL_B_SPLINE_SURFACE ( (
 ( 1.000000000000000000, 0.9836490853718125038, 0.9836490853718125038, 1.000000000000000000),
 ( 0.8425084105492741671, 0.8287326274548529881, 0.8287326274548529881, 0.8425084105492741671),
 ( 0.8425084105492741671, 0.8287326274548529881, 0.8287326274548529881, 0.8425084105492741671),
 ( 1.000000000000000000, 0.9836490853718125038, 0.9836490853718125038, 1.000000000000000000) ) ) 
 REPRESENTATION_ITEM ( '' )  SURFACE ( )  );
#4211 = CARTESIAN_POINT ( 'NONE',  ( -0.1369955064767785224, 0.05997115106077244989, 0.06645703497265068038 ) ) ;
#4212 = VERTEX_POINT ( 'NONE', #2196 ) ;
#4213 = CARTESIAN_POINT ( 'NONE',  ( -0.1312362688103229091, 0.05382013101944311401, 0.07378376722665039300 ) ) ;
#4214 = CARTESIAN_POINT ( 'NONE',  ( -0.1294103344528970689, 0.05183733549365963228, 0.1041450685247776592 ) ) ;
#4215 = CARTESIAN_POINT ( 'NONE',  ( -0.1358267119089787145, 0.05511817538866074784, 0.09719780979657660636 ) ) ;
#4216 = CARTESIAN_POINT ( 'NONE',  ( 0.1279528156498905556, 4.214544877152374029E-08, 0.02189013583859241580 ) ) ;
#4217 = ORIENTED_EDGE ( 'NONE', *, *, #8290, .F. ) ;
#4218 = DIRECTION ( 'NONE',  ( 0.8995081585761557363, 0.0000000000000000000, 0.4369039627365875478 ) ) ;
#4219 = EDGE_CURVE ( 'NONE', #6853, #5498, #561, .T. ) ;
#4220 = CARTESIAN_POINT ( 'NONE',  ( -0.1200786804129134189, 6.515244094229544203E-08, 0.07279771312318503163 ) ) ;
#4221 = CARTESIAN_POINT ( 'NONE',  ( -0.1310382542868566424, -0.05183720518873992378, 0.04622723281519782595 ) ) ;
#4222 = CARTESIAN_POINT ( 'NONE',  ( -0.1318896948685433501, -0.04330702146173232014, 0.06152421932444881308 ) ) ;
#4223 = VECTOR ( 'NONE', #8689, 39.37007874015748143 ) ;
#4224 = CARTESIAN_POINT ( 'NONE',  ( 0.2854331306106298038, 0.06585386002801468797, 0.08679316101689781016 ) ) ;
#4225 = CARTESIAN_POINT ( 'NONE',  ( -0.1023621449798425426, 0.02362211239653540934, 0.007874015748030970333 ) ) ;
#4226 = CARTESIAN_POINT ( 'NONE',  ( -0.1023621449798425287, -0.05577387916803935169, 0.01922186197313554765 ) ) ;
#4227 =( BOUNDED_CURVE ( )  B_SPLINE_CURVE ( 3, ( #4382, #7523, #3614, #5979 ),
 .UNSPECIFIED., .F., .T. ) 
 B_SPLINE_CURVE_WITH_KNOTS ( ( 4, 4 ),
 ( 0.0000000000000000000, 1.000000000000000000 ),
 .UNSPECIFIED. ) 
 CURVE ( )  GEOMETRIC_REPRESENTATION_ITEM ( )  RATIONAL_B_SPLINE_CURVE ( ( 1.000000000000000000, 0.9771939831883020844, 0.9771939831883020844, 1.000000000000000000 ) ) 
 REPRESENTATION_ITEM ( '' )  );
#4228 = EDGE_CURVE ( 'NONE', #1669, #5359, #5387, .T. ) ;
#4229 = DIRECTION ( 'NONE',  ( 1.000000000000000000, 0.0000000000000000000, 0.0000000000000000000 ) ) ;
#4230 = CARTESIAN_POINT ( 'NONE',  ( -0.09251962529480318997, 6.515244094229544203E-08, 0.0000000000000000000 ) ) ;
#4231 = DIRECTION ( 'NONE',  ( 0.0000000000000000000, -1.000000000000000000, 0.0000000000000000000 ) ) ;
#4232 = CARTESIAN_POINT ( 'NONE',  ( -0.1338582079719685403, 0.03444888405007870413, 0.07480314960629920462 ) ) ;
#4233 = EDGE_LOOP ( 'NONE', ( #7288, #4798, #9556, #6498, #316 ) ) ;
#4234 = DIRECTION ( 'NONE',  ( -6.123233995736766036E-17, 1.000000000000000000, 0.0000000000000000000 ) ) ;
#4235 = B_SPLINE_CURVE_WITH_KNOTS ( 'NONE', 3,
 ( #4133, #4081, #110, #8664, #6491, #8823 ),
 .UNSPECIFIED., .F., .F.,
 ( 4, 2, 4 ),
 ( 0.0000000000000000000, 0.5000000000000000000, 1.000000000000000000 ),
 .UNSPECIFIED. ) ;
#4236 = VECTOR ( 'NONE', #7916, 39.37007874015748143 ) ;
#4237 = ORIENTED_EDGE ( 'NONE', *, *, #2303, .F. ) ;
#4238 = CARTESIAN_POINT ( 'NONE',  ( -0.1023621449798425287, -0.03543300571370080337, 0.03228346456692913341 ) ) ;
#4239 = DIRECTION ( 'NONE',  ( 1.000000000000000000, 6.123233995736766036E-17, 0.0000000000000000000 ) ) ;
#4240 = ORIENTED_EDGE ( 'NONE', *, *, #6108, .T. ) ;
#4241 = LINE ( 'NONE', #7388, #4125 ) ;
#4242 = VECTOR ( 'NONE', #9174, 39.37007874015748143 ) ;
#4243 = CARTESIAN_POINT ( 'NONE',  ( -0.1377952158459848087, 0.05866148247527092768, 0.04724409448818886470 ) ) ;
#4244 = PLANE ( 'NONE',  #954 ) ;
#4245 = ORIENTED_EDGE ( 'NONE', *, *, #650, .T. ) ;
#4246 = ORIENTED_EDGE ( 'NONE', *, *, #7972, .F. ) ;
#4247 = CARTESIAN_POINT ( 'NONE',  ( -0.1281369481294488410, 0.07127513204311679285, 0.04133858267716534335 ) ) ;
#4248 = EDGE_CURVE ( 'NONE', #3487, #1973, #9160, .T. ) ;
#4249 = LINE ( 'NONE', #3579, #1421 ) ;
#4250 = PLANE ( 'NONE',  #3593 ) ;
#4251 = CARTESIAN_POINT ( 'NONE',  ( 0.1200787999020472285, -0.07161299307561568017, 0.1280351702347154730 ) ) ;
#4252 = B_SPLINE_CURVE_WITH_KNOTS ( 'NONE', 3,
 ( #228, #937, #7335, #7242 ),
 .UNSPECIFIED., .F., .F.,
 ( 4, 4 ),
 ( 0.0000000000000000000, 1.000000000000000000 ),
 .UNSPECIFIED. ) ;
#4253 = CARTESIAN_POINT ( 'NONE',  ( 0.1279528156500787661, -0.06419125713152487589, 0.09591245230592014559 ) ) ;
#4254 = VERTEX_POINT ( 'NONE', #7764 ) ;
#4255 = EDGE_CURVE ( 'NONE', #2788, #2591, #6364, .T. ) ;
#4256 = EDGE_LOOP ( 'NONE', ( #3641, #7166, #2071, #654, #7319, #8491, #2021, #1403, #5640 ) ) ;
#4257 = CARTESIAN_POINT ( 'NONE',  ( -0.1023621449798425564, 6.515244093841847958E-08, 0.007874015748031643405 ) ) ;
#4258 = VERTEX_POINT ( 'NONE', #2243 ) ;
#4259 = CARTESIAN_POINT ( 'NONE',  ( -0.1377951378577864372, 0.05346471902030125456, 0.05438679856876913604 ) ) ;
#4260 = CARTESIAN_POINT ( 'NONE',  ( -0.1048030898617323126, 0.07869219605224408998, 0.1240157480314960509 ) ) ;
#4261 = CARTESIAN_POINT ( 'NONE',  ( 0.1279524659422746347, -0.04942110441424768519, 0.02410010815120463071 ) ) ;
#4262 = EDGE_CURVE ( 'NONE', #2437, #3126, #8221, .T. ) ;
#4263 = AXIS2_PLACEMENT_3D ( 'NONE', #2457, #2396, #5761 ) ;
#4264 = ORIENTED_EDGE ( 'NONE', *, *, #9864, .F. ) ;
#4265 = EDGE_CURVE ( 'NONE', #7929, #5350, #10041, .T. ) ;
#4266 = CARTESIAN_POINT ( 'NONE',  ( 0.02659336719535426719, 6.515244094229544203E-08, 0.01112020996984053323 ) ) ;
#4267 = CARTESIAN_POINT ( 'NONE',  ( -0.1200786804129134050, -0.03149599783968524275, 0.03149606299212599075 ) ) ;
#4268 = DIRECTION ( 'NONE',  ( 1.000000000000000000, 6.123233995736766036E-17, 0.0000000000000000000 ) ) ;
#4269 = PRODUCT_CONTEXT ( 'NONE', #4031, 'mechanical' ) ;
#4270 = FACE_OUTER_BOUND ( 'NONE', #5884, .T. ) ;
#4271 = CARTESIAN_POINT ( 'NONE',  ( -0.1384513838249931128, 0.04658799166161647215, 0.07717662042337028461 ) ) ;
#4272 =( BOUNDED_SURFACE ( )  B_SPLINE_SURFACE ( 3, 3, ( 
 ( #7576, #8142, #9847, #5828 ),
 ( #456, #6763, #5111, #2009 ),
 ( #9024, #3512, #5878, #6542 ),
 ( #8251, #3413, #9125, #362 ) ),
 .UNSPECIFIED., .F., .F., .F. ) 
 B_SPLINE_SURFACE_WITH_KNOTS ( ( 4, 4 ),
 ( 4, 4 ),
 ( 0.0000000000000000000, 1.000000000000000000 ),
 ( 0.0000000000000000000, 1.000000000000000000 ),
 .UNSPECIFIED. ) 
 GEOMETRIC_REPRESENTATION_ITEM ( )  RATIONAL_B_SPLINE_SURFACE ( (
 ( 1.000000000000000000, 0.9104660528714334511, 0.9104660528714334511, 1.000000000000000000),
 ( 0.8317468925568780591, 0.7572773102543409740, 0.7572773102543409740, 0.8317468925568780591),
 ( 0.8317468925568780591, 0.7572773102543409740, 0.7572773102543409740, 0.8317468925568780591),
 ( 1.000000000000000000, 0.9104660528714334511, 0.9104660528714334511, 1.000000000000000000) ) ) 
 REPRESENTATION_ITEM ( '' )  SURFACE ( )  );
#4273 = CARTESIAN_POINT ( 'NONE',  ( -0.1003936410428346304, -0.06308341126629249396, 0.1219251975557665429 ) ) ;
#4274 = CARTESIAN_POINT ( 'NONE',  ( -0.1397637197829944833, 0.04793258010991166551, 0.09848724494885248426 ) ) ;
#4275 = CARTESIAN_POINT ( 'NONE',  ( 0.07188043055315046503, -0.02047237579244093331, 0.01436640419164608544 ) ) ;
#4276 = VECTOR ( 'NONE', #1656, 39.37007874015748143 ) ;
#4277 = DIRECTION ( 'NONE',  ( 6.122803744263552081E-17, -0.9999297346020887822, 0.01185436032000173300 ) ) ;
#4278 = VERTEX_POINT ( 'NONE', #1467 ) ;
#4279 = LINE ( 'NONE', #6538, #10043 ) ;
#4280 = EDGE_CURVE ( 'NONE', #5802, #3656, #1317, .T. ) ;
#4281 = CARTESIAN_POINT ( 'NONE',  ( -0.1200786804129134189, 0.05241261390144191096, 0.03745766972249089249 ) ) ;
#4282 = LINE ( 'NONE', #4230, #1417 ) ;
#4283 = CARTESIAN_POINT ( 'NONE',  ( -0.1384514529410250661, 0.05096054361672610472, 0.1002590661337063871 ) ) ;
#4284 = VERTEX_POINT ( 'NONE', #10085 ) ;
#4285 = DIRECTION ( 'NONE',  ( -1.000000000000000000, -6.123233995736766036E-17, -0.0000000000000000000 ) ) ;
#4286 = VERTEX_POINT ( 'NONE', #3086 ) ;
#4287 = LINE ( 'NONE', #368, #5385 ) ;
#4288 = VECTOR ( 'NONE', #259, 39.37007874015748143 ) ;
#4289 = B_SPLINE_CURVE_WITH_KNOTS ( 'NONE', 3,
 ( #5289, #3533, #8431, #1258 ),
 .UNSPECIFIED., .F., .F.,
 ( 4, 4 ),
 ( 0.0000000000000000000, 1.000000000000000000 ),
 .UNSPECIFIED. ) ;
#4290 = EDGE_CURVE ( 'NONE', #267, #1659, #4632, .T. ) ;
#4291 = CARTESIAN_POINT ( 'NONE',  ( -0.07283458592472447091, 0.06299219113669290993, 0.003937007874015747109 ) ) ;
#4292 = B_SPLINE_CURVE_WITH_KNOTS ( 'NONE', 3,
 ( #10079, #9255, #2188, #4569 ),
 .UNSPECIFIED., .F., .F.,
 ( 4, 4 ),
 ( 0.0000000000000000000, 1.000000000000000000 ),
 .UNSPECIFIED. ) ;
#4293 = VERTEX_POINT ( 'NONE', #5445 ) ;
#4294 = CARTESIAN_POINT ( 'NONE',  ( -0.1279526961609449009, -0.04921253327275590395, 0.04577618782838582812 ) ) ;
#4295 = CARTESIAN_POINT ( 'NONE',  ( -0.1200786804129134189, -0.05580134111793400020, 0.1302266452400383800 ) ) ;
#4296 = CARTESIAN_POINT ( 'NONE',  ( 0.07082767482487994926, -0.01968497421763772820, 0.01524977113495830372 ) ) ;
#4297 = B_SPLINE_CURVE_WITH_KNOTS ( 'NONE', 3,
 ( #7759, #3844, #9404, #5489, #5439, #8402 ),
 .UNSPECIFIED., .F., .F.,
 ( 4, 2, 4 ),
 ( 0.0000000000000000000, 0.5000000000000001110, 1.000000000000000000 ),
 .UNSPECIFIED. ) ;
#4298 = DIRECTION ( 'NONE',  ( -1.000000000000000000, -6.123233995736766036E-17, -0.0000000000000000000 ) ) ;
#4299 = ORIENTED_EDGE ( 'NONE', *, *, #6092, .T. ) ;
#4300 = ORIENTED_EDGE ( 'NONE', *, *, #3223, .T. ) ;
#4301 = CARTESIAN_POINT ( 'NONE',  ( 0.1673228943901574894, 0.007686759161278618538, 0.1035735598774175231 ) ) ;
#4302 = CARTESIAN_POINT ( 'NONE',  ( -0.1397637197829921241, 0.05118116782358608091, 0.09719780982118189638 ) ) ;
#4303 = EDGE_CURVE ( 'NONE', #1060, #8704, #941, .T. ) ;
#4304 = CARTESIAN_POINT ( 'NONE',  ( -0.1279526961609449009, -0.04921253327275591088, 0.07727225082051179805 ) ) ;
#4305 = DIRECTION ( 'NONE',  ( -6.123233995736766036E-17, 1.000000000000000000, -0.0000000000000000000 ) ) ;
#4306 = DIRECTION ( 'NONE',  ( 6.123233995736766036E-17, -1.000000000000000000, -0.0000000000000000000 ) ) ;
#4307 = ORIENTED_EDGE ( 'NONE', *, *, #2926, .T. ) ;
#4308 = ORIENTED_EDGE ( 'NONE', *, *, #733, .F. ) ;
#4309 = CARTESIAN_POINT ( 'NONE',  ( 0.2775591148625977667, 0.01018032671790190628, 0.07480314960629920462 ) ) ;
#4310 = ADVANCED_FACE ( 'NONE', ( #6800 ), #7096, .F. ) ;
#4311 = ORIENTED_EDGE ( 'NONE', *, *, #3569, .F. ) ;
#4312 = DIRECTION ( 'NONE',  ( 1.000000000000000000, 6.123233995736766036E-17, 0.0000000000000000000 ) ) ;
#4313 = DIRECTION ( 'NONE',  ( 0.0000000000000000000, 0.0000000000000000000, -1.000000000000000000 ) ) ;
#4314 = B_SPLINE_CURVE_WITH_KNOTS ( 'NONE', 3,
 ( #1654, #8782, #8828, #7996, #1757, #2330, #5478, #1706, #4810, #4706, #4912, #67, #7905, #7847, #3939, #825 ),
 .UNSPECIFIED., .F., .F.,
 ( 4, 2, 2, 2, 2, 2, 2, 4 ),
 ( 0.0000000000000000000, 0.1249999999999995004, 0.2499999999999990008, 0.3749999999999985012, 0.4374999999999987788, 0.4999999999999991118, 0.7499999999999995559, 1.000000000000000000 ),
 .UNSPECIFIED. ) ;
#4315 = ORIENTED_EDGE ( 'NONE', *, *, #3347, .F. ) ;
#4316 = DIRECTION ( 'NONE',  ( 0.0000000000000000000, 1.000000000000000000, 0.0000000000000000000 ) ) ;
#4317 = CARTESIAN_POINT ( 'NONE',  ( -0.1200786804129124058, -0.04724402933574805424, 0.01078031737086627279 ) ) ;
#4318 = DIRECTION ( 'NONE',  ( -6.123233995736766036E-17, 1.000000000000000000, 0.0000000000000000000 ) ) ;
#4319 = DIRECTION ( 'NONE',  ( -1.000000000000000000, -6.123233995736766036E-17, 0.0000000000000000000 ) ) ;
#4320 = EDGE_CURVE ( 'NONE', #1769, #6151, #7867, .T. ) ;
#4321 = DIRECTION ( 'NONE',  ( -0.9608635309510030753, -5.883592237982848460E-17, -0.2770221559521386379 ) ) ;
#4322 = ORIENTED_EDGE ( 'NONE', *, *, #5739, .T. ) ;
#4323 = CARTESIAN_POINT ( 'NONE',  ( -0.03740151505858271830, -0.07127500173823492213, 0.04133858267716535029 ) ) ;
#4324 = EDGE_CURVE ( 'NONE', #8758, #2409, #5606, .T. ) ;
#4325 = DIRECTION ( 'NONE',  ( 0.0000000000000000000, 1.000000000000000000, 0.0000000000000000000 ) ) ;
#4326 = ADVANCED_FACE ( 'NONE', ( #7967 ), #85, .T. ) ;
#4327 = FACE_OUTER_BOUND ( 'NONE', #1114, .T. ) ;
#4328 = CARTESIAN_POINT ( 'NONE',  ( -0.1401095362393920962, 0.04526534339968885795, 0.09752286346081778801 ) ) ;
#4329 = CARTESIAN_POINT ( 'NONE',  ( 0.02668124818396580208, 0.01968510452251841930, 0.0009151533211891280670 ) ) ;
#4330 = DIRECTION ( 'NONE',  ( 1.000000000000000000, 6.123233995736766036E-17, 0.0000000000000000000 ) ) ;
#4331 = ORIENTED_EDGE ( 'NONE', *, *, #8547, .T. ) ;
#4332 = CARTESIAN_POINT ( 'NONE',  ( -0.1023621449798425287, -0.05470394491710112161, 0.01820691365755201102 ) ) ;
#4333 = CARTESIAN_POINT ( 'NONE',  ( -0.1200786804129134466, 0.04845797877579360174, 0.03742611627673276403 ) ) ;
#4334 = CARTESIAN_POINT ( 'NONE',  ( -0.09547238120031500963, -0.01771647028062994789, 0.02893700787401575630 ) ) ;
#4335 =( BOUNDED_CURVE ( )  B_SPLINE_CURVE ( 3, ( #3690, #4471, #7651, #7607 ),
 .UNSPECIFIED., .F., .T. ) 
 B_SPLINE_CURVE_WITH_KNOTS ( ( 4, 4 ),
 ( 0.0000000000000000000, 0.003192902386174927172 ),
 .UNSPECIFIED. ) 
 CURVE ( )  GEOMETRIC_REPRESENTATION_ITEM ( )  RATIONAL_B_SPLINE_CURVE ( ( 1.000000000000000000, 0.9999916152740626618, 0.9999916152740626618, 1.000000000000000000 ) ) 
 REPRESENTATION_ITEM ( '' )  );
#4336 = DIRECTION ( 'NONE',  ( 1.000000000000000000, 6.123233995736766036E-17, 0.0000000000000000000 ) ) ;
#4337 = CARTESIAN_POINT ( 'NONE',  ( 0.1276134326376509309, 6.512602819860343725E-08, 0.02131114560761950688 ) ) ;
#4338 = ORIENTED_EDGE ( 'NONE', *, *, #1057, .T. ) ;
#4339 = DIRECTION ( 'NONE',  ( 6.123233995736766036E-17, -1.000000000000000000, 0.0000000000000000000 ) ) ;
#4340 = ORIENTED_EDGE ( 'NONE', *, *, #1043, .T. ) ;
#4341 = CARTESIAN_POINT ( 'NONE',  ( -0.1279526961609451507, 0.04239940665234451234, 0.05238175845239484429 ) ) ;
#4342 = EDGE_CURVE ( 'NONE', #6668, #981, #4007, .T. ) ;
#4343 = CARTESIAN_POINT ( 'NONE',  ( -0.1290459248799090686, -0.04330702146173294464, 0.07317004566913519470 ) ) ;
#4344 = LINE ( 'NONE', #5013, #9717 ) ;
#4345 = ORIENTED_EDGE ( 'NONE', *, *, #4362, .F. ) ;
#4346 = DIRECTION ( 'NONE',  ( 1.000000000000000000, 6.123233995736766036E-17, 0.0000000000000000000 ) ) ;
#4347 = DIRECTION ( 'NONE',  ( 1.000000000000000000, 0.0000000000000000000, 0.0000000000000000000 ) ) ;
#4348 = CARTESIAN_POINT ( 'NONE',  ( 0.1279528156500787384, 0.04740791779465919342, 0.02362204585494010606 ) ) ;
#4349 = DIRECTION ( 'NONE',  ( -0.0000000000000000000, 1.000000000000000000, 0.0000000000000000000 ) ) ;
#4350 = ORIENTED_EDGE ( 'NONE', *, *, #415, .F. ) ;
#4351 = ORIENTED_EDGE ( 'NONE', *, *, #5476, .T. ) ;
#4352 = DIRECTION ( 'NONE',  ( -0.0000000000000000000, 0.0000000000000000000, -1.000000000000000000 ) ) ;
#4353 = CARTESIAN_POINT ( 'NONE',  ( 0.1673228943901574339, 0.003947725122661731485, 0.1043118474320843120 ) ) ;
#4354 = CARTESIAN_POINT ( 'NONE',  ( -0.1279526961609449009, -0.05314954114677164498, 0.07086614173228344971 ) ) ;
#4355 = CARTESIAN_POINT ( 'NONE',  ( -0.1358600830307604423, -0.04921253327275589007, 0.07574709207037864933 ) ) ;
#4356 = CARTESIAN_POINT ( 'NONE',  ( 0.2854331306106298038, 0.06281927025019373723, 0.08319616023794255966 ) ) ;
#4357 = CARTESIAN_POINT ( 'NONE',  ( 0.1279528156500787661, -0.05032902459132210932, 0.1198894934062505885 ) ) ;
#4358 = ORIENTED_EDGE ( 'NONE', *, *, #243, .T. ) ;
#4359 = ORIENTED_EDGE ( 'NONE', *, *, #9864, .T. ) ;
#4360 = CARTESIAN_POINT ( 'NONE',  ( -0.1200786804129134050, -0.02755898996566930048, 0.1183886386388582623 ) ) ;
#4361 = ORIENTED_EDGE ( 'NONE', *, *, #395, .T. ) ;
#4362 = EDGE_CURVE ( 'NONE', #4727, #7144, #8754, .T. ) ;
#4363 = CARTESIAN_POINT ( 'NONE',  ( -0.1023621449798425426, 0.04145727463738188567, 0.1337844026243306950 ) ) ;
#4364 = CARTESIAN_POINT ( 'NONE',  ( 0.1200787999020464097, -0.05060962796935104119, 0.01574803149606718647 ) ) ;
#4365 = CARTESIAN_POINT ( 'NONE',  ( 0.01968509911464561002, -0.05905505295779527736, 0.0000000000000000000 ) ) ;
#4366 = DIRECTION ( 'NONE',  ( 1.000000000000000000, 6.123233995736766036E-17, 0.0000000000000000000 ) ) ;
#4367 = CARTESIAN_POINT ( 'NONE',  ( 0.1276989047753936402, 0.01979235977913387096, 0.1237906314938976432 ) ) ;
#4368 = LINE ( 'NONE', #5964, #2923 ) ;
#4369 = EDGE_CURVE ( 'NONE', #6610, #3983, #5549, .T. ) ;
#4370 = DIRECTION ( 'NONE',  ( -1.000000000000000000, -6.123233995736766036E-17, -0.0000000000000000000 ) ) ;
#4371 = ORIENTED_EDGE ( 'NONE', *, *, #10191, .T. ) ;
#4372 = CARTESIAN_POINT ( 'NONE',  ( 0.03387679127909165588, 0.01968510452251973075, 0.006952930878425224448 ) ) ;
#4373 = LINE ( 'NONE', #9837, #6036 ) ;
#4374 = CARTESIAN_POINT ( 'NONE',  ( -0.1377952158459842535, -0.03051174587118112014, 0.07480314960629920462 ) ) ;
#4375 = CARTESIAN_POINT ( 'NONE',  ( -0.1023621449798425564, 0.03160530026669366999, 0.01574803149606298150 ) ) ;
#4376 = VERTEX_POINT ( 'NONE', #2509 ) ;
#4377 = VERTEX_POINT ( 'NONE', #2345 ) ;
#4378 = CARTESIAN_POINT ( 'NONE',  ( 0.1279528214177654277, -0.02045724953396792570, 0.1259842390356234465 ) ) ;
#4379 = CARTESIAN_POINT ( 'NONE',  ( -0.1339177389963882581, -0.05511804508377859263, 0.04907127295902306841 ) ) ;
#4380 = EDGE_CURVE ( 'NONE', #9108, #7253, #4779, .T. ) ;
#4381 = ADVANCED_FACE ( 'NONE', ( #4722 ), #7199, .F. ) ;
#4382 = CARTESIAN_POINT ( 'NONE',  ( -0.1313087054023650002, 0.05183733549366231763, 0.07345653506782258424 ) ) ;
#4383 = CARTESIAN_POINT ( 'NONE',  ( -0.1023621449798425426, 0.05358652933213745723, 0.01702679955610236773 ) ) ;
#4384 = ORIENTED_EDGE ( 'NONE', *, *, #3300, .T. ) ;
#4385 = CARTESIAN_POINT ( 'NONE',  ( -0.1361644537893929030, -0.01782797711861832876, 0.1248383409585941406 ) ) ;
#4386 = EDGE_LOOP ( 'NONE', ( #4315, #4036, #1965, #2754, #4853, #24 ) ) ;
#4387 = CARTESIAN_POINT ( 'NONE',  ( -0.1279526961609451230, 0.04133864782960629952, 0.04982086011613354182 ) ) ;
#4388 = VECTOR ( 'NONE', #1829, 39.37007874015748143 ) ;
#4389 = CIRCLE ( 'NONE', #4876, 0.04133858267747821807 ) ;
#4390 = CARTESIAN_POINT ( 'NONE',  ( -0.1279526961609449009, 0.04921266357763776078, 0.1043653315612598498 ) ) ;
#4391 = EDGE_CURVE ( 'NONE', #5187, #8499, #4646, .T. ) ;
#4392 =( BOUNDED_CURVE ( )  B_SPLINE_CURVE ( 3, ( #6843, #2145, #7503, #586 ),
 .UNSPECIFIED., .F., .T. ) 
 B_SPLINE_CURVE_WITH_KNOTS ( ( 4, 4 ),
 ( 0.0000000000000000000, 1.000000000000000000 ),
 .UNSPECIFIED. ) 
 CURVE ( )  GEOMETRIC_REPRESENTATION_ITEM ( )  RATIONAL_B_SPLINE_CURVE ( ( 1.000000000000000000, 0.8425084105516502664, 0.8425084105516502664, 1.000000000000000000 ) ) 
 REPRESENTATION_ITEM ( '' )  );
#4393 = ORIENTED_EDGE ( 'NONE', *, *, #8054, .F. ) ;
#4394 = VECTOR ( 'NONE', #8356, 39.37007874015748143 ) ;
#4395 = CARTESIAN_POINT ( 'NONE',  ( -0.1288000481894223948, 0.05511817538865948496, 0.07697147372051066361 ) ) ;
#4396 = DIRECTION ( 'NONE',  ( -1.000000000000000000, -6.123233995736766036E-17, -0.0000000000000000000 ) ) ;
#4397 = ADVANCED_FACE ( 'NONE', ( #1676, #140 ), #9575, .F. ) ;
#4398 = PLANE ( 'NONE',  #6549 ) ;
#4399 = ORIENTED_EDGE ( 'NONE', *, *, #3455, .F. ) ;
#4400 = ORIENTED_EDGE ( 'NONE', *, *, #2802, .F. ) ;
#4401 = B_SPLINE_CURVE_WITH_KNOTS ( 'NONE', 3,
 ( #2346, #1042, #8642, #1565 ),
 .UNSPECIFIED., .F., .F.,
 ( 4, 4 ),
 ( 0.0000000000000000000, 1.000000000000000000 ),
 .UNSPECIFIED. ) ;
#4402 = DIRECTION ( 'NONE',  ( 1.000000000000000000, 6.123233995736766036E-17, 0.0000000000000000000 ) ) ;
#4403 = VECTOR ( 'NONE', #9410, 39.37007874015748143 ) ;
#4404 = CARTESIAN_POINT ( 'NONE',  ( -0.03740151505859279357, 0.06299219113669339565, 0.01751325901238147062 ) ) ;
#4405 = VECTOR ( 'NONE', #7927, 39.37007874015748143 ) ;
#4406 = CARTESIAN_POINT ( 'NONE',  ( 0.1200787999020467844, 0.04740791782473092325, 0.1338582677165340573 ) ) ;
#4407 = DIRECTION ( 'NONE',  ( -0.0000000000000000000, 0.0000000000000000000, 1.000000000000000000 ) ) ;
#4408 = AXIS2_PLACEMENT_3D ( 'NONE', #3673, #1197, #4347 ) ;
#4409 = CARTESIAN_POINT ( 'NONE',  ( -0.1200786804129134189, 0.03543313601858141815, 0.03149606299212598381 ) ) ;
#4410 = ORIENTED_EDGE ( 'NONE', *, *, #7092, .F. ) ;
#4411 = EDGE_LOOP ( 'NONE', ( #5416, #128, #8901, #1099, #9850, #2915 ) ) ;
#4412 = FACE_OUTER_BOUND ( 'NONE', #3577, .T. ) ;
#4413 = EDGE_CURVE ( 'NONE', #2437, #7777, #2333, .T. ) ;
#4414 = VECTOR ( 'NONE', #4523, 39.37007874015748143 ) ;
#4415 = ORIENTED_EDGE ( 'NONE', *, *, #2500, .T. ) ;
#4416 = AXIS2_PLACEMENT_3D ( 'NONE', #1978, #8222, #6672 ) ;
#4417 = CARTESIAN_POINT ( 'NONE',  ( -0.03740151505858020642, -0.05905505295779527042, 0.0000000000000000000 ) ) ;
#4418 = CARTESIAN_POINT ( 'NONE',  ( -0.1369955064767784947, 0.06062434041765569354, 0.04757068916663059754 ) ) ;
#4419 = VECTOR ( 'NONE', #3010, 39.37007874015748143 ) ;
#4420 = EDGE_CURVE ( 'NONE', #9521, #7219, #8330, .T. ) ;
#4421 = VERTEX_POINT ( 'NONE', #2916 ) ;
#4422 = VECTOR ( 'NONE', #5513, 39.37007874015748143 ) ;
#4423 = CARTESIAN_POINT ( 'NONE',  ( 0.2854331306106299149, 6.515244097103107447E-08, 0.05905511811023613639 ) ) ;
#4424 = DIRECTION ( 'NONE',  ( 6.123233995736766036E-17, -1.000000000000000000, 0.0000000000000000000 ) ) ;
#4425 = CARTESIAN_POINT ( 'NONE',  ( 0.1295417190280314934, 0.01560573341456692950, 0.1233018425286220437 ) ) ;
#4426 = CARTESIAN_POINT ( 'NONE',  ( -0.1048030898617322848, -0.07869206574736223314, 0.1240157480314960509 ) ) ;
#4427 = DIRECTION ( 'NONE',  ( -6.123233995736766036E-17, 1.000000000000000000, 0.0000000000000000000 ) ) ;
#4428 = ORIENTED_EDGE ( 'NONE', *, *, #8598, .F. ) ;
#4429 = FACE_OUTER_BOUND ( 'NONE', #134, .T. ) ;
#4430 = VECTOR ( 'NONE', #5552, 39.37007874015748143 ) ;
#4431 = PLANE ( 'NONE',  #6204 ) ;
#4432 = CARTESIAN_POINT ( 'NONE',  ( -0.1384513838249995521, 0.04826645540241580185, 0.1003169899509571278 ) ) ;
#4433 = FACE_OUTER_BOUND ( 'NONE', #2871, .T. ) ;
#4434 = ORIENTED_EDGE ( 'NONE', *, *, #9362, .F. ) ;
#4435 = ORIENTED_EDGE ( 'NONE', *, *, #9483, .F. ) ;
#4436 = PLANE ( 'NONE',  #9566 ) ;
#4437 = DIRECTION ( 'NONE',  ( -0.0000000000000000000, 0.0000000000000000000, -1.000000000000000000 ) ) ;
#4438 = CARTESIAN_POINT ( 'NONE',  ( -0.1345885803481080556, -0.05382000071454370177, 0.04767078823441420199 ) ) ;
#4439 = ADVANCED_FACE ( 'NONE', ( #8581 ), #1612, .T. ) ;
#4440 = DIRECTION ( 'NONE',  ( 6.123233995736766036E-17, -1.000000000000000000, 0.0000000000000000000 ) ) ;
#4441 = CARTESIAN_POINT ( 'NONE',  ( -0.1023621449798425426, 0.05050684802427513748, 0.01574803149606257904 ) ) ;
#4442 = EDGE_LOOP ( 'NONE', ( #5073, #9546, #9323, #9621, #8462, #5037 ) ) ;
#4443 = CARTESIAN_POINT ( 'NONE',  ( 0.1594488786419577531, -0.04472128543626204683, 0.1005789241857721478 ) ) ;
#4444 = CARTESIAN_POINT ( 'NONE',  ( -0.1023621449798425287, -0.05124997287601990720, 0.01567416640385873444 ) ) ;
#4445 = B_SPLINE_CURVE_WITH_KNOTS ( 'NONE', 3,
 ( #4273, #7618, #9892, #2042 ),
 .UNSPECIFIED., .F., .F.,
 ( 4, 4 ),
 ( 0.0000000000000000000, 1.000000000000000000 ),
 .UNSPECIFIED. ) ;
#4446 = EDGE_CURVE ( 'NONE', #9127, #5336, #2140, .T. ) ;
#4447 = CARTESIAN_POINT ( 'NONE',  ( 0.1358268313981101372, 0.04724415964062993883, 0.06889763779527557919 ) ) ;
#4448 = ORIENTED_EDGE ( 'NONE', *, *, #2039, .T. ) ;
#4449 = CARTESIAN_POINT ( 'NONE',  ( -0.1279526961609449009, 0.04511188557158175155, 0.07286926856913385209 ) ) ;
#4450 = CARTESIAN_POINT ( 'NONE',  ( -0.1295041058032676551, 0.04658799166161312066, 0.07308953160562374485 ) ) ;
#4451 = B_SPLINE_CURVE_WITH_KNOTS ( 'NONE', 3,
 ( #3481, #2757, #1869, #331, #5023, #6617, #8067, #379 ),
 .UNSPECIFIED., .F., .F.,
 ( 4, 2, 2, 4 ),
 ( 0.0000000000000000000, 0.1250000019973595833, 0.2500000039947191666, 0.5000000079894384442 ),
 .UNSPECIFIED. ) ;
#4452 = LINE ( 'NONE', #7391, #8535 ) ;
#4453 = CARTESIAN_POINT ( 'NONE',  ( -0.1377952182914901902, 0.05153934866288373967, 0.05472760681202714500 ) ) ;
#4454 = VERTEX_POINT ( 'NONE', #6346 ) ;
#4455 = AXIS2_PLACEMENT_3D ( 'NONE', #9542, #915, #7891 ) ;
#4456 = ORIENTED_EDGE ( 'NONE', *, *, #6265, .T. ) ;
#4457 = CARTESIAN_POINT ( 'NONE',  ( -0.1377952158459843091, 0.03051187617606588784, 0.05678838069122389004 ) ) ;
#4458 = EDGE_CURVE ( 'NONE', #8907, #4793, #7583, .T. ) ;
#4459 = EDGE_CURVE ( 'NONE', #5125, #5656, #1811, .T. ) ;
#4460 = CARTESIAN_POINT ( 'NONE',  ( 0.1574803747051181091, -0.08712139990567731307, 0.03252586160007467364 ) ) ;
#4461 = ADVANCED_FACE ( 'NONE', ( #8737 ), #4814, .T. ) ;
#4462 =( BOUNDED_SURFACE ( )  B_SPLINE_SURFACE ( 3, 3, ( 
 ( #1687, #5617, #3251, #8809, #4118, #7107, #5717, #9584, #8764, #47, #1014, #204 ),
 ( #8651, #3354, #6320, #4838, #6478, #2566, #5561, #4887, #6378, #8031, #7312, #9528 ),
 ( #2355, #5505, #2466, #7978, #903, #4066, #7209, #1785, #151, #5672, #964, #7266 ),
 ( #9633, #8864, #4946, #9068, #5815, #2833, #2780, #9113, #3545, #6587, #446, #1886 ) ),
 .UNSPECIFIED., .F., .F., .F. ) 
 B_SPLINE_SURFACE_WITH_KNOTS ( ( 4, 4 ),
 ( 4, 1, 1, 1, 1, 1, 1, 1, 1, 4 ),
 ( 0.0000000000000000000, 1.000000000000000000 ),
 ( 0.01431299450196999931, 0.1056389096166999997, 0.2122152134254000067, 0.3196507882847999804, 0.4278053560912999931, 0.5354290587286000269, 0.6405787661802000432, 0.7472076689736999455, 0.8640220553705000306, 0.9219576521743000352 ),
 .UNSPECIFIED. ) 
 GEOMETRIC_REPRESENTATION_ITEM ( )  RATIONAL_B_SPLINE_SURFACE ( (
 ( 1.225783033154000057, 1.225783033154000057, 1.225783033154000057, 1.225783033154000057, 1.225783033154000057, 1.225783033154000057, 1.225783033154000057, 1.225783033154000057, 1.225783033154000057, 1.225783033154000057, 1.225783033154000057, 1.225783033154000057),
 ( 0.9247389889486999914, 0.9247389889486999914, 0.9247389889486999914, 0.9247389889486999914, 0.9247389889486999914, 0.9247389889486999914, 0.9247389889486999914, 0.9247389889486999914, 0.9247389889486999914, 0.9247389889486999914, 0.9247389889486999914, 0.9247389889486999914),
 ( 0.9247389889486999914, 0.9247389889486999914, 0.9247389889486999914, 0.9247389889486999914, 0.9247389889486999914, 0.9247389889486999914, 0.9247389889486999914, 0.9247389889486999914, 0.9247389889486999914, 0.9247389889486999914, 0.9247389889486999914, 0.9247389889486999914),
 ( 1.225783033154000057, 1.225783033154000057, 1.225783033154000057, 1.225783033154000057, 1.225783033154000057, 1.225783033154000057, 1.225783033154000057, 1.225783033154000057, 1.225783033154000057, 1.225783033154000057, 1.225783033154000057, 1.225783033154000057) ) ) 
 REPRESENTATION_ITEM ( '' )  SURFACE ( )  );
#4463 = ADVANCED_FACE ( 'NONE', ( #828 ), #8786, .T. ) ;
#4464 = CARTESIAN_POINT ( 'NONE',  ( 0.1673228943901570454, -0.08618293407805446837, 0.03235839816312012507 ) ) ;
#4465 = LINE ( 'NONE', #2864, #4090 ) ;
#4466 = CARTESIAN_POINT ( 'NONE',  ( -0.1023621449798425564, -0.0008390458739560846535, 0.02165354330708661040 ) ) ;
#4467 = VERTEX_POINT ( 'NONE', #5530 ) ;
#4468 = ORIENTED_EDGE ( 'NONE', *, *, #7217, .F. ) ;
#4469 = CARTESIAN_POINT ( 'NONE',  ( 0.2736221069885826362, -0.01181095846960642827, 0.07480314960629920462 ) ) ;
#4470 = EDGE_LOOP ( 'NONE', ( #1673, #1887, #6682, #8584 ) ) ;
#4471 = CARTESIAN_POINT ( 'NONE',  ( 0.1673228943901570731, 0.0001448673141456052478, 0.1181102358883650977 ) ) ;
#4472 = EDGE_CURVE ( 'NONE', #2650, #8265, #5588, .T. ) ;
#4473 = DIRECTION ( 'NONE',  ( 1.000000000000000000, 0.0000000000000000000, 0.0000000000000000000 ) ) ;
#4474 = EDGE_LOOP ( 'NONE', ( #5930, #64, #9598, #10143 ) ) ;
#4475 = CARTESIAN_POINT ( 'NONE',  ( 0.1279740149698425644, -0.02040478304618105129, 0.02316905464902362100 ) ) ;
#4476 = CARTESIAN_POINT ( 'NONE',  ( -0.1302668647553781589, -0.05511804508377945305, 0.05005147944251327197 ) ) ;
#4477 = CARTESIAN_POINT ( 'NONE',  ( 0.1316129485918504094, 0.0002624950522047161494, 0.1260082299446456666 ) ) ;
#4478 = CARTESIAN_POINT ( 'NONE',  ( -0.1384513838250074902, -0.04658786135674815310, 0.05008353968259940392 ) ) ;
#4479 = CARTESIAN_POINT ( 'NONE',  ( -0.1377952158459851695, 0.04370234201471179941, 0.04707172990978843868 ) ) ;
#4480 = CARTESIAN_POINT ( 'NONE',  ( 0.2854331306106263622, 0.05435577146665525328, 0.1167620050326025061 ) ) ;
#4481 = CARTESIAN_POINT ( 'NONE',  ( -0.1384672563152528069, 0.04674642230103302071, 0.1000752763522975014 ) ) ;
#4482 = DIRECTION ( 'NONE',  ( -0.0000000000000000000, 0.0000000000000000000, 1.000000000000000000 ) ) ;
#4483 = CARTESIAN_POINT ( 'NONE',  ( -0.07086608198771651712, -0.07874009232787400336, 0.03740157480314960231 ) ) ;
#4484 = ORIENTED_EDGE ( 'NONE', *, *, #9063, .T. ) ;
#4485 = CARTESIAN_POINT ( 'NONE',  ( -0.1279526961609449287, 0.07874022263275590183, 0.07480314960629920462 ) ) ;
#4486 = CARTESIAN_POINT ( 'NONE',  ( 0.1751969101381889993, -0.01574796634362083531, 0.07480314960629605436 ) ) ;
#4487 = CARTESIAN_POINT ( 'NONE',  ( -0.1378094211395228252, 0.05147929414179850532, 0.03862886579282961974 ) ) ;
#4488 = CARTESIAN_POINT ( 'NONE',  ( 0.1358268313981101649, -0.05118090511606950693, 0.07480314971627921583 ) ) ;
#4489 = CARTESIAN_POINT ( 'NONE',  ( -0.09569847332303416110, 0.03844767027810386262, 0.01567416640385432824 ) ) ;
#4490 = ORIENTED_EDGE ( 'NONE', *, *, #1805, .F. ) ;
#4491 = CARTESIAN_POINT ( 'NONE',  ( 0.1232284062012597992, -0.06299206083181101146, 0.003937007874015747977 ) ) ;
#4492 = ADVANCED_FACE ( 'NONE', ( #3175 ), #178, .T. ) ;
#4493 = ORIENTED_EDGE ( 'NONE', *, *, #6440, .T. ) ;
#4494 = CARTESIAN_POINT ( 'NONE',  ( 0.1316219914575196548, -0.001895430042716543658, 0.1259846392627952671 ) ) ;
#4495 = CARTESIAN_POINT ( 'NONE',  ( -0.1279526961609449287, 0.04511188557159094559, 0.1043653315612598498 ) ) ;
#4496 = DIRECTION ( 'NONE',  ( 1.000000000000000000, 6.123233995736766036E-17, 0.0000000000000000000 ) ) ;
#4497 = VERTEX_POINT ( 'NONE', #6407 ) ;
#4498 = CARTESIAN_POINT ( 'NONE',  ( 0.1200787999020471314, -0.05511804508378316536, 0.01861186520730621560 ) ) ;
#4499 = CARTESIAN_POINT ( 'NONE',  ( 0.1594488786421260074, -0.003832102528967950596, 0.08600719571872583735 ) ) ;
#4500 = CARTESIAN_POINT ( 'NONE',  ( -0.1394453983877142478, -0.05281501046190329590, 0.07008399327668829448 ) ) ;
#4501 = CARTESIAN_POINT ( 'NONE',  ( -0.1377951833718644714, 0.05298499664917890456, 0.05451762212916350797 ) ) ;
#4502 = ORIENTED_EDGE ( 'NONE', *, *, #40, .T. ) ;
#4503 = CARTESIAN_POINT ( 'NONE',  ( -0.1301670852289098790, 0.04658799166161241290, 0.1040264208339957003 ) ) ;
#4504 = ORIENTED_EDGE ( 'NONE', *, *, #3640, .F. ) ;
#4505 = CARTESIAN_POINT ( 'NONE',  ( 0.1594488786420320825, -0.08447366263764551075, 0.1182992934729109047 ) ) ;
#4506 = CARTESIAN_POINT ( 'NONE',  ( -0.1384513838249816220, -0.04658786135674000684, 0.07296489896628358118 ) ) ;
#4507 = LINE ( 'NONE', #6048, #5900 ) ;
#4508 = DIRECTION ( 'NONE',  ( -6.123233995736766036E-17, 1.000000000000000000, 0.0000000000000000000 ) ) ;
#4509 = VERTEX_POINT ( 'NONE', #2592 ) ;
#4510 = CARTESIAN_POINT ( 'NONE',  ( -0.1377951389560302109, -0.04803134982933755098, 0.1091682047440541148 ) ) ;
#4511 = B_SPLINE_CURVE_WITH_KNOTS ( 'NONE', 3,
 ( #4553, #5475, #4608, #8622 ),
 .UNSPECIFIED., .F., .F.,
 ( 4, 4 ),
 ( 0.0000000000000000000, 1.000000000000000000 ),
 .UNSPECIFIED. ) ;
#4512 = ORIENTED_EDGE ( 'NONE', *, *, #2699, .F. ) ;
#4513 = LINE ( 'NONE', #4360, #7019 ) ;
#4514 = ORIENTED_EDGE ( 'NONE', *, *, #10039, .T. ) ;
#4515 = EDGE_CURVE ( 'NONE', #6123, #9237, #1711, .T. ) ;
#4516 = EDGE_CURVE ( 'NONE', #9941, #9532, #3292, .T. ) ;
#4517 = CARTESIAN_POINT ( 'NONE',  ( -0.1023621449798425426, -0.05583154519811362598, 0.1303265262638064748 ) ) ;
#4518 = CARTESIAN_POINT ( 'NONE',  ( -0.1003936410428345472, -0.07197034617763077569, 0.1199146981627272068 ) ) ;
#4519 = ORIENTED_EDGE ( 'NONE', *, *, #1234, .T. ) ;
#4520 = EDGE_CURVE ( 'NONE', #3001, #5030, #3991, .T. ) ;
#4521 = DIRECTION ( 'NONE',  ( 1.000000000000000000, 0.0000000000000000000, -0.0000000000000000000 ) ) ;
#4522 = VERTEX_POINT ( 'NONE', #7957 ) ;
#4523 = DIRECTION ( 'NONE',  ( 1.000000000000000000, 0.0000000000000000000, -0.0000000000000000000 ) ) ;
#4524 = DIRECTION ( 'NONE',  ( 1.000000000000000000, 0.0000000000000000000, 0.0000000000000000000 ) ) ;
#4525 = DIRECTION ( 'NONE',  ( 0.0000000000000000000, -1.000000000000000000, -0.0000000000000000000 ) ) ;
#4526 = CARTESIAN_POINT ( 'NONE',  ( -0.1358266333937625525, -0.04330702146176792361, 0.05294363677158128029 ) ) ;
#4527 = B_SPLINE_CURVE_WITH_KNOTS ( 'NONE', 3,
 ( #5168, #9028, #9128, #9084 ),
 .UNSPECIFIED., .F., .F.,
 ( 4, 4 ),
 ( 0.0000000000000000000, 1.000000000000000000 ),
 .UNSPECIFIED. ) ;
#4528 = CARTESIAN_POINT ( 'NONE',  ( -0.1357895709757205027, -0.04330719665564205373, 0.07095573630395210496 ) ) ;
#4529 = ORIENTED_EDGE ( 'NONE', *, *, #7102, .F. ) ;
#4530 = DIRECTION ( 'NONE',  ( -6.123233995736766036E-17, 1.000000000000000000, 0.0000000000000000000 ) ) ;
#4531 = CARTESIAN_POINT ( 'NONE',  ( -0.09251962529480320385, -0.01771647028062990278, 0.003937007874015846856 ) ) ;
#4532 = CARTESIAN_POINT ( 'NONE',  ( -0.1378094211395228252, 0.04256184646221984613, 0.04710863396120805457 ) ) ;
#4533 = EDGE_CURVE ( 'NONE', #4258, #8145, #3228, .T. ) ;
#4534 = CARTESIAN_POINT ( 'NONE',  ( -0.1392992980403737202, -0.05166762234568686440, 0.07222570449073398291 ) ) ;
#4535 = CARTESIAN_POINT ( 'NONE',  ( -0.1200786804129134189, -0.03065150819559964504, 0.03149606299212590055 ) ) ;
#4536 = ORIENTED_EDGE ( 'NONE', *, *, #6351, .T. ) ;
#4537 = CARTESIAN_POINT ( 'NONE',  ( -0.1388263888904618937, 0.04921266357763776772, 0.07722593041861607055 ) ) ;
#4538 = ORIENTED_EDGE ( 'NONE', *, *, #4896, .F. ) ;
#4539 = CARTESIAN_POINT ( 'NONE',  ( -0.1397637197829920963, 0.05032457737575838502, 0.07987349263780045561 ) ) ;
#4540 =( BOUNDED_CURVE ( )  B_SPLINE_CURVE ( 3, ( #8882, #2534, #7326, #3221 ),
 .UNSPECIFIED., .F., .T. ) 
 B_SPLINE_CURVE_WITH_KNOTS ( ( 4, 4 ),
 ( 0.0000000000000000000, 1.000000000000000000 ),
 .UNSPECIFIED. ) 
 CURVE ( )  GEOMETRIC_REPRESENTATION_ITEM ( )  RATIONAL_B_SPLINE_CURVE ( ( 1.000000000000000000, 0.9836490853718127259, 0.9836490853718127259, 1.000000000000000000 ) ) 
 REPRESENTATION_ITEM ( '' )  );
#4541 = CARTESIAN_POINT ( 'NONE',  ( -0.1377950662575663510, -0.05092317793899146100, 0.09491061742358011810 ) ) ;
#4542 = EDGE_CURVE ( 'NONE', #8955, #2811, #2421, .T. ) ;
#4543 = DIRECTION ( 'NONE',  ( 0.0000000000000000000, 1.000000000000000000, -0.0000000000000000000 ) ) ;
#4544 = VERTEX_POINT ( 'NONE', #71 ) ;
#4545 = B_SPLINE_CURVE_WITH_KNOTS ( 'NONE', 3,
 ( #7897, #4806, #7230, #6546, #4137, #6494, #6448, #7282, #871, #1803 ),
 .UNSPECIFIED., .F., .F.,
 ( 4, 2, 2, 2, 4 ),
 ( 0.0000000000000000000, 0.1250000001829378871, 0.2500000003658757186, 0.3750000005488135502, 0.5000000007317513262 ),
 .UNSPECIFIED. ) ;
#4546 = PLANE ( 'NONE',  #9507 ) ;
#4547 = CARTESIAN_POINT ( 'NONE',  ( -0.1200786804129134466, 0.05630573243699257130, 0.1298493426123311922 ) ) ;
#4548 = CARTESIAN_POINT ( 'NONE',  ( 0.1200787999020454522, -0.06299206083181782545, 0.01751325901239312796 ) ) ;
#4549 =( NAMED_UNIT ( * ) PLANE_ANGLE_UNIT ( ) SI_UNIT ( $, .RADIAN. ) );
#4550 = ORIENTED_EDGE ( 'NONE', *, *, #4968, .F. ) ;
#4551 = CARTESIAN_POINT ( 'NONE',  ( -0.1296134879619162961, 0.04330715176661405208, 0.1001741406417798463 ) ) ;
#4552 = VERTEX_POINT ( 'NONE', #9607 ) ;
#4553 = CARTESIAN_POINT ( 'NONE',  ( -0.1397637197829920686, -0.04724402902681235084, 0.07010472908043169360 ) ) ;
#4554 = CARTESIAN_POINT ( 'NONE',  ( -0.1339177389963814579, 0.04330715176661506516, 0.07616435369978645509 ) ) ;
#4555 = CARTESIAN_POINT ( 'NONE',  ( 0.2854331306106299149, 0.01574809664850714344, 0.07480314960629799725 ) ) ;
#4556 = AXIS2_PLACEMENT_3D ( 'NONE', #1677, #7970, #8905 ) ;
#4557 = CARTESIAN_POINT ( 'NONE',  ( -0.1352935421383975045, -0.05183721856379056719, 0.07520892931573028295 ) ) ;
#4558 = CARTESIAN_POINT ( 'NONE',  ( -0.1313789265853168853, 0.04330715176661414229, 0.07748688154972407927 ) ) ;
#4559 = ORIENTED_EDGE ( 'NONE', *, *, #4205, .T. ) ;
#4560 = CARTESIAN_POINT ( 'NONE',  ( -0.1377951913335846990, -0.04373065012219281428, 0.1030948117057132740 ) ) ;
#4561 = VECTOR ( 'NONE', #2580, 39.37007874015748143 ) ;
#4562 = VERTEX_POINT ( 'NONE', #7178 ) ;
#4563 = CARTESIAN_POINT ( 'NONE',  ( 0.1791339180122046293, 6.515244096379278089E-08, 0.07480314960629920462 ) ) ;
#4564 = EDGE_LOOP ( 'NONE', ( #598, #2702, #2064, #2389, #8384 ) ) ;
#4565 =( BOUNDED_CURVE ( )  B_SPLINE_CURVE ( 3, ( #9064, #9778, #5094, #8236 ),
 .UNSPECIFIED., .F., .T. ) 
 B_SPLINE_CURVE_WITH_KNOTS ( ( 4, 4 ),
 ( 0.0000000000000000000, 1.000000000000000000 ),
 .UNSPECIFIED. ) 
 CURVE ( )  GEOMETRIC_REPRESENTATION_ITEM ( )  RATIONAL_B_SPLINE_CURVE ( ( 1.000000000000000000, 0.9823076119367524228, 0.9823076119367524228, 1.000000000000000000 ) ) 
 REPRESENTATION_ITEM ( '' )  );
#4566 = ADVANCED_FACE ( 'NONE', ( #122 ), #9557, .T. ) ;
#4567 = AXIS2_PLACEMENT_3D ( 'NONE', #7980, #806, #4170 ) ;
#4568 = VECTOR ( 'NONE', #1512, 39.37007874015748854 ) ;
#4569 = CARTESIAN_POINT ( 'NONE',  ( -0.1200786804129133911, -0.04741424112136029961, 0.1337769567560562756 ) ) ;
#4570 = CARTESIAN_POINT ( 'NONE',  ( 0.1594488786421259241, -0.007237661079070897667, 0.06535725143098776446 ) ) ;
#4571 = EDGE_CURVE ( 'NONE', #2364, #2983, #4241, .T. ) ;
#4572 = EDGE_LOOP ( 'NONE', ( #4448, #7727, #2440, #3244 ) ) ;
#4573 = VECTOR ( 'NONE', #1819, 39.37007874015748143 ) ;
#4574 = LINE ( 'NONE', #1218, #5560 ) ;
#4575 = CLOSED_SHELL ( 'NONE', ( #3128, #6079, #3088, #7883, #1974, #135, #2177, #8806, #2430, #3392, #9428, #3692, #5461, #5853, #5897, #4933, #6157, #5777, #3680, #5210, #9044, #6590, #7860, #1728, #8614, #8160, #884, #7653, #7969, #8370, #239, #7465, #4013, #8119, #6201, #5609, #5495, #9689, #5886, #3495, #8249, #8425, #1449, #3517, #5708, #4463, #1083, #6268, #3850, #9213, #4012, #3242, #4780, #3693, #4610, #3069, #708, #5276, #6906, #4636, #3062, #1857, #1846, #1509, #985, #9257, #7216, #2302, #9777, #4105, #8148, #1180, #2054, #23, #3838, #9783, #232, #2964, #9800, #6223, #5932, #5582, #9875, #8257, #5841, #4439, #2685, #2236, #2436, #5818, #4381, #9802, #7423, #9351, #1568, #5811, #4069, #1873, #4128, #7198, #1400, #1529, #8426, #9501, #9536, #4310, #3652, #5232, #6665, #8863, #9762, #1360, #6088, #4580, #9406, #9678, #9182, #2717, #3029, #2007, #4643, #10111, #9587, #9746, #1675, #5317, #8744, #9929, #8842, #8065, #6635, #3266, #5463, #1636, #1026, #8087, #5923, #2351, #8233, #3878, #584, #1889, #3510, #3370, #8742, #1120, #162, #5022, #6357, #5836, #7065, #171, #5661, #3889, #4492, #2189, #4848, #5011, #1918, #1371, #6258, #9877, #1554, #8680, #760, #7870, #4461, #2497, #6727, #1215, #2456, #1100, #6915, #9005, #3005, #1476, #4397, #6519, #3799, #6784, #2096, #3387, #1956, #4756, #311, #709, #10093, #6093, #4326, #253, #6146, #5997, #1296, #2872, #6851, #1724, #3326, #3581, #9277, #8194, #3471, #5064, #1674, #9412, #5146, #2728, #8935, #7542, #9911, #8135, #9141, #1597, #7858, #1361, #592, #5145, #1743, #1324, #8965, #6233, #5089, #3707, #4566, #35, #36, #3948, #8820, #6848, #9088, #656, #5399, #893, #9564, #6840, #5436, #8885, #4767, #6214, #9053, #1583, #4598, #8072, #6962, #7473, #9602, #6511, #6592, #1685, #9172, #9286, #8795, #7702, #4079, #8847, #3400, #8871, #3267, #5172, #2176, #4673, #3422, #596, #7617, #9675 ) ) ;
#4576 = DIRECTION ( 'NONE',  ( -0.7660444431179631586, 0.0000000000000000000, -0.6427876096877489509 ) ) ;
#4577 = DIRECTION ( 'NONE',  ( 1.000000000000000000, 6.123233995736766036E-17, -0.0000000000000000000 ) ) ;
#4578 = CARTESIAN_POINT ( 'NONE',  ( -0.1200786804129134466, -0.04519430277571613586, 0.09444673269411683891 ) ) ;
#4579 = AXIS2_PLACEMENT_3D ( 'NONE', #7566, #9015, #6639 ) ;
#4580 = ADVANCED_FACE ( 'NONE', ( #5068 ), #2836, .T. ) ;
#4581 = EDGE_CURVE ( 'NONE', #1730, #6003, #5119, .T. ) ;
#4582 = CARTESIAN_POINT ( 'NONE',  ( -0.1397635449270649699, -0.04728113442652218806, 0.07095574419940746391 ) ) ;
#4583 = AXIS2_PLACEMENT_3D ( 'NONE', #5714, #4943, #8082 ) ;
#4584 = CARTESIAN_POINT ( 'NONE',  ( -0.1023621449798354371, -0.04743243984542335617, 0.1338582677165399415 ) ) ;
#4585 = CARTESIAN_POINT ( 'NONE',  ( 0.2854331306106281940, -0.03428197048589768509, 0.07554964872698727296 ) ) ;
#4586 = DIRECTION ( 'NONE',  ( -0.0000000000000000000, -0.0000000000000000000, -1.000000000000000000 ) ) ;
#4587 = CARTESIAN_POINT ( 'NONE',  ( -0.1320534741669917578, -0.05161471341241685717, 0.04577618782838582812 ) ) ;
#4588 = CARTESIAN_POINT ( 'NONE',  ( 0.1358268313981101372, -0.006822225447945178683, 0.02364280139267661146 ) ) ;
#4589 = CARTESIAN_POINT ( 'NONE',  ( -0.1200786804129134050, -0.02913379311527559273, 0.03228346456692912647 ) ) ;
#4590 = ORIENTED_EDGE ( 'NONE', *, *, #6677, .F. ) ;
#4591 = DIRECTION ( 'NONE',  ( 1.000000000000000000, 6.123233995736766036E-17, 0.0000000000000000000 ) ) ;
#4592 = VECTOR ( 'NONE', #3213, 39.37007874015748143 ) ;
#4593 = ORIENTED_EDGE ( 'NONE', *, *, #3209, .T. ) ;
#4594 = FACE_BOUND ( 'NONE', #1144, .T. ) ;
#4595 = CARTESIAN_POINT ( 'NONE',  ( -0.1200786804129134466, -0.06073340467120622727, 0.1050561737882187846 ) ) ;
#4596 = VECTOR ( 'NONE', #6543, 39.37007874015748143 ) ;
#4597 = CARTESIAN_POINT ( 'NONE',  ( 0.1275024971014765973, 6.514527444987468973E-08, 0.02099737392942658751 ) ) ;
#4598 = ADVANCED_FACE ( 'NONE', ( #5126 ), #1247, .T. ) ;
#4599 = CIRCLE ( 'NONE', #7396, 0.003937007874015749712 ) ;
#4600 = CARTESIAN_POINT ( 'NONE',  ( 0.1594488786420418247, -0.0005133160719471269564, 0.02362462209007571909 ) ) ;
#4601 = ORIENTED_EDGE ( 'NONE', *, *, #1729, .T. ) ;
#4602 = DIRECTION ( 'NONE',  ( -0.7071067811865475727, 8.659560562354931626E-17, -0.7071067811865474617 ) ) ;
#4603 = FACE_OUTER_BOUND ( 'NONE', #4256, .T. ) ;
#4604 = DIRECTION ( 'NONE',  ( 0.0000000000000000000, 0.0000000000000000000, 1.000000000000000000 ) ) ;
#4605 = DIRECTION ( 'NONE',  ( 6.123233995736766036E-17, -1.000000000000000000, 0.0000000000000000000 ) ) ;
#4606 = EDGE_LOOP ( 'NONE', ( #4400, #7328, #7459, #3289 ) ) ;
#4607 = ORIENTED_EDGE ( 'NONE', *, *, #5952, .T. ) ;
#4608 = CARTESIAN_POINT ( 'NONE',  ( -0.1394495401158946379, -0.04678744692302369557, 0.07209471600345382369 ) ) ;
#4609 = VECTOR ( 'NONE', #5652, 39.37007874015748143 ) ;
#4610 = ADVANCED_FACE ( 'NONE', ( #9910 ), #9712, .F. ) ;
#4611 =( BOUNDED_CURVE ( )  B_SPLINE_CURVE ( 3, ( #3180, #4048, #9565, #5486 ),
 .UNSPECIFIED., .F., .T. ) 
 B_SPLINE_CURVE_WITH_KNOTS ( ( 4, 4 ),
 ( 0.0000000000000000000, 1.000000000000000000 ),
 .UNSPECIFIED. ) 
 CURVE ( )  GEOMETRIC_REPRESENTATION_ITEM ( )  RATIONAL_B_SPLINE_CURVE ( ( 1.000000000000000000, 0.9823076119367524228, 0.9823076119367524228, 1.000000000000000000 ) ) 
 REPRESENTATION_ITEM ( '' )  );
#4612 = CARTESIAN_POINT ( 'NONE',  ( -0.1397635449270633323, 0.05114406242386736884, 0.09719780979656658659 ) ) ;
#4613 = FACE_OUTER_BOUND ( 'NONE', #5508, .T. ) ;
#4614 = CARTESIAN_POINT ( 'NONE',  ( -0.1377952158459787579, 0.03325285414223540237, 0.05695635582862704910 ) ) ;
#4615 = CARTESIAN_POINT ( 'NONE',  ( -0.1338582079719683182, 0.03444888405007397875, 0.09386310701874012175 ) ) ;
#4616 = CARTESIAN_POINT ( 'NONE',  ( -0.1390478588826939699, -0.05348846336176569377, 0.06805727696415700412 ) ) ;
#4617 = AXIS2_PLACEMENT_3D ( 'NONE', #501, #4370, #9685 ) ;
#4618 = VERTEX_POINT ( 'NONE', #7483 ) ;
#4619 = CARTESIAN_POINT ( 'NONE',  ( 0.1279528156500786829, 0.06692919873404330755, 0.08451439864370707822 ) ) ;
#4620 = ORIENTED_EDGE ( 'NONE', *, *, #4458, .T. ) ;
#4621 = ORIENTED_EDGE ( 'NONE', *, *, #771, .F. ) ;
#4622 = EDGE_CURVE ( 'NONE', #1081, #8532, #2805, .T. ) ;
#4623 = VECTOR ( 'NONE', #1747, 39.37007874015748143 ) ;
#4624 = CARTESIAN_POINT ( 'NONE',  ( -0.07086608198771682243, 0.05125010318090077871, 0.01567416640385433171 ) ) ;
#4625 = CARTESIAN_POINT ( 'NONE',  ( 0.1594488786421259241, -0.01057784784474615110, 0.06863662735598913267 ) ) ;
#4626 = EDGE_CURVE ( 'NONE', #2788, #3273, #2295, .T. ) ;
#4627 = ORIENTED_EDGE ( 'NONE', *, *, #6949, .F. ) ;
#4628 =( BOUNDED_CURVE ( )  B_SPLINE_CURVE ( 3, ( #1288, #604, #4534, #3759 ),
 .UNSPECIFIED., .F., .T. ) 
 B_SPLINE_CURVE_WITH_KNOTS ( ( 4, 4 ),
 ( 0.0000000000000000000, 1.000000000000000000 ),
 .UNSPECIFIED. ) 
 CURVE ( )  GEOMETRIC_REPRESENTATION_ITEM ( )  RATIONAL_B_SPLINE_CURVE ( ( 1.000000000000000000, 0.9419139527829801795, 0.9419139527829801795, 1.000000000000000000 ) ) 
 REPRESENTATION_ITEM ( '' )  );
#4629 = ORIENTED_EDGE ( 'NONE', *, *, #1101, .F. ) ;
#4630 = CARTESIAN_POINT ( 'NONE',  ( 0.1316193543222834439, 0.001704087395196866948, 0.1259915218809448678 ) ) ;
#4631 = CARTESIAN_POINT ( 'NONE',  ( -0.1290824988655805972, -0.04658786135673474021, 0.04599645086488073770 ) ) ;
#4632 = LINE ( 'NONE', #2149, #9386 ) ;
#4633 = CARTESIAN_POINT ( 'NONE',  ( 0.1279528156500783220, -0.07941904193503940279, 0.09550246063566951438 ) ) ;
#4634 = ORIENTED_EDGE ( 'NONE', *, *, #6865, .T. ) ;
#4635 = CARTESIAN_POINT ( 'NONE',  ( -0.1048030898617322848, -0.06639876260090739335, 0.1338582677165338075 ) ) ;
#4636 = ADVANCED_FACE ( 'NONE', ( #9324 ), #8566, .F. ) ;
#4637 = CARTESIAN_POINT ( 'NONE',  ( -0.1377952158459844201, -0.01512850602594350766, 0.1188726799952520702 ) ) ;
#4638 = CARTESIAN_POINT ( 'NONE',  ( -0.1369911382989602855, 0.04173351528289542811, 0.04709561597784445164 ) ) ;
#4639 = CARTESIAN_POINT ( 'NONE',  ( -0.1043306489168504825, 0.03543313601858269490, 0.1255536186349999472 ) ) ;
#4640 = CARTESIAN_POINT ( 'NONE',  ( 0.1200787999020466318, 0.06308354157116988215, 0.1219251975557437834 ) ) ;
#4641 = ORIENTED_EDGE ( 'NONE', *, *, #2366, .F. ) ;
#4642 = CARTESIAN_POINT ( 'NONE',  ( -0.1279526961609449009, 0.04921266357763776078, 0.07286926856913386596 ) ) ;
#4643 = ADVANCED_FACE ( 'NONE', ( #522 ), #6304, .T. ) ;
#4644 = ORIENTED_EDGE ( 'NONE', *, *, #9468, .T. ) ;
#4645 = FACE_BOUND ( 'NONE', #2556, .T. ) ;
#4646 = B_SPLINE_CURVE_WITH_KNOTS ( 'NONE', 3,
 ( #6262, #3240, #6365, #9516, #2454, #3296 ),
 .UNSPECIFIED., .F., .F.,
 ( 4, 2, 4 ),
 ( 0.0000000000000000000, 0.5000000000000000000, 1.000000000000000000 ),
 .UNSPECIFIED. ) ;
#4647 = CARTESIAN_POINT ( 'NONE',  ( -0.1279526961609449287, -0.03027721556028944300, 0.04935168366623534503 ) ) ;
#4648 = CARTESIAN_POINT ( 'NONE',  ( -0.1388263888904616994, 0.04921266357763776078, 0.1000086697117777840 ) ) ;
#4649 = CARTESIAN_POINT ( 'NONE',  ( -0.1325847361463601548, 0.05712005044746731874, 0.1028401728111211499 ) ) ;
#4650 = VERTEX_POINT ( 'NONE', #8773 ) ;
#4651 = EDGE_CURVE ( 'NONE', #4522, #4923, #2816, .T. ) ;
#4652 = CARTESIAN_POINT ( 'NONE',  ( 0.1594488786421259241, -0.005207451788937815344, 0.08542235914393175866 ) ) ;
#4653 = LINE ( 'NONE', #9240, #5245 ) ;
#4654 = ORIENTED_EDGE ( 'NONE', *, *, #98, .T. ) ;
#4655 = CARTESIAN_POINT ( 'NONE',  ( -0.1287854760047159597, 0.04330715176661405208, 0.1002631264098809288 ) ) ;
#4656 = VERTEX_POINT ( 'NONE', #7944 ) ;
#4657 = DIRECTION ( 'NONE',  ( -1.000000000000000000, -6.123233995736766036E-17, 0.0000000000000000000 ) ) ;
#4658 = CYLINDRICAL_SURFACE ( 'NONE', #8876, 0.06692913385826770867 ) ;
#4659 = CARTESIAN_POINT ( 'NONE',  ( -0.1397637197829922073, 0.04807906599947408405, 0.09735778136880743339 ) ) ;
#4660 = CARTESIAN_POINT ( 'NONE',  ( -0.1338582079719684848, -0.03468961754199081232, 0.05618517402985270109 ) ) ;
#4661 = ORIENTED_EDGE ( 'NONE', *, *, #2941, .T. ) ;
#4662 = DIRECTION ( 'NONE',  ( -6.123233995736766036E-17, 1.000000000000000000, 0.0000000000000000000 ) ) ;
#4663 = B_SPLINE_CURVE_WITH_KNOTS ( 'NONE', 3,
 ( #4615, #3065, #2182, #7025, #8432, #8524 ),
 .UNSPECIFIED., .F., .F.,
 ( 4, 2, 4 ),
 ( 0.0000000000000000000, 0.5000000000000000000, 1.000000000000000000 ),
 .UNSPECIFIED. ) ;
#4664 = ORIENTED_EDGE ( 'NONE', *, *, #7327, .T. ) ;
#4665 = CARTESIAN_POINT ( 'NONE',  ( -0.1397439291477077794, -0.04659571021931015883, 0.05296052845926946251 ) ) ;
#4666 = ORIENTED_EDGE ( 'NONE', *, *, #838, .T. ) ;
#4667 =( BOUNDED_SURFACE ( )  B_SPLINE_SURFACE ( 3, 3, ( 
 ( #7837, #4503, #6185, #5523 ),
 ( #9333, #7685, #3931, #621 ),
 ( #2372, #9242, #1391, #3013 ),
 ( #5325, #4551, #4655, #6924 ) ),
 .UNSPECIFIED., .F., .F., .F. ) 
 B_SPLINE_SURFACE_WITH_KNOTS ( ( 4, 4 ),
 ( 4, 4 ),
 ( 0.0000000000000000000, 1.000000000000000000 ),
 ( 0.0000000000000000000, 1.000000000000000000 ),
 .UNSPECIFIED. ) 
 GEOMETRIC_REPRESENTATION_ITEM ( )  RATIONAL_B_SPLINE_SURFACE ( (
 ( 1.000000000000000000, 0.9961831556432448886, 0.9961831556432448886, 1.000000000000000000),
 ( 0.8425084105501571274, 0.8392926870778300019, 0.8392926870778300019, 0.8425084105501571274),
 ( 0.8425084105501571274, 0.8392926870778300019, 0.8392926870778300019, 0.8425084105501571274),
 ( 1.000000000000000000, 0.9961831556432448886, 0.9961831556432448886, 1.000000000000000000) ) ) 
 REPRESENTATION_ITEM ( '' )  SURFACE ( )  );
#4668 = ORIENTED_EDGE ( 'NONE', *, *, #5962, .F. ) ;
#4669 = LINE ( 'NONE', #1614, #2237 ) ;
#4670 = CARTESIAN_POINT ( 'NONE',  ( 0.1200787999020471869, -0.06762415433161436673, 0.1338582677165354173 ) ) ;
#4671 = CARTESIAN_POINT ( 'NONE',  ( -0.1392992980403947034, 0.04944901578952575621, 0.09965175537778216130 ) ) ;
#4672 = ORIENTED_EDGE ( 'NONE', *, *, #6283, .T. ) ;
#4673 = ADVANCED_FACE ( 'NONE', ( #2365 ), #3978, .F. ) ;
#4674 = EDGE_LOOP ( 'NONE', ( #7251, #1609, #269, #2371, #3840, #3118, #2235, #6977, #5514 ) ) ;
#4675 = CARTESIAN_POINT ( 'NONE',  ( 0.06808444073216529668, -0.02047237579244093331, 0.009842519685039369942 ) ) ;
#4676 = CARTESIAN_POINT ( 'NONE',  ( -0.07283458592472444315, -0.06299206083181099758, -1.067128122525102820E-18 ) ) ;
#4677 = CARTESIAN_POINT ( 'NONE',  ( -0.1279526961609449009, 0.05717993738975726825, 0.1289370078740136316 ) ) ;
#4678 = B_SPLINE_CURVE_WITH_KNOTS ( 'NONE', 3,
 ( #8471, #10070, #7597, #6876, #8521, #5998, #7643, #4555 ),
 .UNSPECIFIED., .F., .F.,
 ( 4, 2, 2, 4 ),
 ( 0.5000000079894384442, 0.7500000039947192221, 0.8750000019973596110, 1.000000000000000000 ),
 .UNSPECIFIED. ) ;
#4679 = CARTESIAN_POINT ( 'NONE',  ( 0.1279528156500785441, -0.04740778751995736173, 0.02362204656932203467 ) ) ;
#4680 = ORIENTED_EDGE ( 'NONE', *, *, #189, .T. ) ;
#4681 = DIRECTION ( 'NONE',  ( 0.0000000000000000000, 1.000000000000000000, 0.0000000000000000000 ) ) ;
#4682 = EDGE_CURVE ( 'NONE', #6025, #8357, #4696, .T. ) ;
#4683 = CARTESIAN_POINT ( 'NONE',  ( 0.1200787999020462432, 0.05577400951489699943, 0.1303844371973256200 ) ) ;
#4684 = DIRECTION ( 'NONE',  ( 0.0000000000000000000, -1.000000000000000000, 0.0000000000000000000 ) ) ;
#4685 = LENGTH_MEASURE_WITH_UNIT ( LENGTH_MEASURE( 0.02539999999999999897 ), #5454 );
#4686 = CARTESIAN_POINT ( 'NONE',  ( -0.1330485392802576994, -0.05511804508377951550, 0.05091769024959433287 ) ) ;
#4687 = ORIENTED_EDGE ( 'NONE', *, *, #2318, .F. ) ;
#4688 = CARTESIAN_POINT ( 'NONE',  ( -0.04104789456882063092, -0.02585259561245855861, 0.007874015748031495954 ) ) ;
#4689 = ORIENTED_EDGE ( 'NONE', *, *, #8106, .T. ) ;
#4690 = CARTESIAN_POINT ( 'NONE',  ( -0.1397637197829921241, 0.05118116751464382719, 0.08003679033382245234 ) ) ;
#4691 = CARTESIAN_POINT ( 'NONE',  ( 0.1200787999020401370, -0.07512377855548024730, 0.03126933390075212899 ) ) ;
#4692 = CARTESIAN_POINT ( 'NONE',  ( -0.1279526961609449009, -0.02755898996567182624, 0.1338582677165353896 ) ) ;
#4693 = CARTESIAN_POINT ( 'NONE',  ( -0.1048030898617323126, 0.06299219113668309833, 0.01751325901236979593 ) ) ;
#4694 = EDGE_CURVE ( 'NONE', #5434, #453, #1697, .T. ) ;
#4695 = EDGE_LOOP ( 'NONE', ( #6993, #3787, #9738, #7001, #3279, #5775, #7802, #9504 ) ) ;
#4696 = LINE ( 'NONE', #7988, #7255 ) ;
#4697 = DIRECTION ( 'NONE',  ( 0.0000000000000000000, -0.7071067811865806574, 0.7071067811865142660 ) ) ;
#4698 = LINE ( 'NONE', #2216, #2401 ) ;
#4699 = CARTESIAN_POINT ( 'NONE',  ( 0.2736221069885826362, -0.01181095846960642827, 0.07480314960630163323 ) ) ;
#4700 = CARTESIAN_POINT ( 'NONE',  ( 0.1594488786419577531, 6.515244097181446083E-08, 0.07480314960629920462 ) ) ;
#4701 = ORIENTED_EDGE ( 'NONE', *, *, #1252, .F. ) ;
#4702 = CARTESIAN_POINT ( 'NONE',  ( -0.1364126072578251969, 0.04658799166161241290, 0.1019288893964788029 ) ) ;
#4703 = ORIENTED_EDGE ( 'NONE', *, *, #1989, .T. ) ;
#4704 = CARTESIAN_POINT ( 'NONE',  ( 0.1278035880333070473, -0.01463534201598425816, 0.1283770558880708845 ) ) ;
#4705 = CARTESIAN_POINT ( 'NONE',  ( -0.1397637197829921796, 0.04724416320375580958, 0.08003678798368636660 ) ) ;
#4706 = CARTESIAN_POINT ( 'NONE',  ( -0.1200786804129134050, 0.04994972112784960144, 0.05703051925388705201 ) ) ;
#4707 = FACE_OUTER_BOUND ( 'NONE', #246, .T. ) ;
#4708 = DIRECTION ( 'NONE',  ( -6.123233995736766036E-17, 1.000000000000000000, 0.0000000000000000000 ) ) ;
#4709 = ORIENTED_EDGE ( 'NONE', *, *, #1860, .T. ) ;
#4710 = CARTESIAN_POINT ( 'NONE',  ( -0.1377951920792770124, -0.04734757800563416108, 0.1088014335016082024 ) ) ;
#4711 = ORIENTED_EDGE ( 'NONE', *, *, #782, .T. ) ;
#4712 = LINE ( 'NONE', #7752, #1572 ) ;
#4713 = ORIENTED_EDGE ( 'NONE', *, *, #724, .T. ) ;
#4714 = ORIENTED_EDGE ( 'NONE', *, *, #2287, .F. ) ;
#4715 = CARTESIAN_POINT ( 'NONE',  ( 0.1751969101381906924, -0.06281913994531103385, 0.08319616023790615822 ) ) ;
#4716 = AXIS2_PLACEMENT_3D ( 'NONE', #1264, #5240, #7498 ) ;
#4717 = CARTESIAN_POINT ( 'NONE',  ( -0.1302056059233230034, -0.04658786135673474715, 0.04611927060373115922 ) ) ;
#4718 = EDGE_CURVE ( 'NONE', #1740, #751, #7220, .T. ) ;
#4719 = ORIENTED_EDGE ( 'NONE', *, *, #9442, .T. ) ;
#4720 =( BOUNDED_CURVE ( )  B_SPLINE_CURVE ( 3, ( #8494, #8599, #4637, #8649 ),
 .UNSPECIFIED., .F., .T. ) 
 B_SPLINE_CURVE_WITH_KNOTS ( ( 4, 4 ),
 ( 0.0000000000000000000, 1.000000000000000000 ),
 .UNSPECIFIED. ) 
 CURVE ( )  GEOMETRIC_REPRESENTATION_ITEM ( )  RATIONAL_B_SPLINE_CURVE ( ( 1.000000000000000000, 0.6722778744021322694, 0.6722778744021322694, 1.000000000000000000 ) ) 
 REPRESENTATION_ITEM ( '' )  );
#4721 = VECTOR ( 'NONE', #4218, 39.37007874015748854 ) ;
#4722 = FACE_OUTER_BOUND ( 'NONE', #1903, .T. ) ;
#4723 = CARTESIAN_POINT ( 'NONE',  ( 0.2854331306106278054, -0.03137860885364462254, 0.07208638652795400226 ) ) ;
#4724 = CIRCLE ( 'NONE', #757, 0.01181102362204720577 ) ;
#4725 = CARTESIAN_POINT ( 'NONE',  ( -0.08267710560975906342, 0.04330715176661416310, 0.007874015748030548795 ) ) ;
#4726 = CARTESIAN_POINT ( 'NONE',  ( 0.1200787999020472147, 0.04740791782484252148, 0.02755905511811023237 ) ) ;
#4727 = VERTEX_POINT ( 'NONE', #4078 ) ;
#4728 = VECTOR ( 'NONE', #8314, 39.37007874015748143 ) ;
#4729 = CARTESIAN_POINT ( 'NONE',  ( -0.1319705446354962064, 0.04330715176661506516, 0.07556495696082711488 ) ) ;
#4730 = CARTESIAN_POINT ( 'NONE',  ( -0.1279526961609449009, -0.03444875374519664607, 0.09386310701873763762 ) ) ;
#4731 = DIRECTION ( 'NONE',  ( -6.123233995736766036E-17, 1.000000000000000000, 0.0000000000000000000 ) ) ;
#4732 =( CONVERSION_BASED_UNIT ( 'INCH', #2354 ) LENGTH_UNIT ( ) NAMED_UNIT ( #6741 ) );
#4733 = CARTESIAN_POINT ( 'NONE',  ( 0.1751969101381891936, 6.515244096889681614E-08, 0.07480314960629920462 ) ) ;
#4734 = ORIENTED_EDGE ( 'NONE', *, *, #1330, .F. ) ;
#4735 = DIRECTION ( 'NONE',  ( -0.0000000000000000000, 0.0000000000000000000, 1.000000000000000000 ) ) ;
#4736 = ORIENTED_EDGE ( 'NONE', *, *, #6722, .T. ) ;
#4737 = CARTESIAN_POINT ( 'NONE',  ( 0.06593501021484249325, -0.02047237579244093331, 0.003937007874015747977 ) ) ;
#4738 = CIRCLE ( 'NONE', #1439, 0.007874015748031140335 ) ;
#4739 = EDGE_CURVE ( 'NONE', #8386, #8305, #6769, .T. ) ;
#4740 = CARTESIAN_POINT ( 'NONE',  ( -0.1200786804129134050, -0.05609741651127720524, 0.1109938471893574252 ) ) ;
#4741 = DIRECTION ( 'NONE',  ( 1.000000000000000000, 6.123233995736766036E-17, -0.0000000000000000000 ) ) ;
#4742 = CARTESIAN_POINT ( 'NONE',  ( 0.2854331306106298038, -0.008202540076670183575, 0.06074333108546804694 ) ) ;
#4743 = EDGE_CURVE ( 'NONE', #3207, #421, #1320, .T. ) ;
#4744 = ORIENTED_EDGE ( 'NONE', *, *, #3957, .F. ) ;
#4745 = CARTESIAN_POINT ( 'NONE',  ( -0.1340073590253547942, -0.04658786135673475409, 0.04696083226280409195 ) ) ;
#4746 = AXIS2_PLACEMENT_3D ( 'NONE', #9464, #3146, #9416 ) ;
#4747 = CARTESIAN_POINT ( 'NONE',  ( 0.1358268313981138287, -0.06071155542009053913, 0.1048389988807605089 ) ) ;
#4748 = CARTESIAN_POINT ( 'NONE',  ( 0.1673228947792431420, 0.0004226508129947895457, 0.02688543506521230350 ) ) ;
#4749 = CARTESIAN_POINT ( 'NONE',  ( 0.1594488786421260351, 6.515244096751976556E-08, 0.07480314960629920462 ) ) ;
#4750 = CARTESIAN_POINT ( 'NONE',  ( 0.1200787999020472285, 0.04740791774435917233, 0.02362204724409448786 ) ) ;
#4751 = ORIENTED_EDGE ( 'NONE', *, *, #4208, .T. ) ;
#4752 = CARTESIAN_POINT ( 'NONE',  ( 0.1594488786421259241, -0.01486261690009456696, 0.04900169488720627214 ) ) ;
#4753 = ORIENTED_EDGE ( 'NONE', *, *, #6512, .F. ) ;
#4754 = CARTESIAN_POINT ( 'NONE',  ( 0.1276808426277952768, -0.01219552359889764306, 0.1289851222816928988 ) ) ;
#4755 = AXIS2_PLACEMENT_3D ( 'NONE', #10094, #4440, #7577 ) ;
#4756 = ADVANCED_FACE ( 'NONE', ( #6442 ), #213, .T. ) ;
#4757 = VECTOR ( 'NONE', #4473, 39.37007874015748143 ) ;
#4758 = CARTESIAN_POINT ( 'NONE',  ( 0.1358268313981101649, 6.513587668690591666E-08, 0.1259842519685393514 ) ) ;
#4759 = CARTESIAN_POINT ( 'NONE',  ( -0.1279526961609449009, -0.04833251225429973513, 0.04577618782838582812 ) ) ;
#4760 = CARTESIAN_POINT ( 'NONE',  ( -0.1358267119089758834, 0.05963488901531503739, 0.04236556978924656269 ) ) ;
#4761 = PRODUCT_DEFINITION_FORMATION_WITH_SPECIFIED_SOURCE ( 'ANY', '', #3197, .NOT_KNOWN. ) ;
#4762 = ORIENTED_EDGE ( 'NONE', *, *, #9132, .F. ) ;
#4763 = CYLINDRICAL_SURFACE ( 'NONE', #9490, 0.003937007874015733232 ) ;
#4764 = CYLINDRICAL_SURFACE ( 'NONE', #2779, 0.03937007874015747977 ) ;
#4765 = EDGE_CURVE ( 'NONE', #8247, #9751, #762, .T. ) ;
#4766 = VERTEX_POINT ( 'NONE', #3363 ) ;
#4767 = ADVANCED_FACE ( 'NONE', ( #8044 ), #4130, .F. ) ;
#4768 = ORIENTED_EDGE ( 'NONE', *, *, #6523, .T. ) ;
#4769 = EDGE_CURVE ( 'NONE', #5994, #5187, #3160, .T. ) ;
#4770 = CARTESIAN_POINT ( 'NONE',  ( 0.1791339180122046293, 6.515244096379278089E-08, 0.07480314960629920462 ) ) ;
#4771 = CARTESIAN_POINT ( 'NONE',  ( 0.1594488786421260351, 6.515244096981134702E-08, 0.03346456692882098655 ) ) ;
#4772 = VECTOR ( 'NONE', #4708, 39.37007874015748143 ) ;
#4773 = CARTESIAN_POINT ( 'NONE',  ( -0.1281369481294488410, 0.03149612814456692611, 0.03543307086614172485 ) ) ;
#4774 = VERTEX_POINT ( 'NONE', #9433 ) ;
#4775 = CARTESIAN_POINT ( 'NONE',  ( 0.1279528207246279914, 0.02045737705048589899, 0.1259842408612757425 ) ) ;
#4776 = VERTEX_POINT ( 'NONE', #8660 ) ;
#4777 = FACE_OUTER_BOUND ( 'NONE', #8066, .T. ) ;
#4778 = DIRECTION ( 'NONE',  ( 1.000000000000000000, 6.123233995736766036E-17, 0.0000000000000000000 ) ) ;
#4779 = CIRCLE ( 'NONE', #9558, 0.003937007874015767059 ) ;
#4780 = ADVANCED_FACE ( 'NONE', ( #1587, #7520 ), #6648, .T. ) ;
#4781 = CARTESIAN_POINT ( 'NONE',  ( -0.1003936410428345610, 0.07197047648251046759, 0.1199146981627110808 ) ) ;
#4782 = CARTESIAN_POINT ( 'NONE',  ( -0.1200786804129134189, 0.03149612814456714122, 0.03149606299212598381 ) ) ;
#4783 =( BOUNDED_CURVE ( )  B_SPLINE_CURVE ( 3, ( #3865, #2166, #707, #663 ),
 .UNSPECIFIED., .F., .T. ) 
 B_SPLINE_CURVE_WITH_KNOTS ( ( 4, 4 ),
 ( 0.0000000000000000000, 1.000000000000000000 ),
 .UNSPECIFIED. ) 
 CURVE ( )  GEOMETRIC_REPRESENTATION_ITEM ( )  RATIONAL_B_SPLINE_CURVE ( ( 1.000000000000000000, 0.8425084105512101740, 0.8425084105512101740, 1.000000000000000000 ) ) 
 REPRESENTATION_ITEM ( '' )  );
#4784 = ORIENTED_EDGE ( 'NONE', *, *, #1717, .F. ) ;
#4785 = CARTESIAN_POINT ( 'NONE',  ( 0.1358268313981101649, 6.513587668690591666E-08, 0.1259842519685393514 ) ) ;
#4786 = CARTESIAN_POINT ( 'NONE',  ( -0.1294706199516917344, 0.04460519613583043691, 0.07342468522060553726 ) ) ;
#4787 = DIRECTION ( 'NONE',  ( -0.0000000000000000000, 0.0000000000000000000, -1.000000000000000000 ) ) ;
#4788 = CARTESIAN_POINT ( 'NONE',  ( 0.1358268313981101372, 0.01336536435137827133, 0.02494142015773783208 ) ) ;
#4789 = CARTESIAN_POINT ( 'NONE',  ( -0.1279526961609448732, -0.07874009232787400336, 0.07480314960629513843 ) ) ;
#4790 = CARTESIAN_POINT ( 'NONE',  ( 0.1791339180122046293, 6.515244096379278089E-08, 0.07480314960629920462 ) ) ;
#4791 = ORIENTED_EDGE ( 'NONE', *, *, #4622, .F. ) ;
#4792 = DIRECTION ( 'NONE',  ( -2.795041554983917168E-17, 1.000000000000000000, 3.331000814622870073E-17 ) ) ;
#4793 = VERTEX_POINT ( 'NONE', #7471 ) ;
#4794 = CARTESIAN_POINT ( 'NONE',  ( -0.1322542320567420271, -0.04658786135673423368, 0.07644428575430986528 ) ) ;
#4795 = LINE ( 'NONE', #158, #6362 ) ;
#4796 = CARTESIAN_POINT ( 'NONE',  ( -0.03740151505858271136, 0.05577400947292686373, 0.01922186197314519618 ) ) ;
#4797 = PLANE ( 'NONE',  #143 ) ;
#4798 = ORIENTED_EDGE ( 'NONE', *, *, #3455, .T. ) ;
#4799 = CARTESIAN_POINT ( 'NONE',  ( -0.1304697030920075329, -0.04330702146173366629, 0.05015364557641903420 ) ) ;
#4800 = EDGE_CURVE ( 'NONE', #5179, #2342, #7320, .T. ) ;
#4801 = FACE_OUTER_BOUND ( 'NONE', #7344, .T. ) ;
#4802 = CARTESIAN_POINT ( 'NONE',  ( 0.1594488786419576698, 0.0004514130336288643512, 0.02362403742075548999 ) ) ;
#4803 = CARTESIAN_POINT ( 'NONE',  ( -0.1384513838250074902, -0.04831000477664260107, 0.04982107890626143870 ) ) ;
#4804 = CARTESIAN_POINT ( 'NONE',  ( -0.03740151505858271136, 0.05577400947292686373, 0.01922186197314519618 ) ) ;
#4805 = VERTEX_POINT ( 'NONE', #9898 ) ;
#4806 = CARTESIAN_POINT ( 'NONE',  ( 0.1358268313981101372, 0.006822355736484207386, 0.1259634978223064805 ) ) ;
#4807 = EDGE_LOOP ( 'NONE', ( #9938, #9612, #3888, #372, #309, #6305, #9056 ) ) ;
#4808 = CARTESIAN_POINT ( 'NONE',  ( 0.1295995921989369637, -0.01753939385976377094, 0.1226276656413385763 ) ) ;
#4809 = B_SPLINE_CURVE_WITH_KNOTS ( 'NONE', 3,
 ( #9856, #1033, #9087, #9755 ),
 .UNSPECIFIED., .F., .F.,
 ( 4, 4 ),
 ( 0.0000000000000000000, 1.000000000000000000 ),
 .UNSPECIFIED. ) ;
#4810 = CARTESIAN_POINT ( 'NONE',  ( -0.1200786804129134605, 0.04864220100919480066, 0.05677353164003751812 ) ) ;
#4811 = CARTESIAN_POINT ( 'NONE',  ( -0.07086608198771657263, -0.06102355689480315482, 0.01567416640385433518 ) ) ;
#4812 = CARTESIAN_POINT ( 'NONE',  ( -0.1397856065525177882, 0.04494051495549480219, 0.07867015247975080172 ) ) ;
#4813 = ORIENTED_EDGE ( 'NONE', *, *, #7925, .T. ) ;
#4814 = CYLINDRICAL_SURFACE ( 'NONE', #9065, 0.07874015748031494566 ) ;
#4815 = VERTEX_POINT ( 'NONE', #6761 ) ;
#4816 = CARTESIAN_POINT ( 'NONE',  ( -0.1279526961609449009, -0.05382000071453999640, 0.07671683416905127062 ) ) ;
#4817 = CARTESIAN_POINT ( 'NONE',  ( -0.1344286853028725803, -0.04460506583094860089, 0.07546857452057072202 ) ) ;
#4818 = ORIENTED_EDGE ( 'NONE', *, *, #5084, .F. ) ;
#4819 = ORIENTED_EDGE ( 'NONE', *, *, #4769, .T. ) ;
#4820 = CARTESIAN_POINT ( 'NONE',  ( -0.1200786804129134189, 6.515244094229544203E-08, 0.07279771312318503163 ) ) ;
#4821 = LINE ( 'NONE', #6141, #3737 ) ;
#4822 = CARTESIAN_POINT ( 'NONE',  ( -0.1200786804129134189, 0.02755912027055118854, 0.1029190095611923067 ) ) ;
#4823 = PLANE ( 'NONE',  #6753 ) ;
#4824 = ORIENTED_EDGE ( 'NONE', *, *, #3313, .F. ) ;
#4825 = EDGE_CURVE ( 'NONE', #1769, #1702, #2844, .T. ) ;
#4826 = ORIENTED_EDGE ( 'NONE', *, *, #3050, .T. ) ;
#4827 = CARTESIAN_POINT ( 'NONE',  ( -0.1377951950247931767, 0.05845607692887922618, 0.04897660767542350024 ) ) ;
#4828 = CARTESIAN_POINT ( 'NONE',  ( -0.1023621449798425287, -0.05174652690649626796, 0.01568885362417237611 ) ) ;
#4829 = CARTESIAN_POINT ( 'NONE',  ( -0.1200786804129134189, -0.04870734220695809025, 0.1118110236220519332 ) ) ;
#4830 = CARTESIAN_POINT ( 'NONE',  ( -0.1200786804129134189, 0.02944106255888471330, 0.03192036652122122453 ) ) ;
#4831 = EDGE_CURVE ( 'NONE', #4169, #9407, #4177, .T. ) ;
#4832 = ORIENTED_EDGE ( 'NONE', *, *, #6971, .F. ) ;
#4833 = DIRECTION ( 'NONE',  ( 1.000000000000000000, 0.0000000000000000000, 0.0000000000000000000 ) ) ;
#4834 = DIRECTION ( 'NONE',  ( 0.0000000000000000000, 1.000000000000000000, -0.0000000000000000000 ) ) ;
#4835 = DIRECTION ( 'NONE',  ( 1.000000000000000000, 0.0000000000000000000, -0.0000000000000000000 ) ) ;
#4836 = CARTESIAN_POINT ( 'NONE',  ( 0.1594488786420320825, 0.08548121691978224912, 0.1162844455184013914 ) ) ;
#4837 = CARTESIAN_POINT ( 'NONE',  ( -0.1200786804129131968, 0.04676120914661360817, 0.1338336074874963977 ) ) ;
#4838 = CARTESIAN_POINT ( 'NONE',  ( 0.1270808091657874006, 0.004363257704133860319, 0.02212951157689369008 ) ) ;
#4839 = ORIENTED_EDGE ( 'NONE', *, *, #8487, .F. ) ;
#4840 = CARTESIAN_POINT ( 'NONE',  ( -0.1313789265853148036, -0.05118103720976377446, 0.05039380080897696429 ) ) ;
#4841 = VERTEX_POINT ( 'NONE', #2789 ) ;
#4842 = DIRECTION ( 'NONE',  ( -6.123233995736766036E-17, 1.000000000000000000, 0.0000000000000000000 ) ) ;
#4843 = FACE_OUTER_BOUND ( 'NONE', #703, .T. ) ;
#4844 = CARTESIAN_POINT ( 'NONE',  ( 0.1200787999020472285, 0.04724415964062993190, 0.06692913385826770867 ) ) ;
#4845 = CARTESIAN_POINT ( 'NONE',  ( 0.2854331306106298038, -0.01533151878357196483, 0.07066077874646026213 ) ) ;
#4846 = ORIENTED_EDGE ( 'NONE', *, *, #2797, .T. ) ;
#4847 = DIRECTION ( 'NONE',  ( 0.0000000000000000000, 0.9994024655698370285, 0.03456460346844773823 ) ) ;
#4848 = ADVANCED_FACE ( 'NONE', ( #405 ), #9022, .T. ) ;
#4849 = FACE_OUTER_BOUND ( 'NONE', #8199, .T. ) ;
#4850 = CARTESIAN_POINT ( 'NONE',  ( 0.1640613705853969650, -0.02969075752312561392, 0.1262846610483480958 ) ) ;
#4851 = FACE_OUTER_BOUND ( 'NONE', #9085, .T. ) ;
#4852 = LINE ( 'NONE', #8880, #2913 ) ;
#4853 = ORIENTED_EDGE ( 'NONE', *, *, #7030, .F. ) ;
#4854 = CARTESIAN_POINT ( 'NONE',  ( -0.1279526961609449009, 0.04921266357763776772, 0.1043653315612598498 ) ) ;
#4855 = B_SPLINE_CURVE_WITH_KNOTS ( 'NONE', 3,
 ( #10050, #9176, #699, #3041 ),
 .UNSPECIFIED., .F., .F.,
 ( 4, 4 ),
 ( 0.0000000000000000000, 1.000000000000000000 ),
 .UNSPECIFIED. ) ;
#4856 = ORIENTED_EDGE ( 'NONE', *, *, #2824, .T. ) ;
#4857 = CARTESIAN_POINT ( 'NONE',  ( 0.1200787999020472285, -0.05577387921075208088, 0.01922186201529648905 ) ) ;
#4858 = DIRECTION ( 'NONE',  ( 6.123233995736766036E-17, -1.000000000000000000, 0.0000000000000000000 ) ) ;
#4859 = LINE ( 'NONE', #5586, #4276 ) ;
#4860 = CARTESIAN_POINT ( 'NONE',  ( 0.1673228943901570731, 0.08618306504430875425, 0.1172479013759296640 ) ) ;
#4861 = FACE_OUTER_BOUND ( 'NONE', #8938, .T. ) ;
#4862 = CARTESIAN_POINT ( 'NONE',  ( -0.1397637197829921518, 0.05118116751464566599, 0.09754103741153542784 ) ) ;
#4863 = CARTESIAN_POINT ( 'NONE',  ( -0.1364862184926158850, -0.04460506583094860089, 0.07431337386323087768 ) ) ;
#4864 = ORIENTED_EDGE ( 'NONE', *, *, #2875, .T. ) ;
#4865 = VERTEX_POINT ( 'NONE', #5826 ) ;
#4866 = DIRECTION ( 'NONE',  ( 1.000000000000000000, 0.0000000000000000000, -0.0000000000000000000 ) ) ;
#4867 = EDGE_CURVE ( 'NONE', #7496, #7171, #1184, .T. ) ;
#4868 = CARTESIAN_POINT ( 'NONE',  ( -0.1397637197829870725, -0.05001389267846477471, 0.07143288084294541207 ) ) ;
#4869 = B_SPLINE_CURVE_WITH_KNOTS ( 'NONE', 3,
 ( #3526, #6666, #9807, #3056 ),
 .UNSPECIFIED., .F., .F.,
 ( 4, 4 ),
 ( 0.0000000000000000000, 1.000000000000000000 ),
 .UNSPECIFIED. ) ;
#4870 = CARTESIAN_POINT ( 'NONE',  ( -0.1304697030920075329, -0.04330702146173299322, 0.05015364557641906890 ) ) ;
#4871 = ORIENTED_EDGE ( 'NONE', *, *, #2991, .T. ) ;
#4872 = LINE ( 'NONE', #4158, #1985 ) ;
#4873 = EDGE_CURVE ( 'NONE', #3608, #1060, #1410, .T. ) ;
#4874 = ORIENTED_EDGE ( 'NONE', *, *, #6460, .T. ) ;
#4875 = CARTESIAN_POINT ( 'NONE',  ( -0.1377951913335865308, 0.05863155460223042764, 0.04797670146935927027 ) ) ;
#4876 = AXIS2_PLACEMENT_3D ( 'NONE', #2123, #2960, #6922 ) ;
#4877 = CARTESIAN_POINT ( 'NONE',  ( -0.1200786804129134189, -0.04275054678197067609, 0.1072943621300728734 ) ) ;
#4878 = CARTESIAN_POINT ( 'NONE',  ( -0.1378148836211886830, 0.04257098432852950837, 0.04694630898347828402 ) ) ;
#4879 = ORIENTED_EDGE ( 'NONE', *, *, #906, .T. ) ;
#4880 = CIRCLE ( 'NONE', #5376, 0.009448818897637803818 ) ;
#4881 = CARTESIAN_POINT ( 'NONE',  ( -0.1384513838249930573, 0.04658799166162096855, 0.1000579797070381971 ) ) ;
#4882 = CARTESIAN_POINT ( 'NONE',  ( 0.1200787999020472424, -0.04724402933574799873, 0.007874015748031495954 ) ) ;
#4883 = CARTESIAN_POINT ( 'NONE',  ( -0.09477436853101811609, -0.04030069714677903675, 0.007874015748029556533 ) ) ;
#4884 = CARTESIAN_POINT ( 'NONE',  ( -0.1358267119089763830, 0.05150794460964342597, 0.03780092789586868285 ) ) ;
#4885 = CARTESIAN_POINT ( 'NONE',  ( -0.1279526961609448177, -0.07683259081838031412, 0.09469583436718938263 ) ) ;
#4886 = EDGE_CURVE ( 'NONE', #8987, #377, #1906, .T. ) ;
#4887 = CARTESIAN_POINT ( 'NONE',  ( 0.1275298519046456636, 0.01394899425212596522, 0.02382431870431102675 ) ) ;
#4888 = EDGE_LOOP ( 'NONE', ( #6588, #8925, #987, #9770 ) ) ;
#4889 = CARTESIAN_POINT ( 'NONE',  ( -0.1355293313705318858, -0.05485757371097256530, 0.05132540494936723569 ) ) ;
#4890 = EDGE_CURVE ( 'NONE', #3540, #421, #4279, .T. ) ;
#4891 = VERTEX_POINT ( 'NONE', #1796 ) ;
#4892 = DIRECTION ( 'NONE',  ( 0.0000000000000000000, 1.000000000000000000, 0.0000000000000000000 ) ) ;
#4893 = VECTOR ( 'NONE', #3208, 39.37007874015748143 ) ;
#4894 = AXIS2_PLACEMENT_3D ( 'NONE', #6070, #6119, #644 ) ;
#4895 = CARTESIAN_POINT ( 'NONE',  ( -0.1200786804129133495, -0.05367196443971804926, 0.1325003508786297690 ) ) ;
#4896 = EDGE_CURVE ( 'NONE', #8855, #4212, #1053, .T. ) ;
#4897 = CONICAL_SURFACE ( 'NONE', #6205, 0.04330708661417306815, 0.7853981633883930780 ) ;
#4898 = CARTESIAN_POINT ( 'NONE',  ( 0.1200787999020472285, 0.05019661504085255049, 0.02477999073646100850 ) ) ;
#4899 = DIRECTION ( 'NONE',  ( -1.000000000000000000, 0.0000000000000000000, 0.0000000000000000000 ) ) ;
#4900 = ORIENTED_EDGE ( 'NONE', *, *, #2299, .T. ) ;
#4901 = DIRECTION ( 'NONE',  ( -2.116471550071587324E-18, 0.03456460346844750925, -0.9994024655698369175 ) ) ;
#4902 = VECTOR ( 'NONE', #3542, 39.37007874015748143 ) ;
#4903 = CARTESIAN_POINT ( 'NONE',  ( -0.1200786804129134605, 0.06099043302293399860, 0.04583481755985963080 ) ) ;
#4904 = CARTESIAN_POINT ( 'NONE',  ( 0.1200787999020466734, 0.05351388680604243081, 0.01695390523081395304 ) ) ;
#4905 = DIRECTION ( 'NONE',  ( 1.000000000000000000, 6.123233995736766036E-17, 0.0000000000000000000 ) ) ;
#4906 = CARTESIAN_POINT ( 'NONE',  ( -0.1392992980403902348, 0.05005687874803829013, 0.07767031199239413097 ) ) ;
#4907 = ORIENTED_EDGE ( 'NONE', *, *, #4140, .F. ) ;
#4908 = CARTESIAN_POINT ( 'NONE',  ( -0.1279526961609449009, -0.04833251225429498199, 0.07727225082051179805 ) ) ;
#4909 = VECTOR ( 'NONE', #8245, 39.37007874015748143 ) ;
#4910 = VERTEX_POINT ( 'NONE', #8920 ) ;
#4911 = EDGE_CURVE ( 'NONE', #6082, #2608, #5121, .T. ) ;
#4912 = CARTESIAN_POINT ( 'NONE',  ( -0.1200786804129134189, 0.05050037032993372893, 0.05709274954162413956 ) ) ;
#4913 = AXIS2_PLACEMENT_3D ( 'NONE', #6618, #3382, #6507 ) ;
#4914 = B_SPLINE_CURVE_WITH_KNOTS ( 'NONE', 3,
 ( #9517, #5760, #1624, #4781 ),
 .UNSPECIFIED., .F., .F.,
 ( 4, 4 ),
 ( 0.0000000000000000000, 1.000000000000000000 ),
 .UNSPECIFIED. ) ;
#4915 = CARTESIAN_POINT ( 'NONE',  ( 0.1279524659456957314, 0.04740791782480601596, 0.1259100425798152512 ) ) ;
#4916 = VERTEX_POINT ( 'NONE', #5109 ) ;
#4917 = CARTESIAN_POINT ( 'NONE',  ( -0.1358267119089763830, 0.04988955994972438246, 0.07983994475157477066 ) ) ;
#4918 = ORIENTED_EDGE ( 'NONE', *, *, #3147, .T. ) ;
#4919 = CARTESIAN_POINT ( 'NONE',  ( -0.1301670852289124047, -0.05183720518874071481, 0.07693334009321287081 ) ) ;
#4920 = DIRECTION ( 'NONE',  ( -1.000000000000000000, 0.0000000000000000000, 0.0000000000000000000 ) ) ;
#4921 = VECTOR ( 'NONE', #8252, 39.37007874015748143 ) ;
#4922 = ORIENTED_EDGE ( 'NONE', *, *, #3017, .T. ) ;
#4923 = VERTEX_POINT ( 'NONE', #6698 ) ;
#4924 = CARTESIAN_POINT ( 'NONE',  ( -0.1377952158459844201, -0.01512850602593408811, 0.03073361921734309860 ) ) ;
#4925 = AXIS2_PLACEMENT_3D ( 'NONE', #5970, #8345, #9118 ) ;
#4926 = CARTESIAN_POINT ( 'NONE',  ( 0.1200787999020472285, -0.05577387922668407272, 0.01922186203201376939 ) ) ;
#4927 = CARTESIAN_POINT ( 'NONE',  ( -0.1200786804129134050, -0.02029200082430841073, 0.1100420836770391458 ) ) ;
#4928 = CARTESIAN_POINT ( 'NONE',  ( -0.1279526961609449287, -0.04330702146173284750, 0.04987839297977112590 ) ) ;
#4929 = EDGE_LOOP ( 'NONE', ( #940, #5391 ) ) ;
#4930 = CARTESIAN_POINT ( 'NONE',  ( 0.2854331306106277499, 0.03137873915855254187, 0.07208638652795457125 ) ) ;
#4931 = EDGE_LOOP ( 'NONE', ( #7229, #2952, #805, #1998 ) ) ;
#4932 = CARTESIAN_POINT ( 'NONE',  ( -0.1377951535391472582, 0.05332346881428966928, 0.05442970413171405869 ) ) ;
#4933 = ADVANCED_FACE ( 'NONE', ( #9844 ), #9149, .T. ) ;
#4934 = AXIS2_PLACEMENT_3D ( 'NONE', #4898, #5000, #307 ) ;
#4935 = LINE ( 'NONE', #9461, #4405 ) ;
#4936 =( BOUNDED_CURVE ( )  B_SPLINE_CURVE ( 3, ( #2100, #6690, #5102, #9740 ),
 .UNSPECIFIED., .F., .T. ) 
 B_SPLINE_CURVE_WITH_KNOTS ( ( 4, 4 ),
 ( 0.0000000000000000000, 1.000000000000000000 ),
 .UNSPECIFIED. ) 
 CURVE ( )  GEOMETRIC_REPRESENTATION_ITEM ( )  RATIONAL_B_SPLINE_CURVE ( ( 1.000000000000000000, 0.9981619879277874308, 0.9981619879277874308, 1.000000000000000000 ) ) 
 REPRESENTATION_ITEM ( '' )  );
#4937 = CARTESIAN_POINT ( 'NONE',  ( 0.1200787999020436758, 0.08464573444377952727, 0.07480314960630707333 ) ) ;
#4938 = B_SPLINE_CURVE_WITH_KNOTS ( 'NONE', 3,
 ( #4857, #6450, #10162, #3123, #5637, #5584, #4141, #5688, #7128, #8676 ),
 .UNSPECIFIED., .F., .F.,
 ( 4, 2, 2, 2, 4 ),
 ( 0.0000000000000000000, 0.2499999999999998890, 0.4999999999999998890, 0.7499999999999998890, 1.000000000000000000 ),
 .UNSPECIFIED. ) ;
#4939 = EDGE_LOOP ( 'NONE', ( #3578, #579, #6923, #864, #7587 ) ) ;
#4940 = CARTESIAN_POINT ( 'NONE',  ( -0.1358536829153497161, 0.05511817538865947802, 0.08006161893759404513 ) ) ;
#4941 = LINE ( 'NONE', #1011, #7698 ) ;
#4942 = AXIS2_PLACEMENT_3D ( 'NONE', #5838, #6771, #6713 ) ;
#4943 = DIRECTION ( 'NONE',  ( 1.000000000000000000, 6.123233995736766036E-17, 0.0000000000000000000 ) ) ;
#4944 = CARTESIAN_POINT ( 'NONE',  ( -0.1023621449798425564, -0.0008390458739560846535, 0.07480314960629920462 ) ) ;
#4945 = EDGE_CURVE ( 'NONE', #9378, #10096, #1672, .T. ) ;
#4946 = CARTESIAN_POINT ( 'NONE',  ( 0.1316219914575196548, 0.001895560347598422178, 0.02362165994980708339 ) ) ;
#4947 = EDGE_LOOP ( 'NONE', ( #8818, #769, #6777, #1806, #1718, #1925 ) ) ;
#4948 = CARTESIAN_POINT ( 'NONE',  ( -0.1200786804129134050, 0.04724415964062990414, 0.01181102362204531318 ) ) ;
#4949 = CARTESIAN_POINT ( 'NONE',  ( -0.1200786804129131830, -0.05717980708488370339, 0.1289370078740010028 ) ) ;
#4950 = CARTESIAN_POINT ( 'NONE',  ( -0.1003936410428345055, 0.07066632269956568679, 0.1232115602425605388 ) ) ;
#4951 = AXIS2_PLACEMENT_3D ( 'NONE', #4189, #4144, #8831 ) ;
#4952 = CARTESIAN_POINT ( 'NONE',  ( -0.08661411348377956454, 0.03743610778872047407, 0.01567416640385432824 ) ) ;
#4953 = EDGE_CURVE ( 'NONE', #6485, #2749, #5607, .T. ) ;
#4954 = CARTESIAN_POINT ( 'NONE',  ( 0.1594488786419576976, 0.02975326622696207457, 0.1262486352908904763 ) ) ;
#4955 = ORIENTED_EDGE ( 'NONE', *, *, #5554, .T. ) ;
#4956 = CARTESIAN_POINT ( 'NONE',  ( -0.1003936410428346443, -0.07977043682227821786, 0.06865856864156448525 ) ) ;
#4957 = CARTESIAN_POINT ( 'NONE',  ( 0.1247258340280615468, 0.04735213704564551762, 0.01574816321676830028 ) ) ;
#4958 = EDGE_CURVE ( 'NONE', #7406, #3858, #8493, .T. ) ;
#4959 = EDGE_CURVE ( 'NONE', #8855, #5679, #6950, .T. ) ;
#4960 = CARTESIAN_POINT ( 'NONE',  ( 0.05117123068730305285, 0.01968510452251973075, 0.01181102362204724393 ) ) ;
#4961 = AXIS2_PLACEMENT_3D ( 'NONE', #7252, #6573, #6419 ) ;
#4962 = LINE ( 'NONE', #5684, #8337 ) ;
#4963 = VERTEX_POINT ( 'NONE', #2891 ) ;
#4964 = ORIENTED_EDGE ( 'NONE', *, *, #482, .T. ) ;
#4965 = CARTESIAN_POINT ( 'NONE',  ( 0.1289301123453936437, -0.0004669723761023742477, 0.1257328648044488129 ) ) ;
#4966 = B_SPLINE_CURVE_WITH_KNOTS ( 'NONE', 3,
 ( #2565, #9583, #3202, #1631 ),
 .UNSPECIFIED., .F., .F.,
 ( 4, 4 ),
 ( 0.0000000000000000000, 1.000000000000000000 ),
 .UNSPECIFIED. ) ;
#4967 = DIRECTION ( 'NONE',  ( -6.123233995736766036E-17, 1.000000000000000000, 0.0000000000000000000 ) ) ;
#4968 = EDGE_CURVE ( 'NONE', #3828, #8450, #7700, .T. ) ;
#4969 = DIRECTION ( 'NONE',  ( 0.0000000000000000000, 1.000000000000000000, 0.0000000000000000000 ) ) ;
#4970 = EDGE_LOOP ( 'NONE', ( #5270, #1491, #439, #9387, #8798 ) ) ;
#4971 = DIRECTION ( 'NONE',  ( -1.000000000000000000, -6.123233995736766036E-17, 0.0000000000000000000 ) ) ;
#4972 = ORIENTED_EDGE ( 'NONE', *, *, #2901, .T. ) ;
#4973 = FACE_OUTER_BOUND ( 'NONE', #4929, .T. ) ;
#4974 = CARTESIAN_POINT ( 'NONE',  ( -0.1023621449798425564, -0.03543300571370077562, 0.07480314960629920462 ) ) ;
#4975 = ORIENTED_EDGE ( 'NONE', *, *, #3917, .T. ) ;
#4976 = ORIENTED_EDGE ( 'NONE', *, *, #9304, .T. ) ;
#4977 = LINE ( 'NONE', #8939, #4573 ) ;
#4978 = FACE_OUTER_BOUND ( 'NONE', #3677, .T. ) ;
#4979 = FACE_BOUND ( 'NONE', #5618, .T. ) ;
#4980 = CARTESIAN_POINT ( 'NONE',  ( -0.1200786804129134050, 0.04624901010899822723, 0.05567458491599142772 ) ) ;
#4981 = FACE_OUTER_BOUND ( 'NONE', #10088, .T. ) ;
#4982 = ORIENTED_EDGE ( 'NONE', *, *, #5784, .T. ) ;
#4983 = EDGE_LOOP ( 'NONE', ( #3045, #3091, #734, #5833, #780 ) ) ;
#4984 = ORIENTED_EDGE ( 'NONE', *, *, #8081, .T. ) ;
#4985 = CARTESIAN_POINT ( 'NONE',  ( -0.1377951810840457036, 0.04496391305915670850, 0.05142484292730653550 ) ) ;
#4986 = LINE ( 'NONE', #955, #1267 ) ;
#4987 = DIRECTION ( 'NONE',  ( 2.116471550071594643E-18, -0.03456460346844763415, 0.9994024655698369175 ) ) ;
#4988 = EDGE_CURVE ( 'NONE', #4650, #4805, #2049, .T. ) ;
#4989 = ORIENTED_EDGE ( 'NONE', *, *, #9865, .T. ) ;
#4990 = CARTESIAN_POINT ( 'NONE',  ( -0.07283458592472442927, 0.07874022263275588795, 0.007874015748031492484 ) ) ;
#4991 = DIRECTION ( 'NONE',  ( -0.6427876096843853082, -3.523565143145036568E-17, 0.7660444431207854565 ) ) ;
#4992 = CARTESIAN_POINT ( 'NONE',  ( -0.1200786804129134189, -0.04173221831212597238, 0.1023622047244133887 ) ) ;
#4993 = CARTESIAN_POINT ( 'NONE',  ( 0.0000000000000000000, 0.0000000000000000000, 0.0000000000000000000 ) ) ;
#4994 = CARTESIAN_POINT ( 'NONE',  ( -0.1377952158459839205, -0.05865405168886466541, 0.1021038531805771588 ) ) ;
#4995 = ORIENTED_EDGE ( 'NONE', *, *, #8869, .T. ) ;
#4996 = CARTESIAN_POINT ( 'NONE',  ( -0.1003936410428346443, 0.07874022263275588795, 0.07480314960629920462 ) ) ;
#4997 = DIRECTION ( 'NONE',  ( 1.000000000000000000, 6.123233995736766036E-17, 0.0000000000000000000 ) ) ;
#4998 = DIRECTION ( 'NONE',  ( 6.123233995736766036E-17, -1.000000000000000000, -0.0000000000000000000 ) ) ;
#4999 = CARTESIAN_POINT ( 'NONE',  ( -0.1200786804129129748, -0.04724402933574806118, -3.734948428837859484E-18 ) ) ;
#5000 = DIRECTION ( 'NONE',  ( -4.322282820520683359E-17, 0.7058823529412767694, 0.7083290928700352040 ) ) ;
#5001 = CARTESIAN_POINT ( 'NONE',  ( 0.1594488786419576976, 0.05116285208911159482, 0.04456641359896505727 ) ) ;
#5002 = ORIENTED_EDGE ( 'NONE', *, *, #1988, .F. ) ;
#5003 = DIRECTION ( 'NONE',  ( 1.000000000000000000, 6.123233995736766036E-17, -0.0000000000000000000 ) ) ;
#5004 = CARTESIAN_POINT ( 'NONE',  ( 0.03425802064244096168, -0.01968497421763775249, 0.01574803149606298844 ) ) ;
#5005 = FACE_OUTER_BOUND ( 'NONE', #10185, .T. ) ;
#5006 = LINE ( 'NONE', #6602, #629 ) ;
#5007 = CARTESIAN_POINT ( 'NONE',  ( -0.1304272508542485554, 0.04330715176661411453, 0.09999718804005486295 ) ) ;
#5008 = ORIENTED_EDGE ( 'NONE', *, *, #5061, .F. ) ;
#5009 = CARTESIAN_POINT ( 'NONE',  ( -0.1338582079719685125, -0.03468961754199478831, 0.09342112518273824884 ) ) ;
#5010 = ORIENTED_EDGE ( 'NONE', *, *, #5249, .F. ) ;
#5011 = ADVANCED_FACE ( 'NONE', ( #1425 ), #5208, .F. ) ;
#5012 = CARTESIAN_POINT ( 'NONE',  ( -0.1322542320567436369, -0.04658786135673423368, 0.07644428575431136408 ) ) ;
#5013 = CARTESIAN_POINT ( 'NONE',  ( -0.1279526961609449009, -0.04330702146173229933, 0.07086614173228344971 ) ) ;
#5014 = EDGE_LOOP ( 'NONE', ( #3051, #4308, #2214, #1445 ) ) ;
#5015 = CARTESIAN_POINT ( 'NONE',  ( 0.1358268313981101649, 0.05356196704693196725, 0.03372260952851695998 ) ) ;
#5016 = FACE_OUTER_BOUND ( 'NONE', #1159, .T. ) ;
#5017 = CARTESIAN_POINT ( 'NONE',  ( -0.1279526961609449287, 0.04658799161011473872, 0.07308953162400570747 ) ) ;
#5018 = PLANE ( 'NONE',  #7705 ) ;
#5019 = ORIENTED_EDGE ( 'NONE', *, *, #1928, .T. ) ;
#5020 = ORIENTED_EDGE ( 'NONE', *, *, #1708, .F. ) ;
#5021 = CARTESIAN_POINT ( 'NONE',  ( -0.1023621449798425564, 0.05470407522198548339, 0.01820691365755139346 ) ) ;
#5022 = ADVANCED_FACE ( 'NONE', ( #601 ), #4436, .T. ) ;
#5023 = CARTESIAN_POINT ( 'NONE',  ( 0.2854331306106299149, -0.01260067873306091289, 0.08447047532447862772 ) ) ;
#5024 = CARTESIAN_POINT ( 'NONE',  ( 0.1275258179633858291, -0.01386849491980314368, 0.02380199089480708116 ) ) ;
#5025 = EDGE_CURVE ( 'NONE', #8527, #2080, #1651, .T. ) ;
#5026 = CARTESIAN_POINT ( 'NONE',  ( -0.1003936410428346443, 0.07379122320923296730, 0.1338582677165354173 ) ) ;
#5027 = B_SPLINE_CURVE_WITH_KNOTS ( 'NONE', 3,
 ( #2379, #3372, #9649, #3278 ),
 .UNSPECIFIED., .F., .F.,
 ( 4, 4 ),
 ( 0.0000000000000000000, 1.000000000000000000 ),
 .UNSPECIFIED. ) ;
#5028 = CARTESIAN_POINT ( 'NONE',  ( -0.1200786804129134189, -0.03543300571370081725, 0.01181102362204531665 ) ) ;
#5029 = ORIENTED_EDGE ( 'NONE', *, *, #9413, .T. ) ;
#5030 = VERTEX_POINT ( 'NONE', #9944 ) ;
#5031 = FACE_OUTER_BOUND ( 'NONE', #2764, .T. ) ;
#5032 = ORIENTED_EDGE ( 'NONE', *, *, #4542, .T. ) ;
#5033 = CARTESIAN_POINT ( 'NONE',  ( -0.1377952023308154361, 0.05827076783266613158, 0.04961415180337481329 ) ) ;
#5034 = CARTESIAN_POINT ( 'NONE',  ( -0.1279526961609449009, -0.05314954114677164498, 0.1338582677165354173 ) ) ;
#5035 = EDGE_CURVE ( 'NONE', #9751, #6096, #5348, .T. ) ;
#5036 = CARTESIAN_POINT ( 'NONE',  ( 0.1279524659422746347, -0.04845495021072068059, 0.02369625699553543768 ) ) ;
#5037 = ORIENTED_EDGE ( 'NONE', *, *, #4171, .T. ) ;
#5038 = CARTESIAN_POINT ( 'NONE',  ( -0.09350387726330711136, 0.03937014389259840125, 0.007874015748031495954 ) ) ;
#5039 = CARTESIAN_POINT ( 'NONE',  ( 0.1322895508672834453, 0.01919110765094492882, 0.1222720232684252062 ) ) ;
#5040 = DIRECTION ( 'NONE',  ( 0.0000000000000000000, -1.000000000000000000, 0.0000000000000000000 ) ) ;
#5041 = DIRECTION ( 'NONE',  ( 0.0000000000000000000, 0.0000000000000000000, 1.000000000000000000 ) ) ;
#5042 = CYLINDRICAL_SURFACE ( 'NONE', #6249, 0.01574803149606299885 ) ;
#5043 = VERTEX_POINT ( 'NONE', #10090 ) ;
#5044 = CARTESIAN_POINT ( 'NONE',  ( -0.1003936410428344916, 0.06374707364158475886, 0.1305461465171179058 ) ) ;
#5045 = CARTESIAN_POINT ( 'NONE',  ( -0.1279526961609449287, 0.05424676443205646292, 0.1320352251512952602 ) ) ;
#5046 = CARTESIAN_POINT ( 'NONE',  ( -0.1241888115842774143, 0.04724415964063093804, 0.0008486070581901335131 ) ) ;
#5047 = CARTESIAN_POINT ( 'NONE',  ( -0.1392992980403947312, 0.04675757450470489213, 0.09931878523148612858 ) ) ;
#5048 = CIRCLE ( 'NONE', #6863, 0.01968503937007873988 ) ;
#5049 = CYLINDRICAL_SURFACE ( 'NONE', #9366, 0.01181102362204724393 ) ;
#5050 = CARTESIAN_POINT ( 'NONE',  ( -0.1311788480827931758, 0.05511817538866107397, 0.09980734988759074056 ) ) ;
#5051 = ORIENTED_EDGE ( 'NONE', *, *, #8531, .F. ) ;
#5052 = CARTESIAN_POINT ( 'NONE',  ( -0.1003936410428346304, -0.07730156258824767701, 0.05417435397565569660 ) ) ;
#5053 = CARTESIAN_POINT ( 'NONE',  ( 0.1751969101381888883, -0.004204797560708657157, 0.05904983723185240618 ) ) ;
#5054 = CARTESIAN_POINT ( 'NONE',  ( -0.1347349699325579298, -0.05183720518873992378, 0.04736517741251371205 ) ) ;
#5055 =( BOUNDED_CURVE ( )  B_SPLINE_CURVE ( 3, ( #6996, #1573, #2309, #5353 ),
 .UNSPECIFIED., .F., .T. ) 
 B_SPLINE_CURVE_WITH_KNOTS ( ( 4, 4 ),
 ( 0.0000000000000000000, 1.000000000000000000 ),
 .UNSPECIFIED. ) 
 CURVE ( )  GEOMETRIC_REPRESENTATION_ITEM ( )  RATIONAL_B_SPLINE_CURVE ( ( 1.000000000000000000, 0.9923900319838321327, 0.9923900319838321327, 1.000000000000000000 ) ) 
 REPRESENTATION_ITEM ( '' )  );
#5056 = CARTESIAN_POINT ( 'NONE',  ( 0.1594488786421259241, 0.01812177549222626638, 0.09844406489727927645 ) ) ;
#5057 = DIRECTION ( 'NONE',  ( 6.123233995736766036E-17, -1.000000000000000000, 0.0000000000000000000 ) ) ;
#5058 = EDGE_LOOP ( 'NONE', ( #7250, #7177, #3562 ) ) ;
#5059 = DIRECTION ( 'NONE',  ( 6.123233995736766036E-17, -1.000000000000000000, 0.0000000000000000000 ) ) ;
#5060 = VECTOR ( 'NONE', #2704, 39.37007874015748143 ) ;
#5061 = EDGE_CURVE ( 'NONE', #5125, #193, #8406, .T. ) ;
#5062 = ORIENTED_EDGE ( 'NONE', *, *, #1967, .F. ) ;
#5063 = CARTESIAN_POINT ( 'NONE',  ( -0.1397637197829924849, -0.05138857183092870873, 0.05203908715212678809 ) ) ;
#5064 = ADVANCED_FACE ( 'NONE', ( #3756 ), #1052, .F. ) ;
#5065 = CARTESIAN_POINT ( 'NONE',  ( -0.1361317379125138172, 0.04658706388936548898, 0.1018197750057815015 ) ) ;
#5066 = AXIS2_PLACEMENT_3D ( 'NONE', #808, #9533, #4892 ) ;
#5067 = ORIENTED_EDGE ( 'NONE', *, *, #1530, .F. ) ;
#5068 = FACE_OUTER_BOUND ( 'NONE', #3067, .T. ) ;
#5069 = AXIS2_PLACEMENT_3D ( 'NONE', #9595, #1748, #4229 ) ;
#5070 = ORIENTED_EDGE ( 'NONE', *, *, #8309, .T. ) ;
#5071 = FACE_OUTER_BOUND ( 'NONE', #191, .T. ) ;
#5072 = FACE_OUTER_BOUND ( 'NONE', #8927, .T. ) ;
#5073 = ORIENTED_EDGE ( 'NONE', *, *, #9055, .F. ) ;
#5074 = ORIENTED_EDGE ( 'NONE', *, *, #7127, .F. ) ;
#5075 = AXIS2_PLACEMENT_3D ( 'NONE', #5746, #7292, #1038 ) ;
#5076 = CYLINDRICAL_SURFACE ( 'NONE', #9496, 0.003937007874015733232 ) ;
#5077 = CARTESIAN_POINT ( 'NONE',  ( 0.1271613092969290926, -0.006660458886889743246, 0.02236978430624409278 ) ) ;
#5078 = VECTOR ( 'NONE', #5918, 39.37007874015748143 ) ;
#5079 = CARTESIAN_POINT ( 'NONE',  ( -0.1384513838249936124, -0.05183720518875389871, 0.05008353968260767508 ) ) ;
#5080 = CARTESIAN_POINT ( 'NONE',  ( 0.1751969101381889993, 0.03137873915854069717, 0.07208638652795154589 ) ) ;
#5081 = CARTESIAN_POINT ( 'NONE',  ( -0.03740151505858271830, -0.05556308411587124879, 0.01901033626002340132 ) ) ;
#5082 = EDGE_LOOP ( 'NONE', ( #3536, #5321, #6449, #18 ) ) ;
#5083 = EDGE_CURVE ( 'NONE', #6398, #2172, #4872, .T. ) ;
#5084 = EDGE_CURVE ( 'NONE', #6345, #8282, #1104, .T. ) ;
#5085 = ORIENTED_EDGE ( 'NONE', *, *, #10122, .F. ) ;
#5086 = CARTESIAN_POINT ( 'NONE',  ( 0.2736221069885826362, 0.01181108877448836837, 0.09842519685039398392 ) ) ;
#5087 = ORIENTED_EDGE ( 'NONE', *, *, #9296, .F. ) ;
#5088 = VECTOR ( 'NONE', #9377, 39.37007874015748143 ) ;
#5089 = ADVANCED_FACE ( 'NONE', ( #5031 ), #8121, .T. ) ;
#5090 = CARTESIAN_POINT ( 'NONE',  ( -0.1279526961609450397, 0.06102368719968503941, 0.04724409448818775448 ) ) ;
#5091 = CARTESIAN_POINT ( 'NONE',  ( -0.07283458592472444315, -0.07874009232787400336, 0.03740157480314960231 ) ) ;
#5092 = VECTOR ( 'NONE', #5752, 39.37007874015748143 ) ;
#5093 = ORIENTED_EDGE ( 'NONE', *, *, #1310, .F. ) ;
#5094 = CARTESIAN_POINT ( 'NONE',  ( -0.1345715475549400797, -0.04658786135673424061, 0.07577619115538708483 ) ) ;
#5095 = CARTESIAN_POINT ( 'NONE',  ( 0.1279740149698425644, 0.02040491335106300180, 0.1264372445635826570 ) ) ;
#5096 = CARTESIAN_POINT ( 'NONE',  ( -0.09251962529480321773, 0.01771660058551182901, 0.0000000000000000000 ) ) ;
#5097 = CARTESIAN_POINT ( 'NONE',  ( -0.07283458592472447091, 0.04724415964062989720, 3.557093741750342732E-19 ) ) ;
#5098 = EDGE_LOOP ( 'NONE', ( #2013, #606, #2681, #9858 ) ) ;
#5099 = CARTESIAN_POINT ( 'NONE',  ( 0.2775591148625983773, -0.007873950595595794258, 0.07480314960630017607 ) ) ;
#5100 = VECTOR ( 'NONE', #4306, 39.37007874015748143 ) ;
#5101 = DIRECTION ( 'NONE',  ( -0.6427876096841975695, -4.348312744169298305E-17, 0.7660444431209429972 ) ) ;
#5102 = CARTESIAN_POINT ( 'NONE',  ( -0.1397637197829921241, 0.05075590601798394413, 0.07993922865547321843 ) ) ;
#5103 = CARTESIAN_POINT ( 'NONE',  ( -0.1382881162728688273, 0.04466752044194229748, 0.09988006301692362032 ) ) ;
#5104 = CARTESIAN_POINT ( 'NONE',  ( -0.07086608198771697509, 0.05256420672010105044, 0.01617701702636625480 ) ) ;
#5105 = CARTESIAN_POINT ( 'NONE',  ( 0.1200787999020429542, 0.07197047648251676810, 0.1199146981627095265 ) ) ;
#5106 = AXIS2_PLACEMENT_3D ( 'NONE', #7533, #4239, #4969 ) ;
#5107 = CARTESIAN_POINT ( 'NONE',  ( 0.1673228943901569621, 0.02517585029090853646, 0.1183339445179262261 ) ) ;
#5108 = VERTEX_POINT ( 'NONE', #4257 ) ;
#5109 = CARTESIAN_POINT ( 'NONE',  ( -0.1397637197829920686, -0.05118103720976373977, 0.07010472905582725012 ) ) ;
#5110 = CARTESIAN_POINT ( 'NONE',  ( -0.1384513838249931128, 0.04658799166161647215, 0.07717662042337028461 ) ) ;
#5111 = CARTESIAN_POINT ( 'NONE',  ( -0.1390563422139489413, -0.04388468469964283691, 0.05379233991135549953 ) ) ;
#5112 = B_SPLINE_CURVE_WITH_KNOTS ( 'NONE', 3,
 ( #3674, #2698, #3475, #9136, #7441, #6037 ),
 .UNSPECIFIED., .F., .F.,
 ( 4, 2, 4 ),
 ( 0.0000000000000000000, 0.5000000000000000000, 1.000000000000000000 ),
 .UNSPECIFIED. ) ;
#5113 = DIRECTION ( 'NONE',  ( 1.000000000000000000, 0.0000000000000000000, -0.0000000000000000000 ) ) ;
#5114 = DIRECTION ( 'NONE',  ( 1.000000000000000000, 6.123233995736766036E-17, 0.0000000000000000000 ) ) ;
#5115 = ORIENTED_EDGE ( 'NONE', *, *, #4800, .F. ) ;
#5116 = DIRECTION ( 'NONE',  ( -6.123233995736766036E-17, 1.000000000000000000, 0.0000000000000000000 ) ) ;
#5117 = VERTEX_POINT ( 'NONE', #4051 ) ;
#5118 = CARTESIAN_POINT ( 'NONE',  ( -0.1023621449798398780, -0.04740778751150542120, 0.1338582677165326695 ) ) ;
#5119 = CIRCLE ( 'NONE', #335, 0.01574803149606299885 ) ;
#5120 = DIRECTION ( 'NONE',  ( 0.0000000000000000000, 1.000000000000000000, -0.0000000000000000000 ) ) ;
#5121 = B_SPLINE_CURVE_WITH_KNOTS ( 'NONE', 3,
 ( #1896, #1130, #1848, #3557, #7427, #3461, #8192, #2734, #5876, #1954 ),
 .UNSPECIFIED., .F., .F.,
 ( 4, 2, 2, 2, 4 ),
 ( 0.0000000000000000000, 0.2500000000000000000, 0.5000000000000000000, 0.7500000000000000000, 1.000000000000000000 ),
 .UNSPECIFIED. ) ;
#5122 = EDGE_CURVE ( 'NONE', #9503, #7527, #3549, .T. ) ;
#5123 = CARTESIAN_POINT ( 'NONE',  ( 0.1200787999020437175, -0.06294403425130543073, 0.1240157480314960509 ) ) ;
#5124 =( BOUNDED_CURVE ( )  B_SPLINE_CURVE ( 3, ( #2887, #3896, #3953, #7570 ),
 .UNSPECIFIED., .F., .T. ) 
 B_SPLINE_CURVE_WITH_KNOTS ( ( 4, 4 ),
 ( 0.0000000000000000000, 1.000000000000000000 ),
 .UNSPECIFIED. ) 
 CURVE ( )  GEOMETRIC_REPRESENTATION_ITEM ( )  RATIONAL_B_SPLINE_CURVE ( ( 1.000000000000000000, 0.3333333333334022042, 0.3333333333334022042, 1.000000000000000000 ) ) 
 REPRESENTATION_ITEM ( '' )  );
#5125 = VERTEX_POINT ( 'NONE', #5804 ) ;
#5126 = FACE_OUTER_BOUND ( 'NONE', #1916, .T. ) ;
#5127 = PLANE ( 'NONE',  #4408 ) ;
#5128 = CARTESIAN_POINT ( 'NONE',  ( -0.08858261742078746281, -0.03543300571370074786, 0.02165354330708661734 ) ) ;
#5129 = DIRECTION ( 'NONE',  ( 1.000000000000000000, 6.123233995736766036E-17, 0.0000000000000000000 ) ) ;
#5130 = ORIENTED_EDGE ( 'NONE', *, *, #4626, .T. ) ;
#5131 = VERTEX_POINT ( 'NONE', #1775 ) ;
#5132 = CARTESIAN_POINT ( 'NONE',  ( -0.1384513838249974982, 0.04921266357763510318, 0.1003551897108598268 ) ) ;
#5133 = CARTESIAN_POINT ( 'NONE',  ( 0.1673228943901574339, 0.01811722398055463923, 0.09844069378665999681 ) ) ;
#5134 = CARTESIAN_POINT ( 'NONE',  ( 0.1322895508672834453, -0.01919097734606293321, 0.02733427594416141387 ) ) ;
#5135 = LINE ( 'NONE', #8321, #1780 ) ;
#5136 = CARTESIAN_POINT ( 'NONE',  ( 0.1594488786419577531, -0.007169789323774142242, 0.02369139439779806636 ) ) ;
#5137 = EDGE_CURVE ( 'NONE', #9058, #1973, #238, .T. ) ;
#5138 = FACE_OUTER_BOUND ( 'NONE', #9295, .T. ) ;
#5139 = ORIENTED_EDGE ( 'NONE', *, *, #4009, .F. ) ;
#5140 = ORIENTED_EDGE ( 'NONE', *, *, #7458, .T. ) ;
#5141 = CARTESIAN_POINT ( 'NONE',  ( 0.2736221069885826362, 0.01181108877448836837, 0.07480314960629920462 ) ) ;
#5142 = VERTEX_POINT ( 'NONE', #4930 ) ;
#5143 = CARTESIAN_POINT ( 'NONE',  ( 0.1275086002841951394, 0.006992290004825295509, 0.02101464893232047465 ) ) ;
#5144 = DIRECTION ( 'NONE',  ( -0.0000000000000000000, -0.0000000000000000000, -1.000000000000000000 ) ) ;
#5145 = ADVANCED_FACE ( 'NONE', ( #1826 ), #7405, .F. ) ;
#5146 = ADVANCED_FACE ( 'NONE', ( #7304 ), #8948, .T. ) ;
#5147 = VERTEX_POINT ( 'NONE', #2452 ) ;
#5148 = CARTESIAN_POINT ( 'NONE',  ( 0.1278897875366303283, 0.04724415964062991802, 0.009599514416705017678 ) ) ;
#5149 = LINE ( 'NONE', #2193, #4414 ) ;
#5150 = CARTESIAN_POINT ( 'NONE',  ( 0.1272748874140550435, 0.009123015018937018564, 0.1268644456904330642 ) ) ;
#5151 = FACE_OUTER_BOUND ( 'NONE', #5371, .T. ) ;
#5152 = PLANE ( 'NONE',  #9059 ) ;
#5153 = ORIENTED_EDGE ( 'NONE', *, *, #3480, .F. ) ;
#5154 = CARTESIAN_POINT ( 'NONE',  ( 0.2775591148625983773, -0.007873950595594893936, 0.05905511811023234081 ) ) ;
#5155 = FACE_OUTER_BOUND ( 'NONE', #4077, .T. ) ;
#5156 = EDGE_CURVE ( 'NONE', #3627, #5994, #2661, .T. ) ;
#5157 = LINE ( 'NONE', #8293, #9326 ) ;
#5158 = CARTESIAN_POINT ( 'NONE',  ( 0.1358268313981111086, 0.04724415964062993190, 0.003937007874015578841 ) ) ;
#5159 = CARTESIAN_POINT ( 'NONE',  ( -0.1003936410428345472, -0.07197034617763077569, 0.1199146981627272068 ) ) ;
#5160 = ORIENTED_EDGE ( 'NONE', *, *, #7968, .T. ) ;
#5161 = CARTESIAN_POINT ( 'NONE',  ( 0.1640613705853968540, -0.0004512827293310042341, 0.1259822617919362508 ) ) ;
#5162 = EDGE_LOOP ( 'NONE', ( #3897, #3713, #4504, #1716 ) ) ;
#5163 = CARTESIAN_POINT ( 'NONE',  ( -0.1384513838249622486, -0.05015874144792922124, 0.07322390921020380250 ) ) ;
#5164 = CARTESIAN_POINT ( 'NONE',  ( -0.1324224003850795472, -0.05382000071454370871, 0.04700398206861980399 ) ) ;
#5165 = DIRECTION ( 'NONE',  ( 1.000000000000000000, 0.0000000000000000000, 0.0000000000000000000 ) ) ;
#5166 = CARTESIAN_POINT ( 'NONE',  ( -0.1279526961609450397, -0.04133851752472442187, 0.1023622047244066302 ) ) ;
#5167 = VERTEX_POINT ( 'NONE', #5603 ) ;
#5168 = CARTESIAN_POINT ( 'NONE',  ( -0.07086608198771660039, 0.05577400947291721173, 0.01922186197313183881 ) ) ;
#5169 = EDGE_LOOP ( 'NONE', ( #9716, #9093, #4519, #8640, #8099, #859 ) ) ;
#5170 = CARTESIAN_POINT ( 'NONE',  ( -0.07086608198771660039, 0.05363414097103848949, 0.01719196534195157819 ) ) ;
#5171 = CARTESIAN_POINT ( 'NONE',  ( -0.1279526961609449009, -0.04658786135673423368, 0.07705198778402974624 ) ) ;
#5172 = ADVANCED_FACE ( 'NONE', ( #3438 ), #7194, .F. ) ;
#5173 = LINE ( 'NONE', #3472, #3786 ) ;
#5174 = ORIENTED_EDGE ( 'NONE', *, *, #7488, .F. ) ;
#5175 = CARTESIAN_POINT ( 'NONE',  ( -0.1200786804129131830, -0.05717980708488370339, 0.1289370078740010028 ) ) ;
#5176 = CARTESIAN_POINT ( 'NONE',  ( 0.1279528156500787661, 0.04849066895769143376, 0.02363911138035920678 ) ) ;
#5177 = LINE ( 'NONE', #8316, #8030 ) ;
#5178 = ORIENTED_EDGE ( 'NONE', *, *, #3989, .T. ) ;
#5179 = VERTEX_POINT ( 'NONE', #9727 ) ;
#5180 = EDGE_CURVE ( 'NONE', #2608, #4815, #192, .T. ) ;
#5181 = CARTESIAN_POINT ( 'NONE',  ( -0.1200786804129134189, -0.05186183439447555193, 0.1122108597778446598 ) ) ;
#5182 = CARTESIAN_POINT ( 'NONE',  ( 0.1358268313981119413, -0.03149599783969645600, 0.1338582677165324752 ) ) ;
#5183 = CARTESIAN_POINT ( 'NONE',  ( -0.1279526961609449287, -0.03833884054324510765, 0.07291558897103546377 ) ) ;
#5184 = CARTESIAN_POINT ( 'NONE',  ( 0.1751969101381890548, -0.02703154249503885234, 0.05685840110220605204 ) ) ;
#5185 = CARTESIAN_POINT ( 'NONE',  ( 0.1594488786419577531, 0.0005134463768290435312, 0.1259816771225227006 ) ) ;
#5186 = VERTEX_POINT ( 'NONE', #2554 ) ;
#5187 = VERTEX_POINT ( 'NONE', #5703 ) ;
#5188 = CARTESIAN_POINT ( 'NONE',  ( 0.2775591148625977667, -0.01018019641301996098, 0.07480314960629920462 ) ) ;
#5189 = ORIENTED_EDGE ( 'NONE', *, *, #1817, .T. ) ;
#5190 = EDGE_CURVE ( 'NONE', #1149, #4544, #8846, .T. ) ;
#5191 = CARTESIAN_POINT ( 'NONE',  ( -0.1023621449798425426, 0.02362211239653540934, 0.007874015748030970333 ) ) ;
#5192 = DIRECTION ( 'NONE',  ( -1.000000000000000000, 0.0000000000000000000, 0.0000000000000000000 ) ) ;
#5193 = EDGE_CURVE ( 'NONE', #5336, #6485, #7556, .T. ) ;
#5194 = ORIENTED_EDGE ( 'NONE', *, *, #5962, .T. ) ;
#5195 = CARTESIAN_POINT ( 'NONE',  ( 0.1279729377594881756, -0.02079859020566921651, 0.02332817047235826932 ) ) ;
#5196 = CARTESIAN_POINT ( 'NONE',  ( -0.1324224003850795472, -0.05382000071454370871, 0.04700398206861981787 ) ) ;
#5197 = DIRECTION ( 'NONE',  ( 1.000000000000000000, 3.061616997843372429E-17, 3.061616997868383018E-17 ) ) ;
#5198 = CARTESIAN_POINT ( 'NONE',  ( 0.06808444073216529668, 6.514499997778422369E-08, 0.01574803149606299191 ) ) ;
#5199 = DIRECTION ( 'NONE',  ( 0.0000000000000000000, -1.000000000000000000, 0.0000000000000000000 ) ) ;
#5200 = ORIENTED_EDGE ( 'NONE', *, *, #4626, .F. ) ;
#5201 = CARTESIAN_POINT ( 'NONE',  ( 0.1200787999020436758, 0.08464573444377952727, 0.07480314960630707333 ) ) ;
#5202 = CARTESIAN_POINT ( 'NONE',  ( 0.1574803747053955261, 6.515244096993189040E-08, 0.03149606299212612953 ) ) ;
#5203 = CARTESIAN_POINT ( 'NONE',  ( 0.1594488786421260351, 0.0004901076066160788090, 0.1161388276116562396 ) ) ;
#5204 = CARTESIAN_POINT ( 'NONE',  ( -0.1397637197829921241, -0.04992218940414441808, 0.07029898673877414683 ) ) ;
#5205 = CARTESIAN_POINT ( 'NONE',  ( -0.1003936410428344639, -0.07122145776587247845, 0.1211421443177241042 ) ) ;
#5206 = VERTEX_POINT ( 'NONE', #1160 ) ;
#5207 = DIRECTION ( 'NONE',  ( 6.123233995736766036E-17, -1.000000000000000000, 0.0000000000000000000 ) ) ;
#5208 = PLANE ( 'NONE',  #6427 ) ;
#5209 = EDGE_CURVE ( 'NONE', #1060, #2080, #7602, .T. ) ;
#5210 = ADVANCED_FACE ( 'NONE', ( #4412 ), #3169, .T. ) ;
#5211 = CARTESIAN_POINT ( 'NONE',  ( -0.1200786804129134189, 0.05186196469935738795, 0.03739543943475381188 ) ) ;
#5212 = CARTESIAN_POINT ( 'NONE',  ( 0.1751969101381889993, -0.01574796634362083531, 0.07480314960629605436 ) ) ;
#5213 = CARTESIAN_POINT ( 'NONE',  ( 0.1358268313981101372, -0.05117795316328921373, 0.06802943534534347525 ) ) ;
#5214 = FACE_OUTER_BOUND ( 'NONE', #9669, .T. ) ;
#5215 = ORIENTED_EDGE ( 'NONE', *, *, #2694, .T. ) ;
#5216 = CARTESIAN_POINT ( 'NONE',  ( -0.1338582079719685125, -0.01782797711861832876, 0.1248383409585941545 ) ) ;
#5217 = EDGE_CURVE ( 'NONE', #8585, #5945, #4513, .T. ) ;
#5218 = EDGE_CURVE ( 'NONE', #7219, #4087, #6710, .T. ) ;
#5219 = ORIENTED_EDGE ( 'NONE', *, *, #3378, .F. ) ;
#5220 = CARTESIAN_POINT ( 'NONE',  ( 0.1322907333313779465, -0.01879312318881887212, 0.1224328709724409325 ) ) ;
#5221 = AXIS2_PLACEMENT_3D ( 'NONE', #2289, #8391, #684 ) ;
#5222 = STYLED_ITEM ( 'NONE', ( #1389 ), #6421 ) ;
#5223 = AXIS2_PLACEMENT_3D ( 'NONE', #8788, #5590, #4146 ) ;
#5224 = CARTESIAN_POINT ( 'NONE',  ( -0.1320534741669917023, 0.04921266357763776078, 0.1043653315612598498 ) ) ;
#5225 = DIRECTION ( 'NONE',  ( -6.123233995736766036E-17, 1.000000000000000000, 0.0000000000000000000 ) ) ;
#5226 = ORIENTED_EDGE ( 'NONE', *, *, #3739, .T. ) ;
#5227 = VECTOR ( 'NONE', #4792, 39.37007874015748143 ) ;
#5228 = CARTESIAN_POINT ( 'NONE',  ( -0.07086608198771658651, 0.04330715176661416310, 0.007874015748031495954 ) ) ;
#5229 = CARTESIAN_POINT ( 'NONE',  ( -0.1200786804129134189, 6.515244094229544203E-08, 0.07279771312318503163 ) ) ;
#5230 = DIRECTION ( 'NONE',  ( -6.123233995736766036E-17, 1.000000000000000000, 0.0000000000000000000 ) ) ;
#5231 = EDGE_LOOP ( 'NONE', ( #8113, #2485, #1051, #3424, #4143 ) ) ;
#5232 = ADVANCED_FACE ( 'NONE', ( #6676 ), #9971, .T. ) ;
#5233 = ORIENTED_EDGE ( 'NONE', *, *, #3111, .T. ) ;
#5234 = LINE ( 'NONE', #1254, #441 ) ;
#5235 = CARTESIAN_POINT ( 'NONE',  ( -0.1381303471247818937, 0.05514008358457105075, 0.09856445025994736708 ) ) ;
#5236 = FACE_OUTER_BOUND ( 'NONE', #1723, .T. ) ;
#5237 = CARTESIAN_POINT ( 'NONE',  ( -0.1023621449798425287, -0.05577387916803935169, 0.01922186197313554765 ) ) ;
#5238 = ORIENTED_EDGE ( 'NONE', *, *, #1804, .F. ) ;
#5239 = ORIENTED_EDGE ( 'NONE', *, *, #5868, .F. ) ;
#5240 = DIRECTION ( 'NONE',  ( 6.123233995736766036E-17, -1.000000000000000000, 0.0000000000000000000 ) ) ;
#5241 = ORIENTED_EDGE ( 'NONE', *, *, #7656, .F. ) ;
#5242 = AXIS2_PLACEMENT_3D ( 'NONE', #8783, #4858, #928 ) ;
#5243 = CARTESIAN_POINT ( 'NONE',  ( 0.2854331306106298038, -0.06573334738840086455, 0.08699900598517536221 ) ) ;
#5244 = CARTESIAN_POINT ( 'NONE',  ( -0.1358267119089763830, 0.04108480525475238787, 0.06580384561576745062 ) ) ;
#5245 = VECTOR ( 'NONE', #4604, 39.37007874015748143 ) ;
#5246 = VERTEX_POINT ( 'NONE', #8999 ) ;
#5247 = VECTOR ( 'NONE', #2475, 39.37007874015748143 ) ;
#5248 = CARTESIAN_POINT ( 'NONE',  ( 0.1279528156500787661, -7.435394413446427819E-06, 0.07283464566929133410 ) ) ;
#5249 = EDGE_CURVE ( 'NONE', #9521, #5794, #8672, .T. ) ;
#5250 = CARTESIAN_POINT ( 'NONE',  ( -0.1306664595701056419, -0.05511804508377857181, 0.04807044513992778795 ) ) ;
#5251 = CARTESIAN_POINT ( 'NONE',  ( 0.1275486119945669350, 0.009563524541771669524, 0.1295123874561417143 ) ) ;
#5252 = CARTESIAN_POINT ( 'NONE',  ( -0.1397637197829998679, -0.04795693560924111504, 0.05165051850820837065 ) ) ;
#5253 = CARTESIAN_POINT ( 'NONE',  ( -0.1200786804129133911, -0.04258975358220504215, 0.09734802097532636866 ) ) ;
#5254 = CARTESIAN_POINT ( 'NONE',  ( -0.1279526961609449009, 0.02755912027055118160, 0.1029190095611923067 ) ) ;
#5255 = AXIS2_PLACEMENT_3D ( 'NONE', #9732, #5912, #9061 ) ;
#5256 = CARTESIAN_POINT ( 'NONE',  ( 0.2854331306106263066, 0.01534866113334441319, 0.1417322834645639851 ) ) ;
#5257 = CARTESIAN_POINT ( 'NONE',  ( -0.1392992980403947034, 0.04779885739979551629, 0.09951829941663964396 ) ) ;
#5258 = CARTESIAN_POINT ( 'NONE',  ( -0.1397637197829944833, 0.05044266335887592767, 0.09853438344135005689 ) ) ;
#5259 = ORIENTED_EDGE ( 'NONE', *, *, #10063, .F. ) ;
#5260 = CARTESIAN_POINT ( 'NONE',  ( 0.1200787999020470065, -0.04735200674083527017, 0.1338581359958221639 ) ) ;
#5261 = ORIENTED_EDGE ( 'NONE', *, *, #650, .F. ) ;
#5262 = CARTESIAN_POINT ( 'NONE',  ( -0.1397637197829920963, -0.05034613085089328921, 0.07026470062804558714 ) ) ;
#5263 = VECTOR ( 'NONE', #2388, 39.37007874015748143 ) ;
#5264 = CARTESIAN_POINT ( 'NONE',  ( -0.1304272508542522191, -0.05118103720976377446, 0.07290410729929239220 ) ) ;
#5265 = DIRECTION ( 'NONE',  ( 1.000000000000000000, 6.123233995736766036E-17, 0.0000000000000000000 ) ) ;
#5266 = CARTESIAN_POINT ( 'NONE',  ( 0.1673228943901210741, -0.02952736879809106721, 0.07480314978592199349 ) ) ;
#5267 = CARTESIAN_POINT ( 'NONE',  ( -0.1382438048575628520, 0.05365324104836170782, 0.07740273020426101380 ) ) ;
#5268 = VERTEX_POINT ( 'NONE', #6623 ) ;
#5269 = CARTESIAN_POINT ( 'NONE',  ( 0.1751969101381906369, 0.06281927025020936362, 0.08319616023792154869 ) ) ;
#5270 = ORIENTED_EDGE ( 'NONE', *, *, #657, .F. ) ;
#5271 = LINE ( 'NONE', #7528, #8017 ) ;
#5272 = AXIS2_PLACEMENT_3D ( 'NONE', #1633, #856, #3307 ) ;
#5273 =( BOUNDED_CURVE ( )  B_SPLINE_CURVE ( 3, ( #8319, #2260, #7826, #7059 ),
 .UNSPECIFIED., .F., .T. ) 
 B_SPLINE_CURVE_WITH_KNOTS ( ( 4, 4 ),
 ( 0.0000000000000000000, 1.000000000000000000 ),
 .UNSPECIFIED. ) 
 CURVE ( )  GEOMETRIC_REPRESENTATION_ITEM ( )  RATIONAL_B_SPLINE_CURVE ( ( 1.009166061096366418, 1.017514637672983779, 1.031566214436081985, 1.051320791385661035 ) ) 
 REPRESENTATION_ITEM ( '' )  );
#5274 = CARTESIAN_POINT ( 'NONE',  ( -0.1377950662575663510, -0.04349872198949678720, 0.09833369810195460858 ) ) ;
#5275 = DIRECTION ( 'NONE',  ( -0.0000000000000000000, 0.0000000000000000000, 1.000000000000000000 ) ) ;
#5276 = ADVANCED_FACE ( 'NONE', ( #1927 ), #5664, .T. ) ;
#5277 = ORIENTED_EDGE ( 'NONE', *, *, #2628, .F. ) ;
#5278 = CARTESIAN_POINT ( 'NONE',  ( -0.1397637197829917077, 0.04724415964062865514, 0.09719780979657804965 ) ) ;
#5279 = CARTESIAN_POINT ( 'NONE',  ( 0.1594488786421259519, -0.009398203344406171056, 0.08198964333456494613 ) ) ;
#5280 = CARTESIAN_POINT ( 'NONE',  ( -0.1318897757064173559, -0.05511804508377951550, 0.06152421932444881308 ) ) ;
#5281 = DIRECTION ( 'NONE',  ( -1.000000000000000000, -6.123233995736766036E-17, 0.0000000000000000000 ) ) ;
#5282 = ORIENTED_EDGE ( 'NONE', *, *, #4516, .T. ) ;
#5283 = AXIS2_PLACEMENT_3D ( 'NONE', #2265, #1484, #8613 ) ;
#5284 = B_SPLINE_CURVE_WITH_KNOTS ( 'NONE', 3,
 ( #9289, #9393, #2969, #1451, #6974, #2181, #5332, #8472, #4557, #10071, #3782, #6295 ),
 .UNSPECIFIED., .F., .F.,
 ( 4, 2, 2, 2, 2, 4 ),
 ( 0.0000000000000000000, 0.2500000000000058842, 0.3750000000000105471, 0.4375000000000120459, 0.5000000000000134337, 1.000000000000000000 ),
 .UNSPECIFIED. ) ;
#5285 = ORIENTED_EDGE ( 'NONE', *, *, #6044, .F. ) ;
#5286 = EDGE_CURVE ( 'NONE', #384, #4522, #5720, .T. ) ;
#5287 = CARTESIAN_POINT ( 'NONE',  ( -0.1279526961609448454, -0.05424663412717407179, 0.1320352251512950381 ) ) ;
#5288 = CARTESIAN_POINT ( 'NONE',  ( -0.1279526961609449287, 0.05511817538866135152, 0.1022740480997339774 ) ) ;
#5289 = CARTESIAN_POINT ( 'NONE',  ( -0.1023621449798425564, 0.05125010318089414513, 0.01567416640385535867 ) ) ;
#5290 = CARTESIAN_POINT ( 'NONE',  ( -0.1279526961609450120, -0.02755898996566928660, 0.03543307086613975421 ) ) ;
#5291 = ORIENTED_EDGE ( 'NONE', *, *, #9236, .T. ) ;
#5292 = CARTESIAN_POINT ( 'NONE',  ( -0.1396910368104249678, -0.05127710766928138958, 0.07139843409965304644 ) ) ;
#5293 = VERTEX_POINT ( 'NONE', #7029 ) ;
#5294 = CARTESIAN_POINT ( 'NONE',  ( 0.1279528154388308026, 0.05346377719323798516, 0.02152411415200217171 ) ) ;
#5295 = ORIENTED_EDGE ( 'NONE', *, *, #5338, .T. ) ;
#5296 = CARTESIAN_POINT ( 'NONE',  ( 0.1306496570495669363, 6.515244097005101764E-08, 0.07480314960629920462 ) ) ;
#5297 = CARTESIAN_POINT ( 'NONE',  ( 0.1594488786421259241, -0.0007482822216696793189, 0.06298538185115164223 ) ) ;
#5298 = ORIENTED_EDGE ( 'NONE', *, *, #10113, .F. ) ;
#5299 = LINE ( 'NONE', #8283, #1123 ) ;
#5300 = ORIENTED_EDGE ( 'NONE', *, *, #6626, .F. ) ;
#5301 = CARTESIAN_POINT ( 'NONE',  ( 0.1200787999020445640, 0.07312442612164216094, 0.1295835179620874189 ) ) ;
#5302 = DIRECTION ( 'NONE',  ( -0.0000000000000000000, 0.0000000000000000000, 1.000000000000000000 ) ) ;
#5303 = CARTESIAN_POINT ( 'NONE',  ( 0.2854331306106299149, 6.515244097103107447E-08, 0.07480314960629920462 ) ) ;
#5304 = CARTESIAN_POINT ( 'NONE',  ( -0.1371863431266564515, 0.04330715176661507904, 0.07855516656423153221 ) ) ;
#5305 = LINE ( 'NONE', #8448, #3090 ) ;
#5306 = CARTESIAN_POINT ( 'NONE',  ( -0.1023621449798425287, -0.07874009232787400336, 0.07480314960629513843 ) ) ;
#5307 = EDGE_LOOP ( 'NONE', ( #10121, #6891, #5419, #6167 ) ) ;
#5308 = CARTESIAN_POINT ( 'NONE',  ( -0.1279526961609449842, 0.06401921594921237968, 0.1217128955210557834 ) ) ;
#5309 = CARTESIAN_POINT ( 'NONE',  ( -0.07086608198771682243, 0.05125010318090077871, 0.01567416640385433171 ) ) ;
#5310 = CARTESIAN_POINT ( 'NONE',  ( -0.1377950662575684604, 0.05886348273491247285, 0.04321558786573537203 ) ) ;
#5311 = CARTESIAN_POINT ( 'NONE',  ( 0.1673228943901574062, -0.01486261893394341151, 0.1006046037597869564 ) ) ;
#5312 = CARTESIAN_POINT ( 'NONE',  ( 0.1240158077760625255, -0.04724402933574724933, 0.007874015748031357176 ) ) ;
#5313 = ORIENTED_EDGE ( 'NONE', *, *, #9945, .T. ) ;
#5314 = CARTESIAN_POINT ( 'NONE',  ( -0.04226099646619785322, -0.02438014202174296902, 0.007874015748031499423 ) ) ;
#5315 = ORIENTED_EDGE ( 'NONE', *, *, #9245, .T. ) ;
#5316 = CARTESIAN_POINT ( 'NONE',  ( -0.1279526961609449009, 0.05314967145165355733, 0.07086614173228344971 ) ) ;
#5317 = ADVANCED_FACE ( 'NONE', ( #3788 ), #9344, .F. ) ;
#5318 = CARTESIAN_POINT ( 'NONE',  ( -0.1369911382989771331, -0.06062868944155110768, 0.1022137262140660335 ) ) ;
#5319 = CARTESIAN_POINT ( 'NONE',  ( -0.1320534741669966150, 0.05161484371730156590, 0.1043653315612598498 ) ) ;
#5320 = EDGE_CURVE ( 'NONE', #7489, #3828, #1553, .T. ) ;
#5321 = ORIENTED_EDGE ( 'NONE', *, *, #2884, .T. ) ;
#5322 = CARTESIAN_POINT ( 'NONE',  ( -0.1200786804129134050, 0.05586047468624880108, 0.1302975371309894326 ) ) ;
#5323 = CARTESIAN_POINT ( 'NONE',  ( -0.1384513838249870898, 0.05183733549365415749, 0.07717662042336546901 ) ) ;
#5324 = ORIENTED_EDGE ( 'NONE', *, *, #6264, .T. ) ;
#5325 = CARTESIAN_POINT ( 'NONE',  ( -0.1304272508542475006, 0.04330715176661405208, 0.09999718804005809647 ) ) ;
#5326 = VERTEX_POINT ( 'NONE', #5484 ) ;
#5327 = CARTESIAN_POINT ( 'NONE',  ( -0.1279526961609449287, 0.05096962306764784428, 0.07294286143587487559 ) ) ;
#5328 = EDGE_CURVE ( 'NONE', #1506, #7863, #9253, .T. ) ;
#5329 =( BOUNDED_SURFACE ( )  B_SPLINE_SURFACE ( 3, 3, ( 
 ( #5814, #2722, #6585, #9736 ),
 ( #8911, #9886, #5863, #1836 ),
 ( #3499, #8286, #1013, #1939 ),
 ( #9831, #394, #9067, #4215 ) ),
 .UNSPECIFIED., .F., .F., .F. ) 
 B_SPLINE_SURFACE_WITH_KNOTS ( ( 4, 4 ),
 ( 4, 4 ),
 ( 0.0000000000000000000, 1.000000000000000000 ),
 ( 0.0000000000000000000, 1.000000000000000000 ),
 .UNSPECIFIED. ) 
 GEOMETRIC_REPRESENTATION_ITEM ( )  RATIONAL_B_SPLINE_SURFACE ( (
 ( 1.000000000000000000, 0.9823076119367524228, 0.9823076119367524228, 1.000000000000000000),
 ( 0.8425084105511513322, 0.8276024248051304655, 0.8276024248051304655, 0.8425084105511513322),
 ( 0.8425084105511513322, 0.8276024248051304655, 0.8276024248051304655, 0.8425084105511513322),
 ( 1.000000000000000000, 0.9823076119367524228, 0.9823076119367524228, 1.000000000000000000) ) ) 
 REPRESENTATION_ITEM ( '' )  SURFACE ( )  );
#5330 = FACE_OUTER_BOUND ( 'NONE', #75, .T. ) ;
#5331 = CARTESIAN_POINT ( 'NONE',  ( -0.1023621449798425148, -0.05054548199649407797, 0.1337844026243306950 ) ) ;
#5332 = CARTESIAN_POINT ( 'NONE',  ( -0.1356028212170868608, -0.05183755891906689783, 0.07503742324912525408 ) ) ;
#5333 = CARTESIAN_POINT ( 'NONE',  ( -0.1303548763006045497, -0.05331331127880051257, 0.07727225082051179805 ) ) ;
#5334 = ORIENTED_EDGE ( 'NONE', *, *, #8209, .T. ) ;
#5335 = CARTESIAN_POINT ( 'NONE',  ( -0.1377952023308136875, -0.04409143689176481251, 0.1047322620396675952 ) ) ;
#5336 = VERTEX_POINT ( 'NONE', #10076 ) ;
#5337 = CARTESIAN_POINT ( 'NONE',  ( 0.1200787999020466318, 0.06308354157116988215, 0.1219251975557437834 ) ) ;
#5338 = EDGE_CURVE ( 'NONE', #1373, #8274, #9818, .T. ) ;
#5339 = EDGE_LOOP ( 'NONE', ( #4129, #3377, #183, #8573, #3185, #4550, #646, #5174, #2187, #5074, #9923, #9763, #7600, #4668 ) ) ;
#5340 = EDGE_CURVE ( 'NONE', #2688, #7929, #9294, .T. ) ;
#5341 = CARTESIAN_POINT ( 'NONE',  ( -0.1358267221532746816, 0.04330715176662494614, 0.09719780879090611503 ) ) ;
#5342 = VERTEX_POINT ( 'NONE', #2974 ) ;
#5343 = CARTESIAN_POINT ( 'NONE',  ( 0.1240158077760625116, 0.04724415964062991802, 0.007874015748031355441 ) ) ;
#5344 = LINE ( 'NONE', #2931, #9187 ) ;
#5345 = CARTESIAN_POINT ( 'NONE',  ( 0.07961775780536002600, 0.01968510452251973075, 0.007874015748034158754 ) ) ;
#5346 = CARTESIAN_POINT ( 'NONE',  ( -0.1200786804129134466, -0.04324923527703193604, 0.09635638864306826645 ) ) ;
#5347 = EDGE_CURVE ( 'NONE', #3273, #2591, #1031, .T. ) ;
#5348 = B_SPLINE_CURVE_WITH_KNOTS ( 'NONE', 3,
 ( #4585, #6020, #9171, #648 ),
 .UNSPECIFIED., .F., .F.,
 ( 4, 4 ),
 ( 0.0000000000000000000, 1.000000000000000000 ),
 .UNSPECIFIED. ) ;
#5349 = CARTESIAN_POINT ( 'NONE',  ( -0.1397637197829922073, 0.04850300744622107474, 0.09739206747951976995 ) ) ;
#5350 = VERTEX_POINT ( 'NONE', #5337 ) ;
#5351 = DIRECTION ( 'NONE',  ( 0.0000000000000000000, 0.0000000000000000000, 1.000000000000000000 ) ) ;
#5352 = CARTESIAN_POINT ( 'NONE',  ( -0.1279526961609449287, 0.07874022263275587408, 0.08475119114732544701 ) ) ;
#5353 = CARTESIAN_POINT ( 'NONE',  ( -0.1397637197829920686, -0.04853563690067130842, 0.05274686401081740694 ) ) ;
#5354 = CARTESIAN_POINT ( 'NONE',  ( 0.1770866739177164584, 6.515244097005101764E-08, 0.07480314960629920462 ) ) ;
#5355 = CARTESIAN_POINT ( 'NONE',  ( -0.1003936410428345610, -0.07312429581674517731, 0.1295835179620898059 ) ) ;
#5356 = CARTESIAN_POINT ( 'NONE',  ( -0.09141672148863111413, 0.04126866517856762201, 0.01567416640385432478 ) ) ;
#5357 = ORIENTED_EDGE ( 'NONE', *, *, #2664, .F. ) ;
#5358 = CARTESIAN_POINT ( 'NONE',  ( 0.1200787999020466457, -0.04740778751996906071, 0.01574803149606297109 ) ) ;
#5359 = VERTEX_POINT ( 'NONE', #3130 ) ;
#5360 = CARTESIAN_POINT ( 'NONE',  ( -0.1384513838249978035, 0.05011519207375279145, 0.07691415964704011177 ) ) ;
#5361 = CARTESIAN_POINT ( 'NONE',  ( -0.1378094211395435031, -0.05088291058261155270, 0.09374697602903288296 ) ) ;
#5362 = CARTESIAN_POINT ( 'NONE',  ( 0.02272470356925187368, 6.515244097005101764E-08, 0.007874015748031495954 ) ) ;
#5363 = ORIENTED_EDGE ( 'NONE', *, *, #873, .T. ) ;
#5364 = EDGE_CURVE ( 'NONE', #3126, #2888, #8176, .T. ) ;
#5365 = CARTESIAN_POINT ( 'NONE',  ( 0.1358268313981138287, -0.04870915317130544708, 0.1218718777011903454 ) ) ;
#5366 = CARTESIAN_POINT ( 'NONE',  ( 0.1751969101381888883, 0.03156995491429748918, 0.07377344466119091504 ) ) ;
#5367 = DIRECTION ( 'NONE',  ( 0.0000000000000000000, 0.0000000000000000000, -1.000000000000000000 ) ) ;
#5368 = DIRECTION ( 'NONE',  ( 1.000000000000000000, 0.0000000000000000000, -0.0000000000000000000 ) ) ;
#5369 = ORIENTED_EDGE ( 'NONE', *, *, #7596, .F. ) ;
#5370 = CYLINDRICAL_SURFACE ( 'NONE', #9494, 0.009842519685039369942 ) ;
#5371 = EDGE_LOOP ( 'NONE', ( #6252, #4046, #994, #3385 ) ) ;
#5372 = CARTESIAN_POINT ( 'NONE',  ( -0.1200786804129134189, -0.02755898996566929701, 0.1029190095611923206 ) ) ;
#5373 = VECTOR ( 'NONE', #8631, 39.37007874015748143 ) ;
#5374 = EDGE_CURVE ( 'NONE', #9083, #7992, #727, .T. ) ;
#5375 = CARTESIAN_POINT ( 'NONE',  ( -0.1384513838249837869, 0.04658799166161312066, 0.07717662042336301265 ) ) ;
#5376 = AXIS2_PLACEMENT_3D ( 'NONE', #4181, #1852, #264 ) ;
#5377 = CARTESIAN_POINT ( 'NONE',  ( -0.1279526961609449565, -0.05331331127880053339, 0.07727225082051178418 ) ) ;
#5378 = EDGE_LOOP ( 'NONE', ( #3519, #9909, #4744 ) ) ;
#5379 = CARTESIAN_POINT ( 'NONE',  ( -0.1377952649850889832, -0.05868868573806095001, 0.1037884082312702239 ) ) ;
#5380 = ORIENTED_EDGE ( 'NONE', *, *, #7934, .F. ) ;
#5381 = DIRECTION ( 'NONE',  ( 0.0000000000000000000, 1.000000000000000000, 0.0000000000000000000 ) ) ;
#5382 = ORIENTED_EDGE ( 'NONE', *, *, #4769, .F. ) ;
#5383 =( BOUNDED_CURVE ( )  B_SPLINE_CURVE ( 3, ( #3649, #952, #6261, #7809 ),
 .UNSPECIFIED., .F., .T. ) 
 B_SPLINE_CURVE_WITH_KNOTS ( ( 4, 4 ),
 ( 0.0000000000000000000, 1.000000000000000000 ),
 .UNSPECIFIED. ) 
 CURVE ( )  GEOMETRIC_REPRESENTATION_ITEM ( )  RATIONAL_B_SPLINE_CURVE ( ( 1.000000000000000000, 0.9976647929700221962, 0.9976647929700221962, 1.000000000000000000 ) ) 
 REPRESENTATION_ITEM ( '' )  );
#5384 = ORIENTED_EDGE ( 'NONE', *, *, #3548, .T. ) ;
#5385 = VECTOR ( 'NONE', #2899, 39.37007874015748143 ) ;
#5386 = CIRCLE ( 'NONE', #4894, 0.01181102362204724393 ) ;
#5387 = B_SPLINE_CURVE_WITH_KNOTS ( 'NONE', 3,
 ( #6990, #549, #3034, #5253, #5346, #4578, #2298, #3700, #1510, #9262, #1370, #6847, #3848, #2935, #7712, #3746 ),
 .UNSPECIFIED., .F., .F.,
 ( 4, 2, 2, 2, 2, 2, 2, 4 ),
 ( 0.0000000000000000000, 0.1249999999999995004, 0.2499999999999990008, 0.3749999999999985012, 0.4374999999999986122, 0.4999999999999987788, 0.7499999999999994449, 1.000000000000000000 ),
 .UNSPECIFIED. ) ;
#5388 = CARTESIAN_POINT ( 'NONE',  ( -0.1023621449798425426, -0.05580272344869276896, 0.1303554929783366789 ) ) ;
#5389 = CARTESIAN_POINT ( 'NONE',  ( 0.1594488786421259241, 0.01181108877448820010, 0.07480314960629919074 ) ) ;
#5390 = EDGE_CURVE ( 'NONE', #7799, #3616, #4712, .T. ) ;
#5391 = ORIENTED_EDGE ( 'NONE', *, *, #8329, .F. ) ;
#5392 = EDGE_CURVE ( 'NONE', #5611, #10078, #7855, .T. ) ;
#5393 = CARTESIAN_POINT ( 'NONE',  ( -0.1279526961609449009, -0.05511804508377857875, 0.04786747128990201383 ) ) ;
#5394 = AXIS2_PLACEMENT_3D ( 'NONE', #9683, #7932, #7263 ) ;
#5395 = CARTESIAN_POINT ( 'NONE',  ( -0.1377952158459842813, 0.03051187617606296310, 0.09462550531523622466 ) ) ;
#5396 = AXIS2_PLACEMENT_3D ( 'NONE', #43, #3200, #6316 ) ;
#5397 = CARTESIAN_POINT ( 'NONE',  ( 0.008858327461102322165, -0.01968497421763774555, 0.01574803149606299191 ) ) ;
#5398 = CARTESIAN_POINT ( 'NONE',  ( -0.03740151505858272524, -0.05511804508377951550, 0.007874015748031495954 ) ) ;
#5399 = ADVANCED_FACE ( 'NONE', ( #10119 ), #3945, .T. ) ;
#5400 = VECTOR ( 'NONE', #4318, 39.37007874015748143 ) ;
#5401 = ORIENTED_EDGE ( 'NONE', *, *, #5795, .T. ) ;
#5402 = VECTOR ( 'NONE', #420, 39.37007874015748854 ) ;
#5403 = CARTESIAN_POINT ( 'NONE',  ( -0.1279526961609449009, 0.05183733549365963922, 0.1041450685247776453 ) ) ;
#5404 = CARTESIAN_POINT ( 'NONE',  ( -0.1378094211395228252, 0.04264239017527887698, 0.04198365669230939845 ) ) ;
#5405 = LINE ( 'NONE', #6128, #147 ) ;
#5406 = CARTESIAN_POINT ( 'NONE',  ( -0.1345311821691144161, -0.05511804508377951550, 0.05176770369185493964 ) ) ;
#5407 = ORIENTED_EDGE ( 'NONE', *, *, #195, .T. ) ;
#5408 = CARTESIAN_POINT ( 'NONE',  ( -0.1338582079719684848, 0.03468974784687263446, 0.09342112518274574284 ) ) ;
#5409 = AXIS2_PLACEMENT_3D ( 'NONE', #8771, #4127, #2415 ) ;
#5410 = VERTEX_POINT ( 'NONE', #3837 ) ;
#5411 = FACE_OUTER_BOUND ( 'NONE', #8328, .T. ) ;
#5412 = CARTESIAN_POINT ( 'NONE',  ( -0.1384513838249707973, -0.05015874144794500722, 0.07322390921021193488 ) ) ;
#5413 = VECTOR ( 'NONE', #6445, 39.37007874015748143 ) ;
#5414 = CARTESIAN_POINT ( 'NONE',  ( -0.1369911382989771609, -0.04144547624654316975, 0.09725700262203025581 ) ) ;
#5415 = LINE ( 'NONE', #613, #9519 ) ;
#5416 = ORIENTED_EDGE ( 'NONE', *, *, #478, .F. ) ;
#5417 = CARTESIAN_POINT ( 'NONE',  ( 0.1594488786421258963, -0.007827945279134418052, 0.08368826020255433484 ) ) ;
#5418 = CARTESIAN_POINT ( 'NONE',  ( 0.06945871573373636754, 0.01968510452251841930, 0.01574803149606297109 ) ) ;
#5419 = ORIENTED_EDGE ( 'NONE', *, *, #3480, .T. ) ;
#5420 = CARTESIAN_POINT ( 'NONE',  ( -0.1339560267386347703, 0.04658799166161241290, 0.1032025161509046718 ) ) ;
#5421 = B_SPLINE_CURVE_WITH_KNOTS ( 'NONE', 3,
 ( #8378, #2073, #1481, #5412 ),
 .UNSPECIFIED., .F., .F.,
 ( 4, 4 ),
 ( 0.0000000000000000000, 1.000000000000000000 ),
 .UNSPECIFIED. ) ;
#5422 = ORIENTED_EDGE ( 'NONE', *, *, #5455, .F. ) ;
#5423 = CARTESIAN_POINT ( 'NONE',  ( -0.1023621449798425564, 6.515244094186289936E-08, 0.01049868766404223400 ) ) ;
#5424 = VECTOR ( 'NONE', #1528, 39.37007874015748143 ) ;
#5425 = B_SPLINE_CURVE_WITH_KNOTS ( 'NONE', 3,
 ( #117, #1546, #5527, #8057, #8733, #7234, #1599, #7076 ),
 .UNSPECIFIED., .F., .F.,
 ( 4, 2, 2, 4 ),
 ( 0.5000000015272897391, 0.7500000007636449251, 0.8750000003818224625, 1.000000000000000000 ),
 .UNSPECIFIED. ) ;
#5426 = CARTESIAN_POINT ( 'NONE',  ( -0.1241888115842773727, -0.04724402933574807506, 0.0008486070581901342721 ) ) ;
#5427 = DIRECTION ( 'NONE',  ( -1.000000000000000000, -6.123233995736766036E-17, 0.0000000000000000000 ) ) ;
#5428 = CARTESIAN_POINT ( 'NONE',  ( -0.1361644537893928197, -0.01782797711860759082, 0.02476795825400040715 ) ) ;
#5429 = FACE_OUTER_BOUND ( 'NONE', #5854, .T. ) ;
#5430 = ORIENTED_EDGE ( 'NONE', *, *, #5908, .F. ) ;
#5431 = CARTESIAN_POINT ( 'NONE',  ( -0.1377950977659865850, -0.04855455626237320521, 0.1093935753629405455 ) ) ;
#5432 = VERTEX_POINT ( 'NONE', #681 ) ;
#5433 = FACE_OUTER_BOUND ( 'NONE', #6833, .T. ) ;
#5434 = VERTEX_POINT ( 'NONE', #6980 ) ;
#5435 = ORIENTED_EDGE ( 'NONE', *, *, #841, .T. ) ;
#5436 = ADVANCED_FACE ( 'NONE', ( #5433 ), #8583, .F. ) ;
#5437 = CARTESIAN_POINT ( 'NONE',  ( 0.1318898235240944239, -0.04724402933574797792, 6.936332796413168713E-18 ) ) ;
#5438 = CARTESIAN_POINT ( 'NONE',  ( 0.1594488786421260074, 0.007828075584016958369, 0.06591803901004472666 ) ) ;
#5439 = CARTESIAN_POINT ( 'NONE',  ( 0.1200787999020472285, 0.08462527037685216302, 0.06419340505662002316 ) ) ;
#5440 = ORIENTED_EDGE ( 'NONE', *, *, #3260, .F. ) ;
#5441 =( BOUNDED_CURVE ( )  B_SPLINE_CURVE ( 3, ( #390, #6680, #9825, #2772 ),
 .UNSPECIFIED., .F., .T. ) 
 B_SPLINE_CURVE_WITH_KNOTS ( ( 4, 4 ),
 ( 0.0000000000000000000, 0.003192902389789672394 ),
 .UNSPECIFIED. ) 
 CURVE ( )  GEOMETRIC_REPRESENTATION_ITEM ( )  RATIONAL_B_SPLINE_CURVE ( ( 1.000000000000000000, 0.9999916152740437880, 0.9999916152740437880, 1.000000000000000000 ) ) 
 REPRESENTATION_ITEM ( '' )  );
#5442 = VECTOR ( 'NONE', #8015, 39.37007874015748143 ) ;
#5443 = ORIENTED_EDGE ( 'NONE', *, *, #4581, .F. ) ;
#5444 = CARTESIAN_POINT ( 'NONE',  ( -0.1384513838249901152, -0.04658786135674033990, 0.05008353968260950695 ) ) ;
#5445 = CARTESIAN_POINT ( 'NONE',  ( -0.1200786804129134189, 0.02755912027055118854, 0.04668728965140610948 ) ) ;
#5446 = EDGE_CURVE ( 'NONE', #72, #6202, #3949, .T. ) ;
#5447 = EDGE_CURVE ( 'NONE', #5342, #2788, #8673, .T. ) ;
#5448 = DIRECTION ( 'NONE',  ( 0.0000000000000000000, 0.0000000000000000000, -1.000000000000000000 ) ) ;
#5449 = ORIENTED_EDGE ( 'NONE', *, *, #1625, .T. ) ;
#5450 = CARTESIAN_POINT ( 'NONE',  ( 0.2854331306106299704, 6.559375512426273396E-08, 0.09055101575812694870 ) ) ;
#5451 = CARTESIAN_POINT ( 'NONE',  ( -0.1338264499774732830, -0.05382000071454001028, 0.07579462598281246077 ) ) ;
#5452 = LINE ( 'NONE', #10091, #5890 ) ;
#5453 = CARTESIAN_POINT ( 'NONE',  ( -0.1279526961609449009, -0.05711992014257685768, 0.04730134657852113483 ) ) ;
#5454 =( LENGTH_UNIT ( ) NAMED_UNIT ( * ) SI_UNIT ( $, .METRE. ) );
#5455 = EDGE_CURVE ( 'NONE', #10055, #4650, #7291, .T. ) ;
#5456 = CARTESIAN_POINT ( 'NONE',  ( 0.1200787999020472285, 0.08469201950953361702, 0.04824010804701849009 ) ) ;
#5457 = ORIENTED_EDGE ( 'NONE', *, *, #8388, .F. ) ;
#5458 = CARTESIAN_POINT ( 'NONE',  ( 0.1751969101381924132, 0.06462032935391809341, 0.08407991415611455743 ) ) ;
#5459 = EDGE_LOOP ( 'NONE', ( #8004, #2877, #7509, #8684 ) ) ;
#5460 = CARTESIAN_POINT ( 'NONE',  ( -0.1397637197829920686, -0.05118103720976373977, 0.07010472905582725012 ) ) ;
#5461 = ADVANCED_FACE ( 'NONE', ( #990 ), #6043, .T. ) ;
#5462 = CARTESIAN_POINT ( 'NONE',  ( 0.1200787999020401647, -0.08271261380955619025, 0.04896673270850931264 ) ) ;
#5463 = ADVANCED_FACE ( 'NONE', ( #7181 ), #4763, .T. ) ;
#5464 = ADVANCED_BREP_SHAPE_REPRESENTATION ( '74661A69-EAB1-4AAF-972D-68C3622D1F66', ( #6421, #8549 ), #3120 ) ;
#5465 = CARTESIAN_POINT ( 'NONE',  ( -0.1279526961609449287, 0.05183733554516822828, 0.1041450685063895903 ) ) ;
#5466 = CARTESIAN_POINT ( 'NONE',  ( 0.1791339180122046293, -0.01181095846960627908, 0.07480314960629920462 ) ) ;
#5467 = ORIENTED_EDGE ( 'NONE', *, *, #1352, .F. ) ;
#5468 = CARTESIAN_POINT ( 'NONE',  ( 0.1358268313981101372, 0.05046798338217216989, 0.1191681989646073553 ) ) ;
#5469 = LINE ( 'NONE', #8616, #5541 ) ;
#5470 = CARTESIAN_POINT ( 'NONE',  ( 0.2775591148625977667, 0.01018032671790190108, 0.07480314960629920462 ) ) ;
#5471 = DIRECTION ( 'NONE',  ( 6.123233995736766036E-17, -1.000000000000000000, -0.0000000000000000000 ) ) ;
#5472 = ORIENTED_EDGE ( 'NONE', *, *, #146, .F. ) ;
#5473 = FACE_OUTER_BOUND ( 'NONE', #3082, .T. ) ;
#5474 = ORIENTED_EDGE ( 'NONE', *, *, #6381, .F. ) ;
#5475 = CARTESIAN_POINT ( 'NONE',  ( -0.1397637197829914857, -0.04703649471458255793, 0.07100935149677979619 ) ) ;
#5476 = EDGE_CURVE ( 'NONE', #4727, #8743, #3375, .T. ) ;
#5477 = LINE ( 'NONE', #822, #9354 ) ;
#5478 = CARTESIAN_POINT ( 'NONE',  ( -0.1200786804129134466, 0.04626478821313250583, 0.05587573695313712702 ) ) ;
#5479 = CARTESIAN_POINT ( 'NONE',  ( -0.1384513838249816220, -0.04658786135674000684, 0.07296489896628358118 ) ) ;
#5480 = CARTESIAN_POINT ( 'NONE',  ( -0.1320534741669895373, -0.04921253327275591088, 0.07727225082051178418 ) ) ;
#5481 = VERTEX_POINT ( 'NONE', #6501 ) ;
#5482 = CARTESIAN_POINT ( 'NONE',  ( -0.1390562931984505868, -0.05453347262051655431, 0.06924824493518869084 ) ) ;
#5483 = ORIENTED_EDGE ( 'NONE', *, *, #1805, .T. ) ;
#5484 = CARTESIAN_POINT ( 'NONE',  ( 0.1358268313981101649, 6.515244095996706394E-08, 0.02362204724409449133 ) ) ;
#5485 = ORIENTED_EDGE ( 'NONE', *, *, #5726, .F. ) ;
#5486 = CARTESIAN_POINT ( 'NONE',  ( -0.1358266950448111243, -0.04330702146177716622, 0.07010473466359852523 ) ) ;
#5487 = CARTESIAN_POINT ( 'NONE',  ( -0.1279526961609451507, 0.04604350355043956844, 0.03846233362588804411 ) ) ;
#5488 = B_SPLINE_CURVE_WITH_KNOTS ( 'NONE', 3,
 ( #9071, #2726, #5968, #1944 ),
 .UNSPECIFIED., .F., .F.,
 ( 4, 4 ),
 ( 0.0000000000000000000, 1.000000000000000000 ),
 .UNSPECIFIED. ) ;
#5489 = CARTESIAN_POINT ( 'NONE',  ( 0.1200787999020472285, 0.08276059272420069335, 0.05398582685545019050 ) ) ;
#5490 = ORIENTED_EDGE ( 'NONE', *, *, #6991, .T. ) ;
#5491 = DIRECTION ( 'NONE',  ( 0.0000000000000000000, 0.0000000000000000000, 1.000000000000000000 ) ) ;
#5492 = DIRECTION ( 'NONE',  ( -1.000000000000000000, 0.0000000000000000000, -1.761828530288936422E-15 ) ) ;
#5493 = CARTESIAN_POINT ( 'NONE',  ( 0.2854331306106263622, -0.02703154249503884887, 0.05685840110220605204 ) ) ;
#5494 = LINE ( 'NONE', #5397, #8019 ) ;
#5495 = ADVANCED_FACE ( 'NONE', ( #4973 ), #9655, .T. ) ;
#5496 = CARTESIAN_POINT ( 'NONE',  ( -0.1395032496428390834, -0.04754142971074770685, 0.07172302478995917774 ) ) ;
#5497 =( BOUNDED_CURVE ( )  B_SPLINE_CURVE ( 3, ( #9135, #1248, #4395, #7537 ),
 .UNSPECIFIED., .F., .T. ) 
 B_SPLINE_CURVE_WITH_KNOTS ( ( 4, 4 ),
 ( 0.0000000000000000000, 1.000000000000000000 ),
 .UNSPECIFIED. ) 
 CURVE ( )  GEOMETRIC_REPRESENTATION_ITEM ( )  RATIONAL_B_SPLINE_CURVE ( ( 1.000000000000000000, 0.9960490760225676476, 0.9960490760225676476, 1.000000000000000000 ) ) 
 REPRESENTATION_ITEM ( '' )  );
#5498 = VERTEX_POINT ( 'NONE', #4095 ) ;
#5499 = CARTESIAN_POINT ( 'NONE',  ( 0.1279528156500778502, -0.04944784756880440252, 0.02402875576946018887 ) ) ;
#5500 = CARTESIAN_POINT ( 'NONE',  ( -0.1324224003850725806, 0.04460519613583042997, 0.07409706280939035161 ) ) ;
#5501 = DIRECTION ( 'NONE',  ( 1.000000000000000000, 6.123233995736766036E-17, 0.0000000000000000000 ) ) ;
#5502 = CARTESIAN_POINT ( 'NONE',  ( -0.1003936410428346304, -0.07383106540561715225, 0.08759842519685037687 ) ) ;
#5503 = EDGE_CURVE ( 'NONE', #2406, #6345, #7334, .T. ) ;
#5504 = PRESENTATION_STYLE_ASSIGNMENT (( #203 ) ) ;
#5505 = CARTESIAN_POINT ( 'NONE',  ( 0.1289301123453936437, 0.0004671026809842416540, 0.02387343440813385551 ) ) ;
#5506 = ORIENTED_EDGE ( 'NONE', *, *, #3006, .T. ) ;
#5507 = CARTESIAN_POINT ( 'NONE',  ( -0.1048030898617322848, -0.07869206574736223314, 0.1240157480314960509 ) ) ;
#5508 = EDGE_LOOP ( 'NONE', ( #4340, #7517, #4713, #10155, #2207, #9843, #4307, #842, #1301, #9121, #9810, #9212, #3592, #6902, #4331 ) ) ;
#5509 = DIRECTION ( 'NONE',  ( -6.123233995736766036E-17, 1.000000000000000000, 0.0000000000000000000 ) ) ;
#5510 = CARTESIAN_POINT ( 'NONE',  ( -0.07086608198771653100, -0.07874009232787403112, 0.03937007874015747977 ) ) ;
#5511 = EDGE_CURVE ( 'NONE', #9000, #9503, #8150, .T. ) ;
#5512 = EDGE_CURVE ( 'NONE', #5906, #3273, #2158, .T. ) ;
#5513 = DIRECTION ( 'NONE',  ( 1.000000000000000000, 6.123233995736766036E-17, 0.0000000000000000000 ) ) ;
#5514 = ORIENTED_EDGE ( 'NONE', *, *, #4825, .F. ) ;
#5515 = DIRECTION ( 'NONE',  ( 1.000000000000000000, 6.123233995736766036E-17, 0.0000000000000000000 ) ) ;
#5516 = DIRECTION ( 'NONE',  ( -6.123233995736766036E-17, 1.000000000000000000, 0.0000000000000000000 ) ) ;
#5517 = CARTESIAN_POINT ( 'NONE',  ( -0.08267710560976007650, -0.04330702146173233402, 0.01567416640385519214 ) ) ;
#5518 = EDGE_CURVE ( 'NONE', #7549, #123, #7134, .T. ) ;
#5519 = EDGE_CURVE ( 'NONE', #4286, #2441, #7075, .T. ) ;
#5520 = CYLINDRICAL_SURFACE ( 'NONE', #788, 0.01181102362204741220 ) ;
#5521 = FILL_AREA_STYLE ('',( #1488 ) ) ;
#5522 = ORIENTED_EDGE ( 'NONE', *, *, #9577, .F. ) ;
#5523 = CARTESIAN_POINT ( 'NONE',  ( -0.1279526961609449287, 0.04658799166161241290, 0.1041450685247972963 ) ) ;
#5524 = ORIENTED_EDGE ( 'NONE', *, *, #4121, .T. ) ;
#5525 = CARTESIAN_POINT ( 'NONE',  ( 0.1271679834689370403, -0.006818912908700762963, 0.1272156847795275492 ) ) ;
#5526 = CARTESIAN_POINT ( 'NONE',  ( -0.1279526961609449287, -0.05183720524023042314, 0.07705198776564245455 ) ) ;
#5527 = CARTESIAN_POINT ( 'NONE',  ( 0.1673228943901574062, 0.02639247852346769327, 0.05944761004865972004 ) ) ;
#5528 = CARTESIAN_POINT ( 'NONE',  ( -0.1279526961609449009, 0.04724415964063016782, 0.007874015748031487280 ) ) ;
#5529 = ORIENTED_EDGE ( 'NONE', *, *, #2876, .F. ) ;
#5530 = CARTESIAN_POINT ( 'NONE',  ( -0.1200786804129134189, 6.515244096254526017E-08, 0.1337844026243306117 ) ) ;
#5531 = ORIENTED_EDGE ( 'NONE', *, *, #7744, .F. ) ;
#5532 = DIRECTION ( 'NONE',  ( 1.000000000000000000, 6.123233995736766036E-17, 0.0000000000000000000 ) ) ;
#5533 = EDGE_CURVE ( 'NONE', #8234, #3873, #2857, .T. ) ;
#5534 = B_SPLINE_CURVE_WITH_KNOTS ( 'NONE', 3,
 ( #8138, #4224, #1071, #6596, #8040, #7422 ),
 .UNSPECIFIED., .F., .F.,
 ( 4, 2, 4 ),
 ( 0.0000000000000000000, 0.5000000000000000000, 1.000000000000000000 ),
 .UNSPECIFIED. ) ;
#5535 = VERTEX_POINT ( 'NONE', #8211 ) ;
#5536 = ORIENTED_EDGE ( 'NONE', *, *, #597, .F. ) ;
#5537 = LINE ( 'NONE', #1613, #4236 ) ;
#5538 = VECTOR ( 'NONE', #10174, 39.37007874015748854 ) ;
#5539 = VECTOR ( 'NONE', #5368, 39.37007874015748143 ) ;
#5540 = CARTESIAN_POINT ( 'NONE',  ( -0.1296134879619163238, 0.04330715176661405208, 0.1001741406417798463 ) ) ;
#5541 = VECTOR ( 'NONE', #9280, 39.37007874015748143 ) ;
#5542 = CARTESIAN_POINT ( 'NONE',  ( -0.1279526961609449009, 0.04574396294228264687, 0.1338582677165354173 ) ) ;
#5543 = ORIENTED_EDGE ( 'NONE', *, *, #8506, .F. ) ;
#5544 = CARTESIAN_POINT ( 'NONE',  ( -0.07086608198771716938, -0.05256407641520245699, 0.01617701702635583605 ) ) ;
#5545 = AXIS2_PLACEMENT_3D ( 'NONE', #3775, #2963, #8620 ) ;
#5546 = ORIENTED_EDGE ( 'NONE', *, *, #9173, .F. ) ;
#5547 = CIRCLE ( 'NONE', #7679, 0.003937007874015733232 ) ;
#5548 = CARTESIAN_POINT ( 'NONE',  ( -0.1181967381245797866, 6.515244346585078885E-08, 0.008298319277126642995 ) ) ;
#5549 = LINE ( 'NONE', #3141, #8237 ) ;
#5550 = CARTESIAN_POINT ( 'NONE',  ( -0.1338582079719684848, 0.01750235996636426497, 0.1244921229431144027 ) ) ;
#5551 = DIRECTION ( 'NONE',  ( 0.0000000000000000000, -1.000000000000000000, 0.0000000000000000000 ) ) ;
#5552 = DIRECTION ( 'NONE',  ( 1.000000000000000000, 6.123233995736766036E-17, 0.0000000000000000000 ) ) ;
#5553 = AXIS2_PLACEMENT_3D ( 'NONE', #8203, #1243, #1139 ) ;
#5554 = EDGE_CURVE ( 'NONE', #2136, #7799, #5112, .T. ) ;
#5555 = VERTEX_POINT ( 'NONE', #1864 ) ;
#5556 = AXIS2_PLACEMENT_3D ( 'NONE', #5264, #1286, #1132 ) ;
#5557 = DIRECTION ( 'NONE',  ( -6.123233995736766036E-17, 1.000000000000000000, 0.0000000000000000000 ) ) ;
#5558 = CARTESIAN_POINT ( 'NONE',  ( -0.1382247786220469898, -0.05382000071454371565, 0.05033047697753323391 ) ) ;
#5559 = DIRECTION ( 'NONE',  ( 1.000000000000000000, 6.123233995736766036E-17, 0.0000000000000000000 ) ) ;
#5560 = VECTOR ( 'NONE', #4366, 39.37007874015748143 ) ;
#5561 = CARTESIAN_POINT ( 'NONE',  ( 0.1274071583758266957, 0.01162903291248032663, 0.02324501234125590787 ) ) ;
#5562 = VERTEX_POINT ( 'NONE', #9759 ) ;
#5563 = FACE_OUTER_BOUND ( 'NONE', #2841, .T. ) ;
#5564 = EDGE_LOOP ( 'NONE', ( #2799, #7645, #2979, #4984, #6503 ) ) ;
#5565 = CARTESIAN_POINT ( 'NONE',  ( -0.1023621449798425287, -0.03543300571370079644, 0.01572340979866012831 ) ) ;
#5566 = CIRCLE ( 'NONE', #1115, 0.04330708661417343591 ) ;
#5567 = LINE ( 'NONE', #2570, #2585 ) ;
#5568 = CARTESIAN_POINT ( 'NONE',  ( -0.1279526961609449009, 0.05511817538865947802, 0.07697147372051443837 ) ) ;
#5569 = CARTESIAN_POINT ( 'NONE',  ( -0.08858261742078815670, 6.515244097102055273E-08, 0.02559055118110271920 ) ) ;
#5570 = ORIENTED_EDGE ( 'NONE', *, *, #4290, .F. ) ;
#5571 = CARTESIAN_POINT ( 'NONE',  ( -0.1313087054023611144, -0.04658786135673475409, 0.04636345432707861258 ) ) ;
#5572 = AXIS2_PLACEMENT_3D ( 'NONE', #6893, #9977, #3594 ) ;
#5573 = DIRECTION ( 'NONE',  ( 1.000000000000000000, 6.123233995736766036E-17, 0.0000000000000000000 ) ) ;
#5574 = CARTESIAN_POINT ( 'NONE',  ( 0.1200787999020467012, 0.05577400948135012582, 0.01922186198160327417 ) ) ;
#5575 = FACE_OUTER_BOUND ( 'NONE', #3977, .T. ) ;
#5576 = LINE ( 'NONE', #4033, #6193 ) ;
#5577 = ORIENTED_EDGE ( 'NONE', *, *, #4953, .F. ) ;
#5578 = CARTESIAN_POINT ( 'NONE',  ( 0.1594488786421259241, 0.02952177091273532408, 0.06699817961824962309 ) ) ;
#5579 = ORIENTED_EDGE ( 'NONE', *, *, #8429, .T. ) ;
#5580 = CARTESIAN_POINT ( 'NONE',  ( -0.1366045896888117284, 0.04330729778033575589, 0.09643796002514792853 ) ) ;
#5581 = VECTOR ( 'NONE', #4000, 39.37007874015748143 ) ;
#5582 = ADVANCED_FACE ( 'NONE', ( #6612, #7485 ), #524, .F. ) ;
#5583 = EDGE_CURVE ( 'NONE', #5620, #8386, #3750, .T. ) ;
#5584 = CARTESIAN_POINT ( 'NONE',  ( 0.1200787999020472424, -0.07921431713669917218, 0.07863148151884112591 ) ) ;
#5585 = CARTESIAN_POINT ( 'NONE',  ( -0.1279526961609449287, 0.04658799161011473872, 0.07308953162400570747 ) ) ;
#5586 = CARTESIAN_POINT ( 'NONE',  ( 0.01968509911464561002, -0.01771647028062986809, 0.0000000000000000000 ) ) ;
#5587 = VERTEX_POINT ( 'NONE', #2018 ) ;
#5588 = LINE ( 'NONE', #8683, #9884 ) ;
#5589 = VERTEX_POINT ( 'NONE', #1912 ) ;
#5590 = DIRECTION ( 'NONE',  ( 0.6427876096840912101, 3.935938943656002942E-17, 0.7660444431210322591 ) ) ;
#5591 = CARTESIAN_POINT ( 'NONE',  ( -0.1329168347064415834, -0.04330702146173295158, 0.07221319819765313619 ) ) ;
#5592 = ORIENTED_EDGE ( 'NONE', *, *, #7548, .T. ) ;
#5593 = AXIS2_PLACEMENT_3D ( 'NONE', #811, #4741, #3 ) ;
#5594 = ORIENTED_EDGE ( 'NONE', *, *, #8717, .F. ) ;
#5595 = EDGE_CURVE ( 'NONE', #4522, #1191, #9540, .T. ) ;
#5596 = LINE ( 'NONE', #2386, #4223 ) ;
#5597 = DIRECTION ( 'NONE',  ( 0.0000000000000000000, -1.000000000000000000, 0.0000000000000000000 ) ) ;
#5598 = CARTESIAN_POINT ( 'NONE',  ( -0.07086608198771655875, -0.04330702146173228545, 0.01567416640385433518 ) ) ;
#5599 = AXIS2_PLACEMENT_3D ( 'NONE', #4733, #94, #8711 ) ;
#5600 = FACE_OUTER_BOUND ( 'NONE', #6611, .T. ) ;
#5601 =( BOUNDED_CURVE ( )  B_SPLINE_CURVE ( 3, ( #7364, #9070, #1223, #6752 ),
 .UNSPECIFIED., .F., .T. ) 
 B_SPLINE_CURVE_WITH_KNOTS ( ( 4, 4 ),
 ( 0.0000000000000000000, 1.000000000000000000 ),
 .UNSPECIFIED. ) 
 CURVE ( )  GEOMETRIC_REPRESENTATION_ITEM ( )  RATIONAL_B_SPLINE_CURVE ( ( 1.000000000000000000, 0.9934450294291115036, 0.9934450294291115036, 1.000000000000000000 ) ) 
 REPRESENTATION_ITEM ( '' )  );
#5602 = ORIENTED_EDGE ( 'NONE', *, *, #873, .F. ) ;
#5603 = CARTESIAN_POINT ( 'NONE',  ( -0.1397637197829921241, -0.04992218940414441808, 0.07029898673877414683 ) ) ;
#5604 = ORIENTED_EDGE ( 'NONE', *, *, #6311, .T. ) ;
#5605 = CARTESIAN_POINT ( 'NONE',  ( -0.1171723787900752212, 6.515244346591349576E-08, 0.007874015748031440443 ) ) ;
#5606 = LINE ( 'NONE', #3191, #2 ) ;
#5607 = CIRCLE ( 'NONE', #5940, 0.007874015748031534118 ) ;
#5608 = CARTESIAN_POINT ( 'NONE',  ( 0.1245276187996849776, -0.04740778751996060913, 0.02755905511811023237 ) ) ;
#5609 = ADVANCED_FACE ( 'NONE', ( #5071 ), #5991, .F. ) ;
#5610 = PLANE ( 'NONE',  #9863 ) ;
#5611 = VERTEX_POINT ( 'NONE', #2906 ) ;
#5612 = CARTESIAN_POINT ( 'NONE',  ( 0.1590481817149606014, 0.02952762420755907641, 0.07480314960629920462 ) ) ;
#5613 = FACE_OUTER_BOUND ( 'NONE', #1263, .T. ) ;
#5614 = CARTESIAN_POINT ( 'NONE',  ( -0.1292346961424940821, 0.05511817538866197602, 0.1022740480997332418 ) ) ;
#5615 = CARTESIAN_POINT ( 'NONE',  ( 0.1586334976137580566, 0.0005134429615748228263, 0.1181071932307914130 ) ) ;
#5616 =( NAMED_UNIT ( * ) SI_UNIT ( $, .STERADIAN. ) SOLID_ANGLE_UNIT ( ) );
#5617 = CARTESIAN_POINT ( 'NONE',  ( 0.1272968496580314801, 0.0005137555000000077225, 0.01928253800700787529 ) ) ;
#5618 = EDGE_LOOP ( 'NONE', ( #5753, #9373, #7987, #6615, #9949, #5546, #7857, #7482, #2046, #2382 ) ) ;
#5619 = DIRECTION ( 'NONE',  ( 0.0000000000000000000, -0.9659258262892274072, -0.2588190451019266036 ) ) ;
#5620 = VERTEX_POINT ( 'NONE', #4243 ) ;
#5621 = LINE ( 'NONE', #969, #6203 ) ;
#5622 = DIRECTION ( 'NONE',  ( 1.000000000000000000, 0.0000000000000000000, -0.0000000000000000000 ) ) ;
#5623 = B_SPLINE_CURVE_WITH_KNOTS ( 'NONE', 3,
 ( #2631, #8575, #3986, #5426, #9692, #4999 ),
 .UNSPECIFIED., .F., .F.,
 ( 4, 2, 4 ),
 ( 0.0000000000000000000, 0.5000000000000001110, 1.000000000000000000 ),
 .UNSPECIFIED. ) ;
#5624 = CARTESIAN_POINT ( 'NONE',  ( -0.1299133889315374768, -0.05183733430291616318, 0.07698848397539866106 ) ) ;
#5625 = FACE_OUTER_BOUND ( 'NONE', #2584, .T. ) ;
#5626 = ORIENTED_EDGE ( 'NONE', *, *, #7716, .T. ) ;
#5627 = CARTESIAN_POINT ( 'NONE',  ( -0.1382599637690242467, -0.04460506583095100869, 0.05036286724365559436 ) ) ;
#5628 = CARTESIAN_POINT ( 'NONE',  ( -0.1372206902947583074, 0.05513608884146372485, 0.07851773760554370263 ) ) ;
#5629 = CARTESIAN_POINT ( 'NONE',  ( 0.1673228947792431698, -0.02779870478903836289, 0.1230039929596517811 ) ) ;
#5630 = CARTESIAN_POINT ( 'NONE',  ( -0.1384513838250074902, -0.05183720518877037164, 0.05008353968260094435 ) ) ;
#5631 = CARTESIAN_POINT ( 'NONE',  ( 0.1200787999020472285, -0.07082855674903967835, 0.1225437610385907011 ) ) ;
#5632 = EDGE_LOOP ( 'NONE', ( #620, #105, #3496, #3972 ) ) ;
#5633 = CYLINDRICAL_SURFACE ( 'NONE', #1266, 0.06692913385826770867 ) ;
#5634 = EDGE_CURVE ( 'NONE', #4182, #9861, #375, .T. ) ;
#5635 = ORIENTED_EDGE ( 'NONE', *, *, #8429, .F. ) ;
#5636 = EDGE_CURVE ( 'NONE', #5147, #1911, #9806, .T. ) ;
#5637 = CARTESIAN_POINT ( 'NONE',  ( 0.1200787999020472285, -0.07786852938181977601, 0.05979501481608974489 ) ) ;
#5638 = CARTESIAN_POINT ( 'NONE',  ( -0.09547238120031500963, -0.03543300571370081031, 0.02893700787401575630 ) ) ;
#5639 = CARTESIAN_POINT ( 'NONE',  ( -0.1048030898617322848, -0.07081804999933072331, 0.1240157480314960509 ) ) ;
#5640 = ORIENTED_EDGE ( 'NONE', *, *, #3300, .F. ) ;
#5641 = DIRECTION ( 'NONE',  ( 1.000000000000000000, 6.123233995736766036E-17, 0.0000000000000000000 ) ) ;
#5642 = ORIENTED_EDGE ( 'NONE', *, *, #3573, .T. ) ;
#5643 = CARTESIAN_POINT ( 'NONE',  ( -0.1198944284444094649, -0.03149599783968504152, 0.03543307086614172485 ) ) ;
#5644 = LINE ( 'NONE', #74, #3747 ) ;
#5645 = VERTEX_POINT ( 'NONE', #1198 ) ;
#5646 = EDGE_CURVE ( 'NONE', #6347, #1189, #7674, .T. ) ;
#5647 = EDGE_LOOP ( 'NONE', ( #4768, #888, #8667, #2492 ) ) ;
#5648 = B_SPLINE_CURVE_WITH_KNOTS ( 'NONE', 3,
 ( #1999, #2782, #8289, #3453 ),
 .UNSPECIFIED., .F., .F.,
 ( 4, 4 ),
 ( 0.0000000000000000000, 1.000000000000000000 ),
 .UNSPECIFIED. ) ;
#5649 = CARTESIAN_POINT ( 'NONE',  ( 0.1279962623480210004, -0.08454353719177572224, 0.05276822152568778207 ) ) ;
#5650 = CARTESIAN_POINT ( 'NONE',  ( 0.1279528156500787661, -7.435394413446427819E-06, 0.1259842519685039353 ) ) ;
#5651 = B_SPLINE_CURVE_WITH_KNOTS ( 'NONE', 3,
 ( #8340, #3598, #8960, #350 ),
 .UNSPECIFIED., .F., .F.,
 ( 4, 4 ),
 ( 0.0000000000000000000, 1.000000000000000000 ),
 .UNSPECIFIED. ) ;
#5652 = DIRECTION ( 'NONE',  ( 0.0000000000000000000, 1.000000000000000000, -0.0000000000000000000 ) ) ;
#5653 = VERTEX_POINT ( 'NONE', #5128 ) ;
#5654 = EDGE_CURVE ( 'NONE', #2027, #632, #2645, .T. ) ;
#5655 = EDGE_CURVE ( 'NONE', #8983, #2989, #8263, .T. ) ;
#5656 = VERTEX_POINT ( 'NONE', #7538 ) ;
#5657 = DIRECTION ( 'NONE',  ( 1.000000000000000000, 0.0000000000000000000, 0.0000000000000000000 ) ) ;
#5658 = ORIENTED_EDGE ( 'NONE', *, *, #3659, .F. ) ;
#5659 = CARTESIAN_POINT ( 'NONE',  ( -0.1338582079719683182, -0.03444875374519212191, 0.05574319219385762830 ) ) ;
#5660 = EDGE_CURVE ( 'NONE', #639, #2209, #403, .T. ) ;
#5661 = ADVANCED_FACE ( 'NONE', ( #3625 ), #617, .F. ) ;
#5662 = CARTESIAN_POINT ( 'NONE',  ( 0.01968509911464561002, 6.515244094229544203E-08, 0.0000000000000000000 ) ) ;
#5663 = DIRECTION ( 'NONE',  ( -1.000000000000000000, -6.123233995736766036E-17, 0.0000000000000000000 ) ) ;
#5664 =( BOUNDED_SURFACE ( )  B_SPLINE_SURFACE ( 3, 3, ( 
 ( #2711, #2137, #2765, #3588 ),
 ( #5294, #5907, #6002, #1983 ),
 ( #8436, #1210, #9873, #1358 ),
 ( #431, #8387, #6935, #6883 ) ),
 .UNSPECIFIED., .F., .F., .F. ) 
 B_SPLINE_SURFACE_WITH_KNOTS ( ( 4, 4 ),
 ( 4, 4 ),
 ( 0.0000000000000000000, 1.000000000000000000 ),
 ( 0.0000000000000000000, 1.000000000000000000 ),
 .UNSPECIFIED. ) 
 GEOMETRIC_REPRESENTATION_ITEM ( )  RATIONAL_B_SPLINE_SURFACE ( (
 ( 1.000000000000000000, 0.8055527288283772513, 0.8055527288283772513, 1.000000000000000000),
 ( 0.8047378649192957756, 0.6482587830772607029, 0.6482587830772607029, 0.8047378649192957756),
 ( 0.8047378649192957756, 0.6482587830772607029, 0.6482587830772607029, 0.8047378649192957756),
 ( 1.000000000000000000, 0.8055527288283772513, 0.8055527288283772513, 1.000000000000000000) ) ) 
 REPRESENTATION_ITEM ( '' )  SURFACE ( )  );
#5665 = CARTESIAN_POINT ( 'NONE',  ( -0.1377949289321417914, 0.04373891024871071065, 0.04698670201601756052 ) ) ;
#5666 = CARTESIAN_POINT ( 'NONE',  ( -0.1281369481294488410, 0.03543313601858266715, 0.01968503937007873988 ) ) ;
#5667 = FACE_OUTER_BOUND ( 'NONE', #7133, .T. ) ;
#5668 = CARTESIAN_POINT ( 'NONE',  ( -0.1311788480827940917, 0.05511817538866074784, 0.09980734988759423776 ) ) ;
#5669 = PLANE ( 'NONE',  #8173 ) ;
#5670 = EDGE_CURVE ( 'NONE', #3990, #7210, #4389, .T. ) ;
#5671 = CARTESIAN_POINT ( 'NONE',  ( -0.1279526961609448454, -0.06947083006192245058, 0.1131798436880159520 ) ) ;
#5672 = CARTESIAN_POINT ( 'NONE',  ( 0.1295995921989369637, 0.01753952416464563818, 0.02697863357124409209 ) ) ;
#5673 = VERTEX_POINT ( 'NONE', #666 ) ;
#5674 = LINE ( 'NONE', #4021, #6035 ) ;
#5675 = ORIENTED_EDGE ( 'NONE', *, *, #5512, .T. ) ;
#5676 = CARTESIAN_POINT ( 'NONE',  ( 0.009842579429606257424, 0.06762428463649604315, 0.1338582677165354173 ) ) ;
#5677 = CARTESIAN_POINT ( 'NONE',  ( -0.1279526961609449842, 0.03833897084812094153, 0.1000086697117777840 ) ) ;
#5678 = CARTESIAN_POINT ( 'NONE',  ( -0.1388263888904715526, 0.04921266357763776772, 0.1000086697117683748 ) ) ;
#5679 = VERTEX_POINT ( 'NONE', #8512 ) ;
#5680 = DIRECTION ( 'NONE',  ( 0.0000000000000000000, 0.0000000000000000000, -1.000000000000000000 ) ) ;
#5681 = DIRECTION ( 'NONE',  ( 0.7367883976132243440, 4.511527763929713262E-17, 0.6761234037825766263 ) ) ;
#5682 = FACE_OUTER_BOUND ( 'NONE', #1816, .T. ) ;
#5683 = CARTESIAN_POINT ( 'NONE',  ( -0.1384513838250074902, -0.05067926186668621907, 0.04981788926558429476 ) ) ;
#5684 = CARTESIAN_POINT ( 'NONE',  ( 0.1279528156500787661, -0.04570090768747228638, 0.02362204690484636868 ) ) ;
#5685 = VERTEX_POINT ( 'NONE', #8568 ) ;
#5686 = CARTESIAN_POINT ( 'NONE',  ( 0.1594488786421259241, 6.515244096969609760E-08, 0.04527559055118110520 ) ) ;
#5687 = EDGE_LOOP ( 'NONE', ( #7856, #882, #9728, #9463, #4399, #8632 ) ) ;
#5688 = CARTESIAN_POINT ( 'NONE',  ( 0.1200787999020472563, -0.07291475090141058546, 0.1059786237465489694 ) ) ;
#5689 = B_SPLINE_CURVE_WITH_KNOTS ( 'NONE', 3,
 ( #541, #6839, #3691, #583, #9975, #7037 ),
 .UNSPECIFIED., .F., .F.,
 ( 4, 2, 4 ),
 ( 0.0000000000000000000, 0.4999999999999997780, 1.000000000000000000 ),
 .UNSPECIFIED. ) ;
#5690 = LINE ( 'NONE', #2539, #2135 ) ;
#5691 = VERTEX_POINT ( 'NONE', #7736 ) ;
#5692 = DIRECTION ( 'NONE',  ( -6.105106576113720871E-17, 0.9970395677128024436, 0.07689018412689804793 ) ) ;
#5693 = ORIENTED_EDGE ( 'NONE', *, *, #2501, .F. ) ;
#5694 = CARTESIAN_POINT ( 'NONE',  ( -0.1397637197829917077, 0.04724415964062865514, 0.09719780979657804965 ) ) ;
#5695 = CARTESIAN_POINT ( 'NONE',  ( -0.1356235392332382772, -0.04330702146173173728, 0.07302048003384049857 ) ) ;
#5696 = ORIENTED_EDGE ( 'NONE', *, *, #5193, .F. ) ;
#5697 = VERTEX_POINT ( 'NONE', #7833 ) ;
#5698 = CARTESIAN_POINT ( 'NONE',  ( 0.1279962623480210004, -0.05343540334467793140, 0.1280540390769291381 ) ) ;
#5699 = CARTESIAN_POINT ( 'NONE',  ( -0.03740151505858269054, 0.03740163995559640797, 0.007874015748031310338 ) ) ;
#5700 = CARTESIAN_POINT ( 'NONE',  ( -0.1358267119089759112, 0.04173423099011080994, 0.04702632132777073704 ) ) ;
#5701 = ORIENTED_EDGE ( 'NONE', *, *, #6267, .T. ) ;
#5702 = EDGE_LOOP ( 'NONE', ( #514, #6801, #10158, #6721, #7797, #8341, #4907, #5369, #7913, #818, #4136, #1351 ) ) ;
#5703 = CARTESIAN_POINT ( 'NONE',  ( -0.1279526961609449009, -0.07874009232787376744, 0.007874015748031485545 ) ) ;
#5704 = VERTEX_POINT ( 'NONE', #764 ) ;
#5705 = DIRECTION ( 'NONE',  ( -0.0000000000000000000, -0.0000000000000000000, -1.000000000000000000 ) ) ;
#5706 = AXIS2_PLACEMENT_3D ( 'NONE', #7408, #2825, #492 ) ;
#5707 = VECTOR ( 'NONE', #1877, 39.37007874015748143 ) ;
#5708 = ADVANCED_FACE ( 'NONE', ( #2322, #4603 ), #10062, .T. ) ;
#5709 = LINE ( 'NONE', #894, #4388 ) ;
#5710 = DIRECTION ( 'NONE',  ( 0.0000000000000000000, -0.9994024655698370285, -0.03456460346844773823 ) ) ;
#5711 = EDGE_CURVE ( 'NONE', #5142, #3637, #6189, .T. ) ;
#5712 = ORIENTED_EDGE ( 'NONE', *, *, #7603, .T. ) ;
#5713 = CARTESIAN_POINT ( 'NONE',  ( 0.1279528156500787661, -0.04724402933574800567, 0.02362204707447043001 ) ) ;
#5714 = CARTESIAN_POINT ( 'NONE',  ( -0.1377952158459842813, -0.05118103720976377446, 0.1023622047244094335 ) ) ;
#5715 = CARTESIAN_POINT ( 'NONE',  ( 0.1594488786421260074, -0.0004899773017341434774, 0.03346747160094217660 ) ) ;
#5716 =( NAMED_UNIT ( * ) SI_UNIT ( $, .STERADIAN. ) SOLID_ANGLE_UNIT ( ) );
#5717 = CARTESIAN_POINT ( 'NONE',  ( 0.1276808426277952768, 0.01219565390377956929, 0.02062117693090551734 ) ) ;
#5718 = ORIENTED_EDGE ( 'NONE', *, *, #8487, .T. ) ;
#5719 = CARTESIAN_POINT ( 'NONE',  ( 0.1275688522599999764, 0.06692919901070867872, 0.07480314960629920462 ) ) ;
#5720 =( BOUNDED_CURVE ( )  B_SPLINE_CURVE ( 3, ( #9449, #10167, #8477, #6107 ),
 .UNSPECIFIED., .F., .T. ) 
 B_SPLINE_CURVE_WITH_KNOTS ( ( 4, 4 ),
 ( 0.0000000000000000000, 1.000000000000000000 ),
 .UNSPECIFIED. ) 
 CURVE ( )  GEOMETRIC_REPRESENTATION_ITEM ( )  RATIONAL_B_SPLINE_CURVE ( ( 1.000000000000000000, 0.9836490853718053984, 0.9836490853718053984, 1.000000000000000000 ) ) 
 REPRESENTATION_ITEM ( '' )  );
#5721 = DIRECTION ( 'NONE',  ( 0.0000000000000000000, 0.0000000000000000000, 1.000000000000000000 ) ) ;
#5722 = EDGE_CURVE ( 'NONE', #9043, #5697, #1756, .T. ) ;
#5723 = CARTESIAN_POINT ( 'NONE',  ( -0.1308536405806890734, 0.05183733549365963922, 0.1039411645972942444 ) ) ;
#5724 = VECTOR ( 'NONE', #4787, 39.37007874015748143 ) ;
#5725 = FACE_OUTER_BOUND ( 'NONE', #1795, .T. ) ;
#5726 = EDGE_CURVE ( 'NONE', #6982, #4284, #5469, .T. ) ;
#5727 = EDGE_LOOP ( 'NONE', ( #3970, #6457, #326, #9335, #2958, #2174, #9510, #2859, #9291 ) ) ;
#5728 = CARTESIAN_POINT ( 'NONE',  ( -0.1200786804129134050, -0.04625245611297846421, 0.1338582677165353618 ) ) ;
#5729 = DIRECTION ( 'NONE',  ( 1.000000000000000000, 6.123233995736766036E-17, 0.0000000000000000000 ) ) ;
#5730 = FACE_OUTER_BOUND ( 'NONE', #2272, .T. ) ;
#5731 = CARTESIAN_POINT ( 'NONE',  ( -0.07086608198771657263, -0.05470394491709815177, 0.01820691365754374333 ) ) ;
#5732 = CARTESIAN_POINT ( 'NONE',  ( -0.1397637197829920963, 0.04900117916386081962, 0.07977143416842655266 ) ) ;
#5733 = ORIENTED_EDGE ( 'NONE', *, *, #3643, .T. ) ;
#5734 = CARTESIAN_POINT ( 'NONE',  ( 0.1594488786421259241, -0.003962232205006676992, 0.04529452251265748963 ) ) ;
#5735 = AXIS2_PLACEMENT_3D ( 'NONE', #7236, #3554, #357 ) ;
#5736 = EDGE_LOOP ( 'NONE', ( #2483, #4058, #2105, #6356 ) ) ;
#5737 = CARTESIAN_POINT ( 'NONE',  ( 0.1276989056473228912, -0.01979230278055118739, 0.1237906014305905494 ) ) ;
#5738 = CARTESIAN_POINT ( 'NONE',  ( -0.1308536405806891567, -0.04658786135673424061, 0.07684808385654634533 ) ) ;
#5739 = EDGE_CURVE ( 'NONE', #8780, #6861, #4698, .T. ) ;
#5740 = CIRCLE ( 'NONE', #1448, 0.007874015748031150744 ) ;
#5741 = LINE ( 'NONE', #8888, #4772 ) ;
#5742 = ORIENTED_EDGE ( 'NONE', *, *, #2300, .F. ) ;
#5743 = CARTESIAN_POINT ( 'NONE',  ( -0.1358267119089759389, 0.04290112167536487553, 0.04207628534422095529 ) ) ;
#5744 = VERTEX_POINT ( 'NONE', #3162 ) ;
#5745 = CARTESIAN_POINT ( 'NONE',  ( -0.1397637197829932898, 0.04698978537600648209, 0.09830660150989251056 ) ) ;
#5746 = CARTESIAN_POINT ( 'NONE',  ( -0.1358267119089763830, -0.05118103720976377446, 0.05294370499496669352 ) ) ;
#5747 = ORIENTED_EDGE ( 'NONE', *, *, #10026, .T. ) ;
#5748 = ORIENTED_EDGE ( 'NONE', *, *, #4651, .T. ) ;
#5749 = EDGE_CURVE ( 'NONE', #6861, #295, #6965, .T. ) ;
#5750 = CARTESIAN_POINT ( 'NONE',  ( 0.1247258340280550382, -0.08824338629315336968, 0.05180391545642380746 ) ) ;
#5751 = LINE ( 'NONE', #8898, #7544 ) ;
#5752 = DIRECTION ( 'NONE',  ( 6.123233995736766036E-17, -1.000000000000000000, -0.0000000000000000000 ) ) ;
#5753 = ORIENTED_EDGE ( 'NONE', *, *, #3893, .F. ) ;
#5754 = VECTOR ( 'NONE', #6817, 39.37007874015748854 ) ;
#5755 = B_SPLINE_CURVE_WITH_KNOTS ( 'NONE', 3,
 ( #252, #5044, #1174, #5967 ),
 .UNSPECIFIED., .F., .F.,
 ( 4, 4 ),
 ( 0.0000000000000000000, 1.000000000000000000 ),
 .UNSPECIFIED. ) ;
#5756 = CARTESIAN_POINT ( 'NONE',  ( -0.1003936410428346304, -0.07874009232787400336, 0.07480314960629920462 ) ) ;
#5757 = ORIENTED_EDGE ( 'NONE', *, *, #10035, .F. ) ;
#5758 = CARTESIAN_POINT ( 'NONE',  ( -0.1377952044518948316, 0.04507827265812262146, 0.05158333847426757601 ) ) ;
#5759 = VECTOR ( 'NONE', #6899, 39.37007874015748143 ) ;
#5760 = CARTESIAN_POINT ( 'NONE',  ( -0.1003936410428345055, 0.08464573444377952727, 0.09061967286255534493 ) ) ;
#5761 = DIRECTION ( 'NONE',  ( 0.7660444431207841243, 0.0000000000000000000, -0.6427876096843867515 ) ) ;
#5762 = EDGE_LOOP ( 'NONE', ( #3944, #7108, #1438, #6720 ) ) ;
#5763 = VECTOR ( 'NONE', #845, 39.37007874015748143 ) ;
#5764 = CARTESIAN_POINT ( 'NONE',  ( -0.1308536405806891012, 0.05183733549365963228, 0.1039411645972942444 ) ) ;
#5765 = CARTESIAN_POINT ( 'NONE',  ( -0.03740151505859279357, 0.07791984423788089753, 0.04133858267715336682 ) ) ;
#5766 = CARTESIAN_POINT ( 'NONE',  ( -0.1023621449798425564, 0.03543313601858270184, 0.07480314960629920462 ) ) ;
#5767 = ORIENTED_EDGE ( 'NONE', *, *, #176, .T. ) ;
#5768 = CARTESIAN_POINT ( 'NONE',  ( -0.03740151505858271136, -0.05511804508378135431, 0.01861186520730007121 ) ) ;
#5769 = EDGE_CURVE ( 'NONE', #3826, #7410, #2883, .T. ) ;
#5770 = EDGE_CURVE ( 'NONE', #1576, #7438, #429, .T. ) ;
#5771 = CARTESIAN_POINT ( 'NONE',  ( -0.1200786804129130164, 0.07874022263275587408, -3.734948428837859484E-18 ) ) ;
#5772 = CARTESIAN_POINT ( 'NONE',  ( -0.1003936410428345610, 0.07197047648251046759, 0.1199146981627110808 ) ) ;
#5773 = CARTESIAN_POINT ( 'NONE',  ( -0.1240156882869291599, -0.02755898996566930048, 0.04106018025878149791 ) ) ;
#5774 = CARTESIAN_POINT ( 'NONE',  ( -0.1023621449798425564, 0.007874080900472419167, 0.007874015748031861980 ) ) ;
#5775 = ORIENTED_EDGE ( 'NONE', *, *, #10049, .T. ) ;
#5776 = CARTESIAN_POINT ( 'NONE',  ( -0.1003936410428346304, -0.06308341126629249396, 0.1219251975557665429 ) ) ;
#5777 = ADVANCED_FACE ( 'NONE', ( #5682 ), #3233, .T. ) ;
#5778 = FACE_OUTER_BOUND ( 'NONE', #3357, .T. ) ;
#5779 =( BOUNDED_SURFACE ( )  B_SPLINE_SURFACE ( 3, 3, ( 
 ( #2132, #9394, #10072, #6104 ),
 ( #7796, #6049, #2225, #1398 ),
 ( #626, #3125, #1548, #3022 ),
 ( #6148, #3882, #533, #9290 ) ),
 .UNSPECIFIED., .F., .F., .F. ) 
 B_SPLINE_SURFACE_WITH_KNOTS ( ( 4, 4 ),
 ( 4, 4 ),
 ( 0.0000000000000000000, 1.000000000000000000 ),
 ( 0.0000000000000000000, 1.000000000000000000 ),
 .UNSPECIFIED. ) 
 GEOMETRIC_REPRESENTATION_ITEM ( )  RATIONAL_B_SPLINE_SURFACE ( (
 ( 1.000000000000000000, 0.3333333333333330928, 0.3333333333333330928, 1.000000000000000000),
 ( 0.8006964137662971881, 0.2668988045887655258, 0.2668988045887655258, 0.8006964137662971881),
 ( 0.8006964137662971881, 0.2668988045887655258, 0.2668988045887655258, 0.8006964137662971881),
 ( 1.000000000000000000, 0.3333333333333330928, 0.3333333333333330928, 1.000000000000000000) ) ) 
 REPRESENTATION_ITEM ( '' )  SURFACE ( )  );
#5780 = CARTESIAN_POINT ( 'NONE',  ( -0.1384513838249974982, 0.04921266357763510318, 0.1003551897108598268 ) ) ;
#5781 = CARTESIAN_POINT ( 'NONE',  ( 0.1200787999020429542, -0.07197034617762586295, 0.1199146981627366576 ) ) ;
#5782 = ORIENTED_EDGE ( 'NONE', *, *, #1142, .F. ) ;
#5783 = CARTESIAN_POINT ( 'NONE',  ( 0.1594488786420418247, -0.05118103720976298343, 0.07480314960079195719 ) ) ;
#5784 = EDGE_CURVE ( 'NONE', #6123, #6084, #8781, .T. ) ;
#5785 = ORIENTED_EDGE ( 'NONE', *, *, #7224, .F. ) ;
#5786 = CARTESIAN_POINT ( 'NONE',  ( 0.1289387685548818718, -0.001920564818661398259, 0.1257099610688976188 ) ) ;
#5787 = FACE_OUTER_BOUND ( 'NONE', #3014, .T. ) ;
#5788 = CARTESIAN_POINT ( 'NONE',  ( -0.1377952158459842535, 6.515244094229544203E-08, 0.07480314960629920462 ) ) ;
#5789 = ORIENTED_EDGE ( 'NONE', *, *, #9483, .T. ) ;
#5790 = DIRECTION ( 'NONE',  ( 1.000000000000000000, 6.123233995736766036E-17, 0.0000000000000000000 ) ) ;
#5791 = DIRECTION ( 'NONE',  ( -6.123233995736766036E-17, 1.000000000000000000, 0.0000000000000000000 ) ) ;
#5792 = CARTESIAN_POINT ( 'NONE',  ( -0.1397637197829920686, -0.04853563690067130842, 0.05274686401081740694 ) ) ;
#5793 = CARTESIAN_POINT ( 'NONE',  ( -0.03740151505858269054, -0.05766061179185041907, 0.02066929133858267167 ) ) ;
#5794 = VERTEX_POINT ( 'NONE', #1749 ) ;
#5795 = EDGE_CURVE ( 'NONE', #193, #9206, #7322, .T. ) ;
#5796 = ORIENTED_EDGE ( 'NONE', *, *, #2299, .F. ) ;
#5797 = CARTESIAN_POINT ( 'NONE',  ( -0.1003936410428346443, 0.04724415964062989026, 0.01968503937007873988 ) ) ;
#5798 = CYLINDRICAL_SURFACE ( 'NONE', #755, 0.003937007874015758385 ) ;
#5799 = CARTESIAN_POINT ( 'NONE',  ( 0.1316646451303936927, -0.003930172300275579580, 0.02373470126020867099 ) ) ;
#5800 = CARTESIAN_POINT ( 'NONE',  ( -0.04834693876925249406, 0.01975508707519771021, 0.007874015748031495954 ) ) ;
#5801 = DIRECTION ( 'NONE',  ( 1.000000000000000000, 6.123233995736766036E-17, 0.0000000000000000000 ) ) ;
#5802 = VERTEX_POINT ( 'NONE', #977 ) ;
#5803 = ORIENTED_EDGE ( 'NONE', *, *, #5518, .F. ) ;
#5804 = CARTESIAN_POINT ( 'NONE',  ( 0.07677171328787396609, 0.01968510452251974810, 0.0000000000000000000 ) ) ;
#5805 = VERTEX_POINT ( 'NONE', #3217 ) ;
#5806 = CARTESIAN_POINT ( 'NONE',  ( -0.1377952157269806133, 0.04544462761657414029, 0.05205229533098922057 ) ) ;
#5807 = CARTESIAN_POINT ( 'NONE',  ( -0.1023621449798425564, 0.05218469181301397392, 0.01585647053222079272 ) ) ;
#5808 = CARTESIAN_POINT ( 'NONE',  ( 0.1279962625602895365, -0.05346370470167259581, 0.02158079431319827671 ) ) ;
#5809 = ORIENTED_EDGE ( 'NONE', *, *, #7914, .T. ) ;
#5810 = LINE ( 'NONE', #6522, #7384 ) ;
#5811 = ADVANCED_FACE ( 'NONE', ( #5730 ), #7760, .T. ) ;
#5812 = PLANE ( 'NONE',  #3099 ) ;
#5813 = CARTESIAN_POINT ( 'NONE',  ( 0.1277995499114173150, 0.01455088314169290450, 0.1284005153362597906 ) ) ;
#5814 = CARTESIAN_POINT ( 'NONE',  ( -0.1322542320567436092, 0.05183733549365963922, 0.1035373664950592631 ) ) ;
#5815 = CARTESIAN_POINT ( 'NONE',  ( 0.1317550885141731409, 0.006432324654645694105, 0.02398921778183858364 ) ) ;
#5816 = VERTEX_POINT ( 'NONE', #867 ) ;
#5817 = CARTESIAN_POINT ( 'NONE',  ( -0.1390338818603393534, -0.05041426938968120164, 0.05079285882808848296 ) ) ;
#5818 = ADVANCED_FACE ( 'NONE', ( #4030 ), #4272, .T. ) ;
#5819 = CARTESIAN_POINT ( 'NONE',  ( -0.1023621449798425287, -0.03543300571370458507, 0.01567416640385435600 ) ) ;
#5820 = DIRECTION ( 'NONE',  ( -1.000000000000000000, -6.123233995736766036E-17, -0.0000000000000000000 ) ) ;
#5821 = CARTESIAN_POINT ( 'NONE',  ( -0.1023621449798425564, 0.07583025065099856243, 0.05031062404833672869 ) ) ;
#5822 = CARTESIAN_POINT ( 'NONE',  ( 0.1574803747051181091, 6.515244096993189040E-08, 0.03149606299184870561 ) ) ;
#5823 = CARTESIAN_POINT ( 'NONE',  ( 0.1594488786419577253, 0.02969088782808640067, 0.02332163816434802694 ) ) ;
#5824 = EDGE_CURVE ( 'NONE', #6714, #6056, #8350, .T. ) ;
#5825 = ORIENTED_EDGE ( 'NONE', *, *, #9236, .F. ) ;
#5826 = CARTESIAN_POINT ( 'NONE',  ( -0.1200786804129133911, 0.04741437090982231900, 0.1337769567834183049 ) ) ;
#5827 = DIRECTION ( 'NONE',  ( -1.000000000000000000, 0.0000000000000000000, 0.0000000000000000000 ) ) ;
#5828 = CARTESIAN_POINT ( 'NONE',  ( -0.1370571342790054548, -0.04443727826226969574, 0.05541519501745052062 ) ) ;
#5829 = LINE ( 'NONE', #9793, #4921 ) ;
#5830 = CARTESIAN_POINT ( 'NONE',  ( 0.1275024971014765973, 6.514527444987468973E-08, 0.02099737392942658751 ) ) ;
#5831 = ORIENTED_EDGE ( 'NONE', *, *, #6788, .F. ) ;
#5832 = PLANE ( 'NONE',  #3081 ) ;
#5833 = ORIENTED_EDGE ( 'NONE', *, *, #9917, .T. ) ;
#5834 = CARTESIAN_POINT ( 'NONE',  ( -0.08858261742078747669, 6.515244099877088733E-08, 0.1255536186349999472 ) ) ;
#5835 = EDGE_CURVE ( 'NONE', #6099, #8375, #4282, .T. ) ;
#5836 = ADVANCED_FACE ( 'NONE', ( #1186 ), #6649, .F. ) ;
#5837 = CARTESIAN_POINT ( 'NONE',  ( -0.1364069488037288613, 0.04658685370415549531, 0.1016460409502468326 ) ) ;
#5838 = CARTESIAN_POINT ( 'NONE',  ( -0.1358267119089759112, 0.05118116751464566599, 0.04724409448818897572 ) ) ;
#5839 = EDGE_CURVE ( 'NONE', #5043, #5805, #7185, .T. ) ;
#5840 =( BOUNDED_CURVE ( )  B_SPLINE_CURVE ( 3, ( #4870, #7191, #6303, #4928 ),
 .UNSPECIFIED., .F., .T. ) 
 B_SPLINE_CURVE_WITH_KNOTS ( ( 4, 4 ),
 ( 0.0000000000000000000, 1.000000000000000000 ),
 .UNSPECIFIED. ) 
 CURVE ( )  GEOMETRIC_REPRESENTATION_ITEM ( )  RATIONAL_B_SPLINE_CURVE ( ( 1.000000000000000000, 0.9960490760225676476, 0.9960490760225676476, 1.000000000000000000 ) ) 
 REPRESENTATION_ITEM ( '' )  );
#5841 = ADVANCED_FACE ( 'NONE', ( #3612 ), #8921, .T. ) ;
#5842 = ORIENTED_EDGE ( 'NONE', *, *, #6458, .F. ) ;
#5843 = ORIENTED_EDGE ( 'NONE', *, *, #3695, .F. ) ;
#5844 = CARTESIAN_POINT ( 'NONE',  ( -0.1377952158459848087, 0.05866148247527092768, 0.04724409448818886470 ) ) ;
#5845 = CARTESIAN_POINT ( 'NONE',  ( -0.1304697030920075329, -0.04330702146173299322, 0.05015364557641906890 ) ) ;
#5846 = ORIENTED_EDGE ( 'NONE', *, *, #4533, .F. ) ;
#5847 = EDGE_LOOP ( 'NONE', ( #4415, #2458, #3379, #1981 ) ) ;
#5848 = DIRECTION ( 'NONE',  ( -1.000000000000000000, -6.123233995736766036E-17, 0.0000000000000000000 ) ) ;
#5849 = CARTESIAN_POINT ( 'NONE',  ( -0.09251962529480324549, 0.01771660058551183248, 0.003937007874015846856 ) ) ;
#5850 = CARTESIAN_POINT ( 'NONE',  ( -0.1384513838249901152, -0.04658786135674033990, 0.05008353968260950695 ) ) ;
#5851 = CARTESIAN_POINT ( 'NONE',  ( -0.03740151505858269748, 0.05511817538866142785, 0.007874015748031495954 ) ) ;
#5852 = CARTESIAN_POINT ( 'NONE',  ( -0.1279526961609449009, 0.04330715176661412841, 0.1002631264098898661 ) ) ;
#5853 = ADVANCED_FACE ( 'NONE', ( #5005 ), #4210, .T. ) ;
#5854 = EDGE_LOOP ( 'NONE', ( #5577, #5696, #1216, #7753 ) ) ;
#5855 = ORIENTED_EDGE ( 'NONE', *, *, #8681, .T. ) ;
#5856 = CARTESIAN_POINT ( 'NONE',  ( 0.1279528156500788216, 0.05019661602290199226, 0.1248263094125508094 ) ) ;
#5857 = ORIENTED_EDGE ( 'NONE', *, *, #7754, .F. ) ;
#5858 = DIRECTION ( 'NONE',  ( 1.000000000000000000, 6.123233995736766036E-17, 0.0000000000000000000 ) ) ;
#5859 = CARTESIAN_POINT ( 'NONE',  ( -0.07086608198771660039, 0.04330715176661415616, 0.01567416640385494928 ) ) ;
#5860 = VERTEX_POINT ( 'NONE', #1287 ) ;
#5861 = DIRECTION ( 'NONE',  ( 1.000000000000000000, 6.123233995736766036E-17, 0.0000000000000000000 ) ) ;
#5862 = CARTESIAN_POINT ( 'NONE',  ( 0.1321114210489369167, 0.01323745782460630099, 0.1242824577411810877 ) ) ;
#5863 = CARTESIAN_POINT ( 'NONE',  ( -0.1364862184926157462, 0.05382013101944520955, 0.1014064546039787351 ) ) ;
#5864 = CARTESIAN_POINT ( 'NONE',  ( 0.1200787999020470065, -0.04740778751996060913, 0.02755905511811023237 ) ) ;
#5865 = ORIENTED_EDGE ( 'NONE', *, *, #4743, .F. ) ;
#5866 = CARTESIAN_POINT ( 'NONE',  ( -0.1279526961609449287, -0.05183720524023641141, 0.04599645088325089032 ) ) ;
#5867 = CARTESIAN_POINT ( 'NONE',  ( -0.1302056059233231144, 0.05183733549366235233, 0.07321235134447820481 ) ) ;
#5868 = EDGE_CURVE ( 'NONE', #3369, #295, #8196, .T. ) ;
#5869 = CARTESIAN_POINT ( 'NONE',  ( -0.1161416725388976501, -0.03456686398141733951, 0.01181102362204724393 ) ) ;
#5870 = CARTESIAN_POINT ( 'NONE',  ( -0.1390478588826901951, 0.04493673348862790157, 0.09515035770490916367 ) ) ;
#5871 = CARTESIAN_POINT ( 'NONE',  ( 0.2813386424216534620, 6.515244097005101764E-08, 0.07480314960629920462 ) ) ;
#5872 = CARTESIAN_POINT ( 'NONE',  ( 0.1279528214177654277, -0.02045724953396792570, 0.1259842390356234465 ) ) ;
#5873 = VECTOR ( 'NONE', #1236, 39.37007874015748143 ) ;
#5874 = CARTESIAN_POINT ( 'NONE',  ( 0.1673228943901570454, 0.02512306856959248269, 0.03124187136198903689 ) ) ;
#5875 = ORIENTED_EDGE ( 'NONE', *, *, #3338, .T. ) ;
#5876 = CARTESIAN_POINT ( 'NONE',  ( -0.1200786804129134466, -0.06062985610740157655, 0.09988850972158300201 ) ) ;
#5877 = LINE ( 'NONE', #3611, #934 ) ;
#5878 = CARTESIAN_POINT ( 'NONE',  ( -0.1401095936444959611, -0.04525835964220204649, 0.05261085826936386795 ) ) ;
#5879 = DIRECTION ( 'NONE',  ( -1.000000000000000000, -6.123233995736766036E-17, 0.0000000000000000000 ) ) ;
#5880 = AXIS2_PLACEMENT_3D ( 'NONE', #9796, #4285, #9851 ) ;
#5881 = PLANE ( 'NONE',  #6516 ) ;
#5882 = ORIENTED_EDGE ( 'NONE', *, *, #6659, .T. ) ;
#5883 = CARTESIAN_POINT ( 'NONE',  ( 0.03640745115972479629, -0.02047237579244093331, 0.007874015748031482076 ) ) ;
#5884 = EDGE_LOOP ( 'NONE', ( #471, #3538, #517, #2325, #9450, #891 ) ) ;
#5885 = CARTESIAN_POINT ( 'NONE',  ( -0.1384513838249936124, -0.05183720518875389871, 0.05008353968260767508 ) ) ;
#5886 = ADVANCED_FACE ( 'NONE', ( #5778 ), #6856, .F. ) ;
#5887 = CARTESIAN_POINT ( 'NONE',  ( -0.1279526961609449009, -0.04330702146173173034, 0.07518096735898543992 ) ) ;
#5888 = AXIS2_PLACEMENT_3D ( 'NONE', #5316, #3714, #1526 ) ;
#5889 = ORIENTED_EDGE ( 'NONE', *, *, #8974, .T. ) ;
#5890 = VECTOR ( 'NONE', #1376, 39.37007874015748143 ) ;
#5891 = CARTESIAN_POINT ( 'NONE',  ( -0.1279526961609449009, 0.03833897084810243550, 0.07722593041863357044 ) ) ;
#5892 = CARTESIAN_POINT ( 'NONE',  ( 0.07188043055315136709, -0.01968497421763773514, 0.01436640419164607677 ) ) ;
#5893 = CARTESIAN_POINT ( 'NONE',  ( 0.2854331306106299149, 0.01260080903793722729, 0.06513582388811293977 ) ) ;
#5894 = ORIENTED_EDGE ( 'NONE', *, *, #1461, .T. ) ;
#5895 = ORIENTED_EDGE ( 'NONE', *, *, #9401, .T. ) ;
#5896 = EDGE_CURVE ( 'NONE', #2989, #4497, #5944, .T. ) ;
#5897 = ADVANCED_FACE ( 'NONE', ( #6810 ), #8817, .T. ) ;
#5898 = DIRECTION ( 'NONE',  ( 1.000000000000000000, 6.123233995736766036E-17, 0.0000000000000000000 ) ) ;
#5899 = CARTESIAN_POINT ( 'NONE',  ( 0.1272748874140550435, -0.009122884714055132238, 0.02274185352214960418 ) ) ;
#5900 = VECTOR ( 'NONE', #4407, 39.37007874015748143 ) ;
#5901 = CARTESIAN_POINT ( 'NONE',  ( -0.1200786804129134189, 0.04173234861700785003, 0.04971778949101261086 ) ) ;
#5902 = CARTESIAN_POINT ( 'NONE',  ( -0.1377952158459851695, 0.05866148247526815213, 0.03278543024071867151 ) ) ;
#5903 = CARTESIAN_POINT ( 'NONE',  ( -0.1358267238606548355, -0.05511804508376715733, 0.07010472788254473731 ) ) ;
#5904 = ORIENTED_EDGE ( 'NONE', *, *, #209, .F. ) ;
#5905 = VECTOR ( 'NONE', #5230, 39.37007874015748143 ) ;
#5906 = VERTEX_POINT ( 'NONE', #8600 ) ;
#5907 = CARTESIAN_POINT ( 'NONE',  ( 0.1279528154388308303, 0.08458835335326450600, 0.05275657478164193226 ) ) ;
#5908 = EDGE_CURVE ( 'NONE', #486, #6398, #1377, .T. ) ;
#5909 = EDGE_LOOP ( 'NONE', ( #2971, #5219, #993, #2854, #7196, #7519, #7017, #4538, #9826 ) ) ;
#5910 = AXIS2_PLACEMENT_3D ( 'NONE', #913, #2525, #4899 ) ;
#5911 = CARTESIAN_POINT ( 'NONE',  ( -0.08267710560975906342, 0.04330715176661416310, 0.007874015748030548795 ) ) ;
#5912 = DIRECTION ( 'NONE',  ( 1.000000000000000000, 6.123233995736766036E-17, 0.0000000000000000000 ) ) ;
#5913 = AXIS2_PLACEMENT_3D ( 'NONE', #1353, #10017, #2968 ) ;
#5914 = ORIENTED_EDGE ( 'NONE', *, *, #7961, .F. ) ;
#5915 = LINE ( 'NONE', #1832, #7707 ) ;
#5916 = PRESENTATION_LAYER_ASSIGNMENT (  '', '', ( #6568 ) ) ;
#5917 = CARTESIAN_POINT ( 'NONE',  ( -0.1161416725388975252, -0.04724402933574804037, 0.007874015748031494219 ) ) ;
#5918 = DIRECTION ( 'NONE',  ( 0.0000000000000000000, 0.9659258262889854896, -0.2588190451028293260 ) ) ;
#5919 = CARTESIAN_POINT ( 'NONE',  ( -0.03740151505858776981, -0.07791971393299654269, 0.04133858267716856993 ) ) ;
#5920 = DIRECTION ( 'NONE',  ( -1.000000000000000000, -6.123233995736766036E-17, -0.0000000000000000000 ) ) ;
#5921 = VERTEX_POINT ( 'NONE', #2996 ) ;
#5922 = CIRCLE ( 'NONE', #10029, 0.04133858267747821807 ) ;
#5923 = ADVANCED_FACE ( 'NONE', ( #6126 ), #9603, .T. ) ;
#5924 = CARTESIAN_POINT ( 'NONE',  ( -0.1313087054023650002, 0.05183733549366231763, 0.07345653506782258424 ) ) ;
#5925 = CARTESIAN_POINT ( 'NONE',  ( 0.05117123068730305285, 0.01968510452251973075, 0.007874015748031495954 ) ) ;
#5926 = CARTESIAN_POINT ( 'NONE',  ( -0.1200786804129134050, -0.04724402933574804037, 0.01968503937007782742 ) ) ;
#5927 = CARTESIAN_POINT ( 'NONE',  ( -0.1003936410428344639, -0.07081804999933072331, 0.1225778822809288626 ) ) ;
#5928 = DIRECTION ( 'NONE',  ( 0.0000000000000000000, 1.000000000000000000, 0.0000000000000000000 ) ) ;
#5929 = CARTESIAN_POINT ( 'NONE',  ( 0.1673228943901569621, -0.0003818445878156014224, 0.1181085515606462161 ) ) ;
#5930 = ORIENTED_EDGE ( 'NONE', *, *, #8103, .F. ) ;
#5931 = CARTESIAN_POINT ( 'NONE',  ( -0.07283458592472444315, 0.03937014389259840125, 0.007874015748031495954 ) ) ;
#5932 = ADVANCED_FACE ( 'NONE', ( #7105 ), #3911, .F. ) ;
#5933 = DIRECTION ( 'NONE',  ( 0.0000000000000000000, 0.0000000000000000000, 1.000000000000000000 ) ) ;
#5934 = CARTESIAN_POINT ( 'NONE',  ( 0.03151478654972669075, 0.01968510452251975157, 0.01524977113495846158 ) ) ;
#5935 = CARTESIAN_POINT ( 'NONE',  ( -0.1279526961609450952, -0.06102355689480315482, 0.09978543909646522825 ) ) ;
#5936 = ORIENTED_EDGE ( 'NONE', *, *, #7224, .T. ) ;
#5937 = CARTESIAN_POINT ( 'NONE',  ( 0.1594488786419577531, -0.04092776536875349092, 0.1062563281814110777 ) ) ;
#5938 = ORIENTED_EDGE ( 'NONE', *, *, #2061, .F. ) ;
#5939 = CARTESIAN_POINT ( 'NONE',  ( -0.07086608198771660039, 0.05577400947291721173, 0.01922186197313183881 ) ) ;
#5940 = AXIS2_PLACEMENT_3D ( 'NONE', #7142, #7622, #6124 ) ;
#5941 = ORIENTED_EDGE ( 'NONE', *, *, #1166, .F. ) ;
#5942 = CARTESIAN_POINT ( 'NONE',  ( 0.1673228943901572396, 6.515244067784063859E-08, 0.03149606352349275384 ) ) ;
#5943 = ORIENTED_EDGE ( 'NONE', *, *, #5839, .T. ) ;
#5944 = B_SPLINE_CURVE_WITH_KNOTS ( 'NONE', 3,
 ( #6910, #1427, #2310, #2250, #10048, #9228, #2108, #2156, #9946, #8454 ),
 .UNSPECIFIED., .F., .F.,
 ( 4, 2, 2, 2, 4 ),
 ( 0.0000000000000000000, 0.2500000000000000555, 0.5000000000000001110, 0.7500000000000000000, 1.000000000000000000 ),
 .UNSPECIFIED. ) ;
#5945 = VERTEX_POINT ( 'NONE', #7053 ) ;
#5946 = EDGE_CURVE ( 'NONE', #7749, #5921, #3016, .T. ) ;
#5947 = FACE_OUTER_BOUND ( 'NONE', #876, .T. ) ;
#5948 = CARTESIAN_POINT ( 'NONE',  ( 0.1272983172477558655, 0.0004455056524016057858, 0.01928684626248030817 ) ) ;
#5949 = CARTESIAN_POINT ( 'NONE',  ( 0.1594488786419577531, -0.04105490128115769910, 0.04352523303821668327 ) ) ;
#5950 = PLANE ( 'NONE',  #6571 ) ;
#5951 = ORIENTED_EDGE ( 'NONE', *, *, #638, .T. ) ;
#5952 = EDGE_CURVE ( 'NONE', #7880, #6269, #1005, .T. ) ;
#5953 = ORIENTED_EDGE ( 'NONE', *, *, #9120, .T. ) ;
#5954 = CARTESIAN_POINT ( 'NONE',  ( 0.2736221069885826362, -0.01181095846960642827, 0.09842519685039398392 ) ) ;
#5955 = VERTEX_POINT ( 'NONE', #8710 ) ;
#5956 = CYLINDRICAL_SURFACE ( 'NONE', #9652, 0.007874015748031499423 ) ;
#5957 = LINE ( 'NONE', #3443, #8714 ) ;
#5958 = ADVANCED_FACE ( 'NONE', ( #3966 ), #2099, .F. ) ;
#5959 = EDGE_CURVE ( 'NONE', #4454, #5326, #6050, .T. ) ;
#5960 = ORIENTED_EDGE ( 'NONE', *, *, #3203, .F. ) ;
#5961 = DIRECTION ( 'NONE',  ( 0.7071067811865467956, 0.0000000000000000000, -0.7071067811865482389 ) ) ;
#5962 = EDGE_CURVE ( 'NONE', #6661, #4963, #4966, .T. ) ;
#5963 = CARTESIAN_POINT ( 'NONE',  ( 0.1296061927490945176, 0.01908203884074803625, 0.1220205407776377843 ) ) ;
#5964 = CARTESIAN_POINT ( 'NONE',  ( -0.1397637197829921518, -0.04724402933574803343, 0.07044795667078740387 ) ) ;
#5965 = CARTESIAN_POINT ( 'NONE',  ( -0.1023621449798425426, 0.05054561230239604935, 0.1337844026243346918 ) ) ;
#5966 = ORIENTED_EDGE ( 'NONE', *, *, #7162, .T. ) ;
#5967 = CARTESIAN_POINT ( 'NONE',  ( -0.1003936410428345610, 0.06308354157117580796, 0.1219251975557631984 ) ) ;
#5968 = CARTESIAN_POINT ( 'NONE',  ( -0.1279526961609449287, -0.03027721556028907177, 0.1002546155463634320 ) ) ;
#5969 = CARTESIAN_POINT ( 'NONE',  ( -0.1382247786220384689, 0.05382013101944470995, 0.09981104241210007888 ) ) ;
#5970 = CARTESIAN_POINT ( 'NONE',  ( 0.009842579429606257424, 0.07098705124442913905, 0.1317208928393306944 ) ) ;
#5971 = CARTESIAN_POINT ( 'NONE',  ( -0.1384513838249995521, 0.05183733549366379562, 0.1000579797070294263 ) ) ;
#5972 = ORIENTED_EDGE ( 'NONE', *, *, #9249, .T. ) ;
#5973 = CARTESIAN_POINT ( 'NONE',  ( 0.1279962623480249695, -0.05343540334468632053, 0.1280540390769251413 ) ) ;
#5974 = ORIENTED_EDGE ( 'NONE', *, *, #408, .F. ) ;
#5975 = CARTESIAN_POINT ( 'NONE',  ( 0.1279528156498904723, 8.816039931464508703E-08, 0.1277161633740035163 ) ) ;
#5976 = EDGE_CURVE ( 'NONE', #9895, #2441, #6431, .T. ) ;
#5977 = CARTESIAN_POINT ( 'NONE',  ( -0.1358266523449587204, 0.05511817538862671950, 0.08003674477046535118 ) ) ;
#5978 = CARTESIAN_POINT ( 'NONE',  ( -0.1345466413477842960, -0.05511804508377945305, 0.05176903628426553217 ) ) ;
#5979 = CARTESIAN_POINT ( 'NONE',  ( -0.1384513838249870898, 0.05183733549365415749, 0.07717662042336546901 ) ) ;
#5980 = LINE ( 'NONE', #4232, #8669 ) ;
#5981 = ORIENTED_EDGE ( 'NONE', *, *, #5976, .T. ) ;
#5982 = CARTESIAN_POINT ( 'NONE',  ( -0.1377952158459787302, -0.01708951542869710516, 0.1227658154731948587 ) ) ;
#5983 = EDGE_LOOP ( 'NONE', ( #8394, #6560, #2438, #507, #5407, #9122 ) ) ;
#5984 = CARTESIAN_POINT ( 'NONE',  ( 0.1322895540471653031, -0.01919105150003935084, 0.1222719926298424936 ) ) ;
#5985 =( BOUNDED_CURVE ( )  B_SPLINE_CURVE ( 3, ( #10038, #9263, #6944, #9305 ),
 .UNSPECIFIED., .F., .T. ) 
 B_SPLINE_CURVE_WITH_KNOTS ( ( 4, 4 ),
 ( 0.0000000000000000000, 1.000000000000000000 ),
 .UNSPECIFIED. ) 
 CURVE ( )  GEOMETRIC_REPRESENTATION_ITEM ( )  RATIONAL_B_SPLINE_CURVE ( ( 1.000000000000000000, 0.8425084105508143795, 0.8425084105508143795, 1.000000000000000000 ) ) 
 REPRESENTATION_ITEM ( '' )  );
#5986 = DIRECTION ( 'NONE',  ( -1.000000000000000000, -6.123233995736766036E-17, -0.0000000000000000000 ) ) ;
#5987 = LINE ( 'NONE', #1964, #6577 ) ;
#5988 = ORIENTED_EDGE ( 'NONE', *, *, #3203, .T. ) ;
#5989 = CARTESIAN_POINT ( 'NONE',  ( 0.1590481817149606014, 6.515244097005101764E-08, 0.07480314960629920462 ) ) ;
#5990 = CARTESIAN_POINT ( 'NONE',  ( -0.1358600830307822027, 0.04921266357763775384, 0.07439442731927560504 ) ) ;
#5991 = CYLINDRICAL_SURFACE ( 'NONE', #3570, 0.01181102362204724393 ) ;
#5992 = CARTESIAN_POINT ( 'NONE',  ( 0.2854331306106299149, 0.01375583294048321643, 0.06685762125067713779 ) ) ;
#5993 = ORIENTED_EDGE ( 'NONE', *, *, #2262, .F. ) ;
#5994 = VERTEX_POINT ( 'NONE', #7153 ) ;
#5995 = DIRECTION ( 'NONE',  ( 6.123233995736766036E-17, -1.000000000000000000, 0.0000000000000000000 ) ) ;
#5996 = CARTESIAN_POINT ( 'NONE',  ( -0.1397856070055338851, 0.05348483877388943847, 0.09856445354860247920 ) ) ;
#5997 = ADVANCED_FACE ( 'NONE', ( #2517 ), #5669, .F. ) ;
#5998 = CARTESIAN_POINT ( 'NONE',  ( 0.2854331306106299149, 0.01533164908845734316, 0.07894552046612182683 ) ) ;
#5999 = CARTESIAN_POINT ( 'NONE',  ( 0.1200787999020472285, -0.04740778743947726692, 0.1259842519685039353 ) ) ;
#6000 = CARTESIAN_POINT ( 'NONE',  ( 0.1279528156500787661, -0.05598200282347684520, 0.1126561817612831695 ) ) ;
#6001 = VERTEX_POINT ( 'NONE', #7878 ) ;
#6002 = CARTESIAN_POINT ( 'NONE',  ( 0.1279528154388308303, 0.08458835337653473896, 0.09684972434167321564 ) ) ;
#6003 = VERTEX_POINT ( 'NONE', #803 ) ;
#6004 = LINE ( 'NONE', #5034, #10135 ) ;
#6005 = CARTESIAN_POINT ( 'NONE',  ( -0.1358267119089763830, -0.04724402933574803343, 0.07044795667078740387 ) ) ;
#6006 = EDGE_LOOP ( 'NONE', ( #1261, #1619, #1129, #240, #9089, #7581 ) ) ;
#6007 = CARTESIAN_POINT ( 'NONE',  ( -0.1023621449798354371, 0.04745722248566278112, 0.1338581905336341249 ) ) ;
#6008 = CARTESIAN_POINT ( 'NONE',  ( -0.1325210033934398346, -0.05183720518873991684, 0.04668366130381402385 ) ) ;
#6009 = CARTESIAN_POINT ( 'NONE',  ( 0.1279667584286613702, 0.01914361721385828691, 0.1269302164195668936 ) ) ;
#6010 = CARTESIAN_POINT ( 'NONE',  ( -0.1279526961609448732, -0.04574383263740239292, 0.1338582677165354173 ) ) ;
#6011 = CARTESIAN_POINT ( 'NONE',  ( 0.1279528156500787384, 0.04724415964063058415, 0.02739529693388924325 ) ) ;
#6012 = EDGE_CURVE ( 'NONE', #8637, #8478, #2671, .T. ) ;
#6013 = PLANE ( 'NONE',  #4579 ) ;
#6014 = CARTESIAN_POINT ( 'NONE',  ( 0.2854331306106284716, -0.06566268185673879154, 0.08776125958519478965 ) ) ;
#6015 = CARTESIAN_POINT ( 'NONE',  ( -0.1384513838249995799, 0.04714073318172542354, 0.1001847873085072171 ) ) ;
#6016 = CARTESIAN_POINT ( 'NONE',  ( -0.1397637197829922351, 0.04940217208254386178, 0.09746478709329298162 ) ) ;
#6017 = ORIENTED_EDGE ( 'NONE', *, *, #5518, .T. ) ;
#6018 = CYLINDRICAL_SURFACE ( 'NONE', #3925, 0.003937007874015733232 ) ;
#6019 = ORIENTED_EDGE ( 'NONE', *, *, #2143, .T. ) ;
#6020 = CARTESIAN_POINT ( 'NONE',  ( 0.2854331306106298594, -0.03265418154403218476, 0.07506691507891624648 ) ) ;
#6021 = CARTESIAN_POINT ( 'NONE',  ( -0.1200786804129134466, 0.05372013402009625377, 0.03771465733634035006 ) ) ;
#6022 = CARTESIAN_POINT ( 'NONE',  ( -0.1358600830307658547, -0.04921253327275589007, 0.04730134657852113483 ) ) ;
#6023 = EDGE_CURVE ( 'NONE', #1663, #5410, #3895, .T. ) ;
#6024 = DIRECTION ( 'NONE',  ( 0.0000000000000000000, -0.0000000000000000000, -1.000000000000000000 ) ) ;
#6025 = VERTEX_POINT ( 'NONE', #5919 ) ;
#6026 = CARTESIAN_POINT ( 'NONE',  ( -0.1279526961609449287, 0.04921266357763775384, 0.07286926856913386596 ) ) ;
#6027 = ORIENTED_EDGE ( 'NONE', *, *, #9577, .T. ) ;
#6028 = CARTESIAN_POINT ( 'NONE',  ( 0.1316134840451968768, -0.0004608860791731993331, 0.1260068246512598411 ) ) ;
#6029 = AXIS2_PLACEMENT_3D ( 'NONE', #5296, #3133, #6059 ) ;
#6030 = EDGE_CURVE ( 'NONE', #7956, #5350, #445, .T. ) ;
#6031 = AXIS2_PLACEMENT_3D ( 'NONE', #4563, #6152, #9398 ) ;
#6032 = CARTESIAN_POINT ( 'NONE',  ( -0.1378094211395435031, -0.04229905007593442318, 0.09770460568515178246 ) ) ;
#6033 = FACE_OUTER_BOUND ( 'NONE', #7499, .T. ) ;
#6034 = ORIENTED_EDGE ( 'NONE', *, *, #6949, .T. ) ;
#6035 = VECTOR ( 'NONE', #7109, 39.37007874015748143 ) ;
#6036 = VECTOR ( 'NONE', #8243, 39.37007874015748143 ) ;
#6037 = CARTESIAN_POINT ( 'NONE',  ( -0.1200786804129134189, -0.03543300571370078256, 0.03149606299212598381 ) ) ;
#6038 = DIRECTION ( 'NONE',  ( 1.000000000000000000, 6.123233995736766036E-17, 0.0000000000000000000 ) ) ;
#6039 = LINE ( 'NONE', #4207, #5707 ) ;
#6040 = ORIENTED_EDGE ( 'NONE', *, *, #991, .F. ) ;
#6041 = ORIENTED_EDGE ( 'NONE', *, *, #7455, .T. ) ;
#6042 = CARTESIAN_POINT ( 'NONE',  ( -0.1384656293220283274, 0.04858227942749512168, 0.1003297489430238776 ) ) ;
#6043 =( BOUNDED_SURFACE ( )  B_SPLINE_SURFACE ( 3, 3, ( 
 ( #6557, #4919, #3230, #124 ),
 ( #3332, #8892, #6409, #4816 ),
 ( #181, #8062, #3993, #1713 ),
 ( #2651, #9560, #6455, #73 ) ),
 .UNSPECIFIED., .F., .F., .F. ) 
 B_SPLINE_SURFACE_WITH_KNOTS ( ( 4, 4 ),
 ( 4, 4 ),
 ( 0.0000000000000000000, 1.000000000000000000 ),
 ( 0.0000000000000000000, 1.000000000000000000 ),
 .UNSPECIFIED. ) 
 GEOMETRIC_REPRESENTATION_ITEM ( )  RATIONAL_B_SPLINE_SURFACE ( (
 ( 1.000000000000000000, 0.9961831556432191315, 0.9961831556432191315, 1.000000000000000000),
 ( 0.8425084105498001907, 0.8392926870774527481, 0.8392926870774527481, 0.8425084105498001907),
 ( 0.8425084105498001907, 0.8392926870774527481, 0.8392926870774527481, 0.8425084105498001907),
 ( 1.000000000000000000, 0.9961831556432191315, 0.9961831556432191315, 1.000000000000000000) ) ) 
 REPRESENTATION_ITEM ( '' )  SURFACE ( )  );
#6044 = EDGE_CURVE ( 'NONE', #3795, #622, #8643, .T. ) ;
#6045 = VECTOR ( 'NONE', #10131, 39.37007874015748143 ) ;
#6046 = CARTESIAN_POINT ( 'NONE',  ( 0.02559061092566927709, 6.515244094229544203E-08, 0.0002668757515020086482 ) ) ;
#6047 = LINE ( 'NONE', #625, #3290 ) ;
#6048 = CARTESIAN_POINT ( 'NONE',  ( 0.1200787999020471869, -0.05511804508377950856, 0.01422248560244881825 ) ) ;
#6049 = CARTESIAN_POINT ( 'NONE',  ( -0.1378148836212096939, -0.06038679140531655332, 0.1192847855919655226 ) ) ;
#6050 = B_SPLINE_CURVE_WITH_KNOTS ( 'NONE', 3,
 ( #7933, #92, #6273, #3306, #7206, #9419, #3353, #4788, #6318, #2353 ),
 .UNSPECIFIED., .F., .F.,
 ( 4, 2, 2, 2, 4 ),
 ( 0.5000000007317513262, 0.6250000005488134391, 0.7500000003658756631, 0.8750000001829378871, 1.000000000000000000 ),
 .UNSPECIFIED. ) ;
#6051 = ORIENTED_EDGE ( 'NONE', *, *, #5583, .T. ) ;
#6052 = CARTESIAN_POINT ( 'NONE',  ( -0.1366045896888064826, -0.05511789907006028194, 0.06934487928439705962 ) ) ;
#6053 = EDGE_LOOP ( 'NONE', ( #7202, #658, #7564, #9744, #5384, #5981 ) ) ;
#6054 = DIRECTION ( 'NONE',  ( -2.116471550061981171E-18, 0.03456460346829062780, -0.9994024655698423576 ) ) ;
#6055 = CIRCLE ( 'NONE', #6540, 0.04330708661417343591 ) ;
#6056 = VERTEX_POINT ( 'NONE', #5765 ) ;
#6057 = EDGE_CURVE ( 'NONE', #4923, #9315, #2867, .T. ) ;
#6058 = AXIS2_PLACEMENT_3D ( 'NONE', #2131, #3634, #2761 ) ;
#6059 = DIRECTION ( 'NONE',  ( 0.0000000000000000000, 1.000000000000000000, 0.0000000000000000000 ) ) ;
#6060 = CARTESIAN_POINT ( 'NONE',  ( -0.1279526961609450952, 0.05631883147884995944, 0.03846233362588698246 ) ) ;
#6061 = ORIENTED_EDGE ( 'NONE', *, *, #369, .T. ) ;
#6062 = AXIS2_PLACEMENT_3D ( 'NONE', #1168, #3447, #4316 ) ;
#6063 =( BOUNDED_SURFACE ( )  B_SPLINE_SURFACE ( 3, 3, ( 
 ( #148, #3303, #6429, #3094 ),
 ( #9365, #2308, #5451, #298 ),
 ( #9009, #8026, #346, #7357 ),
 ( #392, #1834, #3397, #960 ) ),
 .UNSPECIFIED., .F., .F., .F. ) 
 B_SPLINE_SURFACE_WITH_KNOTS ( ( 4, 4 ),
 ( 4, 4 ),
 ( 0.0000000000000000000, 1.000000000000000000 ),
 ( 0.0000000000000000000, 1.000000000000000000 ),
 .UNSPECIFIED. ) 
 GEOMETRIC_REPRESENTATION_ITEM ( )  RATIONAL_B_SPLINE_SURFACE ( (
 ( 1.000000000000000000, 0.9768702674409360798, 0.9768702674409360798, 1.000000000000000000),
 ( 0.8425084105498000797, 0.8230214163350211276, 0.8230214163350211276, 0.8425084105498000797),
 ( 0.8425084105498000797, 0.8230214163350211276, 0.8230214163350211276, 0.8425084105498000797),
 ( 1.000000000000000000, 0.9768702674409360798, 0.9768702674409360798, 1.000000000000000000) ) ) 
 REPRESENTATION_ITEM ( '' )  SURFACE ( )  );
#6064 = DIRECTION ( 'NONE',  ( 1.000000000000000000, 6.123233995736766036E-17, -0.0000000000000000000 ) ) ;
#6065 = DIRECTION ( 'NONE',  ( 1.000000000000000000, 6.123233995736766036E-17, 0.0000000000000000000 ) ) ;
#6066 = LINE ( 'NONE', #688, #1601 ) ;
#6067 = CARTESIAN_POINT ( 'NONE',  ( -0.1384513838250074902, -0.04831000477664260800, 0.04982107890626143870 ) ) ;
#6068 = CARTESIAN_POINT ( 'NONE',  ( 0.1200787999020472285, 0.06252944437645609199, 0.1263638661476694514 ) ) ;
#6069 = VECTOR ( 'NONE', #8231, 39.37007874015748143 ) ;
#6070 = CARTESIAN_POINT ( 'NONE',  ( 0.2736221069885826362, 6.515244097596210324E-08, 0.07480314960629920462 ) ) ;
#6071 = EDGE_CURVE ( 'NONE', #5, #639, #9011, .T. ) ;
#6072 = CARTESIAN_POINT ( 'NONE',  ( -0.03740151505858266973, 6.515244097005101764E-08, 0.007874015748031495954 ) ) ;
#6073 = B_SPLINE_CURVE_WITH_KNOTS ( 'NONE', 3,
 ( #3560, #9081, #5934, #2847 ),
 .UNSPECIFIED., .F., .F.,
 ( 4, 4 ),
 ( 0.0000000000000000000, 1.000000000000000000 ),
 .UNSPECIFIED. ) ;
#6074 = EDGE_LOOP ( 'NONE', ( #9628, #6325, #4050, #1562, #2653, #4995 ) ) ;
#6075 = DIRECTION ( 'NONE',  ( 1.000000000000000000, 6.123233995736766036E-17, 0.0000000000000000000 ) ) ;
#6076 = VECTOR ( 'NONE', #9638, 39.37007874015748143 ) ;
#6077 = CARTESIAN_POINT ( 'NONE',  ( -0.1023621449798389760, 0.04748187024631848191, 0.1338577398469616986 ) ) ;
#6078 = CARTESIAN_POINT ( 'NONE',  ( -0.1279526961609449009, -0.05331331127880276077, 0.04577618782838582118 ) ) ;
#6079 = ADVANCED_FACE ( 'NONE', ( #5151 ), #5329, .T. ) ;
#6080 = CARTESIAN_POINT ( 'NONE',  ( 0.1358268313981100817, -0.02583699036113852252, 0.03010179634647979635 ) ) ;
#6081 = CARTESIAN_POINT ( 'NONE',  ( 0.1278897875324923605, -0.04724402933574800567, 0.009599514413644462396 ) ) ;
#6082 = VERTEX_POINT ( 'NONE', #4992 ) ;
#6083 = DIRECTION ( 'NONE',  ( -1.000000000000000000, -6.123233995736766036E-17, 0.0000000000000000000 ) ) ;
#6084 = VERTEX_POINT ( 'NONE', #8129 ) ;
#6085 = CARTESIAN_POINT ( 'NONE',  ( -0.1397637197829920963, 0.05075590601798286861, 0.07993922865547910261 ) ) ;
#6086 = AXIS2_PLACEMENT_3D ( 'NONE', #5788, #1859, #1195 ) ;
#6087 = CARTESIAN_POINT ( 'NONE',  ( 0.1279528156500784331, -0.05019648576910819976, 0.02477998974913838207 ) ) ;
#6088 = ADVANCED_FACE ( 'NONE', ( #1885 ), #1220, .F. ) ;
#6089 = FACE_OUTER_BOUND ( 'NONE', #2294, .T. ) ;
#6090 = ORIENTED_EDGE ( 'NONE', *, *, #6323, .T. ) ;
#6091 = CARTESIAN_POINT ( 'NONE',  ( 0.1594488786421259241, -0.003111611688025892140, 0.08622835451217579494 ) ) ;
#6092 = EDGE_CURVE ( 'NONE', #3273, #7535, #4368, .T. ) ;
#6093 = ADVANCED_FACE ( 'NONE', ( #9684 ), #300, .F. ) ;
#6094 = CARTESIAN_POINT ( 'NONE',  ( 0.2775591148625983773, -0.007873950595591651738, 0.07480314960630082832 ) ) ;
#6095 = DIRECTION ( 'NONE',  ( -1.000000000000000000, -6.123233995736766036E-17, -0.0000000000000000000 ) ) ;
#6096 = VERTEX_POINT ( 'NONE', #348 ) ;
#6097 = CARTESIAN_POINT ( 'NONE',  ( -0.09251962529480316222, -0.01771647028062989931, 0.007874015748031499423 ) ) ;
#6098 = AXIS2_PLACEMENT_3D ( 'NONE', #6486, #2577, #1533 ) ;
#6099 = VERTEX_POINT ( 'NONE', #5096 ) ;
#6100 = CARTESIAN_POINT ( 'NONE',  ( 0.1276364138384645519, -0.01628252345240156426, 0.1250867675957873792 ) ) ;
#6101 = CARTESIAN_POINT ( 'NONE',  ( -0.1357895709757204750, 0.05511800019475185386, 0.09804881704470157222 ) ) ;
#6102 = CARTESIAN_POINT ( 'NONE',  ( -0.1023621449798425564, 0.07874022263275587408, 0.04133858267716534335 ) ) ;
#6103 = CARTESIAN_POINT ( 'NONE',  ( -0.1361644537893928475, 0.03468974784687665208, 0.05618517402986009102 ) ) ;
#6104 = CARTESIAN_POINT ( 'NONE',  ( -0.1377949289321394877, -0.04373877994382872891, 0.1026195971965796483 ) ) ;
#6105 = ORIENTED_EDGE ( 'NONE', *, *, #7656, .T. ) ;
#6106 = CARTESIAN_POINT ( 'NONE',  ( -0.1377952131016104420, -0.04674718656648782500, 0.1084115494475480918 ) ) ;
#6107 = CARTESIAN_POINT ( 'NONE',  ( -0.1325210033934414999, 0.04658799166161321087, 0.07377674204456675933 ) ) ;
#6108 = EDGE_CURVE ( 'NONE', #7171, #8694, #4724, .T. ) ;
#6109 = ORIENTED_EDGE ( 'NONE', *, *, #2292, .F. ) ;
#6110 =( BOUNDED_SURFACE ( )  B_SPLINE_SURFACE ( 3, 3, ( 
 ( #7690, #1547, #6192, #7795 ),
 ( #4614, #3124, #3729, #8522 ),
 ( #6103, #2278, #5428, #3940 ),
 ( #10163, #3064, #775, #4660 ) ),
 .UNSPECIFIED., .F., .F., .F. ) 
 B_SPLINE_SURFACE_WITH_KNOTS ( ( 4, 4 ),
 ( 4, 4 ),
 ( 0.0000000000000000000, 1.000000000000000000 ),
 ( 0.0000000000000000000, 1.000000000000000000 ),
 .UNSPECIFIED. ) 
 GEOMETRIC_REPRESENTATION_ITEM ( )  RATIONAL_B_SPLINE_SURFACE ( (
 ( 1.000000000000000000, 0.6485977197611677569, 0.6485977197611677569, 1.000000000000000000),
 ( 0.8047378541249443629, 0.5219511371909341113, 0.5219511371909341113, 0.8047378541249443629),
 ( 0.8047378541249443629, 0.5219511371909341113, 0.5219511371909341113, 0.8047378541249443629),
 ( 1.000000000000000000, 0.6485977197611677569, 0.6485977197611677569, 1.000000000000000000) ) ) 
 REPRESENTATION_ITEM ( '' )  SURFACE ( )  );
#6111 = CARTESIAN_POINT ( 'NONE',  ( -0.07086608198771660039, 0.05174665721136818830, 0.01568885362415659360 ) ) ;
#6112 = CARTESIAN_POINT ( 'NONE',  ( 0.1594488786421259519, 0.001605127889109134219, 0.06307814610141662670 ) ) ;
#6113 = EDGE_CURVE ( 'NONE', #9267, #3996, #1040, .T. ) ;
#6114 = ORIENTED_EDGE ( 'NONE', *, *, #5835, .T. ) ;
#6115 = DIRECTION ( 'NONE',  ( -6.123233995736766036E-17, 1.000000000000000000, 0.0000000000000000000 ) ) ;
#6116 = CARTESIAN_POINT ( 'NONE',  ( -0.1384514009296796411, 0.04770165503984295785, 0.1002712965776758891 ) ) ;
#6117 = CARTESIAN_POINT ( 'NONE',  ( -0.1304272508542571041, -0.05511804508377916856, 0.07290410729930817124 ) ) ;
#6118 = CARTESIAN_POINT ( 'NONE',  ( 0.1200787999020471869, 0.06639889290578919467, 0.1338582677165346679 ) ) ;
#6119 = DIRECTION ( 'NONE',  ( 1.000000000000000000, 6.123233995736766036E-17, 0.0000000000000000000 ) ) ;
#6120 = CARTESIAN_POINT ( 'NONE',  ( -0.1200786804129134050, -0.02913379311527559273, 0.03228346456692912647 ) ) ;
#6121 = EDGE_CURVE ( 'NONE', #7394, #3429, #2621, .T. ) ;
#6122 = VERTEX_POINT ( 'NONE', #7762 ) ;
#6123 = VERTEX_POINT ( 'NONE', #9981 ) ;
#6124 = DIRECTION ( 'NONE',  ( 1.000000000000000000, 0.0000000000000000000, 0.0000000000000000000 ) ) ;
#6125 = CARTESIAN_POINT ( 'NONE',  ( -0.1200786804129134189, 0.04597124905334405709, 0.02585023612712578772 ) ) ;
#6126 = FACE_OUTER_BOUND ( 'NONE', #3165, .T. ) ;
#6127 = EDGE_CURVE ( 'NONE', #4805, #3858, #1274, .T. ) ;
#6128 = CARTESIAN_POINT ( 'NONE',  ( 0.008858327461102322165, 0.01968510452251973075, 0.01574803149606299191 ) ) ;
#6129 = CARTESIAN_POINT ( 'NONE',  ( -0.1358266523449587204, 0.05511817538862671950, 0.08003674477046535118 ) ) ;
#6130 = ORIENTED_EDGE ( 'NONE', *, *, #2109, .T. ) ;
#6131 = DIRECTION ( 'NONE',  ( 6.123233995736766036E-17, -1.000000000000000000, 0.0000000000000000000 ) ) ;
#6132 = ORIENTED_EDGE ( 'NONE', *, *, #10039, .F. ) ;
#6133 = CARTESIAN_POINT ( 'NONE',  ( -0.1397637197829904032, 0.05143554177926232956, 0.07892799862051252946 ) ) ;
#6134 = FACE_OUTER_BOUND ( 'NONE', #1122, .T. ) ;
#6135 = CARTESIAN_POINT ( 'NONE',  ( -0.1240156882869291877, 0.03665154160641734271, 0.1338582677165354173 ) ) ;
#6136 = ORIENTED_EDGE ( 'NONE', *, *, #1860, .F. ) ;
#6137 = DIRECTION ( 'NONE',  ( 1.000000000000000000, 6.123233995736766036E-17, -0.0000000000000000000 ) ) ;
#6138 = CARTESIAN_POINT ( 'NONE',  ( 0.2854331306106298594, 0.03261977730762466443, 0.07505667393171679136 ) ) ;
#6139 = CARTESIAN_POINT ( 'NONE',  ( -0.1397637197829920963, -0.05144137585529520024, 0.07010470241094990396 ) ) ;
#6140 = VERTEX_POINT ( 'NONE', #1415 ) ;
#6141 = CARTESIAN_POINT ( 'NONE',  ( -0.08858261742078961387, -0.01771647028062994789, 0.02559055118110341309 ) ) ;
#6142 = ORIENTED_EDGE ( 'NONE', *, *, #9356, .F. ) ;
#6143 = CARTESIAN_POINT ( 'NONE',  ( 0.1339448891097766436, -0.04724402933574794322, 0.0004243035290952367053 ) ) ;
#6144 = EDGE_CURVE ( 'NONE', #5587, #7815, #689, .T. ) ;
#6145 = CARTESIAN_POINT ( 'NONE',  ( -0.1357895709757186986, 0.05511800019475007056, 0.09719780979656658659 ) ) ;
#6146 = ADVANCED_FACE ( 'NONE', ( #2934 ), #7659, .F. ) ;
#6147 = DIRECTION ( 'NONE',  ( 4.322282815942686868E-17, -0.7058823521936328227, 0.7083290936150965500 ) ) ;
#6148 = CARTESIAN_POINT ( 'NONE',  ( -0.1358267119089763830, -0.06062421011281093897, 0.1020356100459680199 ) ) ;
#6149 = ORIENTED_EDGE ( 'NONE', *, *, #3356, .T. ) ;
#6150 = CARTESIAN_POINT ( 'NONE',  ( -0.1377952168231367791, -0.05667950157126067090, 0.1074373067774556101 ) ) ;
#6151 = VERTEX_POINT ( 'NONE', #6213 ) ;
#6152 = DIRECTION ( 'NONE',  ( -1.000000000000000000, -6.123233995736766036E-17, 0.0000000000000000000 ) ) ;
#6153 = B_SPLINE_CURVE_WITH_KNOTS ( 'NONE', 3,
 ( #9698, #1849, #7168, #1024 ),
 .UNSPECIFIED., .F., .F.,
 ( 4, 4 ),
 ( 0.0000000000000000000, 1.000000000000000000 ),
 .UNSPECIFIED. ) ;
#6154 = ORIENTED_EDGE ( 'NONE', *, *, #6113, .T. ) ;
#6155 = ORIENTED_EDGE ( 'NONE', *, *, #415, .T. ) ;
#6156 = DIRECTION ( 'NONE',  ( 1.000000000000000000, 6.123233995736766036E-17, -0.0000000000000000000 ) ) ;
#6157 = ADVANCED_FACE ( 'NONE', ( #6989 ), #387, .T. ) ;
#6158 = CARTESIAN_POINT ( 'NONE',  ( -0.1003936410428344916, -0.07907175095798557596, 0.1082753245846765772 ) ) ;
#6159 = ORIENTED_EDGE ( 'NONE', *, *, #8483, .T. ) ;
#6160 =( BOUNDED_CURVE ( )  B_SPLINE_CURVE ( 3, ( #3204, #1737, #9470, #2405 ),
 .UNSPECIFIED., .F., .T. ) 
 B_SPLINE_CURVE_WITH_KNOTS ( ( 4, 4 ),
 ( 0.0000000000000000000, 1.000000000000000000 ),
 .UNSPECIFIED. ) 
 CURVE ( )  GEOMETRIC_REPRESENTATION_ITEM ( )  RATIONAL_B_SPLINE_CURVE ( ( 1.000000000000000000, 0.8425084105515359134, 0.8425084105515359134, 1.000000000000000000 ) ) 
 REPRESENTATION_ITEM ( '' )  );
#6161 = DIRECTION ( 'NONE',  ( 1.000000000000000000, 6.123233995736766036E-17, 0.0000000000000000000 ) ) ;
#6162 = CARTESIAN_POINT ( 'NONE',  ( -0.1384513838250074624, -0.04715487668563023843, 0.04995345744480830796 ) ) ;
#6163 = DIRECTION ( 'NONE',  ( -1.000000000000000000, 0.0000000000000000000, 0.0000000000000000000 ) ) ;
#6164 = DIRECTION ( 'NONE',  ( -1.000000000000000000, -0.0000000000000000000, 0.0000000000000000000 ) ) ;
#6165 = CARTESIAN_POINT ( 'NONE',  ( 0.1594488786421259241, -0.01811709402386633971, 0.09844069354830237151 ) ) ;
#6166 = B_SPLINE_CURVE_WITH_KNOTS ( 'NONE', 3,
 ( #1096, #4251, #9869, #3483 ),
 .UNSPECIFIED., .F., .F.,
 ( 4, 4 ),
 ( 0.0000000000000000000, 1.000000000000000000 ),
 .UNSPECIFIED. ) ;
#6167 = ORIENTED_EDGE ( 'NONE', *, *, #7035, .F. ) ;
#6168 = CARTESIAN_POINT ( 'NONE',  ( -0.1200786804129134189, 0.03543313601858141815, 0.03149606299212598381 ) ) ;
#6169 = CARTESIAN_POINT ( 'NONE',  ( -0.1378094211395228252, 0.06006315464845782270, 0.04258649544894163586 ) ) ;
#6170 = DIRECTION ( 'NONE',  ( -1.000000000000000000, -6.123233995736766036E-17, -0.0000000000000000000 ) ) ;
#6171 = CARTESIAN_POINT ( 'NONE',  ( -0.1023274770857220961, 0.02635774602896363839, 0.01567416640385432824 ) ) ;
#6172 = ORIENTED_EDGE ( 'NONE', *, *, #7472, .T. ) ;
#6173 = ORIENTED_EDGE ( 'NONE', *, *, #2865, .T. ) ;
#6174 = CARTESIAN_POINT ( 'NONE',  ( 0.1200787999020472285, -0.05577387921075208088, 0.01922186201529648905 ) ) ;
#6175 = CARTESIAN_POINT ( 'NONE',  ( -0.1279526961609449287, -0.03260604773677389795, 0.05241269967532452556 ) ) ;
#6176 = CARTESIAN_POINT ( 'NONE',  ( 0.07565414424648078673, 0.01968510452251973075, 0.0009210848696135534412 ) ) ;
#6177 = DIRECTION ( 'NONE',  ( -0.0000000000000000000, 0.0000000000000000000, 1.000000000000000000 ) ) ;
#6178 = VERTEX_POINT ( 'NONE', #5345 ) ;
#6179 = CARTESIAN_POINT ( 'NONE',  ( -0.1397637197829920686, -0.04724402933574944896, 0.05294369135373609703 ) ) ;
#6180 = CARTESIAN_POINT ( 'NONE',  ( 0.1358268313981138564, -0.06024991954395531729, 0.04385169635665030902 ) ) ;
#6181 = CARTESIAN_POINT ( 'NONE',  ( 0.2854331306106277499, 0.03137873915855254187, 0.07208638652795457125 ) ) ;
#6182 = CARTESIAN_POINT ( 'NONE',  ( 0.2759283528060109680, -0.01181095846961129417, 0.05118110236220198977 ) ) ;
#6183 = PLANE ( 'NONE',  #3891 ) ;
#6184 = VERTEX_POINT ( 'NONE', #6010 ) ;
#6185 = CARTESIAN_POINT ( 'NONE',  ( -0.1290630692859745243, 0.04658799166161241290, 0.1041450685247972963 ) ) ;
#6186 = EDGE_CURVE ( 'NONE', #6151, #9489, #3085, .T. ) ;
#6187 = ORIENTED_EDGE ( 'NONE', *, *, #4391, .F. ) ;
#6188 = AXIS2_PLACEMENT_3D ( 'NONE', #3639, #6054, #2870 ) ;
#6189 = B_SPLINE_CURVE_WITH_KNOTS ( 'NONE', 3,
 ( #6181, #8420, #6138, #1486 ),
 .UNSPECIFIED., .F., .F.,
 ( 4, 4 ),
 ( 0.0000000000000000000, 1.000000000000000000 ),
 .UNSPECIFIED. ) ;
#6190 = CARTESIAN_POINT ( 'NONE',  ( -0.1393675992573129574, 0.05306683102566910060, 0.09979662812626884094 ) ) ;
#6191 = CARTESIAN_POINT ( 'NONE',  ( 0.1673228943901572396, 6.515244144151754996E-08, 0.1181102356891025190 ) ) ;
#6192 = CARTESIAN_POINT ( 'NONE',  ( -0.1377952158459844201, -0.01604517289150666007, 0.02977147738921928979 ) ) ;
#6193 = VECTOR ( 'NONE', #7228, 39.37007874015748143 ) ;
#6194 = CARTESIAN_POINT ( 'NONE',  ( -0.1279526961609449565, -0.05711992014257286088, 0.07574709207037809422 ) ) ;
#6195 = ORIENTED_EDGE ( 'NONE', *, *, #4140, .T. ) ;
#6196 = CARTESIAN_POINT ( 'NONE',  ( -0.1401011670583691138, -0.05212291436565494318, 0.06924801210142740582 ) ) ;
#6197 = VECTOR ( 'NONE', #7710, 39.37007874015748143 ) ;
#6198 = ORIENTED_EDGE ( 'NONE', *, *, #866, .T. ) ;
#6199 = DIRECTION ( 'NONE',  ( 0.0000000000000000000, -0.0000000000000000000, -1.000000000000000000 ) ) ;
#6200 = ORIENTED_EDGE ( 'NONE', *, *, #2607, .T. ) ;
#6201 = ADVANCED_FACE ( 'NONE', ( #9937 ), #7853, .F. ) ;
#6202 = VERTEX_POINT ( 'NONE', #8486 ) ;
#6203 = VECTOR ( 'NONE', #4123, 39.37007874015748143 ) ;
#6204 = AXIS2_PLACEMENT_3D ( 'NONE', #503, #1177, #8400 ) ;
#6205 = AXIS2_PLACEMENT_3D ( 'NONE', #7877, #6951, #9311 ) ;
#6206 = DIRECTION ( 'NONE',  ( -1.000000000000000000, 0.0000000000000000000, 0.0000000000000000000 ) ) ;
#6207 = CARTESIAN_POINT ( 'NONE',  ( 0.1594488786421259241, -0.005908080513526590624, 0.06445276795842730388 ) ) ;
#6208 = CARTESIAN_POINT ( 'NONE',  ( -0.1313087054023611144, -0.04658786135673475409, 0.04636345432707859177 ) ) ;
#6209 = ORIENTED_EDGE ( 'NONE', *, *, #4718, .T. ) ;
#6210 = CIRCLE ( 'NONE', #1771, 0.01181102362204720577 ) ;
#6211 = EDGE_CURVE ( 'NONE', #950, #4286, #6942, .T. ) ;
#6212 = LINE ( 'NONE', #3698, #7043 ) ;
#6213 = CARTESIAN_POINT ( 'NONE',  ( -0.07086608198771660039, 0.07874022263275590183, 0.007874015748031494219 ) ) ;
#6214 = ADVANCED_FACE ( 'NONE', ( #7562 ), #2241, .F. ) ;
#6215 = EDGE_CURVE ( 'NONE', #9499, #8364, #5383, .T. ) ;
#6216 = DIRECTION ( 'NONE',  ( -0.0000000000000000000, 1.000000000000000000, 0.0000000000000000000 ) ) ;
#6217 = CARTESIAN_POINT ( 'NONE',  ( -0.03740151505858273218, 6.515244094229544203E-08, 0.0000000000000000000 ) ) ;
#6218 = CIRCLE ( 'NONE', #9690, 0.007874015748031534118 ) ;
#6219 = ORIENTED_EDGE ( 'NONE', *, *, #5209, .F. ) ;
#6220 = AXIS2_PLACEMENT_3D ( 'NONE', #3464, #4336, #2686 ) ;
#6221 = LINE ( 'NONE', #852, #8361 ) ;
#6222 = CARTESIAN_POINT ( 'NONE',  ( -0.1343223578888182168, -0.06008622600227284116, 0.05013284967786802576 ) ) ;
#6223 = ADVANCED_FACE ( 'NONE', ( #8539 ), #9515, .T. ) ;
#6224 = CARTESIAN_POINT ( 'NONE',  ( 0.1358268313981101649, -0.04469043815988378576, 0.04896182398510164763 ) ) ;
#6225 = CARTESIAN_POINT ( 'NONE',  ( 0.1200787999020472285, 0.05577400947497794526, 0.01922186197520280720 ) ) ;
#6226 = ORIENTED_EDGE ( 'NONE', *, *, #2448, .T. ) ;
#6227 = CARTESIAN_POINT ( 'NONE',  ( -0.05708655442866245044, -0.01771647028062992013, 0.007874015748031523709 ) ) ;
#6228 = AXIS2_PLACEMENT_3D ( 'NONE', #8270, #3633, #334 ) ;
#6229 = CARTESIAN_POINT ( 'NONE',  ( -0.1397637197829921241, -0.04992218940414441808, 0.07029898673877414683 ) ) ;
#6230 = FACE_OUTER_BOUND ( 'NONE', #8933, .T. ) ;
#6231 = B_SPLINE_CURVE_WITH_KNOTS ( 'NONE', 3,
 ( #6243, #3224, #9389, #9491 ),
 .UNSPECIFIED., .F., .F.,
 ( 4, 4 ),
 ( 0.0000000000000000000, 1.000000000000000000 ),
 .UNSPECIFIED. ) ;
#6232 = AXIS2_PLACEMENT_3D ( 'NONE', #6464, #3288, #6416 ) ;
#6233 = ADVANCED_FACE ( 'NONE', ( #1508 ), #1563, .T. ) ;
#6234 = ORIENTED_EDGE ( 'NONE', *, *, #3336, .F. ) ;
#6235 = LINE ( 'NONE', #10061, #3907 ) ;
#6236 = CARTESIAN_POINT ( 'NONE',  ( 0.1594488786421259241, 0.005908210818408054545, 0.08515353125417123026 ) ) ;
#6237 = DIRECTION ( 'NONE',  ( 1.000000000000000000, 0.0000000000000000000, -0.0000000000000000000 ) ) ;
#6238 = VERTEX_POINT ( 'NONE', #735 ) ;
#6239 = CARTESIAN_POINT ( 'NONE',  ( -0.1279526961609449009, -0.04921253327275590395, 0.07727225082051179805 ) ) ;
#6240 = ORIENTED_EDGE ( 'NONE', *, *, #4262, .T. ) ;
#6241 = CARTESIAN_POINT ( 'NONE',  ( -0.1023621449798425426, 6.515244097019128101E-08, 0.02165354330708661734 ) ) ;
#6242 = CIRCLE ( 'NONE', #2461, 0.01181102362204724393 ) ;
#6243 = CARTESIAN_POINT ( 'NONE',  ( -0.1023621449798390176, -0.04748173994139162635, 0.1338577398448461964 ) ) ;
#6244 = CARTESIAN_POINT ( 'NONE',  ( 0.1358268313981101372, -0.006837059728495577596, 0.1259634526900929585 ) ) ;
#6245 = CARTESIAN_POINT ( 'NONE',  ( -0.1023621449798401417, -0.05577370092932322498, 0.1303842543837251122 ) ) ;
#6246 = DIRECTION ( 'NONE',  ( -0.2124842514444803543, 0.0000000000000000000, 0.9771644912132648741 ) ) ;
#6247 = VERTEX_POINT ( 'NONE', #84 ) ;
#6248 = CARTESIAN_POINT ( 'NONE',  ( 0.1279528156500787661, 0.04724415964062993883, 0.07480314876563187720 ) ) ;
#6249 = AXIS2_PLACEMENT_3D ( 'NONE', #3500, #6636, #301 ) ;
#6250 = ORIENTED_EDGE ( 'NONE', *, *, #1252, .T. ) ;
#6251 = CARTESIAN_POINT ( 'NONE',  ( 0.07565414424649610781, -0.01968497421763773514, 0.0009210848696135530075 ) ) ;
#6252 = ORIENTED_EDGE ( 'NONE', *, *, #3904, .T. ) ;
#6253 = EDGE_CURVE ( 'NONE', #9183, #8987, #8093, .T. ) ;
#6254 = VERTEX_POINT ( 'NONE', #3345 ) ;
#6255 = AXIS2_PLACEMENT_3D ( 'NONE', #5989, #4346, #9134 ) ;
#6256 = CARTESIAN_POINT ( 'NONE',  ( -0.09251962529480320385, 6.515244097005101764E-08, 0.003937007874015846856 ) ) ;
#6257 = CARTESIAN_POINT ( 'NONE',  ( 0.1594488786421260074, 0.01177214861867231614, 0.07315290688376609174 ) ) ;
#6258 = ADVANCED_FACE ( 'NONE', ( #4777 ), #2344, .T. ) ;
#6259 = PLANE ( 'NONE',  #2966 ) ;
#6260 = VERTEX_POINT ( 'NONE', #7044 ) ;
#6261 = CARTESIAN_POINT ( 'NONE',  ( -0.1279526961609449009, -0.05096949276274853613, 0.04584978069512537363 ) ) ;
#6262 = CARTESIAN_POINT ( 'NONE',  ( -0.1279526961609449009, -0.07874009232787376744, 0.007874015748031485545 ) ) ;
#6263 = CARTESIAN_POINT ( 'NONE',  ( 0.2854331306106263066, 0.03070659758499582476, 0.06432313639777220704 ) ) ;
#6264 = EDGE_CURVE ( 'NONE', #2327, #3873, #7899, .T. ) ;
#6265 = EDGE_CURVE ( 'NONE', #7633, #5704, #635, .T. ) ;
#6266 = DIRECTION ( 'NONE',  ( -1.000000000000000000, 0.0000000000000000000, 0.0000000000000000000 ) ) ;
#6267 = EDGE_CURVE ( 'NONE', #8386, #6853, #2992, .T. ) ;
#6268 = ADVANCED_FACE ( 'NONE', ( #526 ), #2714, .T. ) ;
#6269 = VERTEX_POINT ( 'NONE', #8123 ) ;
#6270 = DIRECTION ( 'NONE',  ( -6.123233995736766036E-17, 1.000000000000000000, 0.0000000000000000000 ) ) ;
#6271 = CARTESIAN_POINT ( 'NONE',  ( -0.1200786804129134050, -0.02755898996566929701, 0.1337844026243306950 ) ) ;
#6272 = CARTESIAN_POINT ( 'NONE',  ( 0.1200787999020470065, 0.04740791782484252148, 0.1220472440944881665 ) ) ;
#6273 = CARTESIAN_POINT ( 'NONE',  ( 0.1358268313981101649, 0.04987573104276854519, 0.06147812772303562490 ) ) ;
#6274 =( NAMED_UNIT ( * ) PLANE_ANGLE_UNIT ( ) SI_UNIT ( $, .RADIAN. ) );
#6275 = DIRECTION ( 'NONE',  ( -0.0000000000000000000, 1.000000000000000000, 0.0000000000000000000 ) ) ;
#6276 = ORIENTED_EDGE ( 'NONE', *, *, #9120, .F. ) ;
#6277 = DIRECTION ( 'NONE',  ( -0.0000000000000000000, -0.0000000000000000000, -1.000000000000000000 ) ) ;
#6278 = ORIENTED_EDGE ( 'NONE', *, *, #4086, .T. ) ;
#6279 = DIRECTION ( 'NONE',  ( -0.0000000000000000000, 0.0000000000000000000, -1.000000000000000000 ) ) ;
#6280 = CARTESIAN_POINT ( 'NONE',  ( -0.1279526961609449009, 0.05511817538866062988, 0.07697147372051545144 ) ) ;
#6281 = B_SPLINE_CURVE_WITH_KNOTS ( 'NONE', 3,
 ( #5166, #7377, #8253, #3615, #8144, #2739, #9849, #3465, #5935, #8304 ),
 .UNSPECIFIED., .F., .F.,
 ( 4, 2, 2, 2, 4 ),
 ( 0.0000000000000000000, 0.2500000000000000000, 0.5000000000000000000, 0.7500000000000000000, 1.000000000000000000 ),
 .UNSPECIFIED. ) ;
#6282 = CARTESIAN_POINT ( 'NONE',  ( -0.1279526961609449009, 0.05382013101944311401, 0.07342468522060939529 ) ) ;
#6283 = EDGE_CURVE ( 'NONE', #190, #1746, #4160, .T. ) ;
#6284 = FACE_OUTER_BOUND ( 'NONE', #4206, .T. ) ;
#6285 = VERTEX_POINT ( 'NONE', #9960 ) ;
#6286 = DIRECTION ( 'NONE',  ( -0.0000000000000000000, -0.0000000000000000000, -1.000000000000000000 ) ) ;
#6287 = FACE_OUTER_BOUND ( 'NONE', #6053, .T. ) ;
#6288 = CARTESIAN_POINT ( 'NONE',  ( 0.1279524659456942326, 0.05014405037465358844, 0.02483237383711877841 ) ) ;
#6289 = CARTESIAN_POINT ( 'NONE',  ( -0.1392992980404028636, -0.04836831810235740770, 0.05057723125162315314 ) ) ;
#6290 = ORIENTED_EDGE ( 'NONE', *, *, #1520, .T. ) ;
#6291 = CARTESIAN_POINT ( 'NONE',  ( -0.1304272508542475006, 0.04330715176661405208, 0.09999718804005808259 ) ) ;
#6292 = ORIENTED_EDGE ( 'NONE', *, *, #4765, .F. ) ;
#6293 = CARTESIAN_POINT ( 'NONE',  ( 0.1270228148068897611, -0.0004902750644882152009, 0.1276402958550000022 ) ) ;
#6294 = CARTESIAN_POINT ( 'NONE',  ( -0.1384513838249768480, -0.05183720518875357258, 0.07296489896628316485 ) ) ;
#6295 = CARTESIAN_POINT ( 'NONE',  ( -0.1312521024186873997, -0.05183720518874192218, 0.07669740329092496200 ) ) ;
#6296 = CARTESIAN_POINT ( 'NONE',  ( -0.1023621449798425564, -0.0008390458739560846535, 0.1337844026243306950 ) ) ;
#6297 = CARTESIAN_POINT ( 'NONE',  ( -0.1358267119089761610, 0.04173799461162960162, 0.04691749980974714573 ) ) ;
#6298 = ORIENTED_EDGE ( 'NONE', *, *, #4446, .T. ) ;
#6299 = CARTESIAN_POINT ( 'NONE',  ( -0.1390978406911195231, -0.04494738186610600789, 0.05294370553367857418 ) ) ;
#6300 = ORIENTED_EDGE ( 'NONE', *, *, #3760, .F. ) ;
#6301 = ORIENTED_EDGE ( 'NONE', *, *, #4420, .F. ) ;
#6302 = CARTESIAN_POINT ( 'NONE',  ( -0.04553764039041087452, 0.02136298009575028287, 0.007874015748031495954 ) ) ;
#6303 = CARTESIAN_POINT ( 'NONE',  ( -0.1288000481894219507, -0.04330702146173366629, 0.04987839297976886382 ) ) ;
#6304 =( BOUNDED_SURFACE ( )  B_SPLINE_SURFACE ( 3, 3, ( 
 ( #57, #2478, #4745, #5571 ),
 ( #5627, #7115, #7167, #3924 ),
 ( #8723, #9594, #9640, #3215 ),
 ( #164, #1644, #106, #4799 ) ),
 .UNSPECIFIED., .F., .F., .F. ) 
 B_SPLINE_SURFACE_WITH_KNOTS ( ( 4, 4 ),
 ( 4, 4 ),
 ( 0.0000000000000000000, 1.000000000000000000 ),
 ( 0.0000000000000000000, 1.000000000000000000 ),
 .UNSPECIFIED. ) 
 GEOMETRIC_REPRESENTATION_ITEM ( )  RATIONAL_B_SPLINE_SURFACE ( (
 ( 1.000000000000000000, 0.9769210847303648748, 0.9769210847303648748, 1.000000000000000000),
 ( 0.8425084105513456212, 0.8230642303302762031, 0.8230642303302762031, 0.8425084105513456212),
 ( 0.8425084105513456212, 0.8230642303302762031, 0.8230642303302762031, 0.8425084105513456212),
 ( 1.000000000000000000, 0.9769210847303648748, 0.9769210847303648748, 1.000000000000000000) ) ) 
 REPRESENTATION_ITEM ( '' )  SURFACE ( )  );
#6305 = ORIENTED_EDGE ( 'NONE', *, *, #8351, .T. ) ;
#6306 = CARTESIAN_POINT ( 'NONE',  ( 0.07677171328787395221, 6.515244094229544203E-08, 0.0000000000000000000 ) ) ;
#6307 = ORIENTED_EDGE ( 'NONE', *, *, #8216, .F. ) ;
#6308 = CARTESIAN_POINT ( 'NONE',  ( 0.1200787999020401786, -0.06418376413326699892, 0.1310917355171591081 ) ) ;
#6309 = DIRECTION ( 'NONE',  ( 0.0000000000000000000, -1.000000000000000000, 0.0000000000000000000 ) ) ;
#6310 = CARTESIAN_POINT ( 'NONE',  ( 0.2854331306106263066, -0.007792227634572665776, 0.04330708661417434491 ) ) ;
#6311 = EDGE_CURVE ( 'NONE', #8556, #2696, #6039, .T. ) ;
#6312 = CARTESIAN_POINT ( 'NONE',  ( -0.1200786804129134050, 0.05586047468624880108, 0.1302975371309894326 ) ) ;
#6313 = CARTESIAN_POINT ( 'NONE',  ( -0.1023621449798425426, -0.07583012034611424923, 0.05031062404833192697 ) ) ;
#6314 = ORIENTED_EDGE ( 'NONE', *, *, #6524, .T. ) ;
#6315 = CARTESIAN_POINT ( 'NONE',  ( 0.1358268313981111086, 0.04724415964062993190, 0.003937007874015578841 ) ) ;
#6316 = DIRECTION ( 'NONE',  ( -6.123233995736766036E-17, 1.000000000000000000, 0.0000000000000000000 ) ) ;
#6317 = FACE_OUTER_BOUND ( 'NONE', #4931, .T. ) ;
#6318 = CARTESIAN_POINT ( 'NONE',  ( 0.1358268313981101372, 0.006837190016973435612, 0.02364284652012845975 ) ) ;
#6319 = DIRECTION ( 'NONE',  ( -6.123233995736766036E-17, 1.000000000000000000, -0.0000000000000000000 ) ) ;
#6320 = CARTESIAN_POINT ( 'NONE',  ( 0.1270315767790550776, 0.002016595767677175667, 0.02199033362615354301 ) ) ;
#6321 = ORIENTED_EDGE ( 'NONE', *, *, #294, .F. ) ;
#6322 = PLANE ( 'NONE',  #4567 ) ;
#6323 = EDGE_CURVE ( 'NONE', #1669, #2451, #2125, .T. ) ;
#6324 = EDGE_CURVE ( 'NONE', #5179, #4552, #5048, .T. ) ;
#6325 = ORIENTED_EDGE ( 'NONE', *, *, #2630, .T. ) ;
#6326 = DIRECTION ( 'NONE',  ( 6.123233995736766036E-17, -1.000000000000000000, 0.0000000000000000000 ) ) ;
#6327 = DIRECTION ( 'NONE',  ( 1.000000000000000000, 6.123233995736766036E-17, 0.0000000000000000000 ) ) ;
#6328 = LINE ( 'NONE', #7888, #3947 ) ;
#6329 = CYLINDRICAL_SURFACE ( 'NONE', #5409, 0.003937007874000767772 ) ;
#6330 = CARTESIAN_POINT ( 'NONE',  ( 0.1200787999020472285, -0.06594484707412992530, 0.0000000000000000000 ) ) ;
#6331 = EDGE_CURVE ( 'NONE', #8247, #2660, #3442, .T. ) ;
#6332 = LINE ( 'NONE', #3161, #2593 ) ;
#6333 = CARTESIAN_POINT ( 'NONE',  ( 0.1279962623480296879, 0.04736772879494105526, 0.01904952379532546050 ) ) ;
#6334 = CARTESIAN_POINT ( 'NONE',  ( -0.1197637197829921341, -0.05118103720976377446, 0.1023622047244094335 ) ) ;
#6335 = DIRECTION ( 'NONE',  ( -1.000000000000000000, -6.123233995736766036E-17, 0.0000000000000000000 ) ) ;
#6336 = ORIENTED_EDGE ( 'NONE', *, *, #1407, .T. ) ;
#6337 = FACE_OUTER_BOUND ( 'NONE', #8937, .T. ) ;
#6338 = EDGE_CURVE ( 'NONE', #9895, #6178, #241, .T. ) ;
#6339 = ORIENTED_EDGE ( 'NONE', *, *, #4342, .F. ) ;
#6340 = CARTESIAN_POINT ( 'NONE',  ( 0.1296073370941337455, -0.01869988148165354497, 0.1221749281207480248 ) ) ;
#6341 = CARTESIAN_POINT ( 'NONE',  ( -0.1358037865093676688, 0.04330729778033556854, 0.09717282742154007003 ) ) ;
#6342 = CYLINDRICAL_SURFACE ( 'NONE', #637, 0.005905511811023603751 ) ;
#6343 = CARTESIAN_POINT ( 'NONE',  ( 0.1200787999020472285, 0.07009998059820102267, 0.1230905535662129707 ) ) ;
#6344 = CARTESIAN_POINT ( 'NONE',  ( -0.1369586164880033929, 0.04445703839613019542, 0.07658275315589965770 ) ) ;
#6345 = VERTEX_POINT ( 'NONE', #3057 ) ;
#6346 = CARTESIAN_POINT ( 'NONE',  ( 0.1358268313981101649, 0.05118103542095132907, 0.07480314949631919341 ) ) ;
#6347 = VERTEX_POINT ( 'NONE', #3929 ) ;
#6348 = CARTESIAN_POINT ( 'NONE',  ( 0.2775591148625983773, 6.515244097005101764E-08, 0.07480314960629887155 ) ) ;
#6349 = FACE_OUTER_BOUND ( 'NONE', #4148, .T. ) ;
#6350 = EDGE_LOOP ( 'NONE', ( #753, #6559, #7733, #6290, #5093, #30 ) ) ;
#6351 = EDGE_CURVE ( 'NONE', #3656, #5117, #1910, .T. ) ;
#6352 = ORIENTED_EDGE ( 'NONE', *, *, #3573, .F. ) ;
#6353 = CARTESIAN_POINT ( 'NONE',  ( 0.1279524659456939550, -0.07933587527092607339, 0.09548078458426463577 ) ) ;
#6354 = CARTESIAN_POINT ( 'NONE',  ( -0.1384513838249622486, -0.04776020633907604451, 0.07323385335074578117 ) ) ;
#6355 = CARTESIAN_POINT ( 'NONE',  ( -0.07283458592472442927, -0.07874009232787403112, -3.557093741750342732E-19 ) ) ;
#6356 = ORIENTED_EDGE ( 'NONE', *, *, #3036, .F. ) ;
#6357 = ADVANCED_FACE ( 'NONE', ( #7895 ), #6183, .F. ) ;
#6358 = VERTEX_POINT ( 'NONE', #10154 ) ;
#6359 = DIRECTION ( 'NONE',  ( 1.000000000000000000, 6.123233995736766036E-17, 0.0000000000000000000 ) ) ;
#6360 = AXIS2_PLACEMENT_3D ( 'NONE', #4840, #7881, #1016 ) ;
#6361 = EDGE_LOOP ( 'NONE', ( #4067, #1550, #4593, #8442 ) ) ;
#6362 = VECTOR ( 'NONE', #1692, 39.37007874015748143 ) ;
#6363 = CARTESIAN_POINT ( 'NONE',  ( -0.1377951995023500020, 0.05864320045025734479, 0.04765579616573078353 ) ) ;
#6364 = B_SPLINE_CURVE_WITH_KNOTS ( 'NONE', 3,
 ( #9217, #7810, #8488, #4526 ),
 .UNSPECIFIED., .F., .F.,
 ( 4, 4 ),
 ( 0.0000000000000000000, 1.000000000000000000 ),
 .UNSPECIFIED. ) ;
#6365 = CARTESIAN_POINT ( 'NONE',  ( -0.1271362891479496382, -0.07874009232787400336, 0.003808494867575294100 ) ) ;
#6366 = CARTESIAN_POINT ( 'NONE',  ( -0.1200786804129134189, -0.04173221831213535377, 0.1048358997272689219 ) ) ;
#6367 =( BOUNDED_SURFACE ( )  B_SPLINE_SURFACE ( 3, 3, ( 
 ( #1801, #9597, #8050, #61 ),
 ( #9644, #817, #1701, #4906 ),
 ( #980, #4135, #2640, #7120 ),
 ( #2583, #3219, #5732, #8098 ) ),
 .UNSPECIFIED., .F., .F., .F. ) 
 B_SPLINE_SURFACE_WITH_KNOTS ( ( 4, 4 ),
 ( 4, 4 ),
 ( 0.0000000000000000000, 1.000000000000000000 ),
 ( 0.0000000000000000000, 1.000000000000000000 ),
 .UNSPECIFIED. ) 
 GEOMETRIC_REPRESENTATION_ITEM ( )  RATIONAL_B_SPLINE_SURFACE ( (
 ( 1.000000000000000000, 0.9923900319837315465, 0.9923900319837315465, 1.000000000000000000),
 ( 0.9419139527842311788, 0.9347460177294661943, 0.9347460177294661943, 0.9419139527842311788),
 ( 0.9419139527842311788, 0.9347460177294661943, 0.9347460177294661943, 0.9419139527842311788),
 ( 1.000000000000000000, 0.9923900319837315465, 0.9923900319837315465, 1.000000000000000000) ) ) 
 REPRESENTATION_ITEM ( '' )  SURFACE ( )  );
#6368 = CARTESIAN_POINT ( 'NONE',  ( -0.1023621449798425426, -0.07874009232787147761, 0.06255209083864281261 ) ) ;
#6369 = VECTOR ( 'NONE', #7018, 39.37007874015748143 ) ;
#6370 = ORIENTED_EDGE ( 'NONE', *, *, #6400, .F. ) ;
#6371 = VECTOR ( 'NONE', #2267, 39.37007874015748143 ) ;
#6372 = CARTESIAN_POINT ( 'NONE',  ( -0.1023621449798390176, -0.04748173994139162635, 0.1338577398448461964 ) ) ;
#6373 = EDGE_CURVE ( 'NONE', #453, #7673, #9437, .T. ) ;
#6374 = CARTESIAN_POINT ( 'NONE',  ( -0.1309716551510667348, 0.04460519613583043691, 0.07365048593971997015 ) ) ;
#6375 = LINE ( 'NONE', #9582, #3104 ) ;
#6376 = CARTESIAN_POINT ( 'NONE',  ( -0.1358267119089764108, 0.05712277364753430564, 0.03799522686369619096 ) ) ;
#6377 = VECTOR ( 'NONE', #8344, 39.37007874015748854 ) ;
#6378 = CARTESIAN_POINT ( 'NONE',  ( 0.1276364138384645519, 0.01628265375728345926, 0.02451953161680314394 ) ) ;
#6379 = ORIENTED_EDGE ( 'NONE', *, *, #2292, .T. ) ;
#6380 = DIRECTION ( 'NONE',  ( -1.000000000000000000, -6.123233995736766036E-17, -0.0000000000000000000 ) ) ;
#6381 = EDGE_CURVE ( 'NONE', #5359, #323, #8666, .T. ) ;
#6382 = ORIENTED_EDGE ( 'NONE', *, *, #1194, .F. ) ;
#6383 = CARTESIAN_POINT ( 'NONE',  ( -0.1240156882869291599, 0.02755912027055118507, 0.1183886386388582623 ) ) ;
#6384 = VECTOR ( 'NONE', #4543, 39.37007874015748143 ) ;
#6385 = CARTESIAN_POINT ( 'NONE',  ( -0.1200786804129133911, -0.04748005441248458192, 0.1337743311707177696 ) ) ;
#6386 = LINE ( 'NONE', #9537, #7061 ) ;
#6387 = CARTESIAN_POINT ( 'NONE',  ( -0.1281369481294488410, -0.07031714390067618503, 0.03937007874015747283 ) ) ;
#6388 = EDGE_CURVE ( 'NONE', #9399, #2882, #3245, .T. ) ;
#6389 = ORIENTED_EDGE ( 'NONE', *, *, #3006, .F. ) ;
#6390 = CARTESIAN_POINT ( 'NONE',  ( -0.1200786804129134050, -0.04726731665279302469, 0.1337844026243306950 ) ) ;
#6391 = AXIS2_PLACEMENT_3D ( 'NONE', #6759, #5351, #9223 ) ;
#6392 = CARTESIAN_POINT ( 'NONE',  ( -0.1382881155842231591, 0.05375781519481943188, 0.07735453786390399100 ) ) ;
#6393 = CARTESIAN_POINT ( 'NONE',  ( -0.09842513710582559416, -0.03543300571370712471, 0.01567416640385472723 ) ) ;
#6394 = DIRECTION ( 'NONE',  ( 0.0000000000000000000, -1.000000000000000000, 0.0000000000000000000 ) ) ;
#6395 = CARTESIAN_POINT ( 'NONE',  ( -0.03740151505858272524, 0.05511817538866142091, 0.01422248560244881825 ) ) ;
#6396 = ORIENTED_EDGE ( 'NONE', *, *, #5347, .F. ) ;
#6397 = CARTESIAN_POINT ( 'NONE',  ( 0.1594488786421259241, 0.007686759288037775528, 0.04603273912148937719 ) ) ;
#6398 = VERTEX_POINT ( 'NONE', #2324 ) ;
#6399 = VECTOR ( 'NONE', #6170, 39.37007874015748143 ) ;
#6400 = EDGE_CURVE ( 'NONE', #6254, #3826, #2622, .T. ) ;
#6401 = CIRCLE ( 'NONE', #2615, 0.001968503937008772575 ) ;
#6402 = EDGE_CURVE ( 'NONE', #9686, #6001, #8466, .T. ) ;
#6403 = LINE ( 'NONE', #1141, #7552 ) ;
#6404 = CARTESIAN_POINT ( 'NONE',  ( 0.07565414424650548919, 6.515244094229544203E-08, 0.0009210848696182333999 ) ) ;
#6405 = CARTESIAN_POINT ( 'NONE',  ( 0.1247258340280576749, 0.05356390440307210593, 0.1326234386139085453 ) ) ;
#6406 = EDGE_CURVE ( 'NONE', #6825, #2027, #9002, .T. ) ;
#6407 = CARTESIAN_POINT ( 'NONE',  ( 0.1751969101381896932, -0.06566268185673847235, 0.08776125958519492842 ) ) ;
#6408 = ORIENTED_EDGE ( 'NONE', *, *, #5286, .F. ) ;
#6409 = CARTESIAN_POINT ( 'NONE',  ( -0.1290391028307970311, -0.05382000071454001028, 0.07671683416905128450 ) ) ;
#6410 = CARTESIAN_POINT ( 'NONE',  ( -0.1384513838249895323, -0.04658786135673423368, 0.07296489896628800820 ) ) ;
#6411 = VERTEX_POINT ( 'NONE', #7738 ) ;
#6412 = CIRCLE ( 'NONE', #2801, 0.003937007874015749712 ) ;
#6413 = ORIENTED_EDGE ( 'NONE', *, *, #4968, .T. ) ;
#6414 = CARTESIAN_POINT ( 'NONE',  ( 0.1279524659456939550, -0.07933587529274808980, 0.05412551471206056286 ) ) ;
#6415 = CARTESIAN_POINT ( 'NONE',  ( -0.1397637197829871003, -0.04899853607584919030, 0.07151499743983748270 ) ) ;
#6416 = DIRECTION ( 'NONE',  ( 0.0000000000000000000, 1.000000000000000000, 0.0000000000000000000 ) ) ;
#6417 = ORIENTED_EDGE ( 'NONE', *, *, #9620, .F. ) ;
#6418 = ORIENTED_EDGE ( 'NONE', *, *, #6976, .T. ) ;
#6419 = DIRECTION ( 'NONE',  ( -1.000000000000000000, 0.0000000000000000000, 0.0000000000000000000 ) ) ;
#6420 = ORIENTED_EDGE ( 'NONE', *, *, #8045, .T. ) ;
#6421 = BREP_WITH_VOIDS ( 'NONE', #4575, ( #1695 ) );
#6422 = DIRECTION ( 'NONE',  ( 0.0000000000000000000, 0.0000000000000000000, 1.000000000000000000 ) ) ;
#6423 = VECTOR ( 'NONE', #813, 39.37007874015748143 ) ;
#6424 = CARTESIAN_POINT ( 'NONE',  ( -0.1200786804129134189, -0.04173221831212597238, 0.1023622047244133887 ) ) ;
#6425 = CARTESIAN_POINT ( 'NONE',  ( 0.1751969101381925242, -0.06571218726012646727, 0.08751040041022754845 ) ) ;
#6426 = ORIENTED_EDGE ( 'NONE', *, *, #2755, .T. ) ;
#6427 = AXIS2_PLACEMENT_3D ( 'NONE', #1620, #6075, #4530 ) ;
#6428 = DIRECTION ( 'NONE',  ( 1.000000000000000000, 6.123233995736766036E-17, 0.0000000000000000000 ) ) ;
#6429 = CARTESIAN_POINT ( 'NONE',  ( -0.1339560267386268322, -0.05183720518874072175, 0.07610943541012132885 ) ) ;
#6430 = DIRECTION ( 'NONE',  ( 1.000000000000000000, 6.123233995736766036E-17, 0.0000000000000000000 ) ) ;
#6431 = LINE ( 'NONE', #4017, #2574 ) ;
#6432 = CARTESIAN_POINT ( 'NONE',  ( -0.1200786804129133772, 0.04726744695767509663, 0.1337844026243306950 ) ) ;
#6433 = EDGE_LOOP ( 'NONE', ( #412, #10012, #4103, #8836 ) ) ;
#6434 = CARTESIAN_POINT ( 'NONE',  ( 0.1594488786420250326, 6.515244067989781692E-08, 0.02362204724409430051 ) ) ;
#6435 = EDGE_LOOP ( 'NONE', ( #6105, #6172, #7417, #5747, #1356, #9897, #4900, #7604, #5789, #6872, #9013, #7014, #3238, #5809, #2962, #9753 ) ) ;
#6436 = CARTESIAN_POINT ( 'NONE',  ( -0.1384513838250004403, 0.05011519207375348534, 0.07691415964703693375 ) ) ;
#6437 = LINE ( 'NONE', #3359, #1759 ) ;
#6438 = LINE ( 'NONE', #7780, #9707 ) ;
#6439 = CARTESIAN_POINT ( 'NONE',  ( 0.2854331306106299149, -0.004148530307222239935, 0.05904991242646778771 ) ) ;
#6440 = EDGE_CURVE ( 'NONE', #5589, #9195, #9282, .T. ) ;
#6441 = EDGE_LOOP ( 'NONE', ( #6554, #5485, #6382, #8001, #2576, #7638 ) ) ;
#6442 = FACE_OUTER_BOUND ( 'NONE', #9601, .T. ) ;
#6443 = DIRECTION ( 'NONE',  ( 0.0000000000000000000, 1.000000000000000000, 0.0000000000000000000 ) ) ;
#6444 = CARTESIAN_POINT ( 'NONE',  ( 0.1247258340280615468, 0.05577400948135034092, 0.01922186198160305212 ) ) ;
#6445 = DIRECTION ( 'NONE',  ( -0.0000000000000000000, -0.0000000000000000000, -1.000000000000000000 ) ) ;
#6446 = DIRECTION ( 'NONE',  ( -1.000000000000000000, -0.0000000000000000000, 0.0000000000000000000 ) ) ;
#6447 = EDGE_LOOP ( 'NONE', ( #1862, #8191, #6114, #8902 ) ) ;
#6448 = CARTESIAN_POINT ( 'NONE',  ( 0.1358268313981101372, 0.04469056846190389010, 0.1006444752328525399 ) ) ;
#6449 = ORIENTED_EDGE ( 'NONE', *, *, #7920, .T. ) ;
#6450 = CARTESIAN_POINT ( 'NONE',  ( 0.1200787999020472424, -0.06245925090729290835, 0.02595617586720984013 ) ) ;
#6451 = CARTESIAN_POINT ( 'NONE',  ( -0.1355293313705323022, 0.04356762313942033615, 0.07841848569011765357 ) ) ;
#6452 = VERTEX_POINT ( 'NONE', #2370 ) ;
#6453 = DIRECTION ( 'NONE',  ( 0.0000000000000000000, -1.000000000000000000, 0.0000000000000000000 ) ) ;
#6454 = ORIENTED_EDGE ( 'NONE', *, *, #6144, .F. ) ;
#6455 = CARTESIAN_POINT ( 'NONE',  ( -0.1287854760047183467, -0.05511804508377882855, 0.07317004566912703456 ) ) ;
#6456 = CARTESIAN_POINT ( 'NONE',  ( -0.1279526961609449287, -0.05183720524023641141, 0.04599645088325089032 ) ) ;
#6457 = ORIENTED_EDGE ( 'NONE', *, *, #7647, .F. ) ;
#6458 = EDGE_CURVE ( 'NONE', #7551, #3527, #1996, .T. ) ;
#6459 = ORIENTED_EDGE ( 'NONE', *, *, #8598, .T. ) ;
#6460 = EDGE_CURVE ( 'NONE', #6825, #778, #8924, .T. ) ;
#6461 = EDGE_CURVE ( 'NONE', #2526, #1283, #10190, .T. ) ;
#6462 = CARTESIAN_POINT ( 'NONE',  ( 0.1318898235240943406, -0.03149599783968498601, 0.1338582677165354173 ) ) ;
#6463 = CARTESIAN_POINT ( 'NONE',  ( 0.2736221069885826362, 0.007874080900472597844, 0.07480314960629920462 ) ) ;
#6464 = CARTESIAN_POINT ( 'NONE',  ( 0.1729921857287401166, 0.03530107340929133919, 0.07174679114318897877 ) ) ;
#6465 = ORIENTED_EDGE ( 'NONE', *, *, #9986, .T. ) ;
#6466 = ORIENTED_EDGE ( 'NONE', *, *, #2043, .T. ) ;
#6467 = DIRECTION ( 'NONE',  ( -1.000000000000000000, -6.123233995736766036E-17, 0.0000000000000000000 ) ) ;
#6468 = EDGE_CURVE ( 'NONE', #2811, #8305, #4880, .T. ) ;
#6469 = ORIENTED_EDGE ( 'NONE', *, *, #6440, .F. ) ;
#6470 = CARTESIAN_POINT ( 'NONE',  ( -0.1377952298555047417, 0.05197386859087487626, 0.05470471073483043623 ) ) ;
#6471 = DIRECTION ( 'NONE',  ( -0.8995081585759979736, -5.507925537204726218E-17, 0.4369039627369124545 ) ) ;
#6472 = CARTESIAN_POINT ( 'NONE',  ( -0.1200786804129134189, 0.02755912027055118507, 0.03543307086614172485 ) ) ;
#6473 = ORIENTED_EDGE ( 'NONE', *, *, #1537, .T. ) ;
#6474 = CARTESIAN_POINT ( 'NONE',  ( -0.1372179713020531822, 0.05511817538865755595, 0.07858428240159504030 ) ) ;
#6475 = PLANE ( 'NONE',  #4583 ) ;
#6476 = DIRECTION ( 'NONE',  ( -6.123233995736766036E-17, 1.000000000000000000, 0.0000000000000000000 ) ) ;
#6477 =( NAMED_UNIT ( * ) PLANE_ANGLE_UNIT ( ) SI_UNIT ( $, .RADIAN. ) );
#6478 = CARTESIAN_POINT ( 'NONE',  ( 0.1271679834689370403, 0.006819043213582690922, 0.02239061443306692573 ) ) ;
#6479 = ORIENTED_EDGE ( 'NONE', *, *, #5769, .T. ) ;
#6480 = CARTESIAN_POINT ( 'NONE',  ( -0.1281369481294488410, -0.07127500173823493601, 0.04133858267716536417 ) ) ;
#6481 = PLANE ( 'NONE',  #8848 ) ;
#6482 = CARTESIAN_POINT ( 'NONE',  ( -0.1200786804129132246, -0.05586034438137575664, 0.1302975371309813002 ) ) ;
#6483 = DIRECTION ( 'NONE',  ( 1.000000000000000000, 0.0000000000000000000, 0.0000000000000000000 ) ) ;
#6484 = CARTESIAN_POINT ( 'NONE',  ( 0.1640613705853968818, 0.05118115811557576861, 0.07477213155738222927 ) ) ;
#6485 = VERTEX_POINT ( 'NONE', #8824 ) ;
#6486 = CARTESIAN_POINT ( 'NONE',  ( 0.05117123068728341578, 6.515244094229544203E-08, 0.007874015748031495954 ) ) ;
#6487 = EDGE_CURVE ( 'NONE', #2248, #1740, #4962, .T. ) ;
#6488 = DIRECTION ( 'NONE',  ( -0.0000000000000000000, -0.0000000000000000000, -1.000000000000000000 ) ) ;
#6489 = CARTESIAN_POINT ( 'NONE',  ( 0.1594488786419577253, -0.05118102781059514356, 0.07483416765550771066 ) ) ;
#6490 =( BOUNDED_CURVE ( )  B_SPLINE_CURVE ( 3, ( #885, #3383, #9666, #7088 ),
 .UNSPECIFIED., .F., .T. ) 
 B_SPLINE_CURVE_WITH_KNOTS ( ( 4, 4 ),
 ( 0.0000000000000000000, 1.000000000000000000 ),
 .UNSPECIFIED. ) 
 CURVE ( )  GEOMETRIC_REPRESENTATION_ITEM ( )  RATIONAL_B_SPLINE_CURVE ( ( 1.000000000000000000, 0.9923900319837315465, 0.9923900319837315465, 1.000000000000000000 ) ) 
 REPRESENTATION_ITEM ( '' )  );
#6491 = CARTESIAN_POINT ( 'NONE',  ( -0.1347270791077785912, 0.03444690528787976158, 0.05573961579445915748 ) ) ;
#6492 = CARTESIAN_POINT ( 'NONE',  ( -0.1342976294835962481, 0.04330715176661404514, 0.09860099206364435209 ) ) ;
#6493 = ORIENTED_EDGE ( 'NONE', *, *, #3386, .T. ) ;
#6494 = CARTESIAN_POINT ( 'NONE',  ( 0.1358268313981101372, 0.04097991251435138815, 0.1062091503806417842 ) ) ;
#6495 = EDGE_LOOP ( 'NONE', ( #8183, #1825, #3984, #9473, #3446, #6537, #3417, #5742, #8006 ) ) ;
#6496 = CARTESIAN_POINT ( 'NONE',  ( -0.1357332639062954760, 0.04658748442475305063, 0.1020558837904056021 ) ) ;
#6497 = CARTESIAN_POINT ( 'NONE',  ( -0.1279526961609449009, -0.04745557378274686822, 0.04584978069512674059 ) ) ;
#6498 = ORIENTED_EDGE ( 'NONE', *, *, #9890, .F. ) ;
#6499 = CARTESIAN_POINT ( 'NONE',  ( 0.1673228943901572396, 6.515244067784063859E-08, 0.03149606352349275384 ) ) ;
#6500 = DIRECTION ( 'NONE',  ( 1.000000000000000000, 6.123233995736766036E-17, -0.0000000000000000000 ) ) ;
#6501 = CARTESIAN_POINT ( 'NONE',  ( -0.1200786804129134050, 0.04724415964062990414, 0.01181102362204531318 ) ) ;
#6502 = CARTESIAN_POINT ( 'NONE',  ( -0.1279526961609449009, -0.05382000071454370871, 0.04633160447983396962 ) ) ;
#6503 = ORIENTED_EDGE ( 'NONE', *, *, #5770, .T. ) ;
#6504 = ORIENTED_EDGE ( 'NONE', *, *, #8172, .F. ) ;
#6505 = CARTESIAN_POINT ( 'NONE',  ( 0.2854331306106277499, 0.03137873915855254187, 0.07208638652795457125 ) ) ;
#6506 = CARTESIAN_POINT ( 'NONE',  ( -0.1281369481294488410, 0.04574396294228182114, 0.1338582677165354173 ) ) ;
#6507 = DIRECTION ( 'NONE',  ( 1.000000000000000000, 6.123233995736766036E-17, 0.0000000000000000000 ) ) ;
#6508 = CARTESIAN_POINT ( 'NONE',  ( -0.1392992980403737757, -0.04785404272639445789, 0.07247728144646772841 ) ) ;
#6509 = CARTESIAN_POINT ( 'NONE',  ( -0.1279526961609449009, -0.05314954114677164498, 0.007874015748031482076 ) ) ;
#6510 = ORIENTED_EDGE ( 'NONE', *, *, #6461, .F. ) ;
#6511 = ADVANCED_FACE ( 'NONE', ( #3416 ), #8777, .T. ) ;
#6512 = EDGE_CURVE ( 'NONE', #8499, #3487, #6544, .T. ) ;
#6513 = VERTEX_POINT ( 'NONE', #2482 ) ;
#6514 = DIRECTION ( 'NONE',  ( -2.529972785457496478E-17, 1.000000000000000000, -3.015104156251756859E-17 ) ) ;
#6515 = CIRCLE ( 'NONE', #2076, 0.01181102362204724393 ) ;
#6516 = AXIS2_PLACEMENT_3D ( 'NONE', #9750, #9026, #315 ) ;
#6517 = AXIS2_PLACEMENT_3D ( 'NONE', #2792, #5933, #9748 ) ;
#6518 = CARTESIAN_POINT ( 'NONE',  ( -0.1029920662396850428, -0.05124997287602372359, 0.01567416640386526741 ) ) ;
#6519 = ADVANCED_FACE ( 'NONE', ( #1648 ), #6367, .T. ) ;
#6520 = ORIENTED_EDGE ( 'NONE', *, *, #6709, .T. ) ;
#6521 = AXIS2_PLACEMENT_3D ( 'NONE', #9423, #3971, #5619 ) ;
#6522 = CARTESIAN_POINT ( 'NONE',  ( 0.1318898235240944516, -0.04913379311527556886, 1.387266559282633743E-17 ) ) ;
#6523 = EDGE_CURVE ( 'NONE', #3637, #639, #4852, .T. ) ;
#6524 = EDGE_CURVE ( 'NONE', #3429, #4377, #8149, .T. ) ;
#6525 = CARTESIAN_POINT ( 'NONE',  ( 0.2876378550200787143, 0.06281927025019064248, 0.08319616023794421111 ) ) ;
#6526 = VECTOR ( 'NONE', #4525, 39.37007874015748143 ) ;
#6527 = CARTESIAN_POINT ( 'NONE',  ( -0.08876171990111565713, -0.04330702146173104339, 0.007874015748029556533 ) ) ;
#6528 = CARTESIAN_POINT ( 'NONE',  ( -0.1198944284444094510, -0.05118103720976377446, 0.1023622047244094335 ) ) ;
#6529 = ORIENTED_EDGE ( 'NONE', *, *, #2737, .T. ) ;
#6530 = CARTESIAN_POINT ( 'NONE',  ( -0.1023621449798426258, 0.03543313601858269490, 0.1173228346456768045 ) ) ;
#6531 = FACE_OUTER_BOUND ( 'NONE', #1831, .T. ) ;
#6532 = VECTOR ( 'NONE', #737, 39.37007874015748143 ) ;
#6533 = CARTESIAN_POINT ( 'NONE',  ( -0.1023621449798425287, -0.04740778751997639512, 0.01574803149606299191 ) ) ;
#6534 = FACE_OUTER_BOUND ( 'NONE', #4947, .T. ) ;
#6535 = LINE ( 'NONE', #2632, #6076 ) ;
#6536 = CARTESIAN_POINT ( 'NONE',  ( 0.1673228943901569898, 0.04330714314926034647, 0.07477690356531051241 ) ) ;
#6537 = ORIENTED_EDGE ( 'NONE', *, *, #6331, .T. ) ;
#6538 = CARTESIAN_POINT ( 'NONE',  ( -0.1200786804129133911, -0.05314954114677167274, 0.1338582677165354173 ) ) ;
#6539 = EDGE_CURVE ( 'NONE', #8145, #2697, #5576, .T. ) ;
#6540 = AXIS2_PLACEMENT_3D ( 'NONE', #6941, #6161, #7505 ) ;
#6541 = CARTESIAN_POINT ( 'NONE',  ( -0.1384672563251970745, 0.05167890473884290820, 0.07715932376725945230 ) ) ;
#6542 = CARTESIAN_POINT ( 'NONE',  ( -0.1401011688071148176, -0.04630214671592580711, 0.05380043299597693507 ) ) ;
#6543 = DIRECTION ( 'NONE',  ( -0.0000000000000000000, 0.0000000000000000000, 1.000000000000000000 ) ) ;
#6544 = LINE ( 'NONE', #9701, #434 ) ;
#6545 = ORIENTED_EDGE ( 'NONE', *, *, #7307, .F. ) ;
#6546 = CARTESIAN_POINT ( 'NONE',  ( 0.1358268313981101372, 0.02583712065567517896, 0.1195045028723414476 ) ) ;
#6547 = VECTOR ( 'NONE', #8734, 39.37007874015748143 ) ;
#6548 = ORIENTED_EDGE ( 'NONE', *, *, #5654, .F. ) ;
#6549 = AXIS2_PLACEMENT_3D ( 'NONE', #8264, #2652, #7539 ) ;
#6550 = CARTESIAN_POINT ( 'NONE',  ( -0.1321613870797465062, -0.04460506583094859395, 0.07612224886840990301 ) ) ;
#6551 = AXIS2_PLACEMENT_3D ( 'NONE', #7204, #6994, #10137 ) ;
#6552 = DIRECTION ( 'NONE',  ( 0.0000000000000000000, 1.000000000000000000, 0.0000000000000000000 ) ) ;
#6553 =( BOUNDED_SURFACE ( )  B_SPLINE_SURFACE ( 3, 3, ( 
 ( #7621, #8451, #2104, #5260 ),
 ( #1282, #3039, #7663, #508 ),
 ( #5973, #452, #3705, #599 ),
 ( #6903, #9942, #6852, #2889 ) ),
 .UNSPECIFIED., .F., .F., .F. ) 
 B_SPLINE_SURFACE_WITH_KNOTS ( ( 4, 4 ),
 ( 4, 4 ),
 ( 0.0000000000000000000, 1.000000000000000000 ),
 ( 0.0000000000000000000, 1.000000000000000000 ),
 .UNSPECIFIED. ) 
 GEOMETRIC_REPRESENTATION_ITEM ( )  RATIONAL_B_SPLINE_SURFACE ( (
 ( 1.000000000000000000, 0.9484266782703324461, 0.9484266782703324461, 1.000000000000000000),
 ( 0.8025111976491532406, 0.7611230294611326386, 0.7611230294611326386, 0.8025111976491532406),
 ( 0.8025111976491532406, 0.7611230294611326386, 0.7611230294611326386, 0.8025111976491532406),
 ( 1.000000000000000000, 0.9484266782703324461, 0.9484266782703324461, 1.000000000000000000) ) ) 
 REPRESENTATION_ITEM ( '' )  SURFACE ( )  );
#6554 = ORIENTED_EDGE ( 'NONE', *, *, #395, .F. ) ;
#6555 = CARTESIAN_POINT ( 'NONE',  ( -0.1279526961609449287, -0.04511175526670901936, 0.04577618782838582118 ) ) ;
#6556 = ORIENTED_EDGE ( 'NONE', *, *, #4459, .F. ) ;
#6557 = CARTESIAN_POINT ( 'NONE',  ( -0.1312521024186899254, -0.05183720518874071481, 0.07669740329091583042 ) ) ;
#6558 = CARTESIAN_POINT ( 'NONE',  ( -0.1377952117468700666, -0.04371088165287814048, 0.1026209033382795427 ) ) ;
#6559 = ORIENTED_EDGE ( 'NONE', *, *, #3073, .F. ) ;
#6560 = ORIENTED_EDGE ( 'NONE', *, *, #6887, .T. ) ;
#6561 = CARTESIAN_POINT ( 'NONE',  ( 0.1751969101381924687, -0.06573717261603514994, 0.08528117012055030921 ) ) ;
#6562 = VECTOR ( 'NONE', #1514, 39.37007874015748143 ) ;
#6563 = DIRECTION ( 'NONE',  ( 1.000000000000000000, 6.123233995736766036E-17, 0.0000000000000000000 ) ) ;
#6564 = FACE_BOUND ( 'NONE', #3755, .T. ) ;
#6565 = B_SPLINE_CURVE_WITH_KNOTS ( 'NONE', 3,
 ( #3720, #10107, #5418, #8421 ),
 .UNSPECIFIED., .F., .F.,
 ( 4, 4 ),
 ( 0.0000000000000000000, 1.000000000000000000 ),
 .UNSPECIFIED. ) ;
#6566 = EDGE_CURVE ( 'NONE', #10045, #5704, #920, .T. ) ;
#6567 = CARTESIAN_POINT ( 'NONE',  ( -0.05185821196895697149, 0.01825025603078280628, 0.007874015748031497688 ) ) ;
#6568 = STYLED_ITEM ( 'NONE', ( #5504 ), #5464 ) ;
#6569 = CARTESIAN_POINT ( 'NONE',  ( -0.1200786804129133772, 0.05058647286525084358, 0.1337844026243346918 ) ) ;
#6570 = VERTEX_POINT ( 'NONE', #4082 ) ;
#6571 = AXIS2_PLACEMENT_3D ( 'NONE', #485, #9099, #3435 ) ;
#6572 = ORIENTED_EDGE ( 'NONE', *, *, #8371, .F. ) ;
#6573 = DIRECTION ( 'NONE',  ( 0.0000000000000000000, 0.0000000000000000000, -1.000000000000000000 ) ) ;
#6574 = EDGE_CURVE ( 'NONE', #4377, #981, #3269, .T. ) ;
#6575 = ORIENTED_EDGE ( 'NONE', *, *, #8746, .T. ) ;
#6576 = DIRECTION ( 'NONE',  ( 0.0000000000000000000, -0.9659258262891414759, 0.2588190451022470695 ) ) ;
#6577 = VECTOR ( 'NONE', #7481, 39.37007874015748143 ) ;
#6578 = LINE ( 'NONE', #4363, #1257 ) ;
#6579 = CYLINDRICAL_SURFACE ( 'NONE', #8056, 0.003937007874015758385 ) ;
#6580 = ORIENTED_EDGE ( 'NONE', *, *, #670, .T. ) ;
#6581 = CARTESIAN_POINT ( 'NONE',  ( -0.1338582079719683182, 0.03444888405007503346, 0.05574319219385994589 ) ) ;
#6582 = B_SPLINE_CURVE_WITH_KNOTS ( 'NONE', 3,
 ( #4782, #4011, #4830, #8853, #7928, #6472 ),
 .UNSPECIFIED., .F., .F.,
 ( 4, 2, 4 ),
 ( 0.0000000000000000000, 0.5000000000000000000, 1.000000000000000000 ),
 .UNSPECIFIED. ) ;
#6583 = B_SPLINE_CURVE_WITH_KNOTS ( 'NONE', 3,
 ( #9041, #6139, #2170, #4500, #713, #2124, #8513, #7682 ),
 .UNSPECIFIED., .F., .F.,
 ( 4, 2, 2, 4 ),
 ( 0.0000000000000000000, 0.2499999999999994449, 0.4999999999999988898, 1.000000000000000000 ),
 .UNSPECIFIED. ) ;
#6584 = CARTESIAN_POINT ( 'NONE',  ( 0.1276999783963385093, 0.01941986457409449612, 0.1239411255709055304 ) ) ;
#6585 = CARTESIAN_POINT ( 'NONE',  ( -0.1366744705405505134, 0.05183733549365964616, 0.1016885871677319780 ) ) ;
#6586 = EDGE_CURVE ( 'NONE', #8107, #2811, #9178, .T. ) ;
#6587 = CARTESIAN_POINT ( 'NONE',  ( 0.1322827053451180734, 0.01758843785838584348, 0.02670388257725196668 ) ) ;
#6588 = ORIENTED_EDGE ( 'NONE', *, *, #9986, .F. ) ;
#6589 = CARTESIAN_POINT ( 'NONE',  ( -0.1197637197829921341, -0.05118103720976377446, 0.1023622047244094335 ) ) ;
#6590 = ADVANCED_FACE ( 'NONE', ( #5214 ), #364, .T. ) ;
#6591 = DIRECTION ( 'NONE',  ( 1.000000000000000000, 6.123233995736766036E-17, 0.0000000000000000000 ) ) ;
#6592 = ADVANCED_FACE ( 'NONE', ( #3514 ), #2055, .T. ) ;
#6593 = CARTESIAN_POINT ( 'NONE',  ( -0.1377952158459838372, -0.05866135217039898653, 0.1023622047244107658 ) ) ;
#6594 = EDGE_CURVE ( 'NONE', #1334, #9183, #5980, .T. ) ;
#6595 = CARTESIAN_POINT ( 'NONE',  ( 0.1594488786420250326, 6.515244067989781692E-08, 0.02362204724409430051 ) ) ;
#6596 = CARTESIAN_POINT ( 'NONE',  ( 0.2854331306106297483, 0.06462032935391082145, 0.08407991415610900632 ) ) ;
#6597 = FACE_OUTER_BOUND ( 'NONE', #6074, .T. ) ;
#6598 = VERTEX_POINT ( 'NONE', #2010 ) ;
#6599 = DIRECTION ( 'NONE',  ( -0.4369039627369138978, -2.675265197502780350E-17, 0.8995081585759973075 ) ) ;
#6600 = DIRECTION ( 'NONE',  ( 1.000000000000000000, 6.123233995736766036E-17, 0.0000000000000000000 ) ) ;
#6601 = CARTESIAN_POINT ( 'NONE',  ( -0.1384513838249865625, -0.05183720518873991684, 0.05008353968260967348 ) ) ;
#6602 = CARTESIAN_POINT ( 'NONE',  ( 0.1279528156500787661, 0.04570103799235366443, 0.02362204724409448092 ) ) ;
#6603 = DIRECTION ( 'NONE',  ( 6.123233995736766036E-17, -1.000000000000000000, 0.0000000000000000000 ) ) ;
#6604 = ORIENTED_EDGE ( 'NONE', *, *, #784, .F. ) ;
#6605 = LINE ( 'NONE', #5883, #279 ) ;
#6606 = ORIENTED_EDGE ( 'NONE', *, *, #3686, .F. ) ;
#6607 = CARTESIAN_POINT ( 'NONE',  ( 0.1317550885141731409, -0.006432194349763769615, 0.1256170814307480121 ) ) ;
#6608 = B_SPLINE_CURVE_WITH_KNOTS ( 'NONE', 3,
 ( #6916, #3861, #8460, #2210 ),
 .UNSPECIFIED., .F., .F.,
 ( 4, 4 ),
 ( 0.0000000000000000000, 1.000000000000000000 ),
 .UNSPECIFIED. ) ;
#6609 = DIRECTION ( 'NONE',  ( 1.000000000000000000, 6.123233995736766036E-17, -0.0000000000000000000 ) ) ;
#6610 = VERTEX_POINT ( 'NONE', #2794 ) ;
#6611 = EDGE_LOOP ( 'NONE', ( #5239, #5796, #4654 ) ) ;
#6612 = FACE_BOUND ( 'NONE', #3722, .T. ) ;
#6613 = DIRECTION ( 'NONE',  ( 0.0000000000000000000, -0.08061143900117354044, 0.9967456023992080638 ) ) ;
#6614 = ORIENTED_EDGE ( 'NONE', *, *, #5583, .F. ) ;
#6615 = ORIENTED_EDGE ( 'NONE', *, *, #7925, .F. ) ;
#6616 = CARTESIAN_POINT ( 'NONE',  ( 0.2854331306106299149, 6.515244097295964938E-08, 0.09055118110236227980 ) ) ;
#6617 = CARTESIAN_POINT ( 'NONE',  ( 0.2854331306106299149, -0.008204229953807616604, 0.08887698827389717282 ) ) ;
#6618 = CARTESIAN_POINT ( 'NONE',  ( -0.1043306489168504825, 6.515244099780659326E-08, 0.1255536186349999472 ) ) ;
#6619 = CARTESIAN_POINT ( 'NONE',  ( -0.1200786804129134189, -0.02755898996566929701, 0.03543307086614172485 ) ) ;
#6620 = CARTESIAN_POINT ( 'NONE',  ( -0.1358267358123337876, -0.05511804508377951550, 0.06152421932444881308 ) ) ;
#6621 = CARTESIAN_POINT ( 'NONE',  ( -0.1200786804129134189, 0.02755912027055118507, 0.03543307086614172485 ) ) ;
#6622 = ORIENTED_EDGE ( 'NONE', *, *, #7787, .T. ) ;
#6623 = CARTESIAN_POINT ( 'NONE',  ( -0.1023621449798425426, 0.02362211239653540934, 0.007874015748030970333 ) ) ;
#6624 = VERTEX_POINT ( 'NONE', #1289 ) ;
#6625 = CARTESIAN_POINT ( 'NONE',  ( -0.1377951434680543819, 0.04484169866694802387, 0.05125122534980171285 ) ) ;
#6626 = EDGE_CURVE ( 'NONE', #2451, #323, #6281, .T. ) ;
#6627 = B_SPLINE_CURVE_WITH_KNOTS ( 'NONE', 3,
 ( #9269, #10189, #2204, #9367 ),
 .UNSPECIFIED., .F., .F.,
 ( 4, 4 ),
 ( 0.0000000000000000000, 1.000000000000000000 ),
 .UNSPECIFIED. ) ;
#6628 = B_SPLINE_CURVE_WITH_KNOTS ( 'NONE', 3,
 ( #8323, #1980, #6569, #1260 ),
 .UNSPECIFIED., .F., .F.,
 ( 4, 4 ),
 ( 0.0000000000000000000, 1.000000000000000000 ),
 .UNSPECIFIED. ) ;
#6629 = DIRECTION ( 'NONE',  ( 1.000000000000000000, 0.0000000000000000000, 0.0000000000000000000 ) ) ;
#6630 = CARTESIAN_POINT ( 'NONE',  ( 0.1791339180122046293, 0.01181108877448820878, 0.07480314960629920462 ) ) ;
#6631 = VERTEX_POINT ( 'NONE', #7431 ) ;
#6632 = DIRECTION ( 'NONE',  ( 1.000000000000000000, 6.123233995736766036E-17, 0.0000000000000000000 ) ) ;
#6633 = CARTESIAN_POINT ( 'NONE',  ( 0.1322829909869290832, 0.01758732218259843536, 0.1229032999752362187 ) ) ;
#6634 = CARTESIAN_POINT ( 'NONE',  ( -0.1048030898617323126, 0.06308354157117432304, 0.1219251975557666262 ) ) ;
#6635 = ADVANCED_FACE ( 'NONE', ( #9902 ), #513, .F. ) ;
#6636 = DIRECTION ( 'NONE',  ( 1.000000000000000000, 6.123233995736766036E-17, 0.0000000000000000000 ) ) ;
#6637 = ORIENTED_EDGE ( 'NONE', *, *, #5946, .T. ) ;
#6638 = CARTESIAN_POINT ( 'NONE',  ( -0.1198030898617322981, 0.03444888405007872495, 0.09386310701873731843 ) ) ;
#6639 = DIRECTION ( 'NONE',  ( 1.000000000000000000, 0.0000000000000000000, -0.0000000000000000000 ) ) ;
#6640 = CARTESIAN_POINT ( 'NONE',  ( -0.05708655442866246432, 0.01771660058551181513, 0.0000000000000000000 ) ) ;
#6641 = DIRECTION ( 'NONE',  ( 0.0000000000000000000, 1.000000000000000000, -1.734723475976807489E-15 ) ) ;
#6642 = B_SPLINE_CURVE_WITH_KNOTS ( 'NONE', 3,
 ( #2245, #3801, #8545, #1470, #4010, #4829, #3241, #4877, #6366, #6424 ),
 .UNSPECIFIED., .F., .F.,
 ( 4, 2, 2, 2, 4 ),
 ( 0.0000000000000000000, 0.2500000000000000000, 0.5000000000000000000, 0.7500000000000000000, 1.000000000000000000 ),
 .UNSPECIFIED. ) ;
#6643 = CARTESIAN_POINT ( 'NONE',  ( 0.02559061092566927709, 0.01968510452251975157, 0.0001334378757510039717 ) ) ;
#6644 = PLANE ( 'NONE',  #5242 ) ;
#6645 = CARTESIAN_POINT ( 'NONE',  ( 0.1594488786421259241, -0.0004343343451181583682, 0.03149824170795679362 ) ) ;
#6646 =( BOUNDED_CURVE ( )  B_SPLINE_CURVE ( 3, ( #1770, #4924, #10015, #4457 ),
 .UNSPECIFIED., .F., .T. ) 
 B_SPLINE_CURVE_WITH_KNOTS ( ( 4, 4 ),
 ( 0.0000000000000000000, 1.000000000000000000 ),
 .UNSPECIFIED. ) 
 CURVE ( )  GEOMETRIC_REPRESENTATION_ITEM ( )  RATIONAL_B_SPLINE_CURVE ( ( 1.000000000000000000, 0.6722778744021322694, 0.6722778744021322694, 1.000000000000000000 ) ) 
 REPRESENTATION_ITEM ( '' )  );
#6647 = ORIENTED_EDGE ( 'NONE', *, *, #4886, .F. ) ;
#6648 = PLANE ( 'NONE',  #7413 ) ;
#6649 = PLANE ( 'NONE',  #1744 ) ;
#6650 = EDGE_CURVE ( 'NONE', #8265, #2280, #7476, .T. ) ;
#6651 = EDGE_CURVE ( 'NONE', #778, #4376, #10101, .T. ) ;
#6652 = CARTESIAN_POINT ( 'NONE',  ( 0.1751969101381889993, -0.03137860885365456598, 0.07208638652796062196 ) ) ;
#6653 = DIRECTION ( 'NONE',  ( 1.000000000000000000, 6.123233995736766036E-17, 0.0000000000000000000 ) ) ;
#6654 = EDGE_LOOP ( 'NONE', ( #9301, #9876, #7791, #8508, #7084 ) ) ;
#6655 = CARTESIAN_POINT ( 'NONE',  ( 0.1594488786419577531, -0.02577570944146849105, 0.1195245001866815371 ) ) ;
#6656 = ORIENTED_EDGE ( 'NONE', *, *, #2510, .T. ) ;
#6657 = CARTESIAN_POINT ( 'NONE',  ( -0.1279526961609449287, -0.04330702146173284750, 0.04987839297977112590 ) ) ;
#6658 = CARTESIAN_POINT ( 'NONE',  ( -0.1322212845019734295, 0.04658773848479899615, 0.1035796917587010479 ) ) ;
#6659 = EDGE_CURVE ( 'NONE', #4176, #3060, #438, .T. ) ;
#6660 = PLANE ( 'NONE',  #327 ) ;
#6661 = VERTEX_POINT ( 'NONE', #9948 ) ;
#6662 = CARTESIAN_POINT ( 'NONE',  ( -0.1320534741669917578, -0.04921253327275589007, 0.04577618782838582118 ) ) ;
#6663 = CARTESIAN_POINT ( 'NONE',  ( -0.1358600830307822305, 0.04458062359221800358, 0.07439442731927561892 ) ) ;
#6664 = DIRECTION ( 'NONE',  ( -6.123233995736766036E-17, 1.000000000000000000, 0.0000000000000000000 ) ) ;
#6665 = ADVANCED_FACE ( 'NONE', ( #2895 ), #5881, .F. ) ;
#6666 = CARTESIAN_POINT ( 'NONE',  ( -0.1023621449798425426, -0.04070532810114805417, 0.01567416640385432824 ) ) ;
#6667 = ORIENTED_EDGE ( 'NONE', *, *, #3503, .T. ) ;
#6668 = VERTEX_POINT ( 'NONE', #2687 ) ;
#6669 = FACE_OUTER_BOUND ( 'NONE', #1359, .T. ) ;
#6670 = CARTESIAN_POINT ( 'NONE',  ( 0.1322829909869290832, -0.01758719187771653342, 0.02670299923734645656 ) ) ;
#6671 = CARTESIAN_POINT ( 'NONE',  ( -0.1388263888904556764, -0.04284287154488621019, 0.07291558897103546377 ) ) ;
#6672 = DIRECTION ( 'NONE',  ( 1.000000000000000000, 6.123233995736766036E-17, 0.0000000000000000000 ) ) ;
#6673 = CARTESIAN_POINT ( 'NONE',  ( -0.03740151505858271830, -0.05534426310837942814, 0.01880680901117783368 ) ) ;
#6674 = VERTEX_POINT ( 'NONE', #8198 ) ;
#6675 = ORIENTED_EDGE ( 'NONE', *, *, #3686, .T. ) ;
#6676 = FACE_OUTER_BOUND ( 'NONE', #9562, .T. ) ;
#6677 = EDGE_CURVE ( 'NONE', #6084, #7160, #1135, .T. ) ;
#6678 = ORIENTED_EDGE ( 'NONE', *, *, #8544, .T. ) ;
#6679 = CARTESIAN_POINT ( 'NONE',  ( -0.08783063686565258099, 0.04330715176661417004, 0.007874015748029556533 ) ) ;
#6680 = CARTESIAN_POINT ( 'NONE',  ( 0.1673228943901570454, -0.0001447370083159824582, 0.03149606365633086241 ) ) ;
#6681 = EDGE_CURVE ( 'NONE', #9976, #8357, #6790, .T. ) ;
#6682 = ORIENTED_EDGE ( 'NONE', *, *, #9600, .F. ) ;
#6683 = DIRECTION ( 'NONE',  ( 0.8995081585761557363, 5.507925537205685794E-17, 0.4369039627365875478 ) ) ;
#6684 = VECTOR ( 'NONE', #2233, 39.37007874015748143 ) ;
#6685 = CARTESIAN_POINT ( 'NONE',  ( 0.2814961227366140073, 6.515244097077423820E-08, 0.07480314960629920462 ) ) ;
#6686 = CARTESIAN_POINT ( 'NONE',  ( 0.1290671786608266480, 0.006352036750826732525, 0.1253518547508661318 ) ) ;
#6687 = CARTESIAN_POINT ( 'NONE',  ( 0.2814961227366140073, 6.515244097077423820E-08, 0.07480314960629920462 ) ) ;
#6688 = EDGE_LOOP ( 'NONE', ( #9718, #7620, #8158, #4361 ) ) ;
#6689 = VECTOR ( 'NONE', #3886, 39.37007874015748143 ) ;
#6690 = CARTESIAN_POINT ( 'NONE',  ( -0.1397637197829921241, 0.05032457737575914830, 0.07987349263779454367 ) ) ;
#6691 = CARTESIAN_POINT ( 'NONE',  ( -0.1200786804129134605, 0.04173234861700787085, 0.04477039948536252340 ) ) ;
#6692 = EDGE_CURVE ( 'NONE', #8241, #8787, #4611, .T. ) ;
#6693 = CARTESIAN_POINT ( 'NONE',  ( -0.1200786804129134050, -0.04726731665279302469, 0.1337844026243306950 ) ) ;
#6694 = CARTESIAN_POINT ( 'NONE',  ( -0.1279526961609449009, 0.02755912027055119548, 0.03440236461496389703 ) ) ;
#6695 = VECTOR ( 'NONE', #4268, 39.37007874015748143 ) ;
#6696 = CARTESIAN_POINT ( 'NONE',  ( -0.1384643102476753596, -0.04891242826068314259, 0.04979789142271554003 ) ) ;
#6697 = ORIENTED_EDGE ( 'NONE', *, *, #1717, .T. ) ;
#6698 = CARTESIAN_POINT ( 'NONE',  ( -0.1313789265853168853, 0.04330715176661414229, 0.07748688154972407927 ) ) ;
#6699 = CARTESIAN_POINT ( 'NONE',  ( -0.1200786804129134050, 0.04140354808929939262, 0.04449368995063469889 ) ) ;
#6700 = CARTESIAN_POINT ( 'NONE',  ( 0.1751969101381888883, -0.01571382804010590731, 0.07904508839170806822 ) ) ;
#6701 = EDGE_CURVE ( 'NONE', #2356, #4467, #7187, .T. ) ;
#6702 = CARTESIAN_POINT ( 'NONE',  ( 0.1673228943901572674, 0.0004344532365328879577, 0.1181073414296057028 ) ) ;
#6703 = CARTESIAN_POINT ( 'NONE',  ( -0.03740151505858270442, -0.05577387916804515261, 0.01922186197314554659 ) ) ;
#6704 = EDGE_LOOP ( 'NONE', ( #7281, #6880, #2121 ) ) ;
#6705 = CARTESIAN_POINT ( 'NONE',  ( -0.1377952158459787579, -0.03325272383735351778, 0.09264994338397131157 ) ) ;
#6706 = ORIENTED_EDGE ( 'NONE', *, *, #7008, .F. ) ;
#6707 = DIRECTION ( 'NONE',  ( 1.000000000000000000, 0.0000000000000000000, -0.0000000000000000000 ) ) ;
#6708 = VECTOR ( 'NONE', #2168, 39.37007874015748143 ) ;
#6709 = EDGE_CURVE ( 'NONE', #7253, #9833, #5596, .T. ) ;
#6710 =( BOUNDED_CURVE ( )  B_SPLINE_CURVE ( 3, ( #9148, #3488, #6835, #3537 ),
 .UNSPECIFIED., .F., .T. ) 
 B_SPLINE_CURVE_WITH_KNOTS ( ( 4, 4 ),
 ( 0.0000000000000000000, 0.01100222019300986682 ),
 .UNSPECIFIED. ) 
 CURVE ( )  GEOMETRIC_REPRESENTATION_ITEM ( )  RATIONAL_B_SPLINE_CURVE ( ( 1.000000000000000000, 0.9999004437900775866, 0.9999004437900775866, 1.000000000000000000 ) ) 
 REPRESENTATION_ITEM ( '' )  );
#6711 = CARTESIAN_POINT ( 'NONE',  ( 0.1673228943901574339, -0.003947594817771991199, 0.04529445178051244580 ) ) ;
#6712 = AXIS2_PLACEMENT_3D ( 'NONE', #6802, #4997, #4325 ) ;
#6713 = DIRECTION ( 'NONE',  ( 0.0000000000000000000, -1.000000000000000000, 0.0000000000000000000 ) ) ;
#6714 = VERTEX_POINT ( 'NONE', #1557 ) ;
#6715 = CARTESIAN_POINT ( 'NONE',  ( -0.1343223578888182723, -0.03833884054323899448, 0.05013284967786803270 ) ) ;
#6716 = AXIS2_PLACEMENT_3D ( 'NONE', #5999, #4305, #1923 ) ;
#6717 = LINE ( 'NONE', #8463, #4728 ) ;
#6718 = CARTESIAN_POINT ( 'NONE',  ( -0.1310382542868555045, 0.04658799166161312066, 0.07332031355595156064 ) ) ;
#6719 = LINE ( 'NONE', #1250, #1113 ) ;
#6720 = ORIENTED_EDGE ( 'NONE', *, *, #2865, .F. ) ;
#6721 = ORIENTED_EDGE ( 'NONE', *, *, #7801, .F. ) ;
#6722 = EDGE_CURVE ( 'NONE', #2385, #2280, #5537, .T. ) ;
#6723 = EDGE_CURVE ( 'NONE', #1200, #1895, #9506, .T. ) ;
#6724 = CARTESIAN_POINT ( 'NONE',  ( 0.1274014083147243792, -0.01152231334925196346, 0.02322082345942519388 ) ) ;
#6725 = VECTOR ( 'NONE', #4521, 39.37007874015748143 ) ;
#6726 = EDGE_CURVE ( 'NONE', #8745, #9267, #9874, .T. ) ;
#6727 = ADVANCED_FACE ( 'NONE', ( #9616 ), #698, .T. ) ;
#6728 = CARTESIAN_POINT ( 'NONE',  ( -0.1320534741669887047, -0.04681035313309674095, 0.07727225082051178418 ) ) ;
#6729 = FACE_OUTER_BOUND ( 'NONE', #5727, .T. ) ;
#6730 = FACE_OUTER_BOUND ( 'NONE', #4572, .T. ) ;
#6731 = ORIENTED_EDGE ( 'NONE', *, *, #1772, .T. ) ;
#6732 = ORIENTED_EDGE ( 'NONE', *, *, #890, .T. ) ;
#6733 = DIRECTION ( 'NONE',  ( -0.0000000000000000000, 0.0000000000000000000, 1.000000000000000000 ) ) ;
#6734 = ORIENTED_EDGE ( 'NONE', *, *, #5084, .T. ) ;
#6735 = VECTOR ( 'NONE', #3093, 39.37007874015748143 ) ;
#6736 =( BOUNDED_SURFACE ( )  B_SPLINE_SURFACE ( 3, 3, ( 
 ( #880, #182, #2439, #6410 ),
 ( #3333, #4817, #4863, #1607 ),
 ( #1766, #2545, #5695, #9561 ),
 ( #8789, #5591, #8835, #3231 ) ),
 .UNSPECIFIED., .F., .F., .F. ) 
 B_SPLINE_SURFACE_WITH_KNOTS ( ( 4, 4 ),
 ( 4, 4 ),
 ( 0.0000000000000000000, 1.000000000000000000 ),
 ( 0.0000000000000000000, 1.000000000000000000 ),
 .UNSPECIFIED. ) 
 GEOMETRIC_REPRESENTATION_ITEM ( )  RATIONAL_B_SPLINE_SURFACE ( (
 ( 1.000000000000000000, 0.9823076119367524228, 0.9823076119367524228, 1.000000000000000000),
 ( 0.8425084105511455590, 0.8276024248051248033, 0.8276024248051248033, 0.8425084105511455590),
 ( 0.8425084105511455590, 0.8276024248051248033, 0.8276024248051248033, 0.8425084105511455590),
 ( 1.000000000000000000, 0.9823076119367524228, 0.9823076119367524228, 1.000000000000000000) ) ) 
 REPRESENTATION_ITEM ( '' )  SURFACE ( )  );
#6737 = CIRCLE ( 'NONE', #8041, 0.003937007874015758385 ) ;
#6738 = FACE_OUTER_BOUND ( 'NONE', #8374, .T. ) ;
#6739 = EDGE_CURVE ( 'NONE', #8743, #6099, #8268, .T. ) ;
#6740 = CARTESIAN_POINT ( 'NONE',  ( -0.1200786804129134189, 0.05314967145165352264, 0.1338582677165354173 ) ) ;
#6741 = DIMENSIONAL_EXPONENTS ( 1.000000000000000000, 0.0000000000000000000, 0.0000000000000000000, 0.0000000000000000000, 0.0000000000000000000, 0.0000000000000000000, 0.0000000000000000000 ) ;
#6742 = VECTOR ( 'NONE', #2839, 39.37007874015748143 ) ;
#6743 = B_SPLINE_CURVE_WITH_KNOTS ( 'NONE', 3,
 ( #6227, #2256, #1524, #6956, #9998, #3859, #5314, #4688, #9372, #752, #7823, #3812, #7000, #9273 ),
 .UNSPECIFIED., .F., .F.,
 ( 4, 1, 2, 2, 1, 2, 2, 4 ),
 ( 0.0000000000000000000, 0.2499999999999996114, 0.3749999999999995004, 0.4999999999999994449, 0.6249999999999993339, 0.6874999999999996669, 0.7500000000000000000, 1.000000000000000000 ),
 .UNSPECIFIED. ) ;
#6744 = ORIENTED_EDGE ( 'NONE', *, *, #1411, .F. ) ;
#6745 = CARTESIAN_POINT ( 'NONE',  ( -0.1279526961609449287, 0.05183733554514876468, 0.07308953162400509684 ) ) ;
#6746 = B_SPLINE_CURVE_WITH_KNOTS ( 'NONE', 3,
 ( #6998, #5267, #8601, #6129 ),
 .UNSPECIFIED., .F., .F.,
 ( 4, 4 ),
 ( 0.0000000000000000000, 1.000000000000000000 ),
 .UNSPECIFIED. ) ;
#6747 =( GEOMETRIC_REPRESENTATION_CONTEXT ( 3 ) GLOBAL_UNCERTAINTY_ASSIGNED_CONTEXT ( ( #2720 ) ) GLOBAL_UNIT_ASSIGNED_CONTEXT ( ( #7820, #6274, #5716 ) ) REPRESENTATION_CONTEXT ( 'NONE', 'WORKASPACE' ) );
#6748 = LINE ( 'NONE', #497, #8854 ) ;
#6749 = CARTESIAN_POINT ( 'NONE',  ( -0.1112204126963779738, 0.01771660058551177697, 0.1173228346456692828 ) ) ;
#6750 = FACE_OUTER_BOUND ( 'NONE', #5632, .T. ) ;
#6751 = VERTEX_POINT ( 'NONE', #9047 ) ;
#6752 = CARTESIAN_POINT ( 'NONE',  ( -0.1311788480827937309, -0.04330702146173262546, 0.07271426914684277210 ) ) ;
#6753 = AXIS2_PLACEMENT_3D ( 'NONE', #8013, #8692, #3184 ) ;
#6754 = CARTESIAN_POINT ( 'NONE',  ( -0.1279526961609449287, 0.05183733554514876468, 0.07308953162400509684 ) ) ;
#6755 = CARTESIAN_POINT ( 'NONE',  ( 0.2854331306106263066, -0.06269104927648298797, 0.1028194400328009406 ) ) ;
#6756 = CARTESIAN_POINT ( 'NONE',  ( -0.1394465141268422803, 0.04466752044194258198, 0.09881704424179010848 ) ) ;
#6757 = CARTESIAN_POINT ( 'NONE',  ( -0.1397637197829944833, 0.05143554177927898291, 0.09830660150988755619 ) ) ;
#6758 = ORIENTED_EDGE ( 'NONE', *, *, #6127, .T. ) ;
#6759 = CARTESIAN_POINT ( 'NONE',  ( 0.008858327461102322165, 6.514499997778422369E-08, 0.01574803149606299191 ) ) ;
#6760 = ORIENTED_EDGE ( 'NONE', *, *, #9996, .T. ) ;
#6761 = CARTESIAN_POINT ( 'NONE',  ( -0.1358267119089758834, -0.06062985610740157655, 0.1023622047244094335 ) ) ;
#6762 = CARTESIAN_POINT ( 'NONE',  ( -0.1200786804129134189, 0.02755912027055116426, 0.1173228346456692828 ) ) ;
#6763 = CARTESIAN_POINT ( 'NONE',  ( -0.1383800285698197630, -0.04328154275185921301, 0.05247986068448269592 ) ) ;
#6764 = LINE ( 'NONE', #3414, #4596 ) ;
#6765 = ORIENTED_EDGE ( 'NONE', *, *, #1212, .F. ) ;
#6766 = CARTESIAN_POINT ( 'NONE',  ( 0.1200787999020472285, 0.06594494704220472958, 0.007874015748031499423 ) ) ;
#6767 = ORIENTED_EDGE ( 'NONE', *, *, #7654, .F. ) ;
#6768 = CARTESIAN_POINT ( 'NONE',  ( -0.07283458592472440152, -0.04724402933574803343, 0.009842519685039369942 ) ) ;
#6769 = CIRCLE ( 'NONE', #2473, 0.001968503937008772575 ) ;
#6770 = CARTESIAN_POINT ( 'NONE',  ( -0.1378094211395435031, -0.05980035826220677503, 0.1022267441974297891 ) ) ;
#6771 = DIRECTION ( 'NONE',  ( 1.000000000000000000, 6.123233995736766036E-17, -0.0000000000000000000 ) ) ;
#6772 = ORIENTED_EDGE ( 'NONE', *, *, #3659, .T. ) ;
#6773 = CARTESIAN_POINT ( 'NONE',  ( -0.1320534741669917855, -0.04681035313309495766, 0.04577618782838581424 ) ) ;
#6774 = CARTESIAN_POINT ( 'NONE',  ( 0.1751969101381889993, 0.03428210079079552913, 0.07554964872697181311 ) ) ;
#6775 = CARTESIAN_POINT ( 'NONE',  ( 0.2854331306106299149, 0.01574809664850714344, 0.07480314960629799725 ) ) ;
#6776 = ORIENTED_EDGE ( 'NONE', *, *, #2832, .T. ) ;
#6777 = ORIENTED_EDGE ( 'NONE', *, *, #6692, .F. ) ;
#6778 = DIRECTION ( 'NONE',  ( 1.000000000000000000, 6.123233995736766036E-17, 0.0000000000000000000 ) ) ;
#6779 = CARTESIAN_POINT ( 'NONE',  ( 0.1594488786421260074, 0.0004901076066160788090, 0.1161388276116562396 ) ) ;
#6780 = CARTESIAN_POINT ( 'NONE',  ( -0.1325847361463518836, -0.04130514640294041806, 0.07574709207037866321 ) ) ;
#6781 = CARTESIAN_POINT ( 'NONE',  ( -0.1377952158459851695, 0.04420497740251651958, 0.03253556447154149628 ) ) ;
#6782 = CARTESIAN_POINT ( 'NONE',  ( -0.1279526961609451230, -0.03046529158850763350, 0.03149606299212587279 ) ) ;
#6783 = ORIENTED_EDGE ( 'NONE', *, *, #7217, .T. ) ;
#6784 = ADVANCED_FACE ( 'NONE', ( #6669 ), #5798, .T. ) ;
#6785 = ORIENTED_EDGE ( 'NONE', *, *, #9310, .F. ) ;
#6786 = CARTESIAN_POINT ( 'NONE',  ( 0.02668124818397165851, -0.02047237579244093331, 0.0009151533211926281969 ) ) ;
#6787 = ORIENTED_EDGE ( 'NONE', *, *, #1493, .F. ) ;
#6788 = EDGE_CURVE ( 'NONE', #1774, #3664, #2729, .T. ) ;
#6789 = EDGE_CURVE ( 'NONE', #6631, #1661, #4451, .T. ) ;
#6790 = B_SPLINE_CURVE_WITH_KNOTS ( 'NONE', 3,
 ( #6703, #7086, #8792, #26 ),
 .UNSPECIFIED., .F., .F.,
 ( 4, 4 ),
 ( 0.0000000000000000000, 1.000000000000000000 ),
 .UNSPECIFIED. ) ;
#6791 = DIRECTION ( 'NONE',  ( -6.123233995736766036E-17, 1.000000000000000000, 0.0000000000000000000 ) ) ;
#6792 = DIRECTION ( 'NONE',  ( 1.000000000000000000, 6.123233995736766036E-17, -0.0000000000000000000 ) ) ;
#6793 = ORIENTED_EDGE ( 'NONE', *, *, #7035, .T. ) ;
#6794 = EDGE_CURVE ( 'NONE', #6001, #4421, #4249, .T. ) ;
#6795 = DIRECTION ( 'NONE',  ( 1.000000000000000000, 0.0000000000000000000, 0.0000000000000000000 ) ) ;
#6796 = DIRECTION ( 'NONE',  ( -1.000000000000000000, 0.0000000000000000000, 1.070649645329430422E-14 ) ) ;
#6797 = PLANE ( 'NONE',  #2259 ) ;
#6798 = CARTESIAN_POINT ( 'NONE',  ( 0.1245276187996849776, 0.05577400947291430433, 0.01922186197313479131 ) ) ;
#6799 = EDGE_CURVE ( 'NONE', #8234, #7406, #3106, .T. ) ;
#6800 = FACE_OUTER_BOUND ( 'NONE', #7830, .T. ) ;
#6801 = ORIENTED_EDGE ( 'NONE', *, *, #2072, .F. ) ;
#6802 = CARTESIAN_POINT ( 'NONE',  ( -0.1048030898617323126, -0.001968438784566928224, 0.07480314960629920462 ) ) ;
#6803 = CARTESIAN_POINT ( 'NONE',  ( -0.1023621449798425564, 0.02362211239653538852, 0.01047406596664020827 ) ) ;
#6804 = FACE_OUTER_BOUND ( 'NONE', #7100, .T. ) ;
#6805 = ORIENTED_EDGE ( 'NONE', *, *, #2242, .T. ) ;
#6806 = DIRECTION ( 'NONE',  ( -0.0000000000000000000, 0.0000000000000000000, 1.000000000000000000 ) ) ;
#6807 = ORIENTED_EDGE ( 'NONE', *, *, #4886, .T. ) ;
#6808 = CARTESIAN_POINT ( 'NONE',  ( -0.07086608198771705835, -0.05124997287602364726, 0.01567416640385979956 ) ) ;
#6809 = CARTESIAN_POINT ( 'NONE',  ( -0.1358267119089763830, -0.05865688242468206082, 0.1021036506039764563 ) ) ;
#6810 = FACE_OUTER_BOUND ( 'NONE', #1690, .T. ) ;
#6811 = EDGE_CURVE ( 'NONE', #5685, #3189, #9765, .T. ) ;
#6812 = LINE ( 'NONE', #2111, #7711 ) ;
#6813 = CARTESIAN_POINT ( 'NONE',  ( 0.1277638389807032870, 6.512924437111456736E-08, 0.02161062509631731313 ) ) ;
#6814 = ORIENTED_EDGE ( 'NONE', *, *, #2623, .T. ) ;
#6815 = ORIENTED_EDGE ( 'NONE', *, *, #8309, .F. ) ;
#6816 = CARTESIAN_POINT ( 'NONE',  ( -0.1003936410428345749, 0.08464573444377163081, 0.07480314960630510268 ) ) ;
#6817 = DIRECTION ( 'NONE',  ( -0.7660444431196433701, 0.0000000000000000000, 0.6427876096857462196 ) ) ;
#6818 = FACE_OUTER_BOUND ( 'NONE', #2827, .T. ) ;
#6819 = ORIENTED_EDGE ( 'NONE', *, *, #6265, .F. ) ;
#6820 = CARTESIAN_POINT ( 'NONE',  ( 0.1200787999020472285, -0.05555526783871771873, 0.01901852974887682096 ) ) ;
#6821 = DIRECTION ( 'NONE',  ( 0.0000000000000000000, 1.000000000000000000, 0.0000000000000000000 ) ) ;
#6822 = CARTESIAN_POINT ( 'NONE',  ( 0.2775591148625983773, 0.007874080900473591840, 0.07480314960629920462 ) ) ;
#6823 = DIRECTION ( 'NONE',  ( 0.0000000000000000000, 1.000000000000000000, 0.0000000000000000000 ) ) ;
#6824 = EDGE_LOOP ( 'NONE', ( #7149, #3270, #9951, #1009, #7378, #7890, #6278 ) ) ;
#6825 = VERTEX_POINT ( 'NONE', #2812 ) ;
#6826 = CARTESIAN_POINT ( 'NONE',  ( -0.07086608198771658651, 0.07031727420555805574, 0.03937007874015746589 ) ) ;
#6827 = CARTESIAN_POINT ( 'NONE',  ( 0.1594488786421259796, -0.08316133331244816851, 0.03444755650929240409 ) ) ;
#6828 = CARTESIAN_POINT ( 'NONE',  ( 0.1673228943901572396, -0.0004343229309665573232, 0.03149895794904133961 ) ) ;
#6829 = FACE_OUTER_BOUND ( 'NONE', #8580, .T. ) ;
#6830 = B_SPLINE_CURVE_WITH_KNOTS ( 'NONE', 3,
 ( #9369, #8554, #6911, #2894, #9995, #3809 ),
 .UNSPECIFIED., .F., .F.,
 ( 4, 2, 4 ),
 ( 0.5000000000000000000, 0.7500000000000000000, 1.000000000000000000 ),
 .UNSPECIFIED. ) ;
#6831 = EDGE_CURVE ( 'NONE', #3836, #10045, #9662, .T. ) ;
#6832 = CARTESIAN_POINT ( 'NONE',  ( -0.1388263888904573418, -0.05558219500062652751, 0.07291558897103390946 ) ) ;
#6833 = EDGE_LOOP ( 'NONE', ( #9455, #4122, #3589, #5449 ) ) ;
#6834 = ORIENTED_EDGE ( 'NONE', *, *, #7772, .T. ) ;
#6835 = CARTESIAN_POINT ( 'NONE',  ( -0.1377952158459835319, -0.05865986270971979000, 0.1021898401460096806 ) ) ;
#6836 = ORIENTED_EDGE ( 'NONE', *, *, #9356, .T. ) ;
#6837 =( BOUNDED_SURFACE ( )  B_SPLINE_SURFACE ( 3, 3, ( 
 ( #120, #1709, #3941, #8735 ),
 ( #2590, #9497, #6405, #17 ),
 ( #9555, #8058, #4142, #4091 ),
 ( #4915, #8784, #8829, #777 ) ),
 .UNSPECIFIED., .F., .F., .F. ) 
 B_SPLINE_SURFACE_WITH_KNOTS ( ( 4, 4 ),
 ( 4, 4 ),
 ( 0.0000000000000000000, 1.000000000000000000 ),
 ( 0.0000000000000000000, 1.000000000000000000 ),
 .UNSPECIFIED. ) 
 GEOMETRIC_REPRESENTATION_ITEM ( )  RATIONAL_B_SPLINE_SURFACE ( (
 ( 1.000000000000000000, 0.9484266784561853347, 0.9484266784561853347, 1.000000000000000000),
 ( 0.8025111976492197430, 0.7611230296103447257, 0.7611230296103447257, 0.8025111976492197430),
 ( 0.8025111976492197430, 0.7611230296103447257, 0.7611230296103447257, 0.8025111976492197430),
 ( 1.000000000000000000, 0.9484266784561853347, 0.9484266784561853347, 1.000000000000000000) ) ) 
 REPRESENTATION_ITEM ( '' )  SURFACE ( )  );
#6838 = CARTESIAN_POINT ( 'NONE',  ( 0.1279528156500787384, 0.07086904628239025505, 0.08417036273694826487 ) ) ;
#6839 = CARTESIAN_POINT ( 'NONE',  ( -0.1200786804129124197, -0.03543300571370085195, 0.01078031737086620860 ) ) ;
#6840 = ADVANCED_FACE ( 'NONE', ( #5947 ), #5076, .T. ) ;
#6841 = EDGE_CURVE ( 'NONE', #3430, #336, #7297, .T. ) ;
#6842 = VERTEX_POINT ( 'NONE', #2600 ) ;
#6843 = CARTESIAN_POINT ( 'NONE',  ( -0.1279526961609449009, 0.05511817538866062988, 0.07697147372051545144 ) ) ;
#6844 = FACE_BOUND ( 'NONE', #5082, .T. ) ;
#6845 = LINE ( 'NONE', #6988, #3434 ) ;
#6846 = CARTESIAN_POINT ( 'NONE',  ( -0.1392992980404028358, -0.04728782406545367634, 0.05070105667204780064 ) ) ;
#6847 = CARTESIAN_POINT ( 'NONE',  ( -0.1200786804129134050, -0.05390422594861551953, 0.09254422651295286795 ) ) ;
#6848 = ADVANCED_FACE ( 'NONE', ( #1152 ), #2655, .T. ) ;
#6849 = CARTESIAN_POINT ( 'NONE',  ( -0.08267710560974490808, 0.04330715176661414229, 0.01177409107594291210 ) ) ;
#6850 = CARTESIAN_POINT ( 'NONE',  ( -0.1397637197829920963, -0.04812328807249480894, 0.07030644484418116513 ) ) ;
#6851 = ADVANCED_FACE ( 'NONE', ( #4978 ), #278, .F. ) ;
#6852 = CARTESIAN_POINT ( 'NONE',  ( 0.1279524659456941771, -0.04843669551379031074, 0.1259149450122952762 ) ) ;
#6853 = VERTEX_POINT ( 'NONE', #705 ) ;
#6854 = CARTESIAN_POINT ( 'NONE',  ( -0.1279526961609449565, 0.06947096036679158149, 0.1131798436880396552 ) ) ;
#6855 = DIRECTION ( 'NONE',  ( 1.000000000000000000, 0.0000000000000000000, -0.0000000000000000000 ) ) ;
#6856 = CYLINDRICAL_SURFACE ( 'NONE', #2745, 0.01181102362204724393 ) ;
#6857 = CARTESIAN_POINT ( 'NONE',  ( -0.1200786804129134189, 6.515244096015629639E-08, 0.03228346456692912647 ) ) ;
#6858 = CARTESIAN_POINT ( 'NONE',  ( 0.1200787999020472285, 0.08760035133891361236, 0.08910392475144532365 ) ) ;
#6859 = ORIENTED_EDGE ( 'NONE', *, *, #991, .T. ) ;
#6860 = CYLINDRICAL_SURFACE ( 'NONE', #919, 0.01574803149606299191 ) ;
#6861 = VERTEX_POINT ( 'NONE', #5510 ) ;
#6862 = PLANE ( 'NONE',  #1105 ) ;
#6863 = AXIS2_PLACEMENT_3D ( 'NONE', #8422, #5705, #7350 ) ;
#6864 = CARTESIAN_POINT ( 'NONE',  ( -0.1358267119089763830, -0.04523943107685293730, 0.09311333709987951179 ) ) ;
#6865 = EDGE_CURVE ( 'NONE', #585, #729, #480, .T. ) ;
#6866 = B_SPLINE_CURVE_WITH_KNOTS ( 'NONE', 3,
 ( #5201, #7464, #8913, #1888 ),
 .UNSPECIFIED., .F., .F.,
 ( 4, 4 ),
 ( 0.0000000000000000000, 1.000000000000000000 ),
 .UNSPECIFIED. ) ;
#6867 = CARTESIAN_POINT ( 'NONE',  ( -0.1384513838250004403, 0.05011519207375348534, 0.07691415964703693375 ) ) ;
#6868 = ORIENTED_EDGE ( 'NONE', *, *, #5770, .F. ) ;
#6869 = VECTOR ( 'NONE', #3531, 39.37007874015748143 ) ;
#6870 = CARTESIAN_POINT ( 'NONE',  ( 0.1594488786421259241, 0.003005853843353964525, 0.08624954117923933072 ) ) ;
#6871 = CARTESIAN_POINT ( 'NONE',  ( 0.2759283528060109680, -0.01181095846960642827, 0.07480314960630163323 ) ) ;
#6872 = ORIENTED_EDGE ( 'NONE', *, *, #8949, .F. ) ;
#6873 = ORIENTED_EDGE ( 'NONE', *, *, #8991, .T. ) ;
#6874 = VECTOR ( 'NONE', #6970, 39.37007874015748143 ) ;
#6875 = CARTESIAN_POINT ( 'NONE',  ( 0.1574803747051181091, -0.0005133126566928773032, 0.03149910598180697546 ) ) ;
#6876 = CARTESIAN_POINT ( 'NONE',  ( 0.2854331306106298594, 0.01260165452341638001, 0.08447748484367237354 ) ) ;
#6877 = LINE ( 'NONE', #8578, #2434 ) ;
#6878 = AXIS2_PLACEMENT_3D ( 'NONE', #2683, #5681, #7376 ) ;
#6879 = CARTESIAN_POINT ( 'NONE',  ( -0.1279526961609449287, -0.04921253327275589701, 0.07727225082051179805 ) ) ;
#6880 = ORIENTED_EDGE ( 'NONE', *, *, #3239, .F. ) ;
#6881 = CARTESIAN_POINT ( 'NONE',  ( -0.1377951761521166996, -0.04765685491203714569, 0.1089825172507118689 ) ) ;
#6882 = ORIENTED_EDGE ( 'NONE', *, *, #5749, .T. ) ;
#6883 = CARTESIAN_POINT ( 'NONE',  ( 0.1200787999020472285, 0.05577400953156607527, 0.1303844371805846780 ) ) ;
#6884 = ORIENTED_EDGE ( 'NONE', *, *, #5511, .T. ) ;
#6885 = AXIS2_PLACEMENT_3D ( 'NONE', #3049, #5225, #3716 ) ;
#6886 = B_SPLINE_CURVE_WITH_KNOTS ( 'NONE', 3,
 ( #389, #8124, #3644, #8230 ),
 .UNSPECIFIED., .F., .F.,
 ( 4, 4 ),
 ( 0.0000000000000000000, 1.000000000000000000 ),
 .UNSPECIFIED. ) ;
#6887 = EDGE_CURVE ( 'NONE', #9686, #3527, #1732, .T. ) ;
#6888 = CARTESIAN_POINT ( 'NONE',  ( 0.1279528156500787661, 0.06191747197270324604, 0.03909448039410494402 ) ) ;
#6889 = CARTESIAN_POINT ( 'NONE',  ( 0.1594488786421259241, 0.008874298361002033037, 0.06698271446859500877 ) ) ;
#6890 = EDGE_CURVE ( 'NONE', #3983, #6122, #7763, .T. ) ;
#6891 = ORIENTED_EDGE ( 'NONE', *, *, #670, .F. ) ;
#6892 = VECTOR ( 'NONE', #6795, 39.37007874015748143 ) ;
#6893 = CARTESIAN_POINT ( 'NONE',  ( -0.1279526961609449009, -0.04921253327275590395, 0.06152421932444881308 ) ) ;
#6894 =( BOUNDED_SURFACE ( )  B_SPLINE_SURFACE ( 3, 3, ( 
 ( #6779, #7688, #6827, #623 ),
 ( #9196, #4505, #3063, #9337 ),
 ( #8320, #530, #7543, #3830 ),
 ( #7642, #481, #4460, #6875 ) ),
 .UNSPECIFIED., .F., .F., .F. ) 
 B_SPLINE_SURFACE_WITH_KNOTS ( ( 4, 4 ),
 ( 4, 4 ),
 ( 0.0000000000000000000, 1.000000000000000000 ),
 ( 0.0000000000000000000, 1.000000000000000000 ),
 .UNSPECIFIED. ) 
 GEOMETRIC_REPRESENTATION_ITEM ( )  RATIONAL_B_SPLINE_SURFACE ( (
 ( 1.000000000000000000, 0.3333333333333334259, 0.3333333333333334259, 1.000000000000000000),
 ( 0.8047378541435570298, 0.2682459513811857321, 0.2682459513811857321, 0.8047378541435570298),
 ( 0.8047378541435570298, 0.2682459513811857321, 0.2682459513811857321, 0.8047378541435570298),
 ( 1.000000000000000000, 0.3333333333333334259, 0.3333333333333334259, 1.000000000000000000) ) ) 
 REPRESENTATION_ITEM ( '' )  SURFACE ( )  );
#6895 = ORIENTED_EDGE ( 'NONE', *, *, #4362, .T. ) ;
#6896 = CARTESIAN_POINT ( 'NONE',  ( -0.1309716551510713978, -0.05382000071454370177, 0.04655740519894875640 ) ) ;
#6897 = CARTESIAN_POINT ( 'NONE',  ( 0.006889823524094507157, 6.515244101581274024E-08, 0.1279527559055118058 ) ) ;
#6898 = DIRECTION ( 'NONE',  ( 1.000000000000000000, 0.0000000000000000000, -1.084202172485499306E-15 ) ) ;
#6899 = DIRECTION ( 'NONE',  ( -6.123233995736766036E-17, 1.000000000000000000, 0.0000000000000000000 ) ) ;
#6900 = AXIS2_PLACEMENT_3D ( 'NONE', #9017, #5820, #6641 ) ;
#6901 = CARTESIAN_POINT ( 'NONE',  ( -0.05708655442866145124, 0.03740163995559053767, 0.0000000000000000000 ) ) ;
#6902 = ORIENTED_EDGE ( 'NONE', *, *, #6887, .F. ) ;
#6903 = CARTESIAN_POINT ( 'NONE',  ( 0.1279524659456942048, -0.05014392006701766380, 0.1247739253782431251 ) ) ;
#6904 = ORIENTED_EDGE ( 'NONE', *, *, #7846, .T. ) ;
#6905 = CARTESIAN_POINT ( 'NONE',  ( -0.1397637197829870725, -0.05001389267846477471, 0.07143288084294539819 ) ) ;
#6906 = ADVANCED_FACE ( 'NONE', ( #3631, #3863 ), #1527, .T. ) ;
#6907 = VECTOR ( 'NONE', #3409, 39.37007874015748143 ) ;
#6908 = EDGE_CURVE ( 'NONE', #5342, #5906, #595, .T. ) ;
#6909 = CARTESIAN_POINT ( 'NONE',  ( -0.1200786804129134189, 0.04724415964062991108, 0.01968503937007873988 ) ) ;
#6910 = CARTESIAN_POINT ( 'NONE',  ( 0.1751969101381896932, 0.06566281216163756540, 0.08776125958518318781 ) ) ;
#6911 = CARTESIAN_POINT ( 'NONE',  ( 0.1751969101381888883, 0.008170967859204542050, 0.06069584202382524718 ) ) ;
#6912 = CARTESIAN_POINT ( 'NONE',  ( -0.09979202024060564169, 0.03347335702471408714, 0.01567416640385432824 ) ) ;
#6913 = EDGE_LOOP ( 'NONE', ( #4590, #785, #8435, #9990, #1015, #7718, #2113, #587, #2126, #4434, #1318, #521 ) ) ;
#6914 = DIRECTION ( 'NONE',  ( 0.0000000000000000000, -1.000000000000000000, 0.0000000000000000000 ) ) ;
#6915 = ADVANCED_FACE ( 'NONE', ( #6230 ), #9142, .T. ) ;
#6916 = CARTESIAN_POINT ( 'NONE',  ( 0.1275024971014666053, 6.516018277035999563E-08, 0.1286089252831977836 ) ) ;
#6917 = CIRCLE ( 'NONE', #4942, 0.009448818897637803818 ) ;
#6918 = CARTESIAN_POINT ( 'NONE',  ( -0.1369911382989771331, -0.04174572085483280875, 0.1028671639734607263 ) ) ;
#6919 = CARTESIAN_POINT ( 'NONE',  ( -0.1304272508542485554, 0.04330715176661411453, 0.09999718804005486295 ) ) ;
#6920 = ORIENTED_EDGE ( 'NONE', *, *, #6811, .F. ) ;
#6921 = CARTESIAN_POINT ( 'NONE',  ( 0.1358268313981100817, 0.06288733071812105391, 0.09849920630182834591 ) ) ;
#6922 = DIRECTION ( 'NONE',  ( 0.0000000000000000000, 1.000000000000000000, 0.0000000000000000000 ) ) ;
#6923 = ORIENTED_EDGE ( 'NONE', *, *, #4086, .F. ) ;
#6924 = CARTESIAN_POINT ( 'NONE',  ( -0.1279526961609449287, 0.04330715176661405208, 0.1002631264098809288 ) ) ;
#6925 = AXIS2_PLACEMENT_3D ( 'NONE', #3902, #7045, #4662 ) ;
#6926 = ORIENTED_EDGE ( 'NONE', *, *, #6323, .F. ) ;
#6927 = CARTESIAN_POINT ( 'NONE',  ( 0.1358268313981111364, -0.04724402933574798485, 0.003937007874015577974 ) ) ;
#6928 = CARTESIAN_POINT ( 'NONE',  ( -0.1397856070055309985, 0.05348483877388656577, 0.09719780979656161835 ) ) ;
#6929 = CARTESIAN_POINT ( 'NONE',  ( -0.1279526961609449009, 0.04921266357763776772, 0.07286926856913386596 ) ) ;
#6930 = CARTESIAN_POINT ( 'NONE',  ( 0.1200787999020472285, -0.05019648478877019454, 0.02477999078944370312 ) ) ;
#6931 = CARTESIAN_POINT ( 'NONE',  ( 0.1673228943901210741, 0.02952749910297300384, 0.07480314942667642963 ) ) ;
#6932 = ORIENTED_EDGE ( 'NONE', *, *, #9173, .T. ) ;
#6933 = CARTESIAN_POINT ( 'NONE',  ( -0.1377952064729810189, -0.04421570383302007856, 0.1050791685583243873 ) ) ;
#6934 = VERTEX_POINT ( 'NONE', #9375 ) ;
#6935 = CARTESIAN_POINT ( 'NONE',  ( 0.1200787999020472424, 0.08824351659803945924, 0.09780238375617050783 ) ) ;
#6936 = VERTEX_POINT ( 'NONE', #2316 ) ;
#6937 = DIRECTION ( 'NONE',  ( 0.0000000000000000000, 0.01003067930727482952, 0.9999496914708431161 ) ) ;
#6938 = DIRECTION ( 'NONE',  ( 0.0000000000000000000, -0.0000000000000000000, 1.000000000000000000 ) ) ;
#6939 = ORIENTED_EDGE ( 'NONE', *, *, #8496, .T. ) ;
#6940 = EDGE_CURVE ( 'NONE', #9378, #5555, #5273, .T. ) ;
#6941 = CARTESIAN_POINT ( 'NONE',  ( 0.1574803747051181091, 6.515244097005101764E-08, 0.07480314960629920462 ) ) ;
#6942 = LINE ( 'NONE', #5198, #6526 ) ;
#6943 = CARTESIAN_POINT ( 'NONE',  ( 0.1594488786419577531, 6.515244097181446083E-08, 0.07480314960629920462 ) ) ;
#6944 = CARTESIAN_POINT ( 'NONE',  ( -0.1279526961609449287, 0.04460519613582412252, 0.1038099149098142271 ) ) ;
#6945 = CARTESIAN_POINT ( 'NONE',  ( -0.1381303471247777859, -0.04328511326582572954, 0.07010472905581358050 ) ) ;
#6946 = ORIENTED_EDGE ( 'NONE', *, *, #9996, .F. ) ;
#6947 = B_SPLINE_CURVE_WITH_KNOTS ( 'NONE', 3,
 ( #9092, #8156, #1970, #1199 ),
 .UNSPECIFIED., .F., .F.,
 ( 4, 4 ),
 ( 0.0000000000000000000, 1.000000000000000000 ),
 .UNSPECIFIED. ) ;
#6948 = CARTESIAN_POINT ( 'NONE',  ( -0.1023621449798354371, -0.04745709217830732657, 0.1338581905336386491 ) ) ;
#6949 = EDGE_CURVE ( 'NONE', #8889, #2850, #5421, .T. ) ;
#6950 = LINE ( 'NONE', #510, #8259 ) ;
#6951 = DIRECTION ( 'NONE',  ( -1.000000000000000000, -0.0000000000000000000, -0.0000000000000000000 ) ) ;
#6952 = CARTESIAN_POINT ( 'NONE',  ( -0.1377950662575684604, 0.04372604060308515200, 0.04712693033871511589 ) ) ;
#6953 = FACE_OUTER_BOUND ( 'NONE', #4807, .T. ) ;
#6954 = CARTESIAN_POINT ( 'NONE',  ( -0.1313087054023631128, -0.04658786135673444184, 0.04636345432707439373 ) ) ;
#6955 = ORIENTED_EDGE ( 'NONE', *, *, #7744, .T. ) ;
#6956 = CARTESIAN_POINT ( 'NONE',  ( -0.04723531013910592380, -0.02028659467309393977, 0.007874015748031497688 ) ) ;
#6957 = CARTESIAN_POINT ( 'NONE',  ( -0.1397637197829904032, 0.04997702993829618995, 0.07870571623354244428 ) ) ;
#6958 = DIRECTION ( 'NONE',  ( -1.000000000000000000, -0.0000000000000000000, -0.0000000000000000000 ) ) ;
#6959 = CARTESIAN_POINT ( 'NONE',  ( -0.1358267119089763830, -0.04174572085483280875, 0.1028671639734607401 ) ) ;
#6960 = CARTESIAN_POINT ( 'NONE',  ( -0.1200786804129133495, -0.04724402933574803343, 0.009842519685039369942 ) ) ;
#6961 = EDGE_CURVE ( 'NONE', #6140, #8122, #5234, .T. ) ;
#6962 = ADVANCED_FACE ( 'NONE', ( #1435 ), #8560, .T. ) ;
#6963 = ORIENTED_EDGE ( 'NONE', *, *, #1315, .T. ) ;
#6964 = CARTESIAN_POINT ( 'NONE',  ( 0.07677171328787396609, -0.01968497421763772820, 0.0000000000000000000 ) ) ;
#6965 = LINE ( 'NONE', #1347, #9003 ) ;
#6966 = PLANE ( 'NONE',  #8377 ) ;
#6967 = VERTEX_POINT ( 'NONE', #6280 ) ;
#6968 = FACE_OUTER_BOUND ( 'NONE', #7919, .T. ) ;
#6969 = ORIENTED_EDGE ( 'NONE', *, *, #6539, .T. ) ;
#6970 = DIRECTION ( 'NONE',  ( -1.000000000000000000, -0.0000000000000000000, 0.0000000000000000000 ) ) ;
#6971 = EDGE_CURVE ( 'NONE', #5359, #1669, #7272, .T. ) ;
#6972 = CARTESIAN_POINT ( 'NONE',  ( -0.1345466413477856282, 0.04330715176661410759, 0.07886211702501295939 ) ) ;
#6973 = CARTESIAN_POINT ( 'NONE',  ( 0.1358268313981101649, -0.05118359288145307717, 0.08157686406738924589 ) ) ;
#6974 = CARTESIAN_POINT ( 'NONE',  ( -0.1361317379124190041, -0.05183813296102589979, 0.07472669426509216672 ) ) ;
#6975 = CARTESIAN_POINT ( 'NONE',  ( -0.1343223578888156078, -0.06008622600226829619, 0.07291558897103390946 ) ) ;
#6976 = EDGE_CURVE ( 'NONE', #220, #488, #2093, .T. ) ;
#6977 = ORIENTED_EDGE ( 'NONE', *, *, #77, .F. ) ;
#6978 = CARTESIAN_POINT ( 'NONE',  ( -0.1377952006389571438, -0.04965296003913953482, 0.1096944363393635852 ) ) ;
#6979 = ORIENTED_EDGE ( 'NONE', *, *, #8007, .T. ) ;
#6980 = CARTESIAN_POINT ( 'NONE',  ( 0.1200787999020472147, -0.05905505295779527042, 0.0000000000000000000 ) ) ;
#6981 = EDGE_LOOP ( 'NONE', ( #3426, #4627, #9645, #20, #7212 ) ) ;
#6982 = VERTEX_POINT ( 'NONE', #9637 ) ;
#6983 = CARTESIAN_POINT ( 'NONE',  ( -0.1279526961609449009, -0.04921253327275590395, 0.06152421932444881308 ) ) ;
#6984 = B_SPLINE_CURVE_WITH_KNOTS ( 'NONE', 3,
 ( #3922, #6439, #4742, #2319, #8042, #4845, #4, #9431 ),
 .UNSPECIFIED., .F., .F.,
 ( 4, 2, 2, 4 ),
 ( 0.5000000079894849625, 0.7500000039947425368, 0.8750000019973712684, 1.000000000000000000 ),
 .UNSPECIFIED. ) ;
#6985 = CARTESIAN_POINT ( 'NONE',  ( 0.1594488786421259519, 0.005970153427823124762, 0.06458568057955298147 ) ) ;
#6986 = CARTESIAN_POINT ( 'NONE',  ( -0.1384513838249995799, 0.04946534158417915245, 0.1004139494359880813 ) ) ;
#6987 = ORIENTED_EDGE ( 'NONE', *, *, #973, .F. ) ;
#6988 = CARTESIAN_POINT ( 'NONE',  ( -0.1198030898617322981, 0.02755912027055118854, 0.1029190095611923067 ) ) ;
#6989 = FACE_OUTER_BOUND ( 'NONE', #983, .T. ) ;
#6990 = CARTESIAN_POINT ( 'NONE',  ( -0.1200786804129133911, -0.04133851752472440799, 0.1023622047244073935 ) ) ;
#6991 = EDGE_CURVE ( 'NONE', #2882, #1191, #7372, .T. ) ;
#6992 = CARTESIAN_POINT ( 'NONE',  ( 0.1594488786421259519, -0.007686628983160877400, 0.1035735600911084908 ) ) ;
#6993 = ORIENTED_EDGE ( 'NONE', *, *, #107, .T. ) ;
#6994 = DIRECTION ( 'NONE',  ( 0.0000000000000000000, 0.0000000000000000000, 1.000000000000000000 ) ) ;
#6995 = CARTESIAN_POINT ( 'NONE',  ( -0.1302668647553783809, 0.04330715176661410065, 0.07714456018326015796 ) ) ;
#6996 = CARTESIAN_POINT ( 'NONE',  ( -0.1397637197829921518, -0.05118103364663378202, 0.05294370724293406827 ) ) ;
#6997 = CARTESIAN_POINT ( 'NONE',  ( -0.1358267119089764108, 0.06091672847782854394, 0.04213889238583098246 ) ) ;
#6998 = CARTESIAN_POINT ( 'NONE',  ( -0.1384513838249870898, 0.05183733549365415749, 0.07717662042336546901 ) ) ;
#6999 = ORIENTED_EDGE ( 'NONE', *, *, #1559, .F. ) ;
#7000 = CARTESIAN_POINT ( 'NONE',  ( -0.03743597128071210478, -0.03468254678272483793, 0.007874015748031495954 ) ) ;
#7001 = ORIENTED_EDGE ( 'NONE', *, *, #7716, .F. ) ;
#7002 = CARTESIAN_POINT ( 'NONE',  ( -0.07086608198771657263, -0.07031714390067615728, 0.03937007874015747977 ) ) ;
#7003 = B_SPLINE_CURVE_WITH_KNOTS ( 'NONE', 3,
 ( #8718, #970, #4124, #4172 ),
 .UNSPECIFIED., .F., .F.,
 ( 4, 4 ),
 ( 0.0000000000000000000, 1.000000000000000000 ),
 .UNSPECIFIED. ) ;
#7004 = EDGE_CURVE ( 'NONE', #4376, #7394, #4795, .T. ) ;
#7005 = DIRECTION ( 'NONE',  ( -6.105106576113884806E-17, 0.9970395677128290890, 0.07689018412655156121 ) ) ;
#7006 = CARTESIAN_POINT ( 'NONE',  ( -0.1304697030920084211, 0.05511817538865947802, 0.07724672631716299198 ) ) ;
#7007 = CARTESIAN_POINT ( 'NONE',  ( -0.1269684441924409657, -0.03444875374519684730, 0.07480314960629920462 ) ) ;
#7008 = EDGE_CURVE ( 'NONE', #5945, #3207, #6437, .T. ) ;
#7009 = ORIENTED_EDGE ( 'NONE', *, *, #9181, .T. ) ;
#7010 = CARTESIAN_POINT ( 'NONE',  ( 0.1200787999020472285, 0.07312442612165355460, 0.1295835179620866140 ) ) ;
#7011 = CARTESIAN_POINT ( 'NONE',  ( 0.1594488786421259241, -0.0007482822216670810284, 0.08660742909524597744 ) ) ;
#7012 = FACE_OUTER_BOUND ( 'NONE', #9803, .T. ) ;
#7013 = CARTESIAN_POINT ( 'NONE',  ( 0.01968509911464561002, -0.04724402933574802649, 0.0000000000000000000 ) ) ;
#7014 = ORIENTED_EDGE ( 'NONE', *, *, #8185, .T. ) ;
#7015 = CARTESIAN_POINT ( 'NONE',  ( -0.1324551940942060024, 0.04330715176661403820, 0.09955621212946244580 ) ) ;
#7016 = VECTOR ( 'NONE', #9485, 39.37007874015748143 ) ;
#7017 = ORIENTED_EDGE ( 'NONE', *, *, #7162, .F. ) ;
#7018 = DIRECTION ( 'NONE',  ( -0.0000000000000000000, -0.0000000000000000000, -1.000000000000000000 ) ) ;
#7019 = VECTOR ( 'NONE', #6733, 39.37007874015748143 ) ;
#7020 = FACE_OUTER_BOUND ( 'NONE', #7981, .T. ) ;
#7021 = CARTESIAN_POINT ( 'NONE',  ( -0.1397637197829917077, 0.04724415964062865514, 0.09719780979657804965 ) ) ;
#7022 = VECTOR ( 'NONE', #8500, 39.37007874015748143 ) ;
#7023 = CYLINDRICAL_SURFACE ( 'NONE', #9514, 0.003937007874026890973 ) ;
#7024 = VECTOR ( 'NONE', #847, 39.37007874015748143 ) ;
#7025 = CARTESIAN_POINT ( 'NONE',  ( -0.1372376040444987511, 0.03276899811856111289, 0.09344639619131062114 ) ) ;
#7026 = ORIENTED_EDGE ( 'NONE', *, *, #8638, .T. ) ;
#7027 = CARTESIAN_POINT ( 'NONE',  ( -0.1392455637486807452, -0.05167877454935496800, 0.07226797172748784803 ) ) ;
#7028 = ORIENTED_EDGE ( 'NONE', *, *, #6121, .F. ) ;
#7029 = CARTESIAN_POINT ( 'NONE',  ( -0.1279526961609448454, -0.05717980708488076130, 0.1289370078740046111 ) ) ;
#7030 = EDGE_CURVE ( 'NONE', #1746, #6140, #9340, .T. ) ;
#7031 = ORIENTED_EDGE ( 'NONE', *, *, #7032, .T. ) ;
#7032 = EDGE_CURVE ( 'NONE', #9862, #6624, #1768, .T. ) ;
#7033 = ORIENTED_EDGE ( 'NONE', *, *, #9709, .T. ) ;
#7034 = VECTOR ( 'NONE', #3903, 39.37007874015748143 ) ;
#7035 = EDGE_CURVE ( 'NONE', #6610, #2781, #5567, .T. ) ;
#7036 = CARTESIAN_POINT ( 'NONE',  ( 0.1279524659456939550, -0.05014392006701779564, 0.1247739253782430835 ) ) ;
#7037 = CARTESIAN_POINT ( 'NONE',  ( -0.1161416725388975668, -0.03543300571370080337, 0.007874015748031494219 ) ) ;
#7038 = CARTESIAN_POINT ( 'NONE',  ( -0.1296423784827287762, -0.04330702146173366629, 0.04997050778390841469 ) ) ;
#7039 =( BOUNDED_CURVE ( )  B_SPLINE_CURVE ( 3, ( #1069, #4221, #7941, #2413 ),
 .UNSPECIFIED., .F., .T. ) 
 B_SPLINE_CURVE_WITH_KNOTS ( ( 4, 4 ),
 ( 0.0000000000000000000, 1.000000000000000000 ),
 .UNSPECIFIED. ) 
 CURVE ( )  GEOMETRIC_REPRESENTATION_ITEM ( )  RATIONAL_B_SPLINE_CURVE ( ( 1.000000000000000000, 0.9925825914428554331, 0.9925825914428554331, 1.000000000000000000 ) ) 
 REPRESENTATION_ITEM ( '' )  );
#7040 = ORIENTED_EDGE ( 'NONE', *, *, #3336, .T. ) ;
#7041 = AXIS2_PLACEMENT_3D ( 'NONE', #9611, #8741, #7182 ) ;
#7042 = ORIENTED_EDGE ( 'NONE', *, *, #8468, .T. ) ;
#7043 = VECTOR ( 'NONE', #7613, 39.37007874015748143 ) ;
#7044 = CARTESIAN_POINT ( 'NONE',  ( -0.1200786804129133911, -0.04724402933574804037, 0.01181102362204531665 ) ) ;
#7045 = DIRECTION ( 'NONE',  ( 1.000000000000000000, 6.123233995736766036E-17, 0.0000000000000000000 ) ) ;
#7046 = CARTESIAN_POINT ( 'NONE',  ( -0.1279526961609448732, -0.04724402933574802649, 0.01968503937007812579 ) ) ;
#7047 = DIRECTION ( 'NONE',  ( 1.000000000000000000, 6.123233995736766036E-17, 0.0000000000000000000 ) ) ;
#7048 = ORIENTED_EDGE ( 'NONE', *, *, #9632, .T. ) ;
#7049 = CARTESIAN_POINT ( 'NONE',  ( 0.1279528156500778502, -0.04846835886773538660, 0.02362204522350154837 ) ) ;
#7050 = AXIS2_PLACEMENT_3D ( 'NONE', #6334, #8879, #9544 ) ;
#7051 = CARTESIAN_POINT ( 'NONE',  ( -0.1397637197829921796, 0.04724416320375580958, 0.08003678798368636660 ) ) ;
#7052 = CARTESIAN_POINT ( 'NONE',  ( -0.1200786804129132246, -0.05586034438137575664, 0.1302975371309813002 ) ) ;
#7053 = CARTESIAN_POINT ( 'NONE',  ( -0.1200786804129134050, -0.02755898996566929701, 0.1337844026243306950 ) ) ;
#7054 = ORIENTED_EDGE ( 'NONE', *, *, #1988, .T. ) ;
#7055 = CARTESIAN_POINT ( 'NONE',  ( -0.1358600830307658824, 0.04921266357763776078, 0.07439442731926916574 ) ) ;
#7056 = CIRCLE ( 'NONE', #6900, 0.07874015748031494566 ) ;
#7057 = ORIENTED_EDGE ( 'NONE', *, *, #7595, .T. ) ;
#7058 = DIRECTION ( 'NONE',  ( 1.000000000000000000, 0.0000000000000000000, -0.0000000000000000000 ) ) ;
#7059 = CARTESIAN_POINT ( 'NONE',  ( 0.1275024971014666053, 6.516018277035999563E-08, 0.1286089252831977836 ) ) ;
#7060 = CARTESIAN_POINT ( 'NONE',  ( -0.1313087054023613087, 0.05183733549366234539, 0.07345653506782565123 ) ) ;
#7061 = VECTOR ( 'NONE', #2474, 39.37007874015748143 ) ;
#7062 = FACE_OUTER_BOUND ( 'NONE', #2641, .T. ) ;
#7063 = ORIENTED_EDGE ( 'NONE', *, *, #6512, .T. ) ;
#7064 = CARTESIAN_POINT ( 'NONE',  ( -0.1279526961609449009, -0.07874009232787400336, 0.07086614173228344971 ) ) ;
#7065 = ADVANCED_FACE ( 'NONE', ( #4843 ), #3257, .F. ) ;
#7066 = CARTESIAN_POINT ( 'NONE',  ( -0.1358267882246721459, -0.05511804508376519363, 0.05294377450227086973 ) ) ;
#7067 = CARTESIAN_POINT ( 'NONE',  ( 0.1594488786421260074, -0.005970023122940826439, 0.08502061863304567757 ) ) ;
#7068 = CARTESIAN_POINT ( 'NONE',  ( -0.1397637197829998956, -0.05045473005905203034, 0.05160993413315985434 ) ) ;
#7069 = CARTESIAN_POINT ( 'NONE',  ( -0.1200786804129134050, 0.05628680445214633010, 0.1298254131564829106 ) ) ;
#7070 = ORIENTED_EDGE ( 'NONE', *, *, #7787, .F. ) ;
#7071 = CARTESIAN_POINT ( 'NONE',  ( -0.1382247786220478225, 0.04460519613581900161, 0.09981104241211380401 ) ) ;
#7072 = EDGE_LOOP ( 'NONE', ( #7921, #9448, #1465, #9272, #6734 ) ) ;
#7073 = CARTESIAN_POINT ( 'NONE',  ( 0.1270238266375196268, 0.0002138429090157540843, 0.1276374497915353790 ) ) ;
#7074 = CARTESIAN_POINT ( 'NONE',  ( -0.1003936410428344778, 0.07108100994696746333, 0.1266861800459742893 ) ) ;
#7075 = B_SPLINE_CURVE_WITH_KNOTS ( 'NONE', 3,
 ( #2807, #8155, #4296, #5892 ),
 .UNSPECIFIED., .F., .F.,
 ( 4, 4 ),
 ( 0.0000000000000000000, 1.000000000000000000 ),
 .UNSPECIFIED. ) ;
#7076 = CARTESIAN_POINT ( 'NONE',  ( 0.1673228943901138022, 6.515244094979156450E-08, 0.04527559055117848924 ) ) ;
#7077 = CARTESIAN_POINT ( 'NONE',  ( -0.1023621449798529232, 0.03543313601858269490, 0.1173228346456692828 ) ) ;
#7078 = LINE ( 'NONE', #6296, #487 ) ;
#7079 = ORIENTED_EDGE ( 'NONE', *, *, #2819, .T. ) ;
#7080 = CARTESIAN_POINT ( 'NONE',  ( -0.1377950856118768941, -0.04840861090355036422, 0.1093341530631324471 ) ) ;
#7081 = EDGE_CURVE ( 'NONE', #2280, #9347, #1791, .T. ) ;
#7082 = ORIENTED_EDGE ( 'NONE', *, *, #3748, .T. ) ;
#7083 = CARTESIAN_POINT ( 'NONE',  ( 0.1245276187996849776, 0.04740791782484252148, 0.1220472440944881665 ) ) ;
#7084 = ORIENTED_EDGE ( 'NONE', *, *, #544, .T. ) ;
#7085 = ORIENTED_EDGE ( 'NONE', *, *, #7351, .T. ) ;
#7086 = CARTESIAN_POINT ( 'NONE',  ( -0.03740151505858269748, -0.06216028343907224057, 0.02563040289380219203 ) ) ;
#7087 = CARTESIAN_POINT ( 'NONE',  ( -0.1279526961609448454, -0.04597111874846284557, 0.02585023612712469832 ) ) ;
#7088 = CARTESIAN_POINT ( 'NONE',  ( -0.1397637197829921241, 0.04988955994972422980, 0.07983994475156562520 ) ) ;
#7089 = CARTESIAN_POINT ( 'NONE',  ( -0.1392992980403947034, 0.05057115412399892929, 0.09957036218722256637 ) ) ;
#7090 = VERTEX_POINT ( 'NONE', #1018 ) ;
#7091 = VERTEX_POINT ( 'NONE', #3456 ) ;
#7092 = EDGE_CURVE ( 'NONE', #9399, #8907, #7003, .T. ) ;
#7093 = EDGE_LOOP ( 'NONE', ( #2809, #6173, #288, #4097 ) ) ;
#7094 = CARTESIAN_POINT ( 'NONE',  ( -0.1112204126963779738, 0.04145727463738188567, 0.1337844026243306950 ) ) ;
#7095 = B_SPLINE_CURVE_WITH_KNOTS ( 'NONE', 3,
 ( #4302, #997, #9811, #4153 ),
 .UNSPECIFIED., .F., .F.,
 ( 4, 4 ),
 ( 0.0000000000000000000, 1.000000000000000000 ),
 .UNSPECIFIED. ) ;
#7096 = PLANE ( 'NONE',  #3312 ) ;
#7097 = CARTESIAN_POINT ( 'NONE',  ( -0.1200786804129134050, -0.02913379311527559273, 0.03228346456692912647 ) ) ;
#7098 = PLANE ( 'NONE',  #4263 ) ;
#7099 = EDGE_CURVE ( 'NONE', #7777, #1276, #9691, .T. ) ;
#7100 = EDGE_LOOP ( 'NONE', ( #6154, #1786, #8961, #8904 ) ) ;
#7101 = CARTESIAN_POINT ( 'NONE',  ( -0.1279526961609449009, -0.04724402933574803343, 0.007874015748031489015 ) ) ;
#7102 = EDGE_CURVE ( 'NONE', #3821, #8364, #7039, .T. ) ;
#7103 = CARTESIAN_POINT ( 'NONE',  ( 0.1318898235240943406, 0.03149612814456698162, 0.1338582677165354173 ) ) ;
#7104 = CARTESIAN_POINT ( 'NONE',  ( -0.08858261742078747669, 6.515244099948414201E-08, 0.1240157480315023375 ) ) ;
#7105 = FACE_OUTER_BOUND ( 'NONE', #5687, .T. ) ;
#7106 = LINE ( 'NONE', #93, #8540 ) ;
#7107 = CARTESIAN_POINT ( 'NONE',  ( 0.1275551950929133260, 0.009699132595787404720, 0.02011826885842913498 ) ) ;
#7108 = ORIENTED_EDGE ( 'NONE', *, *, #8483, .F. ) ;
#7109 = DIRECTION ( 'NONE',  ( -6.123233995736766036E-17, 1.000000000000000000, 0.0000000000000000000 ) ) ;
#7110 = ORIENTED_EDGE ( 'NONE', *, *, #7296, .T. ) ;
#7111 = DIRECTION ( 'NONE',  ( 1.000000000000000000, 6.123233995736766036E-17, 0.0000000000000000000 ) ) ;
#7112 = CARTESIAN_POINT ( 'NONE',  ( 0.1279528156500787384, 0.06693051232536444128, 0.07480315341988209854 ) ) ;
#7113 = DIRECTION ( 'NONE',  ( -0.0000000000000000000, 0.0000000000000000000, 1.000000000000000000 ) ) ;
#7114 = EDGE_LOOP ( 'NONE', ( #5277, #4217, #5960, #3012, #7662, #502, #5782 ) ) ;
#7115 = CARTESIAN_POINT ( 'NONE',  ( -0.1362732155254121891, -0.04460506583095101563, 0.04852814814613420902 ) ) ;
#7116 =( BOUNDED_SURFACE ( )  B_SPLINE_SURFACE ( 3, 3, ( 
 ( #7636, #9959, #3675, #4699 ),
 ( #3773, #568, #6182, #6871 ),
 ( #5470, #10010, #1348, #3869 ),
 ( #6822, #2961, #9330, #6094 ) ),
 .UNSPECIFIED., .F., .F., .F. ) 
 B_SPLINE_SURFACE_WITH_KNOTS ( ( 4, 4 ),
 ( 4, 4 ),
 ( 0.0000000000000000000, 1.000000000000000000 ),
 ( 0.0000000000000000000, 1.000000000000000000 ),
 .UNSPECIFIED. ) 
 GEOMETRIC_REPRESENTATION_ITEM ( )  RATIONAL_B_SPLINE_SURFACE ( (
 ( 1.000000000000000000, 0.3333333333332647030, 0.3333333333332647030, 1.000000000000000000),
 ( 0.8047378541244244454, 0.2682459513747529334, 0.2682459513747529334, 0.8047378541244244454),
 ( 0.8047378541244244454, 0.2682459513747529334, 0.2682459513747529334, 0.8047378541244244454),
 ( 1.000000000000000000, 0.3333333333332647030, 0.3333333333332647030, 1.000000000000000000) ) ) 
 REPRESENTATION_ITEM ( '' )  SURFACE ( )  );
#7117 = DIRECTION ( 'NONE',  ( 6.123233995736766036E-17, -1.000000000000000000, 0.0000000000000000000 ) ) ;
#7118 = CARTESIAN_POINT ( 'NONE',  ( 0.1594488786419577531, 0.0005134463768290359418, 0.1259816771225219234 ) ) ;
#7119 = CARTESIAN_POINT ( 'NONE',  ( -0.07283458592472442927, 0.07874022263275588795, -3.557093741750342732E-19 ) ) ;
#7120 = CARTESIAN_POINT ( 'NONE',  ( -0.1397637197829904032, 0.04997702993829617607, 0.07870571623354244428 ) ) ;
#7121 = ORIENTED_EDGE ( 'NONE', *, *, #6144, .T. ) ;
#7122 = CARTESIAN_POINT ( 'NONE',  ( -0.1279526961609449287, -0.04745557378273738969, 0.07719865795377008066 ) ) ;
#7123 = EDGE_LOOP ( 'NONE', ( #1209, #7525, #7573, #463, #8324, #8312, #8778, #7655, #9189, #5238 ) ) ;
#7124 = CARTESIAN_POINT ( 'NONE',  ( 0.1274071583758266957, -0.01162890260759842989, 0.1263612868713385462 ) ) ;
#7125 = B_SPLINE_CURVE_WITH_KNOTS ( 'NONE', 3,
 ( #2995, #1426, #8453, #2943, #651, #7818 ),
 .UNSPECIFIED., .F., .F.,
 ( 4, 2, 4 ),
 ( 0.0000000000000000000, 0.5000000000000000000, 1.000000000000000000 ),
 .UNSPECIFIED. ) ;
#7126 = CARTESIAN_POINT ( 'NONE',  ( -0.1376360653396280775, 0.04348575254646848409, 0.09719780031762860484 ) ) ;
#7127 = EDGE_CURVE ( 'NONE', #6285, #3344, #131, .T. ) ;
#7128 = CARTESIAN_POINT ( 'NONE',  ( 0.1200787999020472563, -0.06875650218496218158, 0.1143000447437421130 ) ) ;
#7129 = LINE ( 'NONE', #9495, #4909 ) ;
#7130 = CARTESIAN_POINT ( 'NONE',  ( -0.1381303776403537964, 0.04328527724377980584, 0.08003679033381891350 ) ) ;
#7131 = ORIENTED_EDGE ( 'NONE', *, *, #4208, .F. ) ;
#7132 = CARTESIAN_POINT ( 'NONE',  ( -0.1358267119089759112, 0.06062998641228296154, 0.04479762113073686852 ) ) ;
#7133 = EDGE_LOOP ( 'NONE', ( #2153, #6556, #9371, #6963 ) ) ;
#7134 = LINE ( 'NONE', #879, #4054 ) ;
#7135 = DIRECTION ( 'NONE',  ( 0.0000000000000000000, -1.000000000000000000, 0.0000000000000000000 ) ) ;
#7136 = ORIENTED_EDGE ( 'NONE', *, *, #2756, .T. ) ;
#7137 = ORIENTED_EDGE ( 'NONE', *, *, #10122, .T. ) ;
#7138 = EDGE_CURVE ( 'NONE', #6982, #7824, #3876, .T. ) ;
#7139 = DIRECTION ( 'NONE',  ( -6.123233995736766036E-17, 1.000000000000000000, 0.0000000000000000000 ) ) ;
#7140 = CARTESIAN_POINT ( 'NONE',  ( -0.08858261742078737955, 6.515828740449869372E-08, 0.1279527559055118058 ) ) ;
#7141 = ORIENTED_EDGE ( 'NONE', *, *, #2109, .F. ) ;
#7142 = CARTESIAN_POINT ( 'NONE',  ( 0.1200787999020472285, 0.04740791782483638056, 0.1259842519685039353 ) ) ;
#7143 = EDGE_CURVE ( 'NONE', #538, #3734, #8367, .T. ) ;
#7144 = VERTEX_POINT ( 'NONE', #6640 ) ;
#7145 = DIRECTION ( 'NONE',  ( 1.000000000000000000, 0.0000000000000000000, -0.0000000000000000000 ) ) ;
#7146 = EDGE_CURVE ( 'NONE', #5921, #8983, #9967, .T. ) ;
#7147 = CYLINDRICAL_SURFACE ( 'NONE', #9665, 0.01181102362204724046 ) ;
#7148 = DIRECTION ( 'NONE',  ( -0.0000000000000000000, -0.0000000000000000000, -1.000000000000000000 ) ) ;
#7149 = ORIENTED_EDGE ( 'NONE', *, *, #4472, .T. ) ;
#7150 = DIRECTION ( 'NONE',  ( -1.000000000000000000, 0.0000000000000000000, 0.0000000000000000000 ) ) ;
#7151 = CARTESIAN_POINT ( 'NONE',  ( -0.1200786804129133911, -0.02755898996566929701, 0.1338090243217322783 ) ) ;
#7152 = CARTESIAN_POINT ( 'NONE',  ( -0.1290459248799090408, 0.05511817538866075478, 0.1002631264098830521 ) ) ;
#7153 = CARTESIAN_POINT ( 'NONE',  ( -0.1279526961609448732, -0.07874009232787400336, 0.07480314960629513843 ) ) ;
#7154 = CARTESIAN_POINT ( 'NONE',  ( -0.1279526961609448177, -0.06401908564434777293, 0.1217128955210316360 ) ) ;
#7155 = EDGE_CURVE ( 'NONE', #4793, #2406, #4936, .T. ) ;
#7156 = FACE_OUTER_BOUND ( 'NONE', #1926, .T. ) ;
#7157 = EDGE_LOOP ( 'NONE', ( #2975, #7684, #543, #5324 ) ) ;
#7158 = CARTESIAN_POINT ( 'NONE',  ( -0.1279526961609449009, 0.02755912027055118160, 0.07086614173228344971 ) ) ;
#7159 =( BOUNDED_SURFACE ( )  B_SPLINE_SURFACE ( 3, 3, ( 
 ( #10184, #4528, #7813, #798 ),
 ( #6945, #2347, #2988, #1566 ),
 ( #3961, #645, #7766, #1419 ),
 ( #740, #4582, #5496, #693 ) ),
 .UNSPECIFIED., .F., .F., .F. ) 
 B_SPLINE_SURFACE_WITH_KNOTS ( ( 4, 4 ),
 ( 4, 4 ),
 ( 0.0000000000000000000, 1.000000000000000000 ),
 ( 0.0000000000000000000, 1.000000000000000000 ),
 .UNSPECIFIED. ) 
 GEOMETRIC_REPRESENTATION_ITEM ( )  RATIONAL_B_SPLINE_SURFACE ( (
 ( 1.000000000000000000, 0.9344041809603513826, 0.9344041809603513826, 1.000000000000000000),
 ( 0.8002719084691319873, 0.7477774171786765178, 0.7477774171786765178, 0.8002719084691319873),
 ( 0.8002719084691319873, 0.7477774171786765178, 0.7477774171786765178, 0.8002719084691319873),
 ( 1.000000000000000000, 0.9344041809603513826, 0.9344041809603513826, 1.000000000000000000) ) ) 
 REPRESENTATION_ITEM ( '' )  SURFACE ( )  );
#7160 = VERTEX_POINT ( 'NONE', #5819 ) ;
#7161 = CARTESIAN_POINT ( 'NONE',  ( -0.1269684441924409657, -0.03444875374519684730, 0.05574319219385825974 ) ) ;
#7162 = EDGE_CURVE ( 'NONE', #4212, #8234, #4445, .T. ) ;
#7163 = CARTESIAN_POINT ( 'NONE',  ( -0.1279526961609449287, 0.04724415964062991108, 0.02277715812361220601 ) ) ;
#7164 = CARTESIAN_POINT ( 'NONE',  ( -0.1388263888904616994, 0.04284300184976455594, 0.1000086697117777562 ) ) ;
#7165 = CARTESIAN_POINT ( 'NONE',  ( -0.1048030898617323126, -0.07197034617762733399, 0.1199146981627180891 ) ) ;
#7166 = ORIENTED_EDGE ( 'NONE', *, *, #5946, .F. ) ;
#7167 = CARTESIAN_POINT ( 'NONE',  ( -0.1338766743006451765, -0.04460506583095101563, 0.04727517052929593178 ) ) ;
#7168 = CARTESIAN_POINT ( 'NONE',  ( 0.1279586105514839145, 0.007041414504442102852, 0.02189858078598687363 ) ) ;
#7169 = DIRECTION ( 'NONE',  ( 1.000000000000000000, 6.123233995736766036E-17, -0.0000000000000000000 ) ) ;
#7170 = CARTESIAN_POINT ( 'NONE',  ( -0.1200786804129134189, 6.515244096908672357E-08, 0.02007874015748031121 ) ) ;
#7171 = VERTEX_POINT ( 'NONE', #1946 ) ;
#7172 = CARTESIAN_POINT ( 'NONE',  ( 0.1279528156500784331, -0.04944784755856257430, 0.1255775434534188162 ) ) ;
#7173 = ORIENTED_EDGE ( 'NONE', *, *, #5976, .F. ) ;
#7174 = CARTESIAN_POINT ( 'NONE',  ( -0.1023621449798425287, -0.01771647028062994789, 0.03228346456692913341 ) ) ;
#7175 = FACE_OUTER_BOUND ( 'NONE', #7302, .T. ) ;
#7176 = CARTESIAN_POINT ( 'NONE',  ( -0.1395032496230960706, 0.04754155969795467035, 0.07841849445699244914 ) ) ;
#7177 = ORIENTED_EDGE ( 'NONE', *, *, #9477, .F. ) ;
#7178 = CARTESIAN_POINT ( 'NONE',  ( 0.1358268313981101649, -0.05118090511606950693, 0.07480314971627921583 ) ) ;
#7179 = VECTOR ( 'NONE', #6791, 39.37007874015748143 ) ;
#7180 = ORIENTED_EDGE ( 'NONE', *, *, #4380, .F. ) ;
#7181 = FACE_OUTER_BOUND ( 'NONE', #7965, .T. ) ;
#7182 = DIRECTION ( 'NONE',  ( 1.000000000000000000, 6.123233995736766036E-17, 0.0000000000000000000 ) ) ;
#7183 = ORIENTED_EDGE ( 'NONE', *, *, #6650, .F. ) ;
#7184 = AXIS2_PLACEMENT_3D ( 'NONE', #3054, #3927, #9329 ) ;
#7185 = B_SPLINE_CURVE_WITH_KNOTS ( 'NONE', 3,
 ( #1850, #3559, #7429, #2736, #6700, #5212 ),
 .UNSPECIFIED., .F., .F.,
 ( 4, 2, 4 ),
 ( 0.5000000000000000000, 0.7500000000000000000, 1.000000000000000000 ),
 .UNSPECIFIED. ) ;
#7186 = EDGE_LOOP ( 'NONE', ( #1908, #4703, #8634 ) ) ;
#7187 = LINE ( 'NONE', #4820, #7838 ) ;
#7188 = DIRECTION ( 'NONE',  ( 0.0000000000000000000, -0.0000000000000000000, -1.000000000000000000 ) ) ;
#7189 = CARTESIAN_POINT ( 'NONE',  ( -0.1023621449798425287, -0.05066578732124955853, 0.01577574469511027616 ) ) ;
#7190 = VECTOR ( 'NONE', #4396, 39.37007874015748143 ) ;
#7191 = CARTESIAN_POINT ( 'NONE',  ( -0.1296423784827290260, -0.04330702146173366629, 0.04997050778390670772 ) ) ;
#7192 = ORIENTED_EDGE ( 'NONE', *, *, #3491, .F. ) ;
#7193 = VERTEX_POINT ( 'NONE', #8186 ) ;
#7194 = CYLINDRICAL_SURFACE ( 'NONE', #4961, 0.01968503937007873988 ) ;
#7195 = VECTOR ( 'NONE', #6277, 39.37007874015748143 ) ;
#7196 = ORIENTED_EDGE ( 'NONE', *, *, #4958, .F. ) ;
#7197 = CARTESIAN_POINT ( 'NONE',  ( 0.1200787999020401786, -0.06294403425129921348, 0.1275597455797212454 ) ) ;
#7198 = ADVANCED_FACE ( 'NONE', ( #2727 ), #9117, .T. ) ;
#7199 = PLANE ( 'NONE',  #1321 ) ;
#7200 = FACE_OUTER_BOUND ( 'NONE', #10110, .T. ) ;
#7201 = LINE ( 'NONE', #3243, #2118 ) ;
#7202 = ORIENTED_EDGE ( 'NONE', *, *, #5519, .F. ) ;
#7203 = VECTOR ( 'NONE', #4586, 39.37007874015748143 ) ;
#7204 = CARTESIAN_POINT ( 'NONE',  ( -0.1358267119089763830, 0.04724415964062989026, 0.08003678573571472443 ) ) ;
#7205 = CARTESIAN_POINT ( 'NONE',  ( -0.1322542320567436092, 0.05183733549365963922, 0.1035373664950592493 ) ) ;
#7206 = CARTESIAN_POINT ( 'NONE',  ( 0.1358268313981101372, 0.04098398400169307038, 0.04340920571772644010 ) ) ;
#7207 = CARTESIAN_POINT ( 'NONE',  ( -0.1279526961609448454, -0.07874009232787605728, 0.08475119114730657321 ) ) ;
#7208 = AXIS2_PLACEMENT_3D ( 'NONE', #5038, #9829, #1117 ) ;
#7209 = CARTESIAN_POINT ( 'NONE',  ( 0.1293120157249606494, 0.01112271746452758031, 0.02508705528763778905 ) ) ;
#7210 = VERTEX_POINT ( 'NONE', #5203 ) ;
#7211 = CARTESIAN_POINT ( 'NONE',  ( -0.1313087054023650002, 0.05183733549366231763, 0.07345653506782258424 ) ) ;
#7212 = ORIENTED_EDGE ( 'NONE', *, *, #2110, .T. ) ;
#7213 = DIRECTION ( 'NONE',  ( -6.123233995736766036E-17, 1.000000000000000000, 0.0000000000000000000 ) ) ;
#7214 = CARTESIAN_POINT ( 'NONE',  ( -0.1200786804129134050, -0.04845784847091160613, 0.1121801829358654717 ) ) ;
#7215 = CARTESIAN_POINT ( 'NONE',  ( -0.1299341412764770665, 0.05511817538865755595, 0.07506857258954786893 ) ) ;
#7216 = ADVANCED_FACE ( 'NONE', ( #1280, #4327 ), #4431, .T. ) ;
#7217 = EDGE_CURVE ( 'NONE', #5268, #5131, #610, .T. ) ;
#7218 = LINE ( 'NONE', #7165, #5088 ) ;
#7219 = VERTEX_POINT ( 'NONE', #6593 ) ;
#7220 = LINE ( 'NONE', #9480, #9222 ) ;
#7221 = VECTOR ( 'NONE', #3964, 39.37007874015748143 ) ;
#7222 = CARTESIAN_POINT ( 'NONE',  ( -0.1200786804129133217, 0.04574396294228224441, 0.1338582677165354173 ) ) ;
#7223 = CARTESIAN_POINT ( 'NONE',  ( 0.1673228943901569898, -0.02517571998640754857, 0.03127235469496009168 ) ) ;
#7224 = EDGE_CURVE ( 'NONE', #490, #538, #4373, .T. ) ;
#7225 =( BOUNDED_SURFACE ( )  B_SPLINE_SURFACE ( 3, 3, ( 
 ( #3555, #5874, #8873, #6536, #2634, #5107, #5929 ),
 ( #1021, #1230, #9695, #9020, #9842, #3361, #1953 ),
 ( #9077, #8092, #1183, #6484, #2575, #308, #5161 ),
 ( #8298, #5823, #5001, #4175, #1794, #4954, #8190 ) ),
 .UNSPECIFIED., .F., .F., .F. ) 
 B_SPLINE_SURFACE_WITH_KNOTS ( ( 4, 4 ),
 ( 4, 3, 4 ),
 ( 0.0000000000000000000, 1.000000000000000000 ),
 ( 0.0000000000000000000, 0.5000000000000000000, 1.000000000000000000 ),
 .UNSPECIFIED. ) 
 GEOMETRIC_REPRESENTATION_ITEM ( )  RATIONAL_B_SPLINE_SURFACE ( (
 ( 1.000000000000000000, 0.8025111809209670710, 0.8025111809209670710, 1.000000000000000000, 0.8025111809209670710, 0.8025111809209670710, 1.000000000000000000),
 ( 0.8047378342366970916, 0.6458111096850732702, 0.6458111096850732702, 0.8047378342366970916, 0.6458111096850732702, 0.6458111096850732702, 0.8047378342366970916),
 ( 0.8047378342366970916, 0.6458111096850732702, 0.6458111096850732702, 0.8047378342366970916, 0.6458111096850732702, 0.6458111096850732702, 0.8047378342366970916),
 ( 1.000000000000000000, 0.8025111809209670710, 0.8025111809209670710, 1.000000000000000000, 0.8025111809209670710, 0.8025111809209670710, 1.000000000000000000) ) ) 
 REPRESENTATION_ITEM ( '' )  SURFACE ( )  );
#7226 = EDGE_CURVE ( 'NONE', #9237, #8145, #2676, .T. ) ;
#7227 = CARTESIAN_POINT ( 'NONE',  ( 0.1245276187996849776, 0.04740791782484252148, 0.02755905511811023237 ) ) ;
#7228 = DIRECTION ( 'NONE',  ( 0.0000000000000000000, 0.0000000000000000000, 1.000000000000000000 ) ) ;
#7229 = ORIENTED_EDGE ( 'NONE', *, *, #10191, .F. ) ;
#7230 = CARTESIAN_POINT ( 'NONE',  ( 0.1358268313981101372, 0.01333205573196248259, 0.1246725592074397204 ) ) ;
#7231 = ORIENTED_EDGE ( 'NONE', *, *, #4391, .T. ) ;
#7232 = VECTOR ( 'NONE', #7894, 39.37007874015748143 ) ;
#7233 = CIRCLE ( 'NONE', #1131, 0.003937007874013819832 ) ;
#7234 = CARTESIAN_POINT ( 'NONE',  ( 0.1673228943901574062, 0.007727355413886285475, 0.04604352881162043776 ) ) ;
#7235 = EDGE_CURVE ( 'NONE', #5432, #6178, #1890, .T. ) ;
#7236 = CARTESIAN_POINT ( 'NONE',  ( 0.1318898235240944516, -0.04913379311527556886, 0.003937007874015747977 ) ) ;
#7237 = CARTESIAN_POINT ( 'NONE',  ( -0.1397635449302742638, 0.04728126439077645626, 0.07918577511519492296 ) ) ;
#7238 = EDGE_LOOP ( 'NONE', ( #7180, #2348, #1106, #3954 ) ) ;
#7239 = CARTESIAN_POINT ( 'NONE',  ( -0.1281369481294488410, 6.515244094229544203E-08, 0.07480314960629920462 ) ) ;
#7240 = ORIENTED_EDGE ( 'NONE', *, *, #5908, .T. ) ;
#7241 = EDGE_CURVE ( 'NONE', #114, #7633, #5157, .T. ) ;
#7242 = CARTESIAN_POINT ( 'NONE',  ( -0.07086608198771690570, -0.05577387916803614593, 0.01922186197313122819 ) ) ;
#7243 = EDGE_LOOP ( 'NONE', ( #3436, #3284, #1050, #1556, #8214, #6300, #7706, #5642, #170, #6109, #2535, #265, #2373, #3214 ) ) ;
#7244 = VECTOR ( 'NONE', #257, 39.37007874015748143 ) ;
#7245 = VERTEX_POINT ( 'NONE', #4725 ) ;
#7246 = DIRECTION ( 'NONE',  ( 0.0000000000000000000, -0.0000000000000000000, 1.000000000000000000 ) ) ;
#7247 = CARTESIAN_POINT ( 'NONE',  ( -0.1200786804129134189, -0.02755898996566929701, 0.1029190095611923206 ) ) ;
#7248 = AXIS2_PLACEMENT_3D ( 'NONE', #9200, #10164, #6246 ) ;
#7249 = CARTESIAN_POINT ( 'NONE',  ( -0.07283458592472442927, -0.07874009232787400336, 0.007874015748031495954 ) ) ;
#7250 = ORIENTED_EDGE ( 'NONE', *, *, #638, .F. ) ;
#7251 = ORIENTED_EDGE ( 'NONE', *, *, #4320, .T. ) ;
#7252 = CARTESIAN_POINT ( 'NONE',  ( -0.05708655442866145124, 0.03740163995559053767, 0.008257979138106299327 ) ) ;
#7253 = VERTEX_POINT ( 'NONE', #10132 ) ;
#7254 = CARTESIAN_POINT ( 'NONE',  ( -0.1338582079719684848, -0.01750222966148246018, 0.02511417626948404813 ) ) ;
#7255 = VECTOR ( 'NONE', #3263, 39.37007874015748143 ) ;
#7256 = B_SPLINE_CURVE_WITH_KNOTS ( 'NONE', 3,
 ( #7828, #5624, #758, #7942 ),
 .UNSPECIFIED., .F., .F.,
 ( 4, 4 ),
 ( 0.0000000000000000000, 1.000000000000000000 ),
 .UNSPECIFIED. ) ;
#7257 = CARTESIAN_POINT ( 'NONE',  ( 0.009842579429606257424, 0.06639889290578437908, 0.1338582677165354173 ) ) ;
#7258 = CARTESIAN_POINT ( 'NONE',  ( -0.1378148836211886830, 0.05919577969134044021, 0.06476224636513197574 ) ) ;
#7259 = EDGE_CURVE ( 'NONE', #9833, #5673, #5547, .T. ) ;
#7260 = ORIENTED_EDGE ( 'NONE', *, *, #10077, .T. ) ;
#7261 = CARTESIAN_POINT ( 'NONE',  ( -0.1382599637690239969, 0.05382013101944311401, 0.07745594798440383344 ) ) ;
#7262 = PLANE ( 'NONE',  #8529 ) ;
#7263 = DIRECTION ( 'NONE',  ( 0.0000000000000000000, 1.000000000000000000, 0.0000000000000000000 ) ) ;
#7264 = CARTESIAN_POINT ( 'NONE',  ( -0.1290065138045028703, 0.04658784363069882334, 0.1041450435029820931 ) ) ;
#7265 = FILL_AREA_STYLE ('',( #4117 ) ) ;
#7266 = CARTESIAN_POINT ( 'NONE',  ( 0.1296061945279920469, 0.01908211058881890965, 0.02758578834527164458 ) ) ;
#7267 = VERTEX_POINT ( 'NONE', #10183 ) ;
#7268 = CARTESIAN_POINT ( 'NONE',  ( 0.03387679127909175303, 6.515244094229544203E-08, 0.006952930878395113985 ) ) ;
#7269 = ORIENTED_EDGE ( 'NONE', *, *, #1300, .T. ) ;
#7270 = CARTESIAN_POINT ( 'NONE',  ( -0.1271040891027543640, 0.07874022263275588795, 0.003763884576666797540 ) ) ;
#7271 = CARTESIAN_POINT ( 'NONE',  ( -0.1200786804129134189, -0.04607903643444428987, 0.1112128736132132756 ) ) ;
#7272 = B_SPLINE_CURVE_WITH_KNOTS ( 'NONE', 3,
 ( #3157, #9426, #4595, #2361, #7729, #1582, #4740, #809, #52, #3210, #5181, #7214, #7271, #910, #4074, #7315 ),
 .UNSPECIFIED., .F., .F.,
 ( 4, 2, 2, 2, 2, 2, 2, 4 ),
 ( 0.0000000000000000000, 0.1250000000000009159, 0.2500000000000018319, 0.3750000000000027756, 0.4375000000000028311, 0.5000000000000028866, 0.7500000000000014433, 1.000000000000000000 ),
 .UNSPECIFIED. ) ;
#7273 = EDGE_CURVE ( 'NONE', #4169, #5432, #1418, .T. ) ;
#7274 = CARTESIAN_POINT ( 'NONE',  ( 0.01574809124062992449, -0.04724402933574799873, 0.007874015748031495954 ) ) ;
#7275 = VERTEX_POINT ( 'NONE', #9984 ) ;
#7276 = CARTESIAN_POINT ( 'NONE',  ( -0.1200786804129134050, -0.04676107884173269502, 0.1338336074874963144 ) ) ;
#7277 = CARTESIAN_POINT ( 'NONE',  ( 0.1200787999020472285, 6.515244097005101764E-08, 0.07480314960629920462 ) ) ;
#7278 = CARTESIAN_POINT ( 'NONE',  ( 0.1640613705853969373, -0.05119933383723136028, 0.04462844969716853183 ) ) ;
#7279 = CARTESIAN_POINT ( 'NONE',  ( -0.1392992980404028358, -0.04947629351401888059, 0.05049178586292532578 ) ) ;
#7280 = DIRECTION ( 'NONE',  ( -6.123233995736766036E-17, 1.000000000000000000, 0.0000000000000000000 ) ) ;
#7281 = ORIENTED_EDGE ( 'NONE', *, *, #2876, .T. ) ;
#7282 = CARTESIAN_POINT ( 'NONE',  ( 0.1358268313981101372, 0.04987943833119728998, 0.08813396298455472566 ) ) ;
#7283 = ORIENTED_EDGE ( 'NONE', *, *, #1804, .T. ) ;
#7284 = EDGE_CURVE ( 'NONE', #4286, #267, #5494, .T. ) ;
#7285 = CARTESIAN_POINT ( 'NONE',  ( -0.1198944284444094649, 0.04133864782960629258, 0.04724409448818897572 ) ) ;
#7286 = CARTESIAN_POINT ( 'NONE',  ( 0.1200787999020460350, -0.06308341126629532503, 0.1219251975557369833 ) ) ;
#7287 =( BOUNDED_SURFACE ( )  B_SPLINE_SURFACE ( 3, 3, ( 
 ( #5971, #506, #6986, #7516 ),
 ( #10126, #7089, #4671, #1560 ),
 ( #6757, #5258, #2102, #8346 ),
 ( #3079, #9119, #6016, #3655 ) ),
 .UNSPECIFIED., .F., .F., .F. ) 
 B_SPLINE_SURFACE_WITH_KNOTS ( ( 4, 4 ),
 ( 4, 4 ),
 ( 0.0000000000000000000, 1.000000000000000000 ),
 ( 0.0000000000000000000, 1.000000000000000000 ),
 .UNSPECIFIED. ) 
 GEOMETRIC_REPRESENTATION_ITEM ( )  RATIONAL_B_SPLINE_SURFACE ( (
 ( 1.000000000000000000, 0.9922014156160464671, 0.9922014156160464671, 1.000000000000000000),
 ( 0.9419139527838332748, 0.9345683573406253775, 0.9345683573406253775, 0.9419139527838332748),
 ( 0.9419139527838332748, 0.9345683573406253775, 0.9345683573406253775, 0.9419139527838332748),
 ( 1.000000000000000000, 0.9922014156160464671, 0.9922014156160464671, 1.000000000000000000) ) ) 
 REPRESENTATION_ITEM ( '' )  SURFACE ( )  );
#7288 = ORIENTED_EDGE ( 'NONE', *, *, #814, .F. ) ;
#7289 = CARTESIAN_POINT ( 'NONE',  ( -0.1197637197829921618, 0.05118116751464566599, 0.04724409448818897572 ) ) ;
#7290 = DIRECTION ( 'NONE',  ( 0.0000000000000000000, 0.0000000000000000000, 1.000000000000000000 ) ) ;
#7291 = LINE ( 'NONE', #1765, #1091 ) ;
#7292 = DIRECTION ( 'NONE',  ( 0.0000000000000000000, 0.0000000000000000000, 1.000000000000000000 ) ) ;
#7293 = ORIENTED_EDGE ( 'NONE', *, *, #1493, .T. ) ;
#7294 = ORIENTED_EDGE ( 'NONE', *, *, #8388, .T. ) ;
#7295 = LINE ( 'NONE', #6616, #6532 ) ;
#7296 = EDGE_CURVE ( 'NONE', #4552, #7627, #7715, .T. ) ;
#7297 = LINE ( 'NONE', #6506, #1581 ) ;
#7298 = FACE_OUTER_BOUND ( 'NONE', #8977, .T. ) ;
#7299 = EDGE_CURVE ( 'NONE', #7496, #5246, #5386, .T. ) ;
#7300 = CARTESIAN_POINT ( 'NONE',  ( -0.1384513838249622486, -0.04895985526619007350, 0.07332086869522784489 ) ) ;
#7301 = CYLINDRICAL_SURFACE ( 'NONE', #4109, 0.003937007874015733232 ) ;
#7302 = EDGE_LOOP ( 'NONE', ( #8318, #8307, #668, #5029, #7085, #1525, #9252, #6819, #9817 ) ) ;
#7303 = VERTEX_POINT ( 'NONE', #8644 ) ;
#7304 = FACE_OUTER_BOUND ( 'NONE', #946, .T. ) ;
#7305 = VERTEX_POINT ( 'NONE', #7765 ) ;
#7306 = LINE ( 'NONE', #8701, #8841 ) ;
#7307 = EDGE_CURVE ( 'NONE', #4891, #7245, #7661, .T. ) ;
#7308 = DIRECTION ( 'NONE',  ( 1.000000000000000000, 6.123233995736766036E-17, 0.0000000000000000000 ) ) ;
#7309 = CARTESIAN_POINT ( 'NONE',  ( -0.1304697030920084211, 0.05511817538865947802, 0.07724672631716296423 ) ) ;
#7310 = DIRECTION ( 'NONE',  ( -6.123233995736766036E-17, 1.000000000000000000, 0.0000000000000000000 ) ) ;
#7311 = LINE ( 'NONE', #91, #8850 ) ;
#7312 = CARTESIAN_POINT ( 'NONE',  ( 0.1277000221148818504, 0.01940533267877950913, 0.02565930243558661381 ) ) ;
#7313 = ORIENTED_EDGE ( 'NONE', *, *, #1670, .F. ) ;
#7314 = CYLINDRICAL_SURFACE ( 'NONE', #4072, 0.003937007874015767059 ) ;
#7315 = CARTESIAN_POINT ( 'NONE',  ( -0.1200786804129133911, -0.04133851752472440799, 0.1023622047244073935 ) ) ;
#7316 = CARTESIAN_POINT ( 'NONE',  ( 0.1279528156500787384, -0.04724402933574802649, 0.02739529693388862569 ) ) ;
#7317 = CARTESIAN_POINT ( 'NONE',  ( -0.1279526961609449009, 0.04724415964062991108, 0.01968503937007873641 ) ) ;
#7318 = CARTESIAN_POINT ( 'NONE',  ( -0.1023621449798425564, 6.515244093841847958E-08, 0.007874015748031643405 ) ) ;
#7319 = ORIENTED_EDGE ( 'NONE', *, *, #5035, .T. ) ;
#7320 = LINE ( 'NONE', #310, #2976 ) ;
#7321 = CARTESIAN_POINT ( 'NONE',  ( -0.1023621449798425287, -0.07874009232786781387, 0.03937007874015644587 ) ) ;
#7322 = LINE ( 'NONE', #9642, #4561 ) ;
#7323 = CARTESIAN_POINT ( 'NONE',  ( 0.1594488786421259241, 0.007727358391889385669, 0.1035627694404418903 ) ) ;
#7324 = CARTESIAN_POINT ( 'NONE',  ( 0.008858327461102322165, 0.04740791779933070660, 0.01574803149606299191 ) ) ;
#7325 = ORIENTED_EDGE ( 'NONE', *, *, #2471, .F. ) ;
#7326 = CARTESIAN_POINT ( 'NONE',  ( -0.1347349699325579298, -0.05183720518873991684, 0.04736517741251370511 ) ) ;
#7327 = EDGE_CURVE ( 'NONE', #4454, #5117, #5305, .T. ) ;
#7328 = ORIENTED_EDGE ( 'NONE', *, *, #2941, .F. ) ;
#7329 = EDGE_CURVE ( 'NONE', #3646, #6269, #5985, .T. ) ;
#7330 = CARTESIAN_POINT ( 'NONE',  ( -0.1312521024186812102, 0.04658799166161530642, 0.1037904840316890981 ) ) ;
#7331 = CARTESIAN_POINT ( 'NONE',  ( -0.1003936410428344639, -0.07166665705751881776, 0.1281258792028550642 ) ) ;
#7332 = EDGE_LOOP ( 'NONE', ( #2139, #7789, #329, #1721, #5010, #8043 ) ) ;
#7333 = ORIENTED_EDGE ( 'NONE', *, *, #9626, .T. ) ;
#7334 = LINE ( 'NONE', #4862, #8005 ) ;
#7335 = CARTESIAN_POINT ( 'NONE',  ( -0.07086608198771658651, -0.06164516619150321036, 0.02511350013915482002 ) ) ;
#7336 = ORIENTED_EDGE ( 'NONE', *, *, #1928, .F. ) ;
#7337 = EDGE_CURVE ( 'NONE', #2608, #6082, #6642, .T. ) ;
#7338 = ORIENTED_EDGE ( 'NONE', *, *, #3572, .F. ) ;
#7339 = CARTESIAN_POINT ( 'NONE',  ( 0.2854331306106263622, 0.007792357939445657307, 0.04330708661417211058 ) ) ;
#7340 = CARTESIAN_POINT ( 'NONE',  ( -0.1003936410428344639, -0.06418376413326680463, 0.1310917355171585252 ) ) ;
#7341 = CARTESIAN_POINT ( 'NONE',  ( 0.1273028854798424758, -0.001899191425236202747, 0.01930007092811023700 ) ) ;
#7342 = CARTESIAN_POINT ( 'NONE',  ( -0.1200786804129134189, 0.05961165794243879212, 0.05217625189385239476 ) ) ;
#7343 = LINE ( 'NONE', #6509, #8225 ) ;
#7344 = EDGE_LOOP ( 'NONE', ( #1208, #7751, #9903, #8018, #5531, #6732, #3762, #1627, #5875 ) ) ;
#7345 = EDGE_CURVE ( 'NONE', #3606, #4293, #4935, .T. ) ;
#7346 = EDGE_CURVE ( 'NONE', #447, #2356, #7306, .T. ) ;
#7347 = ORIENTED_EDGE ( 'NONE', *, *, #5209, .T. ) ;
#7348 = DIRECTION ( 'NONE',  ( -0.0000000000000000000, 0.0000000000000000000, 1.000000000000000000 ) ) ;
#7349 = ORIENTED_EDGE ( 'NONE', *, *, #1653, .F. ) ;
#7350 = DIRECTION ( 'NONE',  ( 1.000000000000000000, 1.154675313697062222E-12, 0.0000000000000000000 ) ) ;
#7351 = EDGE_CURVE ( 'NONE', #1385, #3836, #4986, .T. ) ;
#7352 = AXIS2_PLACEMENT_3D ( 'NONE', #9091, #473, #1969 ) ;
#7353 = CARTESIAN_POINT ( 'NONE',  ( -0.1023621449798425564, 6.515244100544595694E-08, 0.07480314960629920462 ) ) ;
#7354 = CARTESIAN_POINT ( 'NONE',  ( -0.1279526961609450397, -0.04133851752472442187, 0.1023622047244066302 ) ) ;
#7355 = ORIENTED_EDGE ( 'NONE', *, *, #3695, .T. ) ;
#7356 = VECTOR ( 'NONE', #4998, 39.37007874015748143 ) ;
#7357 = CARTESIAN_POINT ( 'NONE',  ( -0.1308545400442394091, -0.05511804508377351336, 0.07486910856924487712 ) ) ;
#7358 = AXIS2_PLACEMENT_3D ( 'NONE', #5303, #6898, #1369 ) ;
#7359 = CARTESIAN_POINT ( 'NONE',  ( 0.1270242853927951998, -0.0004251275701181031963, 0.1276361720401574806 ) ) ;
#7360 = CARTESIAN_POINT ( 'NONE',  ( 0.1751969101381889715, 0.04855068552051181041, 0.07937290448244095631 ) ) ;
#7361 = EDGE_CURVE ( 'NONE', #488, #8946, #7756, .T. ) ;
#7362 = DIRECTION ( 'NONE',  ( -1.000000000000000000, -6.123233995736766036E-17, 0.0000000000000000000 ) ) ;
#7363 = ORIENTED_EDGE ( 'NONE', *, *, #457, .F. ) ;
#7364 = CARTESIAN_POINT ( 'NONE',  ( -0.1279526961609449009, -0.04330702146173255607, 0.07317004566913223873 ) ) ;
#7365 = CARTESIAN_POINT ( 'NONE',  ( -0.1279526961609449009, 0.04574396294228264687, 0.1338582677165354173 ) ) ;
#7366 = VECTOR ( 'NONE', #4352, 39.37007874015748143 ) ;
#7367 = CARTESIAN_POINT ( 'NONE',  ( -0.1322542320567424434, 0.05183733549365982657, 0.1035373664950576394 ) ) ;
#7368 = CARTESIAN_POINT ( 'NONE',  ( -0.1358267221532746816, 0.04330715176662494614, 0.09719780879090611503 ) ) ;
#7369 = VECTOR ( 'NONE', #6855, 39.37007874015748143 ) ;
#7370 = FACE_OUTER_BOUND ( 'NONE', #2939, .T. ) ;
#7371 = DIRECTION ( 'NONE',  ( 0.0000000000000000000, 0.01185436032000167055, 0.9999297346020886712 ) ) ;
#7372 =( BOUNDED_CURVE ( )  B_SPLINE_CURVE ( 3, ( #8769, #7983, #210, #2472 ),
 .UNSPECIFIED., .F., .T. ) 
 B_SPLINE_CURVE_WITH_KNOTS ( ( 4, 4 ),
 ( 0.0000000000000000000, 1.000000000000000000 ),
 .UNSPECIFIED. ) 
 CURVE ( )  GEOMETRIC_REPRESENTATION_ITEM ( )  RATIONAL_B_SPLINE_CURVE ( ( 1.000000000000000000, 0.9976647929699479223, 0.9976647929699479223, 1.000000000000000000 ) ) 
 REPRESENTATION_ITEM ( '' )  );
#7373 = ORIENTED_EDGE ( 'NONE', *, *, #3181, .T. ) ;
#7374 = CARTESIAN_POINT ( 'NONE',  ( -0.1356929156362132183, -0.03413410440934247503, 0.05580257033668927641 ) ) ;
#7375 = CIRCLE ( 'NONE', #5075, 0.003937007874015758385 ) ;
#7376 = DIRECTION ( 'NONE',  ( -0.6761234037825780696, 0.0000000000000000000, 0.7367883976132230117 ) ) ;
#7377 = CARTESIAN_POINT ( 'NONE',  ( -0.1279526961609450952, -0.04133851752472491453, 0.09978543909646316046 ) ) ;
#7378 = ORIENTED_EDGE ( 'NONE', *, *, #2630, .F. ) ;
#7379 = DIRECTION ( 'NONE',  ( 1.000000000000000000, 6.123233995736766036E-17, -0.0000000000000000000 ) ) ;
#7380 = VECTOR ( 'NONE', #4524, 39.37007874015748143 ) ;
#7381 = ORIENTED_EDGE ( 'NONE', *, *, #5896, .T. ) ;
#7382 = AXIS2_PLACEMENT_3D ( 'NONE', #1305, #7442, #2752 ) ;
#7383 = CARTESIAN_POINT ( 'NONE',  ( -0.1353471457692629332, 0.04658788660736937204, 0.1022721348930039076 ) ) ;
#7384 = VECTOR ( 'NONE', #3396, 39.37007874015748143 ) ;
#7385 = EDGE_CURVE ( 'NONE', #4865, #5589, #9608, .T. ) ;
#7386 = CARTESIAN_POINT ( 'NONE',  ( -0.1003936410428345610, -0.07312429581674517731, 0.1295835179620898059 ) ) ;
#7387 = ORIENTED_EDGE ( 'NONE', *, *, #3997, .T. ) ;
#7388 = CARTESIAN_POINT ( 'NONE',  ( -0.1112204126963779738, -0.03543300571370081031, 0.03228346456692913341 ) ) ;
#7389 = EDGE_LOOP ( 'NONE', ( #9052, #9955, #6420, #8630, #4536, #832, #7693 ) ) ;
#7390 = CARTESIAN_POINT ( 'NONE',  ( -0.07283458592472447091, 0.06299219113669290993, -1.067128122525102820E-18 ) ) ;
#7391 = CARTESIAN_POINT ( 'NONE',  ( -0.1023621449798425287, 0.01771660058551177697, 0.1173228346456692828 ) ) ;
#7392 = AXIS2_PLACEMENT_3D ( 'NONE', #458, #5879, #8143 ) ;
#7393 = ORIENTED_EDGE ( 'NONE', *, *, #4581, .T. ) ;
#7394 = VERTEX_POINT ( 'NONE', #1778 ) ;
#7395 = CARTESIAN_POINT ( 'NONE',  ( -0.1200786804129129609, -0.07874009232787351764, -3.734948428837859484E-18 ) ) ;
#7396 = AXIS2_PLACEMENT_3D ( 'NONE', #3703, #2678, #9073 ) ;
#7397 =( BOUNDED_SURFACE ( )  B_SPLINE_SURFACE ( 3, 3, ( 
 ( #3247, #8760, #3909, #2400 ),
 ( #1733, #4786, #6374, #5500 ),
 ( #1517, #1628, #10187, #4729 ),
 ( #3853, #7769, #6995, #7876 ) ),
 .UNSPECIFIED., .F., .F., .F. ) 
 B_SPLINE_SURFACE_WITH_KNOTS ( ( 4, 4 ),
 ( 4, 4 ),
 ( 0.0000000000000000000, 1.000000000000000000 ),
 ( 0.0000000000000000000, 1.000000000000000000 ),
 .UNSPECIFIED. ) 
 GEOMETRIC_REPRESENTATION_ITEM ( )  RATIONAL_B_SPLINE_SURFACE ( (
 ( 1.000000000000000000, 0.9925825914428555441, 0.9925825914428555441, 1.000000000000000000),
 ( 0.8425084105515359134, 0.8362591814576447735, 0.8362591814576447735, 0.8425084105515359134),
 ( 0.8425084105515359134, 0.8362591814576447735, 0.8362591814576447735, 0.8425084105515359134),
 ( 1.000000000000000000, 0.9925825914428555441, 0.9925825914428555441, 1.000000000000000000) ) ) 
 REPRESENTATION_ITEM ( '' )  SURFACE ( )  );
#7398 = CARTESIAN_POINT ( 'NONE',  ( 0.1673228943901574062, 0.01490334571567444345, 0.1005938141743291936 ) ) ;
#7399 = CARTESIAN_POINT ( 'NONE',  ( 0.1289821318383464199, -0.003979747587204725441, 0.02401288039923622081 ) ) ;
#7400 = CARTESIAN_POINT ( 'NONE',  ( -0.1200786804129134189, 0.04173234861700785003, 0.04724409448818519403 ) ) ;
#7401 = DIRECTION ( 'NONE',  ( 1.000000000000000000, 6.123233995736766036E-17, 0.0000000000000000000 ) ) ;
#7402 = ORIENTED_EDGE ( 'NONE', *, *, #7329, .T. ) ;
#7403 = VECTOR ( 'NONE', #8188, 39.37007874015748143 ) ;
#7404 = ORIENTED_EDGE ( 'NONE', *, *, #5655, .F. ) ;
#7405 = PLANE ( 'NONE',  #8079 ) ;
#7406 = VERTEX_POINT ( 'NONE', #797 ) ;
#7407 = CARTESIAN_POINT ( 'NONE',  ( -0.1377952006389585871, 0.05270924468531331536, 0.05457632610312938143 ) ) ;
#7408 = CARTESIAN_POINT ( 'NONE',  ( -0.1358267119089763830, 0.04850300744622044330, 0.09739206747952754151 ) ) ;
#7409 = CARTESIAN_POINT ( 'NONE',  ( -0.03740151505858271830, 0.06299219113670370684, 0.02066929133858248085 ) ) ;
#7410 = VERTEX_POINT ( 'NONE', #6312 ) ;
#7411 = CARTESIAN_POINT ( 'NONE',  ( 0.2814961227366140073, 6.515244097077423820E-08, 0.07480314960629920462 ) ) ;
#7412 = DIRECTION ( 'NONE',  ( 0.7660444431207854565, 0.0000000000000000000, 0.6427876096843853082 ) ) ;
#7413 = AXIS2_PLACEMENT_3D ( 'NONE', #8248, #5003, #2006 ) ;
#7414 = CARTESIAN_POINT ( 'NONE',  ( 0.1200787999020472285, -0.04724402933574801955, 0.06692913385826770867 ) ) ;
#7415 = DIRECTION ( 'NONE',  ( 0.0000000000000000000, -0.9659258262892274072, -0.2588190451019266036 ) ) ;
#7416 = DIRECTION ( 'NONE',  ( 1.000000000000000000, 6.123233995736766036E-17, 0.0000000000000000000 ) ) ;
#7417 = ORIENTED_EDGE ( 'NONE', *, *, #7361, .T. ) ;
#7418 = LINE ( 'NONE', #6530, #4721 ) ;
#7419 = EDGE_CURVE ( 'NONE', #3858, #10055, #4110, .T. ) ;
#7420 = CARTESIAN_POINT ( 'NONE',  ( -0.1371863431266615307, 0.05511817538866136540, 0.09867943356616692974 ) ) ;
#7421 = CARTESIAN_POINT ( 'NONE',  ( -0.1397637197829944833, 0.04745791134202702322, 0.09841399697192849960 ) ) ;
#7422 = CARTESIAN_POINT ( 'NONE',  ( 0.2854331306106298038, 0.06281927025019373723, 0.08319616023794255966 ) ) ;
#7423 = ADVANCED_FACE ( 'NONE', ( #2395 ), #7147, .T. ) ;
#7424 = DIRECTION ( 'NONE',  ( 0.8995081585759971965, 0.0000000000000000000, -0.4369039627369138423 ) ) ;
#7425 = LINE ( 'NONE', #8969, #462 ) ;
#7426 = ORIENTED_EDGE ( 'NONE', *, *, #1662, .T. ) ;
#7427 = CARTESIAN_POINT ( 'NONE',  ( -0.1200786804129134466, -0.04870734220693830052, 0.09291338582677137470 ) ) ;
#7428 = LINE ( 'NONE', #9791, #8690 ) ;
#7429 = CARTESIAN_POINT ( 'NONE',  ( 0.1751969101381888883, -0.008170837554319403118, 0.08891045718878030912 ) ) ;
#7430 = DIRECTION ( 'NONE',  ( 0.0000000000000000000, 0.0000000000000000000, -1.000000000000000000 ) ) ;
#7431 = CARTESIAN_POINT ( 'NONE',  ( 0.2854331306106299704, -0.01574796634361898262, 0.07480314960629605436 ) ) ;
#7432 = EDGE_LOOP ( 'NONE', ( #2285, #5570, #3689, #2635 ) ) ;
#7433 = CARTESIAN_POINT ( 'NONE',  ( 0.1594488786419577531, -0.03145311343588279296, 0.1157309801173402874 ) ) ;
#7434 = ORIENTED_EDGE ( 'NONE', *, *, #5795, .F. ) ;
#7435 = CARTESIAN_POINT ( 'NONE',  ( -0.03740151505858272524, 0.03740163995559834392, 0.0000000000000000000 ) ) ;
#7436 = CARTESIAN_POINT ( 'NONE',  ( 0.1751969101381889438, 6.471112680329151407E-08, 0.05905528345447134259 ) ) ;
#7437 = EDGE_CURVE ( 'NONE', #3637, #907, #1726, .T. ) ;
#7438 = VERTEX_POINT ( 'NONE', #4055 ) ;
#7439 = CARTESIAN_POINT ( 'NONE',  ( -0.1279526961609449009, 0.04921266357763776078, 0.08861730006519684399 ) ) ;
#7440 = DIRECTION ( 'NONE',  ( 0.0000000000000000000, 0.0000000000000000000, 1.000000000000000000 ) ) ;
#7441 = CARTESIAN_POINT ( 'NONE',  ( -0.1200786804129134466, -0.03872607557869840039, 0.03144517727873522711 ) ) ;
#7442 = DIRECTION ( 'NONE',  ( -0.0000000000000000000, 0.0000000000000000000, 1.000000000000000000 ) ) ;
#7443 = ORIENTED_EDGE ( 'NONE', *, *, #4682, .T. ) ;
#7444 = EDGE_LOOP ( 'NONE', ( #6744, #5757, #9062, #4664, #3930, #7054, #6859 ) ) ;
#7445 = EDGE_CURVE ( 'NONE', #220, #1003, #37, .T. ) ;
#7446 = CARTESIAN_POINT ( 'NONE',  ( -0.1043306489168504270, 6.515244097005101764E-08, 0.03228346456692913341 ) ) ;
#7447 = FACE_OUTER_BOUND ( 'NONE', #6006, .T. ) ;
#7448 = CARTESIAN_POINT ( 'NONE',  ( -0.1279526961609449009, -0.04921253327275589007, 0.07727225082051179805 ) ) ;
#7449 = CARTESIAN_POINT ( 'NONE',  ( 0.1751969101381890548, 0.007792357939445649501, 0.04330708661417210364 ) ) ;
#7450 = CARTESIAN_POINT ( 'NONE',  ( 0.1279528156500787384, -0.06574779315072055985, 0.05915371507894542913 ) ) ;
#7451 = ORIENTED_EDGE ( 'NONE', *, *, #7345, .F. ) ;
#7452 = CARTESIAN_POINT ( 'NONE',  ( 0.1279528156500787661, 0.04942023275443647307, 0.1255812076543470768 ) ) ;
#7453 = ORIENTED_EDGE ( 'NONE', *, *, #8866, .T. ) ;
#7454 =( BOUNDED_CURVE ( )  B_SPLINE_CURVE ( 3, ( #330, #10181, #5550, #3142 ),
 .UNSPECIFIED., .F., .T. ) 
 B_SPLINE_CURVE_WITH_KNOTS ( ( 4, 4 ),
 ( 0.0000000000000000000, 1.000000000000000000 ),
 .UNSPECIFIED. ) 
 CURVE ( )  GEOMETRIC_REPRESENTATION_ITEM ( )  RATIONAL_B_SPLINE_CURVE ( ( 1.000000000000000000, 0.6560819455174244919, 0.6560819455174244919, 1.000000000000000000 ) ) 
 REPRESENTATION_ITEM ( '' )  );
#7455 = EDGE_CURVE ( 'NONE', #8758, #820, #4914, .T. ) ;
#7456 = DIRECTION ( 'NONE',  ( 6.123233995736766036E-17, -1.000000000000000000, 0.0000000000000000000 ) ) ;
#7457 = LINE ( 'NONE', #7409, #3444 ) ;
#7458 = EDGE_CURVE ( 'NONE', #8530, #7929, #3194, .T. ) ;
#7459 = ORIENTED_EDGE ( 'NONE', *, *, #3036, .T. ) ;
#7460 = FACE_OUTER_BOUND ( 'NONE', #4674, .T. ) ;
#7461 = CARTESIAN_POINT ( 'NONE',  ( 0.1279528156500787106, -0.04724402933574651381, 0.01181102362204713291 ) ) ;
#7462 = CARTESIAN_POINT ( 'NONE',  ( -0.1302618371690861532, -0.05511804508377951550, 0.05005589176943617269 ) ) ;
#7463 = ORIENTED_EDGE ( 'NONE', *, *, #3111, .F. ) ;
#7464 = CARTESIAN_POINT ( 'NONE',  ( 0.1200787999020472285, 0.08461416891730930145, 0.09080620558238584883 ) ) ;
#7465 = ADVANCED_FACE ( 'NONE', ( #3346 ), #2558, .T. ) ;
#7466 = CARTESIAN_POINT ( 'NONE',  ( -0.1279526961609449009, 0.04724415964063016782, 0.007874015748031487280 ) ) ;
#7467 = CARTESIAN_POINT ( 'NONE',  ( -0.1023621449798425426, 0.07874022263275587408, 0.07480314960629902421 ) ) ;
#7468 = CARTESIAN_POINT ( 'NONE',  ( -0.1279526961609449287, 0.03046542189338950768, 0.03149606299212588667 ) ) ;
#7469 = CARTESIAN_POINT ( 'NONE',  ( 0.1200787999020436758, 0.06299219113668860781, 0.01751325901236600036 ) ) ;
#7470 = ORIENTED_EDGE ( 'NONE', *, *, #2942, .T. ) ;
#7471 = CARTESIAN_POINT ( 'NONE',  ( -0.1397637197829921241, 0.04988955994972422980, 0.07983994475156562520 ) ) ;
#7472 = EDGE_CURVE ( 'NONE', #7267, #488, #5709, .T. ) ;
#7473 = ADVANCED_FACE ( 'NONE', ( #7200 ), #3960, .F. ) ;
#7474 = CARTESIAN_POINT ( 'NONE',  ( -0.03740151505858271830, 0.07361323617198822777, 0.04133858267716534335 ) ) ;
#7475 = CARTESIAN_POINT ( 'NONE',  ( -0.03740151505858270442, -0.05577387916804515261, 0.01922186197314554659 ) ) ;
#7476 = LINE ( 'NONE', #1188, #743 ) ;
#7477 = ORIENTED_EDGE ( 'NONE', *, *, #814, .T. ) ;
#7478 = CARTESIAN_POINT ( 'NONE',  ( 0.1245276187996849776, -0.05577387916803144829, 0.1303844372394488138 ) ) ;
#7479 = EDGE_LOOP ( 'NONE', ( #7502, #6041, #4964, #2533 ) ) ;
#7480 = CARTESIAN_POINT ( 'NONE',  ( -0.1301284044757531622, -0.04330702146173294464, 0.07301711772352262320 ) ) ;
#7481 = DIRECTION ( 'NONE',  ( 1.000000000000000000, 6.123233995736766036E-17, 0.0000000000000000000 ) ) ;
#7482 = ORIENTED_EDGE ( 'NONE', *, *, #6215, .F. ) ;
#7483 = CARTESIAN_POINT ( 'NONE',  ( 0.1279528156500787106, 0.04724415964062989026, 0.01181102362204703229 ) ) ;
#7484 = CARTESIAN_POINT ( 'NONE',  ( 0.2854331306106298038, -0.06573717261603503892, 0.08528117012055015655 ) ) ;
#7485 = FACE_OUTER_BOUND ( 'NONE', #715, .T. ) ;
#7486 = LINE ( 'NONE', #325, #9034 ) ;
#7487 = ORIENTED_EDGE ( 'NONE', *, *, #1330, .T. ) ;
#7488 = EDGE_CURVE ( 'NONE', #3734, #7489, #9105, .T. ) ;
#7489 = VERTEX_POINT ( 'NONE', #9824 ) ;
#7490 = LINE ( 'NONE', #423, #6369 ) ;
#7491 = CARTESIAN_POINT ( 'NONE',  ( 0.1247258340280550382, -0.05577387922668405884, 0.01922186203201376592 ) ) ;
#7492 = CARTESIAN_POINT ( 'NONE',  ( 0.1296072913525196102, -0.01871422640956694333, 0.02743716790129921423 ) ) ;
#7493 = CARTESIAN_POINT ( 'NONE',  ( -0.1200786804129134466, 0.05611332492026112340, 0.05567458491601016274 ) ) ;
#7494 = CARTESIAN_POINT ( 'NONE',  ( 0.1594488786419577531, -0.02607202004896637046, 0.03026030835257583970 ) ) ;
#7495 = CARTESIAN_POINT ( 'NONE',  ( 0.07818480412716533046, -0.01968497421763776636, 0.003937007874015747977 ) ) ;
#7496 = VERTEX_POINT ( 'NONE', #9774 ) ;
#7497 = EDGE_LOOP ( 'NONE', ( #1634, #4784, #8074 ) ) ;
#7498 = DIRECTION ( 'NONE',  ( 1.000000000000000000, 0.0000000000000000000, 0.0000000000000000000 ) ) ;
#7499 = EDGE_LOOP ( 'NONE', ( #9104, #3753, #8202, #2288 ) ) ;
#7500 = CARTESIAN_POINT ( 'NONE',  ( -0.1023621449798425564, 0.05174665729994833846, 0.01568885365804883331 ) ) ;
#7501 = CARTESIAN_POINT ( 'NONE',  ( 0.1247258341972802415, -0.04740778751994841056, 0.01574803149607000366 ) ) ;
#7502 = ORIENTED_EDGE ( 'NONE', *, *, #4324, .F. ) ;
#7503 = CARTESIAN_POINT ( 'NONE',  ( -0.1279526961609449009, 0.05382013101944312788, 0.07342468522060939529 ) ) ;
#7504 = AXIS2_PLACEMENT_3D ( 'NONE', #2087, #7456, #4312 ) ;
#7505 = DIRECTION ( 'NONE',  ( 0.0000000000000000000, -0.01185436032000038512, -0.9999297346020886712 ) ) ;
#7506 = AXIS2_PLACEMENT_3D ( 'NONE', #2532, #6335, #1752 ) ;
#7507 = CARTESIAN_POINT ( 'NONE',  ( 0.1279094426373227900, 0.01706091067153545082, 0.1276576612642519870 ) ) ;
#7508 = CARTESIAN_POINT ( 'NONE',  ( -0.1023621449798425426, 0.05359160519245410176, 0.1325353461153443990 ) ) ;
#7509 = ORIENTED_EDGE ( 'NONE', *, *, #841, .F. ) ;
#7510 = LINE ( 'NONE', #8962, #9165 ) ;
#7511 = VECTOR ( 'NONE', #3068, 39.37007874015748143 ) ;
#7512 = CARTESIAN_POINT ( 'NONE',  ( 0.2854331306106284716, 0.06566281216163888379, 0.08776125958517026759 ) ) ;
#7513 = FACE_OUTER_BOUND ( 'NONE', #1364, .T. ) ;
#7514 = CIRCLE ( 'NONE', #5880, 0.04133858267747821807 ) ;
#7515 = VECTOR ( 'NONE', #9082, 39.37007874015748143 ) ;
#7516 = CARTESIAN_POINT ( 'NONE',  ( -0.1384513838249995521, 0.04826645540241578797, 0.1003169899509571278 ) ) ;
#7517 = ORIENTED_EDGE ( 'NONE', *, *, #4694, .T. ) ;
#7518 = AXIS2_PLACEMENT_3D ( 'NONE', #4944, #8181, #3544 ) ;
#7519 = ORIENTED_EDGE ( 'NONE', *, *, #6799, .F. ) ;
#7520 = FACE_OUTER_BOUND ( 'NONE', #2519, .T. ) ;
#7521 = CARTESIAN_POINT ( 'NONE',  ( -0.1200786804129134050, 0.04736489050483129459, 0.1337747019682032634 ) ) ;
#7522 = CARTESIAN_POINT ( 'NONE',  ( -0.1356852387307046492, -0.05511804508377859263, 0.05008457795700646531 ) ) ;
#7523 = CARTESIAN_POINT ( 'NONE',  ( -0.1339908864572236513, 0.05183733549366234539, 0.07405026661163831292 ) ) ;
#7524 = DIRECTION ( 'NONE',  ( 1.000000000000000000, 6.123233995736766036E-17, 0.0000000000000000000 ) ) ;
#7525 = ORIENTED_EDGE ( 'NONE', *, *, #2824, .F. ) ;
#7526 = CARTESIAN_POINT ( 'NONE',  ( -0.1361644537893928475, -0.03468961754199479525, 0.09342112518273826272 ) ) ;
#7527 = VERTEX_POINT ( 'NONE', #8280 ) ;
#7528 = CARTESIAN_POINT ( 'NONE',  ( -0.1112204126963779738, 0.03543313601858270184, 0.1337844026243306950 ) ) ;
#7529 = AXIS2_PLACEMENT_3D ( 'NONE', #899, #8027, #4835 ) ;
#7530 = EDGE_CURVE ( 'NONE', #3155, #6184, #6004, .T. ) ;
#7531 = CARTESIAN_POINT ( 'NONE',  ( -0.1279526961609449287, 0.04921266357763775384, 0.1043653315612598498 ) ) ;
#7532 = VECTOR ( 'NONE', #2830, 39.37007874015748143 ) ;
#7533 = CARTESIAN_POINT ( 'NONE',  ( 0.1729921857287401166, 6.515244097005101764E-08, 0.07480314960629920462 ) ) ;
#7534 = EDGE_CURVE ( 'NONE', #4087, #8157, #8437, .T. ) ;
#7535 = VERTEX_POINT ( 'NONE', #1932 ) ;
#7536 = CARTESIAN_POINT ( 'NONE',  ( -0.1281369481294488410, 6.515244094229544203E-08, 0.07480314960629920462 ) ) ;
#7537 = CARTESIAN_POINT ( 'NONE',  ( -0.1279526961609449009, 0.05511817538866062988, 0.07697147372051545144 ) ) ;
#7538 = CARTESIAN_POINT ( 'NONE',  ( 0.07677171328787396609, 0.01968510452251908543, 0.0002623371023698295923 ) ) ;
#7539 = DIRECTION ( 'NONE',  ( -6.123233995736766036E-17, 1.000000000000000000, 0.0000000000000000000 ) ) ;
#7540 = EDGE_LOOP ( 'NONE', ( #2221, #5988, #3131, #4428 ) ) ;
#7541 = AXIS2_PLACEMENT_3D ( 'NONE', #5280, #1388, #6038 ) ;
#7542 = ADVANCED_FACE ( 'NONE', ( #9004 ), #1986, .F. ) ;
#7543 = CARTESIAN_POINT ( 'NONE',  ( 0.1586334976137580566, -0.08712139990567732695, 0.03252586160007466670 ) ) ;
#7544 = VECTOR ( 'NONE', #1046, 39.37007874015748143 ) ;
#7545 = CARTESIAN_POINT ( 'NONE',  ( -0.04898346657463888837, 0.01945518381097500679, 0.007874015748031495954 ) ) ;
#7546 = CYLINDRICAL_SURFACE ( 'NONE', #6058, 0.009842519685039369942 ) ;
#7547 = CARTESIAN_POINT ( 'NONE',  ( 0.1279528156500787661, -0.06648298574174396625, 0.08695415747076939983 ) ) ;
#7548 = EDGE_CURVE ( 'NONE', #1276, #3060, #1084, .T. ) ;
#7549 = VERTEX_POINT ( 'NONE', #5859 ) ;
#7550 = ORIENTED_EDGE ( 'NONE', *, *, #1536, .F. ) ;
#7551 = VERTEX_POINT ( 'NONE', #2715 ) ;
#7552 = VECTOR ( 'NONE', #5120, 39.37007874015748143 ) ;
#7553 =( BOUNDED_CURVE ( )  B_SPLINE_CURVE ( 3, ( #1495, #3020, #5288, #572 ),
 .UNSPECIFIED., .F., .T. ) 
 B_SPLINE_CURVE_WITH_KNOTS ( ( 4, 4 ),
 ( 0.0000000000000000000, 1.000000000000000000 ),
 .UNSPECIFIED. ) 
 CURVE ( )  GEOMETRIC_REPRESENTATION_ITEM ( )  RATIONAL_B_SPLINE_CURVE ( ( 1.000000000000000000, 0.8425084105512197219, 0.8425084105512197219, 1.000000000000000000 ) ) 
 REPRESENTATION_ITEM ( '' )  );
#7554 = CARTESIAN_POINT ( 'NONE',  ( 0.1279528156500787661, 0.01381138750416039708, 0.02185644788341222292 ) ) ;
#7555 = CARTESIAN_POINT ( 'NONE',  ( 0.1200787999020463959, -0.04740778751994841056, 0.01574803149607049979 ) ) ;
#7556 = B_SPLINE_CURVE_WITH_KNOTS ( 'NONE', 3,
 ( #5856, #7452, #9820, #2083 ),
 .UNSPECIFIED., .F., .F.,
 ( 4, 4 ),
 ( 0.0000000000000000000, 1.000000000000000000 ),
 .UNSPECIFIED. ) ;
#7557 = CIRCLE ( 'NONE', #5593, 0.009448818897637803818 ) ;
#7558 = VERTEX_POINT ( 'NONE', #5090 ) ;
#7559 = LINE ( 'NONE', #4423, #3764 ) ;
#7560 = CARTESIAN_POINT ( 'NONE',  ( 0.1200787999020472147, -0.05511804508377950163, 0.007874015748031495954 ) ) ;
#7561 = DIRECTION ( 'NONE',  ( 1.000000000000000000, 0.0000000000000000000, -0.0000000000000000000 ) ) ;
#7562 = FACE_OUTER_BOUND ( 'NONE', #7726, .T. ) ;
#7563 = CARTESIAN_POINT ( 'NONE',  ( -0.1397637197829921241, -0.04921252666734254183, 0.06152414461915850508 ) ) ;
#7564 = ORIENTED_EDGE ( 'NONE', *, *, #10087, .F. ) ;
#7565 = CIRCLE ( 'NONE', #3135, 0.003937007874015081843 ) ;
#7566 = CARTESIAN_POINT ( 'NONE',  ( 0.01968509911464561002, 6.515244094229544203E-08, 0.0000000000000000000 ) ) ;
#7567 = EDGE_CURVE ( 'NONE', #2888, #4509, #6886, .T. ) ;
#7568 = CARTESIAN_POINT ( 'NONE',  ( 0.2854331306106263622, -0.03064109767204263243, 0.1362540039401977099 ) ) ;
#7569 = CARTESIAN_POINT ( 'NONE',  ( -0.1384513838249995799, 0.04770120014008672610, 0.1002712751366735544 ) ) ;
#7570 = CARTESIAN_POINT ( 'NONE',  ( 0.2736221069885826362, -0.01181095846960633286, 0.07480314960630017607 ) ) ;
#7571 = EDGE_LOOP ( 'NONE', ( #7040, #5189, #8881, #2380 ) ) ;
#7572 = VECTOR ( 'NONE', #360, 39.37007874015748143 ) ;
#7573 = ORIENTED_EDGE ( 'NONE', *, *, #3139, .F. ) ;
#7574 = DIRECTION ( 'NONE',  ( 0.0000000000000000000, 0.0000000000000000000, 1.000000000000000000 ) ) ;
#7575 = CARTESIAN_POINT ( 'NONE',  ( 0.1751969101381888883, -0.01411395076719886010, 0.06663659907616545364 ) ) ;
#7576 = CARTESIAN_POINT ( 'NONE',  ( -0.1357899715753026482, -0.04330721237064605322, 0.05295609229179228106 ) ) ;
#7577 = DIRECTION ( 'NONE',  ( 1.000000000000000000, 6.123233995736766036E-17, 0.0000000000000000000 ) ) ;
#7578 = CARTESIAN_POINT ( 'NONE',  ( -0.1023621449798425564, 0.05577400947292027178, 0.01922186197313627623 ) ) ;
#7579 = ORIENTED_EDGE ( 'NONE', *, *, #6574, .F. ) ;
#7580 = DIRECTION ( 'NONE',  ( 1.000000000000000000, 6.123233995736766036E-17, 0.0000000000000000000 ) ) ;
#7581 = ORIENTED_EDGE ( 'NONE', *, *, #5670, .F. ) ;
#7582 = CARTESIAN_POINT ( 'NONE',  ( 0.1319919543290157538, -0.01104962023074802444, 0.1248161734079527574 ) ) ;
#7583 = CIRCLE ( 'NONE', #1979, 0.003937007874015741905 ) ;
#7584 = EDGE_CURVE ( 'NONE', #9479, #8282, #3074, .T. ) ;
#7585 = LINE ( 'NONE', #6176, #5754 ) ;
#7586 = PLANE ( 'NONE',  #9348 ) ;
#7587 = ORIENTED_EDGE ( 'NONE', *, *, #1670, .T. ) ;
#7588 = CARTESIAN_POINT ( 'NONE',  ( 0.1358268313981101372, 0.06690697110063258124, 0.06584677304152404542 ) ) ;
#7589 = CARTESIAN_POINT ( 'NONE',  ( -0.1397637197829918188, 0.05118116751464523578, 0.08003677209448736840 ) ) ;
#7590 = DIRECTION ( 'NONE',  ( -6.123233995736766036E-17, 1.000000000000000000, 0.0000000000000000000 ) ) ;
#7591 = CARTESIAN_POINT ( 'NONE',  ( -0.1377951920792785390, 0.05501462671877545979, 0.05368332326538458044 ) ) ;
#7592 = ORIENTED_EDGE ( 'NONE', *, *, #7351, .F. ) ;
#7593 = ORIENTED_EDGE ( 'NONE', *, *, #9899, .T. ) ;
#7594 = CARTESIAN_POINT ( 'NONE',  ( -0.1003936410428346443, 0.07379122320923296730, 0.04133858267716534335 ) ) ;
#7595 = EDGE_CURVE ( 'NONE', #2364, #7799, #2873, .T. ) ;
#7596 = EDGE_CURVE ( 'NONE', #5562, #9195, #6578, .T. ) ;
#7597 = CARTESIAN_POINT ( 'NONE',  ( 0.2854331306106297483, 0.008202670381561734045, 0.08886296812712216053 ) ) ;
#7598 = CARTESIAN_POINT ( 'NONE',  ( 0.1751969101381890548, -0.007792227634572670113, 0.04330708661417433103 ) ) ;
#7599 = CARTESIAN_POINT ( 'NONE',  ( -0.1325847361463527441, -0.05711992014257284700, 0.07574709207037808034 ) ) ;
#7600 = ORIENTED_EDGE ( 'NONE', *, *, #9304, .F. ) ;
#7601 = ORIENTED_EDGE ( 'NONE', *, *, #4047, .T. ) ;
#7602 = LINE ( 'NONE', #8275, #275 ) ;
#7603 = EDGE_CURVE ( 'NONE', #5268, #7245, #1567, .T. ) ;
#7604 = ORIENTED_EDGE ( 'NONE', *, *, #1408, .T. ) ;
#7605 = EDGE_CURVE ( 'NONE', #729, #4092, #3564, .T. ) ;
#7606 = EDGE_CURVE ( 'NONE', #1222, #6238, #4209, .T. ) ;
#7607 = CARTESIAN_POINT ( 'NONE',  ( 0.1673228943901572674, 0.0004344532365328879577, 0.1181073414296057028 ) ) ;
#7608 = CARTESIAN_POINT ( 'NONE',  ( 0.008858327461102322165, -0.04740778750511733669, 0.1338582677165354173 ) ) ;
#7609 = EDGE_LOOP ( 'NONE', ( #6767, #5282, #4107, #2185, #5002, #2947, #2103 ) ) ;
#7610 = CARTESIAN_POINT ( 'NONE',  ( 0.1276750916771653421, -0.01208349741523620513, 0.02059580890291338312 ) ) ;
#7611 =( BOUNDED_CURVE ( )  B_SPLINE_CURVE ( 3, ( #4881, #8235, #2562, #2719 ),
 .UNSPECIFIED., .F., .T. ) 
 B_SPLINE_CURVE_WITH_KNOTS ( ( 4, 4 ),
 ( 0.0000000000000000000, 1.000000000000000000 ),
 .UNSPECIFIED. ) 
 CURVE ( )  GEOMETRIC_REPRESENTATION_ITEM ( )  RATIONAL_B_SPLINE_CURVE ( ( 1.000000000000000000, 0.8425084105508133803, 0.8425084105508133803, 1.000000000000000000 ) ) 
 REPRESENTATION_ITEM ( '' )  );
#7612 = CARTESIAN_POINT ( 'NONE',  ( -0.1294706199516940937, -0.05382000071454370177, 0.04633160447983396268 ) ) ;
#7613 = DIRECTION ( 'NONE',  ( -1.000000000000000000, -6.123233995736766036E-17, -0.0000000000000000000 ) ) ;
#7614 = CARTESIAN_POINT ( 'NONE',  ( -0.1397637197829920130, -0.04810061947463753484, 0.05278041189704603398 ) ) ;
#7615 = B_SPLINE_CURVE_WITH_KNOTS ( 'NONE', 3,
 ( #9227, #7770, #3149, #6077 ),
 .UNSPECIFIED., .F., .F.,
 ( 4, 4 ),
 ( 0.0000000000000000000, 1.000000000000000000 ),
 .UNSPECIFIED. ) ;
#7616 = DIRECTION ( 'NONE',  ( -6.123233995736766036E-17, 1.000000000000000000, 0.0000000000000000000 ) ) ;
#7617 = ADVANCED_FACE ( 'NONE', ( #6738 ), #5956, .F. ) ;
#7618 = CARTESIAN_POINT ( 'NONE',  ( -0.1003936410428346443, -0.06299063056040785091, 0.1226179251399485415 ) ) ;
#7619 = CARTESIAN_POINT ( 'NONE',  ( -0.1397637197829920963, -0.04902302476783132468, 0.07037170635254280660 ) ) ;
#7620 = ORIENTED_EDGE ( 'NONE', *, *, #10002, .T. ) ;
#7621 = CARTESIAN_POINT ( 'NONE',  ( 0.1200787999020470065, -0.05577387916804189133, 0.1303844372394393769 ) ) ;
#7622 = DIRECTION ( 'NONE',  ( 6.123233995736766036E-17, -1.000000000000000000, 0.0000000000000000000 ) ) ;
#7623 = CARTESIAN_POINT ( 'NONE',  ( 0.1751969101381888883, -0.008156441289934200298, 0.06069737385471483254 ) ) ;
#7624 = CARTESIAN_POINT ( 'NONE',  ( -0.1279526961609449009, -0.04921253327275589007, 0.04577618782838582812 ) ) ;
#7625 = LINE ( 'NONE', #653, #1455 ) ;
#7626 = CARTESIAN_POINT ( 'NONE',  ( -0.1324812906219723641, -0.04330702146173365935, 0.05059893355111053093 ) ) ;
#7627 = VERTEX_POINT ( 'NONE', #4417 ) ;
#7628 = CARTESIAN_POINT ( 'NONE',  ( -0.07086608198771657263, -0.04330702146173227851, 0.007874015748030880127 ) ) ;
#7629 = ORIENTED_EDGE ( 'NONE', *, *, #7143, .F. ) ;
#7630 = CARTESIAN_POINT ( 'NONE',  ( -0.1392992980403902348, 0.05005687874803831094, 0.07767031199239414485 ) ) ;
#7631 = CARTESIAN_POINT ( 'NONE',  ( -0.1358600830307657159, 0.04458062359222766946, 0.1028401728111246055 ) ) ;
#7632 = CARTESIAN_POINT ( 'NONE',  ( -0.1279526961609449287, 0.05331344158368944708, 0.1043653315612598498 ) ) ;
#7633 = VERTEX_POINT ( 'NONE', #2665 ) ;
#7634 = CARTESIAN_POINT ( 'NONE',  ( -0.1279526961609449009, 0.04921266357763773303, 0.07286926856913386596 ) ) ;
#7635 = DIRECTION ( 'NONE',  ( 6.123233995736766036E-17, -1.000000000000000000, -0.0000000000000000000 ) ) ;
#7636 = CARTESIAN_POINT ( 'NONE',  ( 0.2736221069885826362, 0.01181108877448836837, 0.07480314960629920462 ) ) ;
#7637 = CARTESIAN_POINT ( 'NONE',  ( -0.1377951022625341360, 0.05405832170393073954, 0.05417212946443999283 ) ) ;
#7638 = ORIENTED_EDGE ( 'NONE', *, *, #97, .F. ) ;
#7639 = CARTESIAN_POINT ( 'NONE',  ( -0.1311808875536875640, 0.04460519613581900161, 0.1034629838200355895 ) ) ;
#7640 = ORIENTED_EDGE ( 'NONE', *, *, #8168, .F. ) ;
#7641 = EDGE_CURVE ( 'NONE', #509, #6936, #8952, .T. ) ;
#7642 = CARTESIAN_POINT ( 'NONE',  ( 0.1574803747051181091, 0.0005134429615748120927, 0.1181071932307914407 ) ) ;
#7643 = CARTESIAN_POINT ( 'NONE',  ( 0.2854331306106299149, 0.01573091164845979648, 0.07693852892449641601 ) ) ;
#7644 = CARTESIAN_POINT ( 'NONE',  ( -0.1320534741669895373, -0.05161471341241553878, 0.07727225082051179805 ) ) ;
#7645 = ORIENTED_EDGE ( 'NONE', *, *, #1598, .T. ) ;
#7646 = CARTESIAN_POINT ( 'NONE',  ( -0.1377951810840442604, -0.05739829166524871434, 0.1065429531635425503 ) ) ;
#7647 = EDGE_CURVE ( 'NONE', #9405, #410, #1405, .T. ) ;
#7648 = DIRECTION ( 'NONE',  ( 6.123233995736766036E-17, -1.000000000000000000, -0.0000000000000000000 ) ) ;
#7649 = ORIENTED_EDGE ( 'NONE', *, *, #6659, .F. ) ;
#7650 = B_SPLINE_CURVE_WITH_KNOTS ( 'NONE', 3,
 ( #7400, #5901, #1047, #4980, #9049, #8117, #7493, #7342, #1977, #8164 ),
 .UNSPECIFIED., .F., .F.,
 ( 4, 2, 2, 2, 4 ),
 ( 0.0000000000000000000, 0.2500000000000000000, 0.5000000000000000000, 0.7500000000000000000, 1.000000000000000000 ),
 .UNSPECIFIED. ) ;
#7651 = CARTESIAN_POINT ( 'NONE',  ( 0.1673228943901570731, 0.0002896676546593283919, 0.1181095096507435299 ) ) ;
#7652 = CARTESIAN_POINT ( 'NONE',  ( -0.1003936410428346027, 0.07791984423786815772, 0.04133858267715598972 ) ) ;
#7653 = ADVANCED_FACE ( 'NONE', ( #8480 ), #2141, .T. ) ;
#7654 = EDGE_CURVE ( 'NONE', #9941, #3656, #8000, .T. ) ;
#7655 = ORIENTED_EDGE ( 'NONE', *, *, #6991, .F. ) ;
#7656 = EDGE_CURVE ( 'NONE', #1030, #7267, #9722, .T. ) ;
#7657 = DIRECTION ( 'NONE',  ( -6.123233995736766036E-17, 1.000000000000000000, 0.0000000000000000000 ) ) ;
#7658 = LINE ( 'NONE', #5395, #8201 ) ;
#7659 = CYLINDRICAL_SURFACE ( 'NONE', #3087, 0.007874015748031499423 ) ;
#7660 = CARTESIAN_POINT ( 'NONE',  ( 0.1279528156500787106, 0.06692919926085216797, 0.06602284896353387278 ) ) ;
#7661 = LINE ( 'NONE', #6849, #929 ) ;
#7662 = ORIENTED_EDGE ( 'NONE', *, *, #9613, .F. ) ;
#7663 = CARTESIAN_POINT ( 'NONE',  ( 0.1247258340280580219, -0.05055381148838326844, 0.1338732575602999963 ) ) ;
#7664 = ORIENTED_EDGE ( 'NONE', *, *, #5320, .T. ) ;
#7665 = CARTESIAN_POINT ( 'NONE',  ( 0.1200787999020471869, -0.07098692093952760351, 0.1317208928393110157 ) ) ;
#7666 = EDGE_CURVE ( 'NONE', #3234, #585, #843, .T. ) ;
#7667 = FACE_OUTER_BOUND ( 'NONE', #4695, .T. ) ;
#7668 = CARTESIAN_POINT ( 'NONE',  ( -0.1369911382989602855, 0.05150794460964342597, 0.03780092789586868285 ) ) ;
#7669 = CARTESIAN_POINT ( 'NONE',  ( -0.1279526961609449009, 0.03444888405007871801, 0.09386310701873730455 ) ) ;
#7670 = CARTESIAN_POINT ( 'NONE',  ( -0.09422601980451394965, 0.03966077212731812518, 0.01567416640385432824 ) ) ;
#7671 = EDGE_LOOP ( 'NONE', ( #812, #791, #274, #5733 ) ) ;
#7672 = FACE_OUTER_BOUND ( 'NONE', #5169, .T. ) ;
#7673 = VERTEX_POINT ( 'NONE', #5437 ) ;
#7674 = CIRCLE ( 'NONE', #7352, 0.04330708661417343591 ) ;
#7675 = CARTESIAN_POINT ( 'NONE',  ( -0.1358267119089763830, -0.05646908915267918883, 0.09272473916422455109 ) ) ;
#7676 = DIRECTION ( 'NONE',  ( -1.000000000000000000, -6.123233995736766036E-17, 0.0000000000000000000 ) ) ;
#7677 = EDGE_LOOP ( 'NONE', ( #3322, #9704, #6027, #8469 ) ) ;
#7678 = AXIS2_PLACEMENT_3D ( 'NONE', #1291, #1960, #5116 ) ;
#7679 = AXIS2_PLACEMENT_3D ( 'NONE', #2197, #9219, #3702 ) ;
#7680 = CARTESIAN_POINT ( 'NONE',  ( -0.1376360550666306803, 0.05493958164487546675, 0.08003679846107089602 ) ) ;
#7681 = CARTESIAN_POINT ( 'NONE',  ( 0.1751969101381889993, 0.03137873915854069717, 0.07208638652795154589 ) ) ;
#7682 = CARTESIAN_POINT ( 'NONE',  ( -0.1358267238606548355, -0.05511804508376715733, 0.07010472788254473731 ) ) ;
#7683 =( NAMED_UNIT ( * ) SI_UNIT ( $, .STERADIAN. ) SOLID_ANGLE_UNIT ( ) );
#7684 = ORIENTED_EDGE ( 'NONE', *, *, #6799, .T. ) ;
#7685 = CARTESIAN_POINT ( 'NONE',  ( -0.1301192895328933952, 0.04460519613581898773, 0.1036938281280428559 ) ) ;
#7686 = ORIENTED_EDGE ( 'NONE', *, *, #9442, .F. ) ;
#7687 = CARTESIAN_POINT ( 'NONE',  ( 0.1273055964345274904, -0.002112474321220482974, 0.1302983472587795066 ) ) ;
#7688 = CARTESIAN_POINT ( 'NONE',  ( 0.1594488786421259796, -0.08218124840409794796, 0.1171189125200064463 ) ) ;
#7689 = CARTESIAN_POINT ( 'NONE',  ( -0.1384513838249707973, -0.05015874144794500722, 0.07322390921021193488 ) ) ;
#7690 = CARTESIAN_POINT ( 'NONE',  ( -0.1377952158459844201, 0.03122077957744070695, 0.05804697158749990565 ) ) ;
#7691 = AXIS2_PLACEMENT_3D ( 'NONE', #9559, #7290, #3374 ) ;
#7692 = CARTESIAN_POINT ( 'NONE',  ( 0.1200787999020401786, -0.06294403425129921348, 0.1233168347569969236 ) ) ;
#7693 = ORIENTED_EDGE ( 'NONE', *, *, #7920, .F. ) ;
#7694 = CARTESIAN_POINT ( 'NONE',  ( -0.1377951833718630281, -0.04937720807527413297, 0.1096357323654008897 ) ) ;
#7695 = EDGE_LOOP ( 'NONE', ( #156, #4358, #5882 ) ) ;
#7696 = CARTESIAN_POINT ( 'NONE',  ( -0.1358266333937625525, -0.04330702146176792361, 0.05294363677158128029 ) ) ;
#7697 =( BOUNDED_CURVE ( )  B_SPLINE_CURVE ( 3, ( #4035, #3368, #9487, #3271 ),
 .UNSPECIFIED., .F., .T. ) 
 B_SPLINE_CURVE_WITH_KNOTS ( ( 4, 4 ),
 ( 0.0000000000000000000, 1.000000000000000000 ),
 .UNSPECIFIED. ) 
 CURVE ( )  GEOMETRIC_REPRESENTATION_ITEM ( )  RATIONAL_B_SPLINE_CURVE ( ( 1.000000000000000000, 0.9976647929699692385, 0.9976647929699692385, 1.000000000000000000 ) ) 
 REPRESENTATION_ITEM ( '' )  );
#7698 = VECTOR ( 'NONE', #6632, 39.37007874015748143 ) ;
#7699 = EDGE_LOOP ( 'NONE', ( #3515, #6572, #8984, #8438 ) ) ;
#7700 = B_SPLINE_CURVE_WITH_KNOTS ( 'NONE', 3,
 ( #4485, #5352, #840, #6854, #5308, #9123 ),
 .UNSPECIFIED., .F., .F.,
 ( 4, 2, 4 ),
 ( 0.0000000000000000000, 0.5000000000000000000, 1.000000000000000000 ),
 .UNSPECIFIED. ) ;
#7701 = VECTOR ( 'NONE', #5197, 39.37007874015748143 ) ;
#7702 = ADVANCED_FACE ( 'NONE', ( #3740 ), #540, .F. ) ;
#7703 = CARTESIAN_POINT ( 'NONE',  ( 0.1200787999020471869, 6.515988187905108475E-08, 0.1338582677165354173 ) ) ;
#7704 = CARTESIAN_POINT ( 'NONE',  ( -0.1003936410428345610, -0.07791971393300593796, 0.04133858267716856300 ) ) ;
#7705 = AXIS2_PLACEMENT_3D ( 'NONE', #3626, #9914, #5129 ) ;
#7706 = ORIENTED_EDGE ( 'NONE', *, *, #5835, .F. ) ;
#7707 = VECTOR ( 'NONE', #6683, 39.37007874015748854 ) ;
#7708 = CARTESIAN_POINT ( 'NONE',  ( 0.06593501021484249325, -0.01968497421763776636, 0.003937007874015747977 ) ) ;
#7709 = CARTESIAN_POINT ( 'NONE',  ( -0.1313087054023631128, -0.04658786135673444184, 0.04636345432707439373 ) ) ;
#7710 = DIRECTION ( 'NONE',  ( -1.000000000000000000, -3.061616997893404700E-17, 3.061616997868383018E-17 ) ) ;
#7711 = VECTOR ( 'NONE', #557, 39.37007874015748143 ) ;
#7712 = CARTESIAN_POINT ( 'NONE',  ( -0.1200786804129134189, -0.06095865663511005478, 0.09961180018685499016 ) ) ;
#7713 = VECTOR ( 'NONE', #5427, 39.37007874015748143 ) ;
#7714 = EDGE_CURVE ( 'NONE', #3996, #9563, #9978, .T. ) ;
#7715 = LINE ( 'NONE', #7869, #119 ) ;
#7716 = EDGE_CURVE ( 'NONE', #3207, #378, #4292, .T. ) ;
#7717 = CARTESIAN_POINT ( 'NONE',  ( -0.1200786804129134189, -0.02816025482865973373, 0.03301361828189103981 ) ) ;
#7718 = ORIENTED_EDGE ( 'NONE', *, *, #7595, .F. ) ;
#7719 = FACE_OUTER_BOUND ( 'NONE', #3437, .T. ) ;
#7720 = CARTESIAN_POINT ( 'NONE',  ( -0.1397637197829920963, -0.05118103720976212301, 0.07010472905581136005 ) ) ;
#7721 = CIRCLE ( 'NONE', #4934, 0.007874015748031142070 ) ;
#7722 = CARTESIAN_POINT ( 'NONE',  ( -0.1279526961609449009, -0.04921253327275589007, 0.04577618782838582118 ) ) ;
#7723 = CARTESIAN_POINT ( 'NONE',  ( -0.1281369481294488410, -0.04574383263740323252, 0.1338582677165354173 ) ) ;
#7724 = EDGE_CURVE ( 'NONE', #9400, #9941, #4335, .T. ) ;
#7725 = CARTESIAN_POINT ( 'NONE',  ( -0.1279526961609449009, -0.02755898996566928660, 0.04668728965140609560 ) ) ;
#7726 = EDGE_LOOP ( 'NONE', ( #8414, #4393, #1374, #5334 ) ) ;
#7727 = ORIENTED_EDGE ( 'NONE', *, *, #7530, .T. ) ;
#7728 = CYLINDRICAL_SURFACE ( 'NONE', #2766, 0.007874015748031534118 ) ;
#7729 = CARTESIAN_POINT ( 'NONE',  ( -0.1200786804129134466, -0.05911283914249582799, 0.1083680208057498096 ) ) ;
#7730 = CIRCLE ( 'NONE', #1150, 0.01181102362204724046 ) ;
#7731 = CARTESIAN_POINT ( 'NONE',  ( -0.1358267119089763830, -0.05085426011476606306, 0.09291903813205203144 ) ) ;
#7732 = DIRECTION ( 'NONE',  ( 6.123233995736766036E-17, -1.000000000000000000, 0.0000000000000000000 ) ) ;
#7733 = ORIENTED_EDGE ( 'NONE', *, *, #9855, .F. ) ;
#7734 = B_SPLINE_CURVE_WITH_KNOTS ( 'NONE', 3,
 ( #5686, #219, #6397, #8100, #2425, #9599, #5578, #2484 ),
 .UNSPECIFIED., .F., .F.,
 ( 4, 2, 2, 4 ),
 ( 0.0000000000000000000, 0.1250000004794367681, 0.2500000009588735361, 0.5000000019177470723 ),
 .UNSPECIFIED. ) ;
#7735 = CARTESIAN_POINT ( 'NONE',  ( -0.1023621449798425426, 6.515244097154551463E-08, 0.01574803149606298844 ) ) ;
#7736 = CARTESIAN_POINT ( 'NONE',  ( 0.1200787999020472285, 0.05577400947497794526, 0.01922186197520280720 ) ) ;
#7737 = DIRECTION ( 'NONE',  ( -1.000000000000000000, 0.0000000000000000000, 0.0000000000000000000 ) ) ;
#7738 = CARTESIAN_POINT ( 'NONE',  ( -0.1279526961609449287, -0.05183720524023042314, 0.07705198776564245455 ) ) ;
#7739 = ORIENTED_EDGE ( 'NONE', *, *, #2951, .F. ) ;
#7740 = CARTESIAN_POINT ( 'NONE',  ( -0.1312521024186863172, 0.04658799166161241290, 0.1037904840316996868 ) ) ;
#7741 = VECTOR ( 'NONE', #226, 39.37007874015748143 ) ;
#7742 = ORIENTED_EDGE ( 'NONE', *, *, #6722, .F. ) ;
#7743 = CARTESIAN_POINT ( 'NONE',  ( -0.1279526961609449287, 0.05183733554514876468, 0.07308953162400509684 ) ) ;
#7744 = EDGE_CURVE ( 'NONE', #7438, #2749, #9209, .T. ) ;
#7745 = CARTESIAN_POINT ( 'NONE',  ( -0.1356852387306960173, 0.04330715176661506516, 0.07717765869776894994 ) ) ;
#7746 = CARTESIAN_POINT ( 'NONE',  ( -0.1023621449798401417, -0.05577370092932322498, 0.1303842543837251122 ) ) ;
#7747 = CARTESIAN_POINT ( 'NONE',  ( 0.1200787999020472285, -0.06131933013454766990, 6.453139757235654269E-05 ) ) ;
#7748 = CARTESIAN_POINT ( 'NONE',  ( -0.1358600830307618579, -0.05384457325816372625, 0.07574709207037808034 ) ) ;
#7749 = VERTEX_POINT ( 'NONE', #5243 ) ;
#7750 = CARTESIAN_POINT ( 'NONE',  ( -0.1394465141268448616, -0.05375767640845359463, 0.07172396350105007812 ) ) ;
#7751 = ORIENTED_EDGE ( 'NONE', *, *, #9613, .T. ) ;
#7752 = CARTESIAN_POINT ( 'NONE',  ( -0.1200786804129134189, -0.03543300571370078256, 0.02007874015748031121 ) ) ;
#7753 = ORIENTED_EDGE ( 'NONE', *, *, #544, .F. ) ;
#7754 = EDGE_CURVE ( 'NONE', #2742, #1373, #6515, .T. ) ;
#7755 = ORIENTED_EDGE ( 'NONE', *, *, #9063, .F. ) ;
#7756 = B_SPLINE_CURVE_WITH_KNOTS ( 'NONE', 3,
 ( #196, #3298, #1006, #8022 ),
 .UNSPECIFIED., .F., .F.,
 ( 4, 4 ),
 ( 0.0000000000000000000, 1.000000000000000000 ),
 .UNSPECIFIED. ) ;
#7757 = CARTESIAN_POINT ( 'NONE',  ( 0.1279528156500787661, 0.06907304220325324873, 0.05638637811455680243 ) ) ;
#7758 = CARTESIAN_POINT ( 'NONE',  ( -0.1312521024186873997, -0.05183720518874192218, 0.07669740329092496200 ) ) ;
#7759 = CARTESIAN_POINT ( 'NONE',  ( 0.1200787999020436758, 0.06299219113668860781, 0.01751325901236600036 ) ) ;
#7760 =( BOUNDED_SURFACE ( )  B_SPLINE_SURFACE ( 3, 3, ( 
 ( #5574, #4904, #8878, #816 ),
 ( #6444, #9596, #59, #4957 ),
 ( #1025, #8662, #262, #6333 ),
 ( #6288, #9435, #9482, #1646 ) ),
 .UNSPECIFIED., .F., .F., .F. ) 
 B_SPLINE_SURFACE_WITH_KNOTS ( ( 4, 4 ),
 ( 4, 4 ),
 ( 0.0000000000000000000, 1.000000000000000000 ),
 ( 0.0000000000000000000, 1.000000000000000000 ),
 .UNSPECIFIED. ) 
 GEOMETRIC_REPRESENTATION_ITEM ( )  RATIONAL_B_SPLINE_SURFACE ( (
 ( 1.000000000000000000, 0.9484266781397115986, 0.9484266781397115986, 1.000000000000000000),
 ( 0.8025111976489088805, 0.7611230293560762306, 0.7611230293560762306, 0.8025111976489088805),
 ( 0.8025111976489088805, 0.7611230293560762306, 0.7611230293560762306, 0.8025111976489088805),
 ( 1.000000000000000000, 0.9484266781397115986, 0.9484266781397115986, 1.000000000000000000) ) ) 
 REPRESENTATION_ITEM ( '' )  SURFACE ( )  );
#7761 = VERTEX_POINT ( 'NONE', #634 ) ;
#7762 = CARTESIAN_POINT ( 'NONE',  ( -0.1279526961609449009, -0.03444875374519684730, 0.05574319219386040386 ) ) ;
#7763 = B_SPLINE_CURVE_WITH_KNOTS ( 'NONE', 3,
 ( #3974, #4647, #6175, #2861 ),
 .UNSPECIFIED., .F., .F.,
 ( 4, 4 ),
 ( 0.0000000000000000000, 1.000000000000000000 ),
 .UNSPECIFIED. ) ;
#7764 = CARTESIAN_POINT ( 'NONE',  ( 0.2775591148625984328, 0.007874080900477043940, 0.07480314960629919074 ) ) ;
#7765 = CARTESIAN_POINT ( 'NONE',  ( -0.1377952158459843091, -0.03051174587118403100, 0.09281791852137465104 ) ) ;
#7766 = CARTESIAN_POINT ( 'NONE',  ( -0.1393675992573127076, -0.04535836582472210082, 0.07270354738551665363 ) ) ;
#7767 = ORIENTED_EDGE ( 'NONE', *, *, #4718, .F. ) ;
#7768 = CARTESIAN_POINT ( 'NONE',  ( 0.06846567009550533212, -0.02047237579244093331, 0.006952930878415179532 ) ) ;
#7769 = CARTESIAN_POINT ( 'NONE',  ( -0.1291162533926872580, 0.04330715176661410065, 0.07697147372051424408 ) ) ;
#7770 = CARTESIAN_POINT ( 'NONE',  ( -0.1023621449798354371, 0.05360393098114003135, 0.1325620376918940357 ) ) ;
#7771 = CARTESIAN_POINT ( 'NONE',  ( -0.1369911382989602855, 0.06061648386953953638, 0.04774905373723923457 ) ) ;
#7772 = EDGE_CURVE ( 'NONE', #632, #5336, #8594, .T. ) ;
#7773 = CARTESIAN_POINT ( 'NONE',  ( -0.07086608198771690570, -0.05577387916803614593, 0.01922186197313122819 ) ) ;
#7774 = CARTESIAN_POINT ( 'NONE',  ( 0.1262800846858682102, -0.04724402933574800567, 0.007938546860494702720 ) ) ;
#7775 = ORIENTED_EDGE ( 'NONE', *, *, #7772, .F. ) ;
#7776 = PLANE ( 'NONE',  #2758 ) ;
#7777 = VERTEX_POINT ( 'NONE', #3842 ) ;
#7778 = PLANE ( 'NONE',  #3580 ) ;
#7779 = CARTESIAN_POINT ( 'NONE',  ( -0.1029920662396850567, 6.515244094229544203E-08, 0.07480314960629920462 ) ) ;
#7780 = CARTESIAN_POINT ( 'NONE',  ( 0.1279528156500750469, 6.515244099780659326E-08, 0.1338582677165354173 ) ) ;
#7781 = EDGE_CURVE ( 'NONE', #9871, #9499, #1086, .T. ) ;
#7782 = EDGE_CURVE ( 'NONE', #8418, #10020, #2706, .T. ) ;
#7783 = CARTESIAN_POINT ( 'NONE',  ( -0.1384514022950983358, 0.05126464246402901576, 0.07704525258102112861 ) ) ;
#7784 = ORIENTED_EDGE ( 'NONE', *, *, #8329, .T. ) ;
#7785 = CARTESIAN_POINT ( 'NONE',  ( 0.1594488786421259241, 0.02952749910539697112, 0.07480314978591853792 ) ) ;
#7786 = CARTESIAN_POINT ( 'NONE',  ( 0.1594488786421259241, 0.001499239739555671561, 0.08654933977824554037 ) ) ;
#7787 = EDGE_CURVE ( 'NONE', #2526, #6598, #4669, .T. ) ;
#7788 = FACE_OUTER_BOUND ( 'NONE', #5162, .T. ) ;
#7789 = ORIENTED_EDGE ( 'NONE', *, *, #478, .T. ) ;
#7790 = PLANE ( 'NONE',  #5545 ) ;
#7791 = ORIENTED_EDGE ( 'NONE', *, *, #1833, .T. ) ;
#7792 = CARTESIAN_POINT ( 'NONE',  ( 0.1273547482001969045, -0.004571395988070848029, 0.1301529353992125493 ) ) ;
#7793 = CARTESIAN_POINT ( 'NONE',  ( 0.1275688522599999764, 6.515244097005101764E-08, 0.07480314960629920462 ) ) ;
#7794 = CARTESIAN_POINT ( 'NONE',  ( -0.1279526961609451230, -0.05996279807206494894, 0.1074998686886153160 ) ) ;
#7795 = CARTESIAN_POINT ( 'NONE',  ( -0.1377952158459843923, -0.03122064927255526270, 0.05804697158749325819 ) ) ;
#7796 = CARTESIAN_POINT ( 'NONE',  ( -0.1378148836212096939, -0.05979122039589676585, 0.1020644192196995259 ) ) ;
#7797 = ORIENTED_EDGE ( 'NONE', *, *, #1833, .F. ) ;
#7798 = CARTESIAN_POINT ( 'NONE',  ( -0.1377952044518932495, -0.05728393206629299461, 0.1067014487104908094 ) ) ;
#7799 = VERTEX_POINT ( 'NONE', #7859 ) ;
#7800 = CARTESIAN_POINT ( 'NONE',  ( -0.1376360550666169691, -0.04348561520550256465, 0.05294371772031506579 ) ) ;
#7801 = EDGE_CURVE ( 'NONE', #5206, #8751, #186, .T. ) ;
#7802 = ORIENTED_EDGE ( 'NONE', *, *, #1967, .T. ) ;
#7803 = ORIENTED_EDGE ( 'NONE', *, *, #1310, .T. ) ;
#7804 = CARTESIAN_POINT ( 'NONE',  ( -0.1279526961609449009, 0.02755912027055118160, 0.1029190095611923067 ) ) ;
#7805 = LINE ( 'NONE', #7608, #4757 ) ;
#7806 = CARTESIAN_POINT ( 'NONE',  ( -0.1289463631457477832, -0.04330702146173454059, 0.04786747128992228234 ) ) ;
#7807 = ORIENTED_EDGE ( 'NONE', *, *, #7081, .F. ) ;
#7808 = CARTESIAN_POINT ( 'NONE',  ( -0.1279526961609449009, -0.05511804508377923795, 0.07317004566913801189 ) ) ;
#7809 = CARTESIAN_POINT ( 'NONE',  ( -0.1279526961609449287, -0.05183720524023641141, 0.04599645088325089032 ) ) ;
#7810 = CARTESIAN_POINT ( 'NONE',  ( -0.1382438048575630185, -0.04477195580203235242, 0.05030964946351287881 ) ) ;
#7811 = CARTESIAN_POINT ( 'NONE',  ( 0.1751969101381925242, -0.06447844768352863076, 0.08364077040637489524 ) ) ;
#7812 = DIRECTION ( 'NONE',  ( 0.0000000000000000000, -0.0000000000000000000, -1.000000000000000000 ) ) ;
#7813 = CARTESIAN_POINT ( 'NONE',  ( -0.1355292781064338370, -0.04356748952492839333, 0.07172300977591172799 ) ) ;
#7814 = B_SPLINE_CURVE_WITH_KNOTS ( 'NONE', 3,
 ( #442, #6007, #3742, #8443 ),
 .UNSPECIFIED., .F., .F.,
 ( 4, 4 ),
 ( 0.0000000000000000000, 1.000000000000000000 ),
 .UNSPECIFIED. ) ;
#7815 = VERTEX_POINT ( 'NONE', #2443 ) ;
#7816 = DIRECTION ( 'NONE',  ( 1.000000000000000000, 0.0000000000000000000, 0.0000000000000000000 ) ) ;
#7817 = DIRECTION ( 'NONE',  ( -6.123233995736766036E-17, 1.000000000000000000, 0.0000000000000000000 ) ) ;
#7818 = CARTESIAN_POINT ( 'NONE',  ( -0.1200786804129134189, -0.02755898996566929007, 0.04668728965140608173 ) ) ;
#7819 = CARTESIAN_POINT ( 'NONE',  ( -0.1358267119089763830, 0.04173351528289542811, 0.04709561597784445164 ) ) ;
#7820 =( CONVERSION_BASED_UNIT ( 'INCH', #4685 ) LENGTH_UNIT ( ) NAMED_UNIT ( #4162 ) );
#7821 = LINE ( 'NONE', #9314, #1629 ) ;
#7822 = ORIENTED_EDGE ( 'NONE', *, *, #8731, .F. ) ;
#7823 = CARTESIAN_POINT ( 'NONE',  ( -0.03914009828404594465, -0.02929842179668587510, 0.007874015748031497688 ) ) ;
#7824 = VERTEX_POINT ( 'NONE', #1665 ) ;
#7825 = FACE_OUTER_BOUND ( 'NONE', #7243, .T. ) ;
#7826 = CARTESIAN_POINT ( 'NONE',  ( 0.1276134326376474337, 6.517971596561690190E-08, 0.1282951536049732055 ) ) ;
#7827 = EDGE_CURVE ( 'NONE', #8515, #1506, #3441, .T. ) ;
#7828 = CARTESIAN_POINT ( 'NONE',  ( -0.1312521024186873997, -0.05183720518874192218, 0.07669740329092496200 ) ) ;
#7829 = LINE ( 'NONE', #9539, #4592 ) ;
#7830 = EDGE_LOOP ( 'NONE', ( #5483, #7958, #6276, #9456, #8646 ) ) ;
#7831 = DIRECTION ( 'NONE',  ( -1.000000000000000000, 0.0000000000000000000, 0.0000000000000000000 ) ) ;
#7832 = CARTESIAN_POINT ( 'NONE',  ( -0.1200786804129133911, -0.04748005441248458192, 0.1337743311707177696 ) ) ;
#7833 = CARTESIAN_POINT ( 'NONE',  ( 0.1594488786421259241, 0.01181108877448820010, 0.07480314960629919074 ) ) ;
#7834 = FACE_OUTER_BOUND ( 'NONE', #7479, .T. ) ;
#7835 = DIRECTION ( 'NONE',  ( -1.000000000000000000, 0.0000000000000000000, 0.0000000000000000000 ) ) ;
#7836 = ORIENTED_EDGE ( 'NONE', *, *, #4219, .F. ) ;
#7837 = CARTESIAN_POINT ( 'NONE',  ( -0.1312521024186862895, 0.04658799166161241290, 0.1037904840316997146 ) ) ;
#7838 = VECTOR ( 'NONE', #7246, 39.37007874015748143 ) ;
#7839 = B_SPLINE_CURVE_WITH_KNOTS ( 'NONE', 3,
 ( #7318, #5774, #8918, #4225 ),
 .UNSPECIFIED., .F., .F.,
 ( 4, 4 ),
 ( 0.0000000000000000000, 1.000000000000000000 ),
 .UNSPECIFIED. ) ;
#7840 = ORIENTED_EDGE ( 'NONE', *, *, #8440, .T. ) ;
#7841 = CARTESIAN_POINT ( 'NONE',  ( 0.1275551950929133260, -0.009699002290905528803, 0.1294880303541732225 ) ) ;
#7842 = EDGE_CURVE ( 'NONE', #8274, #2496, #8677, .T. ) ;
#7843 = VECTOR ( 'NONE', #9040, 39.37007874015748143 ) ;
#7844 = CARTESIAN_POINT ( 'NONE',  ( -0.1279526961609449009, -0.05511804508377923795, 0.07317004566913801189 ) ) ;
#7845 = EDGE_CURVE ( 'NONE', #2848, #1385, #4821, .T. ) ;
#7846 = EDGE_CURVE ( 'NONE', #5589, #6254, #9452, .T. ) ;
#7847 = CARTESIAN_POINT ( 'NONE',  ( -0.1200786804129134189, 0.05999770310610995361, 0.05231471371101427403 ) ) ;
#7848 = VECTOR ( 'NONE', #1029, 39.37007874015748143 ) ;
#7849 = CYLINDRICAL_SURFACE ( 'NONE', #9339, 0.01968503937007873988 ) ;
#7850 = CARTESIAN_POINT ( 'NONE',  ( -0.1357896280878212458, 0.04330732642213139943, 0.08003679033381889962 ) ) ;
#7851 = ORIENTED_EDGE ( 'NONE', *, *, #2828, .T. ) ;
#7852 = CARTESIAN_POINT ( 'NONE',  ( -0.1377950816368341547, -0.04843312744856191621, 0.1093442527499955963 ) ) ;
#7853 = CONICAL_SURFACE ( 'NONE', #7358, 0.01574803149606306824, 0.7853981633974482790 ) ;
#7854 = ORIENTED_EDGE ( 'NONE', *, *, #9298, .T. ) ;
#7855 = LINE ( 'NONE', #781, #7511 ) ;
#7856 = ORIENTED_EDGE ( 'NONE', *, *, #5217, .T. ) ;
#7857 = ORIENTED_EDGE ( 'NONE', *, *, #9468, .F. ) ;
#7858 = ADVANCED_FACE ( 'NONE', ( #2271 ), #3613, .T. ) ;
#7859 = CARTESIAN_POINT ( 'NONE',  ( -0.1200786804129134189, -0.03543300571370078256, 0.03149606299212598381 ) ) ;
#7860 = ADVANCED_FACE ( 'NONE', ( #8572 ), #5370, .F. ) ;
#7861 = CARTESIAN_POINT ( 'NONE',  ( -0.1397637197829920963, -0.04902302476783170632, 0.07037170635252538997 ) ) ;
#7862 = CARTESIAN_POINT ( 'NONE',  ( 0.1275024971014666053, 6.516018277035999563E-08, 0.1286089252831977836 ) ) ;
#7863 = VERTEX_POINT ( 'NONE', #1490 ) ;
#7864 = AXIS2_PLACEMENT_3D ( 'NONE', #3428, #4147, #4920 ) ;
#7865 = ORIENTED_EDGE ( 'NONE', *, *, #3259, .T. ) ;
#7866 = AXIS2_PLACEMENT_3D ( 'NONE', #8507, #9188, #2120 ) ;
#7867 = LINE ( 'NONE', #793, #3791 ) ;
#7868 = FACE_OUTER_BOUND ( 'NONE', #1605, .T. ) ;
#7869 = CARTESIAN_POINT ( 'NONE',  ( -0.03740151505858273218, 6.515244094229544203E-08, 0.0000000000000000000 ) ) ;
#7870 = ADVANCED_FACE ( 'NONE', ( #5473 ), #7790, .T. ) ;
#7871 = CARTESIAN_POINT ( 'NONE',  ( -0.1397637197829922073, 0.04807906599947413956, 0.09735778136880708644 ) ) ;
#7872 = AXIS2_PLACEMENT_3D ( 'NONE', #8596, #9364, #4833 ) ;
#7873 = VERTEX_POINT ( 'NONE', #6097 ) ;
#7874 = FACE_OUTER_BOUND ( 'NONE', #5762, .T. ) ;
#7875 = CIRCLE ( 'NONE', #9523, 0.009448818897637803818 ) ;
#7876 = CARTESIAN_POINT ( 'NONE',  ( -0.1313789265853156363, 0.04330715176661410065, 0.07748688154972227515 ) ) ;
#7877 = CARTESIAN_POINT ( 'NONE',  ( 0.1574803747053955261, 6.515244096462829948E-08, 0.07480314960629920462 ) ) ;
#7878 = CARTESIAN_POINT ( 'NONE',  ( -0.03740151505858521630, -0.06299206083181010940, 0.01751325901238621335 ) ) ;
#7879 = DIRECTION ( 'NONE',  ( -1.000000000000000000, -6.123233995736766036E-17, 0.0000000000000000000 ) ) ;
#7880 = VERTEX_POINT ( 'NONE', #3166 ) ;
#7881 = DIRECTION ( 'NONE',  ( -0.9557431294307989766, -5.852238821322512025E-17, 0.2942024312371042671 ) ) ;
#7882 = AXIS2_PLACEMENT_3D ( 'NONE', #8332, #3494, #436 ) ;
#7883 = ADVANCED_FACE ( 'NONE', ( #6968 ), #4667, .T. ) ;
#7884 =( BOUNDED_CURVE ( )  B_SPLINE_CURVE ( 3, ( #6117, #8485, #1507, #7808 ),
 .UNSPECIFIED., .F., .T. ) 
 B_SPLINE_CURVE_WITH_KNOTS ( ( 4, 4 ),
 ( 0.0000000000000000000, 1.000000000000000000 ),
 .UNSPECIFIED. ) 
 CURVE ( )  GEOMETRIC_REPRESENTATION_ITEM ( )  RATIONAL_B_SPLINE_CURVE ( ( 1.000000000000000000, 0.9961831556432191315, 0.9961831556432191315, 1.000000000000000000 ) ) 
 REPRESENTATION_ITEM ( '' )  );
#7885 = ORIENTED_EDGE ( 'NONE', *, *, #3325, .F. ) ;
#7886 = LINE ( 'NONE', #9636, #9827 ) ;
#7887 = DIRECTION ( 'NONE',  ( 6.123233995736766036E-17, -1.000000000000000000, 0.0000000000000000000 ) ) ;
#7888 = CARTESIAN_POINT ( 'NONE',  ( -0.1279526961609449009, -0.04724402933574800567, 0.07086614173228344971 ) ) ;
#7889 = AXIS2_PLACEMENT_3D ( 'NONE', #5773, #8917, #1844 ) ;
#7890 = ORIENTED_EDGE ( 'NONE', *, *, #6961, .T. ) ;
#7891 = DIRECTION ( 'NONE',  ( -0.2942024312371062655, 0.0000000000000000000, -0.9557431294307984215 ) ) ;
#7892 = CARTESIAN_POINT ( 'NONE',  ( 0.1358268313981138287, -0.04068875015858780531, 0.1289554664797828154 ) ) ;
#7893 = CARTESIAN_POINT ( 'NONE',  ( 0.1594488786419577531, -0.05119933383713282105, 0.04462844969722661037 ) ) ;
#7894 = DIRECTION ( 'NONE',  ( 1.000000000000000000, 0.0000000000000000000, 0.0000000000000000000 ) ) ;
#7895 = FACE_OUTER_BOUND ( 'NONE', #3198, .T. ) ;
#7896 = ORIENTED_EDGE ( 'NONE', *, *, #1241, .T. ) ;
#7897 = CARTESIAN_POINT ( 'NONE',  ( 0.1358268313981101649, 6.513587668690591666E-08, 0.1259842519685393514 ) ) ;
#7898 = EDGE_CURVE ( 'NONE', #562, #9503, #1059, .T. ) ;
#7899 = B_SPLINE_CURVE_WITH_KNOTS ( 'NONE', 3,
 ( #3190, #6308, #7197, #2393 ),
 .UNSPECIFIED., .F., .F.,
 ( 4, 4 ),
 ( 0.0000000000000000000, 1.000000000000000000 ),
 .UNSPECIFIED. ) ;
#7900 = VERTEX_POINT ( 'NONE', #3117 ) ;
#7901 = CARTESIAN_POINT ( 'NONE',  ( 0.1358268313981101372, -7.435393316268523733E-06, 0.1338582677165354173 ) ) ;
#7902 = AXIS2_PLACEMENT_3D ( 'NONE', #7563, #7416, #396 ) ;
#7903 = DIRECTION ( 'NONE',  ( 1.000000000000000000, 6.123233995736766036E-17, 0.0000000000000000000 ) ) ;
#7904 = EDGE_CURVE ( 'NONE', #6269, #1730, #9809, .T. ) ;
#7905 = CARTESIAN_POINT ( 'NONE',  ( -0.1200786804129134189, 0.05628316828996517834, 0.05609476337699307452 ) ) ;
#7906 = DIRECTION ( 'NONE',  ( -1.000000000000000000, 0.0000000000000000000, 0.0000000000000000000 ) ) ;
#7907 = CARTESIAN_POINT ( 'NONE',  ( -0.1313789265853139154, -0.05511804508377948081, 0.05039380080897669367 ) ) ;
#7908 = ORIENTED_EDGE ( 'NONE', *, *, #9709, .F. ) ;
#7909 = AXIS2_PLACEMENT_3D ( 'NONE', #7289, #4971, #6453 ) ;
#7910 = ORIENTED_EDGE ( 'NONE', *, *, #7605, .F. ) ;
#7911 = CARTESIAN_POINT ( 'NONE',  ( -0.1384513838250003848, -0.04831000477663986714, 0.04982107890626930741 ) ) ;
#7912 = CARTESIAN_POINT ( 'NONE',  ( -0.1198030898617322981, 6.515244094229544203E-08, 0.07480314960629920462 ) ) ;
#7913 = ORIENTED_EDGE ( 'NONE', *, *, #4194, .F. ) ;
#7914 = EDGE_CURVE ( 'NONE', #4212, #6674, #982, .T. ) ;
#7915 = ORIENTED_EDGE ( 'NONE', *, *, #4413, .F. ) ;
#7916 = DIRECTION ( 'NONE',  ( -0.0000000000000000000, -1.000000000000000000, 0.0000000000000000000 ) ) ;
#7917 = CARTESIAN_POINT ( 'NONE',  ( -0.1287854760047159597, 0.04330715176661405208, 0.1002631264098809288 ) ) ;
#7918 = CARTESIAN_POINT ( 'NONE',  ( -0.1200786804129134189, -0.02755898996566929007, 0.07279771312318503163 ) ) ;
#7919 = EDGE_LOOP ( 'NONE', ( #9363, #6675, #9680, #7402 ) ) ;
#7920 = EDGE_CURVE ( 'NONE', #1622, #4454, #4545, .T. ) ;
#7921 = ORIENTED_EDGE ( 'NONE', *, *, #7584, .F. ) ;
#7922 = CARTESIAN_POINT ( 'NONE',  ( -0.1392992980403737202, -0.05009760593171012216, 0.07246797980741889744 ) ) ;
#7923 = ORIENTED_EDGE ( 'NONE', *, *, #2231, .F. ) ;
#7924 = CARTESIAN_POINT ( 'NONE',  ( -0.1196543768838181088, 6.515244346576153275E-08, 0.009755958036364963462 ) ) ;
#7925 = EDGE_CURVE ( 'NONE', #6411, #562, #7697, .T. ) ;
#7926 = CARTESIAN_POINT ( 'NONE',  ( -0.1023621449798425287, -0.05124997287601990720, 0.01567416640385873444 ) ) ;
#7927 = DIRECTION ( 'NONE',  ( 0.0000000000000000000, -0.0000000000000000000, 1.000000000000000000 ) ) ;
#7928 = CARTESIAN_POINT ( 'NONE',  ( -0.1200786804129134189, 0.02755912027055119548, 0.03440236461496397335 ) ) ;
#7929 = VERTEX_POINT ( 'NONE', #819 ) ;
#7930 = CARTESIAN_POINT ( 'NONE',  ( 0.1279528156500785441, -0.04740778751995736173, 0.02362204656932203467 ) ) ;
#7931 = PLANE ( 'NONE',  #5396 ) ;
#7932 = DIRECTION ( 'NONE',  ( 1.000000000000000000, 6.123233995736766036E-17, 0.0000000000000000000 ) ) ;
#7933 = CARTESIAN_POINT ( 'NONE',  ( 0.1358268313981101649, 0.05118103542095132907, 0.07480314949631919341 ) ) ;
#7934 = EDGE_CURVE ( 'NONE', #7900, #205, #7734, .T. ) ;
#7935 = CARTESIAN_POINT ( 'NONE',  ( -0.1200786804129131968, 0.04625258641785820468, 0.1338582677165354728 ) ) ;
#7936 = CARTESIAN_POINT ( 'NONE',  ( -0.1338582079719683182, -0.03444875374519335703, 0.09386310701873767925 ) ) ;
#7937 = VERTEX_POINT ( 'NONE', #2642 ) ;
#7938 = DIRECTION ( 'NONE',  ( 0.0000000000000000000, 1.000000000000000000, 0.0000000000000000000 ) ) ;
#7939 = ORIENTED_EDGE ( 'NONE', *, *, #221, .F. ) ;
#7940 = CARTESIAN_POINT ( 'NONE',  ( 0.2775591148625983773, -0.007873950595595794258, 0.07480314960630017607 ) ) ;
#7941 = CARTESIAN_POINT ( 'NONE',  ( -0.1295041058032682380, -0.05183720518873992378, 0.04599645086486991996 ) ) ;
#7942 = CARTESIAN_POINT ( 'NONE',  ( -0.1279526961609449287, -0.05183720524023042314, 0.07705198776564245455 ) ) ;
#7943 = ORIENTED_EDGE ( 'NONE', *, *, #7146, .T. ) ;
#7944 = CARTESIAN_POINT ( 'NONE',  ( -0.1377952158459843091, 0.03051187617606435087, 0.09281791852137692700 ) ) ;
#7945 = CARTESIAN_POINT ( 'NONE',  ( -0.1358037733225484767, 0.05511802920691319385, 0.08006178707885647228 ) ) ;
#7946 = CARTESIAN_POINT ( 'NONE',  ( 0.1673228943901569898, -0.04332250255890333218, 0.04927071161329660970 ) ) ;
#7947 =( BOUNDED_SURFACE ( )  B_SPLINE_SURFACE ( 3, 3, ( 
 ( #418, #3524, #8262, #5891 ),
 ( #5990, #6663, #9805, #9190 ),
 ( #9039, #2066, #1303, #4449 ),
 ( #1968, #2122, #8419, #7634 ) ),
 .UNSPECIFIED., .F., .F., .F. ) 
 B_SPLINE_SURFACE_WITH_KNOTS ( ( 4, 4 ),
 ( 4, 4 ),
 ( 0.0000000000000000000, 1.000000000000000000 ),
 ( 0.0000000000000000000, 1.000000000000000000 ),
 .UNSPECIFIED. ) 
 GEOMETRIC_REPRESENTATION_ITEM ( )  RATIONAL_B_SPLINE_SURFACE ( (
 ( 1.000000000000000000, 0.8047378541243649375, 0.8047378541243649375, 1.000000000000000000),
 ( 0.9521766939768931959, 0.7662526294581971653, 0.7662526294581971653, 0.9521766939768931959),
 ( 0.9521766939768931959, 0.7662526294581971653, 0.7662526294581971653, 0.9521766939768931959),
 ( 1.000000000000000000, 0.8047378541243649375, 0.8047378541243649375, 1.000000000000000000) ) ) 
 REPRESENTATION_ITEM ( '' )  SURFACE ( )  );
#7948 = CARTESIAN_POINT ( 'NONE',  ( -0.1397637197829920130, -0.05031257971820287528, 0.05274447178030661210 ) ) ;
#7949 = CARTESIAN_POINT ( 'NONE',  ( -0.03740151505858271830, 0.05556321442075246725, 0.01901033626002248886 ) ) ;
#7950 = ORIENTED_EDGE ( 'NONE', *, *, #9520, .T. ) ;
#7951 = ORIENTED_EDGE ( 'NONE', *, *, #4958, .T. ) ;
#7952 = CARTESIAN_POINT ( 'NONE',  ( 0.1277000221148818504, -0.01940520237389761760, 0.1239469967770078368 ) ) ;
#7953 = DIRECTION ( 'NONE',  ( -6.123233995736766036E-17, 1.000000000000000000, 0.0000000000000000000 ) ) ;
#7954 = CARTESIAN_POINT ( 'NONE',  ( 0.1574803747051181091, -0.0005133126566929240324, 0.03149910598180304111 ) ) ;
#7955 = CARTESIAN_POINT ( 'NONE',  ( -0.1393676006082748553, 0.04535852089973776285, 0.07743798321973537069 ) ) ;
#7956 = VERTEX_POINT ( 'NONE', #63 ) ;
#7957 = CARTESIAN_POINT ( 'NONE',  ( -0.1325210033934414999, 0.04658799166161321087, 0.07377674204456675933 ) ) ;
#7958 = ORIENTED_EDGE ( 'NONE', *, *, #2039, .F. ) ;
#7959 = DIRECTION ( 'NONE',  ( 1.000000000000000000, 6.123233995736766036E-17, -0.0000000000000000000 ) ) ;
#7960 = DIRECTION ( 'NONE',  ( -0.0000000000000000000, 0.0000000000000000000, 1.000000000000000000 ) ) ;
#7961 = EDGE_CURVE ( 'NONE', #5685, #7900, #711, .T. ) ;
#7962 = ORIENTED_EDGE ( 'NONE', *, *, #4248, .F. ) ;
#7963 = CARTESIAN_POINT ( 'NONE',  ( -0.1200786804129134189, 0.02029213112919032655, 0.1100420836770391320 ) ) ;
#7964 = DIRECTION ( 'NONE',  ( 1.000000000000000000, 6.123233995736766036E-17, 0.0000000000000000000 ) ) ;
#7965 = EDGE_LOOP ( 'NONE', ( #6793, #2230, #8979, #8988, #6772 ) ) ;
#7966 = ORIENTED_EDGE ( 'NONE', *, *, #5739, .F. ) ;
#7967 = FACE_OUTER_BOUND ( 'NONE', #5564, .T. ) ;
#7968 = EDGE_CURVE ( 'NONE', #7193, #3821, #4540, .T. ) ;
#7969 = ADVANCED_FACE ( 'NONE', ( #6337 ), #5633, .T. ) ;
#7970 = DIRECTION ( 'NONE',  ( -1.000000000000000000, -6.123233995736766036E-17, 0.0000000000000000000 ) ) ;
#7971 = CARTESIAN_POINT ( 'NONE',  ( -0.03740151505858271136, -0.03740150965071244171, 0.007874015748031508097 ) ) ;
#7972 = EDGE_CURVE ( 'NONE', #2270, #5186, #8447, .T. ) ;
#7973 = ORIENTED_EDGE ( 'NONE', *, *, #784, .T. ) ;
#7974 = CARTESIAN_POINT ( 'NONE',  ( 0.1354025278690149936, 0.04724415964062993190, 0.001881942288333543836 ) ) ;
#7975 = CARTESIAN_POINT ( 'NONE',  ( -0.1200786804129134189, 0.04724415964062991802, 0.07279771312318503163 ) ) ;
#7976 = CARTESIAN_POINT ( 'NONE',  ( -0.1307910261740106994, 0.05382013101944520261, 0.1036104120743687323 ) ) ;
#7977 = CARTESIAN_POINT ( 'NONE',  ( 0.1574803747051181091, 0.08609477459229157581, 0.03047235036353928422 ) ) ;
#7978 = CARTESIAN_POINT ( 'NONE',  ( 0.1289874398145668677, 0.004157678742086617571, 0.02402748159973228104 ) ) ;
#7979 = ORIENTED_EDGE ( 'NONE', *, *, #7488, .T. ) ;
#7980 = CARTESIAN_POINT ( 'NONE',  ( -0.1200786804129133911, -0.05314954114677167274, 0.07283464566929133410 ) ) ;
#7981 = EDGE_LOOP ( 'NONE', ( #8970, #10166, #8229, #3834, #3765 ) ) ;
#7982 = CARTESIAN_POINT ( 'NONE',  ( 0.2775591148625983773, -0.007873950595589212717, 0.09055118110236444473 ) ) ;
#7983 = CARTESIAN_POINT ( 'NONE',  ( -0.1279526961609449009, 0.04833264255917579105, 0.07286926856913386596 ) ) ;
#7984 = CARTESIAN_POINT ( 'NONE',  ( -0.03740151505858271136, 0.07127513204311680672, 0.04133858267716534335 ) ) ;
#7985 = EDGE_CURVE ( 'NONE', #9058, #8499, #1754, .T. ) ;
#7986 = CYLINDRICAL_SURFACE ( 'NONE', #5910, 0.003937007874015758385 ) ;
#7987 = ORIENTED_EDGE ( 'NONE', *, *, #7898, .F. ) ;
#7988 = CARTESIAN_POINT ( 'NONE',  ( -0.03740151505858279463, -0.07361310586710625992, 0.04133858267716534335 ) ) ;
#7989 = CARTESIAN_POINT ( 'NONE',  ( -0.1383881038127036667, 0.05513608884146349587, 0.07958902972134294929 ) ) ;
#7990 = CARTESIAN_POINT ( 'NONE',  ( 0.1640613705853968818, -0.02975313592258762435, 0.02335766392194912541 ) ) ;
#7991 = CARTESIAN_POINT ( 'NONE',  ( -0.03740151505858271830, 0.05534439341325979311, 0.01880680901117618917 ) ) ;
#7992 = VERTEX_POINT ( 'NONE', #8200 ) ;
#7993 = CARTESIAN_POINT ( 'NONE',  ( 0.1279528156500786829, -0.04740778748977701046, 0.1259842536102343535 ) ) ;
#7994 = ORIENTED_EDGE ( 'NONE', *, *, #2390, .T. ) ;
#7995 = B_SPLINE_CURVE_WITH_KNOTS ( 'NONE', 3,
 ( #3816, #3715, #3621, #519, #2954, #9321 ),
 .UNSPECIFIED., .F., .F.,
 ( 4, 2, 4 ),
 ( 0.0000000000000000000, 0.2500000000000000000, 0.5000000000000000000 ),
 .UNSPECIFIED. ) ;
#7996 = CARTESIAN_POINT ( 'NONE',  ( -0.1200786804129133911, 0.04258988388708617734, 0.05225827823727051402 ) ) ;
#7997 = CARTESIAN_POINT ( 'NONE',  ( -0.1357896280878212181, 0.04330732642213139250, 0.07918577050494782221 ) ) ;
#7998 = ORIENTED_EDGE ( 'NONE', *, *, #3802, .T. ) ;
#7999 = DIRECTION ( 'NONE',  ( -1.000000000000000000, -6.123233995736766036E-17, -0.0000000000000000000 ) ) ;
#8000 = CIRCLE ( 'NONE', #3567, 0.007874015748031142070 ) ;
#8001 = ORIENTED_EDGE ( 'NONE', *, *, #9476, .F. ) ;
#8002 = DIRECTION ( 'NONE',  ( -0.0000000000000000000, -0.0000000000000000000, 1.000000000000000000 ) ) ;
#8003 = CARTESIAN_POINT ( 'NONE',  ( -0.1311788480827931758, 0.05511817538866107397, 0.09980734988759074056 ) ) ;
#8004 = ORIENTED_EDGE ( 'NONE', *, *, #4520, .F. ) ;
#8005 = VECTOR ( 'NONE', #8002, 39.37007874015748143 ) ;
#8006 = ORIENTED_EDGE ( 'NONE', *, *, #5896, .F. ) ;
#8007 = EDGE_CURVE ( 'NONE', #9489, #3486, #3467, .T. ) ;
#8008 = CARTESIAN_POINT ( 'NONE',  ( -0.1279526961609449287, -0.04330702146173284750, 0.04987839297977112590 ) ) ;
#8009 = AXIS2_PLACEMENT_3D ( 'NONE', #4675, #9408, #8641 ) ;
#8010 = CARTESIAN_POINT ( 'NONE',  ( -0.1279526961609449287, 0.03027734586517134840, 0.1002546155463630573 ) ) ;
#8011 = CARTESIAN_POINT ( 'NONE',  ( 0.1318898235240944239, 0.04724415964062991802, 6.936332796413168713E-18 ) ) ;
#8012 = AXIS2_PLACEMENT_3D ( 'NONE', #6528, #4319, #5040 ) ;
#8013 = CARTESIAN_POINT ( 'NONE',  ( -0.03740151505858271830, 0.05766074209675195461, 0.02066929133858248085 ) ) ;
#8014 = ORIENTED_EDGE ( 'NONE', *, *, #6253, .F. ) ;
#8015 = DIRECTION ( 'NONE',  ( 1.000000000000000000, 6.123233995736766036E-17, 0.0000000000000000000 ) ) ;
#8016 = B_SPLINE_CURVE_WITH_KNOTS ( 'NONE', 3,
 ( #7652, #3843, #3028, #10175 ),
 .UNSPECIFIED., .F., .F.,
 ( 4, 4 ),
 ( 0.0000000000000000000, 1.000000000000000000 ),
 .UNSPECIFIED. ) ;
#8017 = VECTOR ( 'NONE', #6707, 39.37007874015748143 ) ;
#8018 = ORIENTED_EDGE ( 'NONE', *, *, #4953, .T. ) ;
#8019 = VECTOR ( 'NONE', #6164, 39.37007874015748143 ) ;
#8020 = CARTESIAN_POINT ( 'NONE',  ( -0.1338582079719683182, 0.03444888405007503346, 0.05574319219385994589 ) ) ;
#8021 = EDGE_CURVE ( 'NONE', #6668, #1911, #1137, .T. ) ;
#8022 = CARTESIAN_POINT ( 'NONE',  ( -0.1200786804129131830, -0.05717980708488370339, 0.1289370078740010028 ) ) ;
#8023 = CARTESIAN_POINT ( 'NONE',  ( -0.1378148836211886830, 0.04197541331910813883, 0.06416667535571060621 ) ) ;
#8024 = ORIENTED_EDGE ( 'NONE', *, *, #2157, .T. ) ;
#8025 = VECTOR ( 'NONE', #2077, 39.37007874015748143 ) ;
#8026 = CARTESIAN_POINT ( 'NONE',  ( -0.1353932291998869164, -0.05511804508377351336, 0.07323182701511865567 ) ) ;
#8027 = DIRECTION ( 'NONE',  ( 0.0000000000000000000, -0.0000000000000000000, 1.000000000000000000 ) ) ;
#8028 = CARTESIAN_POINT ( 'NONE',  ( 0.2854331306106298038, -0.06571218726012650890, 0.08751040041022700722 ) ) ;
#8029 = APPLICATION_PROTOCOL_DEFINITION ( 'draft international standard', 'automotive_design', 1998, #4031 ) ;
#8030 = VECTOR ( 'NONE', #8986, 39.37007874015748143 ) ;
#8031 = CARTESIAN_POINT ( 'NONE',  ( 0.1276924784361810616, 0.01822712122055119080, 0.02519932231729920397 ) ) ;
#8032 = EDGE_LOOP ( 'NONE', ( #3704, #1430, #4338, #2596, #477 ) ) ;
#8033 = LINE ( 'NONE', #7158, #7195 ) ;
#8034 = EDGE_CURVE ( 'NONE', #5246, #9548, #2689, .T. ) ;
#8035 = EDGE_CURVE ( 'NONE', #9031, #3990, #7514, .T. ) ;
#8036 = ORIENTED_EDGE ( 'NONE', *, *, #4380, .T. ) ;
#8037 = DIRECTION ( 'NONE',  ( 1.000000000000000000, 6.123233995736766036E-17, -0.0000000000000000000 ) ) ;
#8038 = AXIS2_PLACEMENT_3D ( 'NONE', #1116, #1061, #8334 ) ;
#8039 = CARTESIAN_POINT ( 'NONE',  ( 0.1279528156500787661, -7.435394413446427819E-06, 0.02362204724409449133 ) ) ;
#8040 = CARTESIAN_POINT ( 'NONE',  ( 0.2854331306106298038, 0.06377241643350989309, 0.08345155498803116800 ) ) ;
#8041 = AXIS2_PLACEMENT_3D ( 'NONE', #2793, #7430, #1134 ) ;
#8042 = CARTESIAN_POINT ( 'NONE',  ( 0.2854331306106298038, -0.01376883854366491716, 0.06690357121637578730 ) ) ;
#8043 = ORIENTED_EDGE ( 'NONE', *, *, #4420, .T. ) ;
#8044 = FACE_OUTER_BOUND ( 'NONE', #2506, .T. ) ;
#8045 = EDGE_CURVE ( 'NONE', #1532, #5802, #2050, .T. ) ;
#8046 = VECTOR ( 'NONE', #9568, 39.37007874015748143 ) ;
#8047 = CARTESIAN_POINT ( 'NONE',  ( -0.1366045730900389277, 0.05511802920691305507, 0.08079665134422518713 ) ) ;
#8048 = CARTESIAN_POINT ( 'NONE',  ( 0.1673228947792431143, -0.02785710811436585554, 0.02663603626309760108 ) ) ;
#8049 = CARTESIAN_POINT ( 'NONE',  ( -0.1279526961609449009, 0.05511817538866140703, 0.07086614173228344971 ) ) ;
#8050 = CARTESIAN_POINT ( 'NONE',  ( -0.1384513838249978035, 0.04893068435926884591, 0.07682281220285056000 ) ) ;
#8051 = VERTEX_POINT ( 'NONE', #2741 ) ;
#8052 = CARTESIAN_POINT ( 'NONE',  ( -0.1279526961609449287, 0.04658799161007941975, 0.1041450685063930043 ) ) ;
#8053 = EDGE_CURVE ( 'NONE', #7394, #8556, #4527, .T. ) ;
#8054 = EDGE_CURVE ( 'NONE', #8525, #9833, #6605, .T. ) ;
#8055 = ORIENTED_EDGE ( 'NONE', *, *, #3955, .T. ) ;
#8056 = AXIS2_PLACEMENT_3D ( 'NONE', #6005, #4313, #5192 ) ;
#8057 = CARTESIAN_POINT ( 'NONE',  ( 0.1673228943901574339, 0.01812177471516518076, 0.05116223366422890245 ) ) ;
#8058 = CARTESIAN_POINT ( 'NONE',  ( 0.1279962623480250805, 0.04971478523347687417, 0.1305568703196454405 ) ) ;
#8059 = ORIENTED_EDGE ( 'NONE', *, *, #6338, .T. ) ;
#8060 = DIRECTION ( 'NONE',  ( 0.0000000000000000000, -0.0000000000000000000, 1.000000000000000000 ) ) ;
#8061 = ORIENTED_EDGE ( 'NONE', *, *, #597, .T. ) ;
#8062 = CARTESIAN_POINT ( 'NONE',  ( -0.1299002621380147826, -0.05511804508377349948, 0.07507661613669965039 ) ) ;
#8063 = ORIENTED_EDGE ( 'NONE', *, *, #1008, .T. ) ;
#8064 = CIRCLE ( 'NONE', #1963, 0.007874015748031136866 ) ;
#8065 = ADVANCED_FACE ( 'NONE', ( #2012 ), #1854, .T. ) ;
#8066 = EDGE_LOOP ( 'NONE', ( #416, #5241, #4864, #8621, #6418 ) ) ;
#8067 = CARTESIAN_POINT ( 'NONE',  ( 0.2854331306106298038, -0.004148529557197768586, 0.09054531404147975193 ) ) ;
#8068 = CARTESIAN_POINT ( 'NONE',  ( -0.03997163945104673100, 0.02755039566603482634, 0.007874015748031497688 ) ) ;
#8069 = CIRCLE ( 'NONE', #4617, 0.05118110236220471676 ) ;
#8070 = PLANE ( 'NONE',  #9359 ) ;
#8071 = ORIENTED_EDGE ( 'NONE', *, *, #3548, .F. ) ;
#8072 = ADVANCED_FACE ( 'NONE', ( #1190 ), #5832, .F. ) ;
#8073 = ORIENTED_EDGE ( 'NONE', *, *, #8279, .T. ) ;
#8074 = ORIENTED_EDGE ( 'NONE', *, *, #9132, .T. ) ;
#8075 = CARTESIAN_POINT ( 'NONE',  ( 0.1751969101381889438, -0.04855055521561207899, 0.07937290448244144203 ) ) ;
#8076 = CARTESIAN_POINT ( 'NONE',  ( -0.1200786804129133911, 0.04741437090982231900, 0.1337769567834183049 ) ) ;
#8077 = FACE_OUTER_BOUND ( 'NONE', #989, .T. ) ;
#8078 = ORIENTED_EDGE ( 'NONE', *, *, #6057, .F. ) ;
#8079 = AXIS2_PLACEMENT_3D ( 'NONE', #3237, #889, #6359 ) ;
#8080 = CARTESIAN_POINT ( 'NONE',  ( -0.1343307505385079592, 0.05511817538865947802, 0.07865522377655183306 ) ) ;
#8081 = EDGE_CURVE ( 'NONE', #1030, #1576, #8978, .T. ) ;
#8082 = DIRECTION ( 'NONE',  ( -6.123233995736766036E-17, 1.000000000000000000, 0.0000000000000000000 ) ) ;
#8083 = CARTESIAN_POINT ( 'NONE',  ( -0.1043306489168504270, 6.515244097005101764E-08, 0.02165354330708661734 ) ) ;
#8084 = DIRECTION ( 'NONE',  ( 0.0000000000000000000, -1.000000000000000000, 0.0000000000000000000 ) ) ;
#8085 = ORIENTED_EDGE ( 'NONE', *, *, #2138, .F. ) ;
#8086 = CARTESIAN_POINT ( 'NONE',  ( 0.1200787999020471730, 0.06299219113669271564, 0.003937007874013829373 ) ) ;
#8087 = ADVANCED_FACE ( 'NONE', ( #411 ), #9162, .T. ) ;
#8088 = CARTESIAN_POINT ( 'NONE',  ( -0.1358267119089761610, 0.04173799461162960162, 0.04691749980974714573 ) ) ;
#8089 = CARTESIAN_POINT ( 'NONE',  ( -0.1279526961609449287, 0.05183733554516822828, 0.1041450685063895903 ) ) ;
#8090 = CARTESIAN_POINT ( 'NONE',  ( -0.1003936410428344916, 0.07188724443068775227, 0.1283463362711448064 ) ) ;
#8091 = CARTESIAN_POINT ( 'NONE',  ( -0.03740151505857768066, -0.05905505295779527042, 0.003937007874015747977 ) ) ;
#8092 = CARTESIAN_POINT ( 'NONE',  ( 0.1640613705853969373, 0.02969088782814355634, 0.02332163816424892566 ) ) ;
#8093 =( BOUNDED_CURVE ( )  B_SPLINE_CURVE ( 3, ( #8020, #2508, #7254, #5659 ),
 .UNSPECIFIED., .F., .T. ) 
 B_SPLINE_CURVE_WITH_KNOTS ( ( 4, 4 ),
 ( 0.0000000000000000000, 1.000000000000000000 ),
 .UNSPECIFIED. ) 
 CURVE ( )  GEOMETRIC_REPRESENTATION_ITEM ( )  RATIONAL_B_SPLINE_CURVE ( ( 1.000000000000000000, 0.6560819455174244919, 0.6560819455174244919, 1.000000000000000000 ) ) 
 REPRESENTATION_ITEM ( '' )  );
#8094 = ORIENTED_EDGE ( 'NONE', *, *, #3139, .T. ) ;
#8095 = CARTESIAN_POINT ( 'NONE',  ( 0.03046203082145624783, -0.02047237579244093331, 0.01436640419164648790 ) ) ;
#8096 = CARTESIAN_POINT ( 'NONE',  ( 0.1673228943901570454, 0.0004344646433376110140, 0.1181080568404634795 ) ) ;
#8097 = CYLINDRICAL_SURFACE ( 'NONE', #6220, 0.06692913385826770867 ) ;
#8098 = CARTESIAN_POINT ( 'NONE',  ( -0.1397637197829921241, 0.04988955994972484043, 0.07983994475156878934 ) ) ;
#8099 = ORIENTED_EDGE ( 'NONE', *, *, #9030, .F. ) ;
#8100 = CARTESIAN_POINT ( 'NONE',  ( 0.1594488786421259241, 0.01490334647396755058, 0.04901248560620037609 ) ) ;
#8101 = ORIENTED_EDGE ( 'NONE', *, *, #7273, .F. ) ;
#8102 = EDGE_CURVE ( 'NONE', #5, #2989, #9931, .T. ) ;
#8103 = EDGE_CURVE ( 'NONE', #7761, #4421, #9316, .T. ) ;
#8104 = CARTESIAN_POINT ( 'NONE',  ( -0.1335469544927402052, 0.04658806357176348278, 0.1032075168572945539 ) ) ;
#8105 = FACE_OUTER_BOUND ( 'NONE', #388, .T. ) ;
#8106 = EDGE_CURVE ( 'NONE', #2342, #2385, #6743, .T. ) ;
#8107 = VERTEX_POINT ( 'NONE', #655 ) ;
#8108 = CARTESIAN_POINT ( 'NONE',  ( -0.08267710560974490808, -0.04330702146173232014, 0.01177409107594291210 ) ) ;
#8109 = PLANE ( 'NONE',  #7691 ) ;
#8110 = DIRECTION ( 'NONE',  ( 1.000000000000000000, 6.123233995736766036E-17, 0.0000000000000000000 ) ) ;
#8111 = PLANE ( 'NONE',  #7041 ) ;
#8112 = EDGE_LOOP ( 'NONE', ( #2604, #1712, #10195 ) ) ;
#8113 = ORIENTED_EDGE ( 'NONE', *, *, #1797, .F. ) ;
#8114 = CARTESIAN_POINT ( 'NONE',  ( 0.1200787999020429542, 0.07197047648251676810, 0.1199146981627095265 ) ) ;
#8115 = CARTESIAN_POINT ( 'NONE',  ( -0.1003936410428346027, -0.06294403425130691565, 0.1240157480314960370 ) ) ;
#8116 = CARTESIAN_POINT ( 'NONE',  ( 0.1270754443535825895, -0.004176772429645684084, 0.02211403096081495864 ) ) ;
#8117 = CARTESIAN_POINT ( 'NONE',  ( -0.1200786804129134466, 0.05365486251745136409, 0.05669291338583146156 ) ) ;
#8118 = FACE_OUTER_BOUND ( 'NONE', #3885, .T. ) ;
#8119 = ADVANCED_FACE ( 'NONE', ( #3712 ), #1381, .T. ) ;
#8120 = VERTEX_POINT ( 'NONE', #1341 ) ;
#8121 = PLANE ( 'NONE',  #9894 ) ;
#8122 = VERTEX_POINT ( 'NONE', #5358 ) ;
#8123 = CARTESIAN_POINT ( 'NONE',  ( -0.1279526961609449287, 0.04658799161007941975, 0.1041450685063930043 ) ) ;
#8124 = CARTESIAN_POINT ( 'NONE',  ( 0.1279528156500787106, 0.03954081117562315700, 0.1290068499786806988 ) ) ;
#8125 = DIRECTION ( 'NONE',  ( -6.123233995736766036E-17, 1.000000000000000000, 0.0000000000000000000 ) ) ;
#8126 = EDGE_LOOP ( 'NONE', ( #9179, #9757, #8790, #5842 ) ) ;
#8127 = CARTESIAN_POINT ( 'NONE',  ( 0.1673228943901138022, 6.515243728921874837E-08, 0.1043307086614167628 ) ) ;
#8128 = PLANE ( 'NONE',  #7208 ) ;
#8129 = CARTESIAN_POINT ( 'NONE',  ( -0.09842513710582559416, -0.03543300571370712471, 0.01567416640385472723 ) ) ;
#8130 = SHAPE_DEFINITION_REPRESENTATION ( #1044, #5464 ) ;
#8131 = LINE ( 'NONE', #9832, #3304 ) ;
#8132 = ORIENTED_EDGE ( 'NONE', *, *, #3955, .F. ) ;
#8133 = CARTESIAN_POINT ( 'NONE',  ( -0.1384514529410404982, 0.04746478353854947235, 0.07697553399670122032 ) ) ;
#8134 = CARTESIAN_POINT ( 'NONE',  ( -0.1200786804129129748, -0.04724402933574806118, -3.734948428837859484E-18 ) ) ;
#8135 = ADVANCED_FACE ( 'NONE', ( #7672 ), #3898, .T. ) ;
#8136 = CARTESIAN_POINT ( 'NONE',  ( -0.1279526961609449009, 0.03543313601858206346, 0.03149606299212597688 ) ) ;
#8137 = DIRECTION ( 'NONE',  ( 0.9763647002366457883, 5.978509524726365776E-17, -0.2161295262841355092 ) ) ;
#8138 = CARTESIAN_POINT ( 'NONE',  ( 0.2854331306106284716, 0.06566281216163888379, 0.08776125958517026759 ) ) ;
#8139 = ORIENTED_EDGE ( 'NONE', *, *, #2823, .T. ) ;
#8140 = CARTESIAN_POINT ( 'NONE',  ( -0.09547238120031498188, 0.01771660058551177697, 0.1206692913385826599 ) ) ;
#8141 = CARTESIAN_POINT ( 'NONE',  ( -0.1370629198935570392, 0.05470475454145894145, 0.08169131777073683487 ) ) ;
#8142 = CARTESIAN_POINT ( 'NONE',  ( -0.1365990337909588070, -0.04330197817461514664, 0.05369253466498054989 ) ) ;
#8143 = DIRECTION ( 'NONE',  ( 0.0000000000000000000, -1.000000000000000000, 0.0000000000000000000 ) ) ;
#8144 = CARTESIAN_POINT ( 'NONE',  ( -0.1279526961609450952, -0.04860427158182056839, 0.09251968503936977561 ) ) ;
#8145 = VERTEX_POINT ( 'NONE', #7628 ) ;
#8146 = CARTESIAN_POINT ( 'NONE',  ( -0.1338582079719684848, 0.01782810742348937827, 0.1248383409585979847 ) ) ;
#8147 = VERTEX_POINT ( 'NONE', #1431 ) ;
#8148 = ADVANCED_FACE ( 'NONE', ( #3000 ), #7776, .F. ) ;
#8149 = B_SPLINE_CURVE_WITH_KNOTS ( 'NONE', 3,
 ( #4804, #7949, #7991, #869 ),
 .UNSPECIFIED., .F., .F.,
 ( 4, 4 ),
 ( 0.0000000000000000000, 1.000000000000000000 ),
 .UNSPECIFIED. ) ;
#8150 =( BOUNDED_CURVE ( )  B_SPLINE_CURVE ( 3, ( #8934, #2544, #2594, #9500 ),
 .UNSPECIFIED., .F., .T. ) 
 B_SPLINE_CURVE_WITH_KNOTS ( ( 4, 4 ),
 ( 0.0000000000000000000, 1.000000000000000000 ),
 .UNSPECIFIED. ) 
 CURVE ( )  GEOMETRIC_REPRESENTATION_ITEM ( )  RATIONAL_B_SPLINE_CURVE ( ( 1.000000000000000000, 0.9934450294291115036, 0.9934450294291115036, 1.000000000000000000 ) ) 
 REPRESENTATION_ITEM ( '' )  );
#8151 = DIRECTION ( 'NONE',  ( 6.123233995736766036E-17, -1.000000000000000000, -0.0000000000000000000 ) ) ;
#8152 = FACE_OUTER_BOUND ( 'NONE', #1041, .T. ) ;
#8153 = ORIENTED_EDGE ( 'NONE', *, *, #2950, .T. ) ;
#8154 = ORIENTED_EDGE ( 'NONE', *, *, #10145, .T. ) ;
#8155 = CARTESIAN_POINT ( 'NONE',  ( 0.06945871573373636754, -0.01968497421763772820, 0.01574803149606297109 ) ) ;
#8156 = CARTESIAN_POINT ( 'NONE',  ( 0.1751969101381888883, -0.03157388103211220681, 0.07380923657714057173 ) ) ;
#8157 = VERTEX_POINT ( 'NONE', #560 ) ;
#8158 = ORIENTED_EDGE ( 'NONE', *, *, #3957, .T. ) ;
#8159 = CARTESIAN_POINT ( 'NONE',  ( -0.1023621449798425564, 0.05577400947292027178, 0.01922186197313627623 ) ) ;
#8160 = ADVANCED_FACE ( 'NONE', ( #702 ), #6860, .T. ) ;
#8161 = EDGE_CURVE ( 'NONE', #114, #5481, #1820, .T. ) ;
#8162 = CARTESIAN_POINT ( 'NONE',  ( -0.1358267119089763830, 0.04724415964062989026, 0.07969356525437007455 ) ) ;
#8163 = CARTESIAN_POINT ( 'NONE',  ( 0.1293062628980708173, -0.01101976129137797501, 0.02506391560135433350 ) ) ;
#8164 = CARTESIAN_POINT ( 'NONE',  ( -0.1200786804129134189, 0.06062998641228346808, 0.04724409448819157781 ) ) ;
#8165 = VERTEX_POINT ( 'NONE', #6434 ) ;
#8166 = VERTEX_POINT ( 'NONE', #7211 ) ;
#8167 = CARTESIAN_POINT ( 'NONE',  ( -0.1397637197829921241, 0.05118116782358608091, 0.09719780982118189638 ) ) ;
#8168 = EDGE_CURVE ( 'NONE', #190, #8637, #4120, .T. ) ;
#8169 = ORIENTED_EDGE ( 'NONE', *, *, #7226, .T. ) ;
#8170 = CARTESIAN_POINT ( 'NONE',  ( -0.1377952191565957607, 0.05759796418269715751, 0.05120499046172773128 ) ) ;
#8171 = VECTOR ( 'NONE', #6095, 39.37007874015748143 ) ;
#8172 = EDGE_CURVE ( 'NONE', #3821, #3795, #9663, .T. ) ;
#8173 = AXIS2_PLACEMENT_3D ( 'NONE', #5502, #8650, #4731 ) ;
#8174 = CARTESIAN_POINT ( 'NONE',  ( 0.1275024971014765973, 6.514527444987468973E-08, 0.02099737392942658751 ) ) ;
#8175 = CARTESIAN_POINT ( 'NONE',  ( 0.1279524659422746347, -0.05015676678634255897, 0.02484532662602391417 ) ) ;
#8176 = B_SPLINE_CURVE_WITH_KNOTS ( 'NONE', 3,
 ( #3177, #4619, #8528, #578, #1402, #1457 ),
 .UNSPECIFIED., .F., .F.,
 ( 4, 2, 4 ),
 ( 0.4748278376546781199, 0.7374139188273389767, 1.000000000000000000 ),
 .UNSPECIFIED. ) ;
#8177 = EDGE_LOOP ( 'NONE', ( #630, #8607, #7404, #4384 ) ) ;
#8178 = VECTOR ( 'NONE', #5059, 39.37007874015748143 ) ;
#8179 = CARTESIAN_POINT ( 'NONE',  ( -0.1313087054023613087, 0.05183733549366234539, 0.07345653506782563735 ) ) ;
#8180 = CARTESIAN_POINT ( 'NONE',  ( 0.1322906846184645491, 0.01880819354960629880, 0.1224268309535826577 ) ) ;
#8181 = DIRECTION ( 'NONE',  ( 1.000000000000000000, 6.123233995736766036E-17, -0.0000000000000000000 ) ) ;
#8182 = CARTESIAN_POINT ( 'NONE',  ( -0.1200786804129134189, 6.515244094229544203E-08, 0.07279771312318503163 ) ) ;
#8183 = ORIENTED_EDGE ( 'NONE', *, *, #8102, .F. ) ;
#8184 = CARTESIAN_POINT ( 'NONE',  ( 0.1791339180122046293, 6.515244096889681614E-08, 0.08661417322834644161 ) ) ;
#8185 = EDGE_CURVE ( 'NONE', #8357, #8855, #1635, .T. ) ;
#8186 = CARTESIAN_POINT ( 'NONE',  ( -0.1384513838249936124, -0.05183720518875389871, 0.05008353968260767508 ) ) ;
#8187 = CARTESIAN_POINT ( 'NONE',  ( -0.1397637197829944833, 0.04841130417188763829, 0.09852596158369839041 ) ) ;
#8188 = DIRECTION ( 'NONE',  ( 0.0000000000000000000, 0.0000000000000000000, 1.000000000000000000 ) ) ;
#8189 = CARTESIAN_POINT ( 'NONE',  ( -0.1023621449798425564, 6.515244100464560345E-08, 0.1337844026243306950 ) ) ;
#8190 = CARTESIAN_POINT ( 'NONE',  ( 0.1594488786419576698, -0.0004512827293301419681, 0.1259822617918377463 ) ) ;
#8191 = ORIENTED_EDGE ( 'NONE', *, *, #6739, .T. ) ;
#8192 = CARTESIAN_POINT ( 'NONE',  ( -0.1200786804129134466, -0.05611319461540165837, 0.09393171429660054916 ) ) ;
#8193 = VECTOR ( 'NONE', #10138, 39.37007874015748143 ) ;
#8194 = ADVANCED_FACE ( 'NONE', ( #5563 ), #9635, .T. ) ;
#8195 = CARTESIAN_POINT ( 'NONE',  ( -0.1304697030920098366, 0.05511817538866042865, 0.07724672631716407445 ) ) ;
#8196 = LINE ( 'NONE', #1133, #3410 ) ;
#8197 = CARTESIAN_POINT ( 'NONE',  ( 0.1594488786421259241, 6.515243486138746842E-08, 0.1043307086614173040 ) ) ;
#8198 = CARTESIAN_POINT ( 'NONE',  ( 0.1200787999020460350, -0.06308341126629532503, 0.1219251975557369833 ) ) ;
#8199 = EDGE_LOOP ( 'NONE', ( #5914, #1246, #8712, #1608, #5020, #5380 ) ) ;
#8200 = CARTESIAN_POINT ( 'NONE',  ( 0.06846567009550202920, -0.01968497421763776636, 0.006952930878422013475 ) ) ;
#8201 = VECTOR ( 'NONE', #589, 39.37007874015748143 ) ;
#8202 = ORIENTED_EDGE ( 'NONE', *, *, #8185, .F. ) ;
#8203 = CARTESIAN_POINT ( 'NONE',  ( -0.1029920662396850567, 6.515244094229544203E-08, 0.07480314960629920462 ) ) ;
#8204 = CARTESIAN_POINT ( 'NONE',  ( -0.1384513838249930573, 0.04658799166162096855, 0.1000579797070381971 ) ) ;
#8205 = AXIS2_PLACEMENT_3D ( 'NONE', #9933, #496, #9155 ) ;
#8206 = DIRECTION ( 'NONE',  ( 1.000000000000000000, 6.123233995736766036E-17, 0.0000000000000000000 ) ) ;
#8207 = ORIENTED_EDGE ( 'NONE', *, *, #8929, .F. ) ;
#8208 = CARTESIAN_POINT ( 'NONE',  ( -0.1279526961609449842, -0.03833884054323895285, 0.05013284967786803270 ) ) ;
#8209 = EDGE_CURVE ( 'NONE', #9007, #5673, #858, .T. ) ;
#8210 = ORIENTED_EDGE ( 'NONE', *, *, #6044, .T. ) ;
#8211 = CARTESIAN_POINT ( 'NONE',  ( -0.1279526961609449009, 0.02755912027055372471, 0.1338582677165353896 ) ) ;
#8212 = CARTESIAN_POINT ( 'NONE',  ( 0.2854331306106299149, 0.01534478477704976154, 0.07070672815295907243 ) ) ;
#8213 = ORIENTED_EDGE ( 'NONE', *, *, #4121, .F. ) ;
#8214 = ORIENTED_EDGE ( 'NONE', *, *, #6324, .F. ) ;
#8215 = VECTOR ( 'NONE', #7139, 39.37007874015748143 ) ;
#8216 = EDGE_CURVE ( 'NONE', #5653, #8478, #5674, .T. ) ;
#8217 =( BOUNDED_CURVE ( )  B_SPLINE_CURVE ( 3, ( #7844, #773, #2375, #5526 ),
 .UNSPECIFIED., .F., .T. ) 
 B_SPLINE_CURVE_WITH_KNOTS ( ( 4, 4 ),
 ( 0.0000000000000000000, 1.000000000000000000 ),
 .UNSPECIFIED. ) 
 CURVE ( )  GEOMETRIC_REPRESENTATION_ITEM ( )  RATIONAL_B_SPLINE_CURVE ( ( 1.000000000000000000, 0.8425084105498004128, 0.8425084105498004128, 1.000000000000000000 ) ) 
 REPRESENTATION_ITEM ( '' )  );
#8218 = CARTESIAN_POINT ( 'NONE',  ( -0.1281369481294488410, 0.04574396294228343790, 0.1181102362204724254 ) ) ;
#8219 = CARTESIAN_POINT ( 'NONE',  ( 0.1317485409408661323, -0.006281524819763758746, 0.02396995595390944908 ) ) ;
#8220 = CARTESIAN_POINT ( 'NONE',  ( -0.1384514529410052208, -0.05096041331182511042, 0.04988245325591990353 ) ) ;
#8221 = B_SPLINE_CURVE_WITH_KNOTS ( 'NONE', 3,
 ( #6011, #10036, #9303, #736, #7660, #642 ),
 .UNSPECIFIED., .F., .F.,
 ( 4, 2, 4 ),
 ( 0.0000000000000000000, 0.2374139188273390599, 0.4748278376546781199 ),
 .UNSPECIFIED. ) ;
#8222 = DIRECTION ( 'NONE',  ( 6.123233995736766036E-17, -1.000000000000000000, 0.0000000000000000000 ) ) ;
#8223 = LINE ( 'NONE', #2866, #10182 ) ;
#8224 = EDGE_LOOP ( 'NONE', ( #1578, #1586, #5693, #433 ) ) ;
#8225 = VECTOR ( 'NONE', #133, 39.37007874015748143 ) ;
#8226 = EDGE_CURVE ( 'NONE', #5535, #8418, #8033, .T. ) ;
#8227 = ORIENTED_EDGE ( 'NONE', *, *, #4197, .T. ) ;
#8228 = CARTESIAN_POINT ( 'NONE',  ( 0.2759283528060110235, 0.01181108877448838745, 0.09842519685039399779 ) ) ;
#8229 = ORIENTED_EDGE ( 'NONE', *, *, #7567, .T. ) ;
#8230 = CARTESIAN_POINT ( 'NONE',  ( 0.1279528156500768787, 0.03149612814456747428, 0.1338582677165340851 ) ) ;
#8231 = DIRECTION ( 'NONE',  ( -0.0000000000000000000, 0.0000000000000000000, 1.000000000000000000 ) ) ;
#8232 = EDGE_CURVE ( 'NONE', #3126, #8532, #153, .T. ) ;
#8233 = ADVANCED_FACE ( 'NONE', ( #96 ), #6322, .T. ) ;
#8234 = VERTEX_POINT ( 'NONE', #3154 ) ;
#8235 = CARTESIAN_POINT ( 'NONE',  ( -0.1382247786220483776, 0.04460519613582411558, 0.09981104241211445627 ) ) ;
#8236 = CARTESIAN_POINT ( 'NONE',  ( -0.1322542320567420271, -0.04658786135673423368, 0.07644428575430986528 ) ) ;
#8237 = VECTOR ( 'NONE', #6422, 39.37007874015748143 ) ;
#8238 = CARTESIAN_POINT ( 'NONE',  ( 0.1293062628980708173, 0.01101989159625985960, 0.1245423836112598409 ) ) ;
#8239 = CARTESIAN_POINT ( 'NONE',  ( -0.1291197603609637867, -0.05511804508377951550, 0.04988408915969994029 ) ) ;
#8240 = CARTESIAN_POINT ( 'NONE',  ( -0.1311788480827947578, 0.05118116751464566599, 0.09980734988759658310 ) ) ;
#8241 = VERTEX_POINT ( 'NONE', #8811 ) ;
#8242 = DIRECTION ( 'NONE',  ( 0.7660444431209429972, 0.0000000000000000000, 0.6427876096841975695 ) ) ;
#8243 = DIRECTION ( 'NONE',  ( 6.123233995736766036E-17, -1.000000000000000000, 0.0000000000000000000 ) ) ;
#8244 = FACE_OUTER_BOUND ( 'NONE', #5307, .T. ) ;
#8245 = DIRECTION ( 'NONE',  ( -0.0000000000000000000, 0.0000000000000000000, 1.000000000000000000 ) ) ;
#8246 = CARTESIAN_POINT ( 'NONE',  ( 0.1574803747051181091, 0.0004901076066141786362, 0.1161388276114959650 ) ) ;
#8247 = VERTEX_POINT ( 'NONE', #9530 ) ;
#8248 = CARTESIAN_POINT ( 'NONE',  ( 0.1594488786421259241, 6.515244094229544203E-08, 0.07480314960630318755 ) ) ;
#8249 = ADVANCED_FACE ( 'NONE', ( #2468 ), #3253, .F. ) ;
#8250 = CARTESIAN_POINT ( 'NONE',  ( -0.1003936410428346443, 0.06884967636719378781, 0.1338582677165365831 ) ) ;
#8251 = CARTESIAN_POINT ( 'NONE',  ( -0.1384538422326607177, -0.04674633558245938625, 0.05005398327551472543 ) ) ;
#8252 = DIRECTION ( 'NONE',  ( -1.000000000000000000, -6.123233995736766036E-17, 0.0000000000000000000 ) ) ;
#8253 = CARTESIAN_POINT ( 'NONE',  ( -0.1279526961609451230, -0.04239927634746337715, 0.09722454076020241309 ) ) ;
#8254 = ORIENTED_EDGE ( 'NONE', *, *, #6127, .F. ) ;
#8255 = CARTESIAN_POINT ( 'NONE',  ( 0.1770866739177164584, 0.01181108877448821398, 0.07480314960629920462 ) ) ;
#8256 = VERTEX_POINT ( 'NONE', #8086 ) ;
#8257 = ADVANCED_FACE ( 'NONE', ( #8766 ), #2119, .T. ) ;
#8258 = CARTESIAN_POINT ( 'NONE',  ( -0.1317359179447673834, -0.04330702146173173034, 0.07464649046222184003 ) ) ;
#8259 = VECTOR ( 'NONE', #9268, 39.37007874015748143 ) ;
#8260 = CARTESIAN_POINT ( 'NONE',  ( -0.1003936410428346721, -0.06884954606232256136, 0.1338582677165353618 ) ) ;
#8261 = ORIENTED_EDGE ( 'NONE', *, *, #2712, .T. ) ;
#8262 = CARTESIAN_POINT ( 'NONE',  ( -0.1343223578888289860, 0.03833897084810243550, 0.07722593041863357044 ) ) ;
#8263 = LINE ( 'NONE', #1249, #7190 ) ;
#8264 = CARTESIAN_POINT ( 'NONE',  ( -0.1377952158459842813, 0.05118116751464566599, 0.04724409448818804591 ) ) ;
#8265 = VERTEX_POINT ( 'NONE', #5768 ) ;
#8266 = ORIENTED_EDGE ( 'NONE', *, *, #7235, .T. ) ;
#8267 = CARTESIAN_POINT ( 'NONE',  ( 0.1200787999020472285, -0.06299206083182340432, 0.06692913385826770867 ) ) ;
#8268 = LINE ( 'NONE', #5849, #6869 ) ;
#8269 = CARTESIAN_POINT ( 'NONE',  ( 0.1316129485918504094, -0.0002623647473228347569, 0.02359806926797244908 ) ) ;
#8270 = CARTESIAN_POINT ( 'NONE',  ( -0.1003936410428346443, 0.07874022263275588795, 0.03740157480314960231 ) ) ;
#8271 = CARTESIAN_POINT ( 'NONE',  ( 0.1594488786419577531, -0.01381051979634987520, 0.02507301712028952786 ) ) ;
#8272 = CARTESIAN_POINT ( 'NONE',  ( 0.1279528156500787661, -0.05892228649958225484, 0.04171307851650634529 ) ) ;
#8273 = ORIENTED_EDGE ( 'NONE', *, *, #2117, .F. ) ;
#8274 = VERTEX_POINT ( 'NONE', #8184 ) ;
#8275 = CARTESIAN_POINT ( 'NONE',  ( -0.1029920662396850567, -0.05256407641518725388, 0.01617701702633841943 ) ) ;
#8276 = EDGE_CURVE ( 'NONE', #8530, #7956, #5755, .T. ) ;
#8277 = ORIENTED_EDGE ( 'NONE', *, *, #9520, .F. ) ;
#8278 =( BOUNDED_SURFACE ( )  B_SPLINE_SURFACE ( 3, 3, ( 
 ( #8360, #5274, #3048, #4541, #2852, #9953, #2261 ),
 ( #8505, #6032, #1297, #5361, #10003, #1383, #6770 ),
 ( #6918, #5414, #9186, #9235, #9907, #2165, #5318 ),
 ( #6959, #3767, #6864, #7731, #7675, #1436, #467 ) ),
 .UNSPECIFIED., .F., .F., .F. ) 
 B_SPLINE_SURFACE_WITH_KNOTS ( ( 4, 4 ),
 ( 4, 3, 4 ),
 ( 0.0000000000000000000, 1.000000000000000000 ),
 ( 0.0000000000000000000, 0.5000000000000000000, 1.000000000000000000 ),
 .UNSPECIFIED. ) 
 GEOMETRIC_REPRESENTATION_ITEM ( )  RATIONAL_B_SPLINE_SURFACE ( (
 ( 1.000000000000000000, 0.8002677651971952244, 0.8002677651971952244, 1.000000000000000000, 0.8002677651971952244, 0.8002677651971952244, 1.000000000000000000),
 ( 0.8018231394691595071, 0.6416732119063832673, 0.6416732119063832673, 0.8018231394691595071, 0.6416732119063832673, 0.6416732119063832673, 0.8018231394691595071),
 ( 0.8018231394691595071, 0.6416732119063832673, 0.6416732119063832673, 0.8018231394691595071, 0.6416732119063832673, 0.6416732119063832673, 0.8018231394691595071),
 ( 1.000000000000000000, 0.8002677651971952244, 0.8002677651971952244, 1.000000000000000000, 0.8002677651971952244, 0.8002677651971952244, 1.000000000000000000) ) ) 
 REPRESENTATION_ITEM ( '' )  SURFACE ( )  );
#8279 = EDGE_CURVE ( 'NONE', #6122, #509, #7510, .T. ) ;
#8280 = CARTESIAN_POINT ( 'NONE',  ( -0.1279526961609449009, -0.04330702146173255607, 0.07317004566913223873 ) ) ;
#8281 = FACE_OUTER_BOUND ( 'NONE', #2918, .T. ) ;
#8282 = VERTEX_POINT ( 'NONE', #3403 ) ;
#8283 = CARTESIAN_POINT ( 'NONE',  ( -0.1279526961609449009, -0.02755898996566928660, 0.07086614173228344971 ) ) ;
#8284 = LINE ( 'NONE', #2146, #7532 ) ;
#8285 = CARTESIAN_POINT ( 'NONE',  ( 0.1270754443535825895, 0.004176902734527570410, 0.1274922682517716510 ) ) ;
#8286 = CARTESIAN_POINT ( 'NONE',  ( -0.1337740082188316471, 0.05511817538866197602, 0.1011519787472672655 ) ) ;
#8287 = DIRECTION ( 'NONE',  ( 1.000000000000000000, 6.123233995736766036E-17, 0.0000000000000000000 ) ) ;
#8288 = ORIENTED_EDGE ( 'NONE', *, *, #9730, .T. ) ;
#8289 = CARTESIAN_POINT ( 'NONE',  ( -0.03740151505859279357, -0.06921848731143669109, 0.02457336302169114278 ) ) ;
#8290 = EDGE_CURVE ( 'NONE', #1200, #8825, #823, .T. ) ;
#8291 = PLANE ( 'NONE',  #9023 ) ;
#8292 = EDGE_CURVE ( 'NONE', #2409, #8457, #6866, .T. ) ;
#8293 = CARTESIAN_POINT ( 'NONE',  ( -0.1161416725388974558, 0.03937014389259840125, 0.007874015748031495954 ) ) ;
#8294 = EDGE_CURVE ( 'NONE', #6025, #6001, #5648, .T. ) ;
#8295 = CARTESIAN_POINT ( 'NONE',  ( -0.1401011670583631186, 0.04630228248473455127, 0.09634109284217383384 ) ) ;
#8296 = CARTESIAN_POINT ( 'NONE',  ( 0.1275070517315069762, -0.006956644337192104642, 0.1285960302487064166 ) ) ;
#8297 = EDGE_LOOP ( 'NONE', ( #6614, #3942, #7836, #3860 ) ) ;
#8298 = CARTESIAN_POINT ( 'NONE',  ( 0.1594488786419577531, -0.0005133160719471349795, 0.02362462209007648584 ) ) ;
#8299 = CARTESIAN_POINT ( 'NONE',  ( -0.1377952158459843091, -0.03051174587118248710, 0.05678838069122117693 ) ) ;
#8300 = CARTESIAN_POINT ( 'NONE',  ( -0.1200786804129133772, 0.04726744695767509663, 0.1337844026243306950 ) ) ;
#8301 = CARTESIAN_POINT ( 'NONE',  ( -0.1365548568462537915, -0.05382000071454370177, 0.04879805165873318112 ) ) ;
#8302 = CARTESIAN_POINT ( 'NONE',  ( 0.1279528207246279636, -0.02045724674566089946, 0.02362205835133775883 ) ) ;
#8303 = EDGE_CURVE ( 'NONE', #5816, #3828, #2626, .T. ) ;
#8304 = CARTESIAN_POINT ( 'NONE',  ( -0.1279526961609450397, -0.06102355689480315482, 0.1023622047244078653 ) ) ;
#8305 = VERTEX_POINT ( 'NONE', #2835 ) ;
#8306 = CARTESIAN_POINT ( 'NONE',  ( -0.1377952158459787024, 0.01708964573356865080, 0.1227658154731984808 ) ) ;
#8307 = ORIENTED_EDGE ( 'NONE', *, *, #8168, .T. ) ;
#8308 = DIRECTION ( 'NONE',  ( -6.123233995736766036E-17, 1.000000000000000000, 0.0000000000000000000 ) ) ;
#8309 = EDGE_CURVE ( 'NONE', #384, #9399, #9571, .T. ) ;
#8310 = CARTESIAN_POINT ( 'NONE',  ( -0.1279526961609449009, -0.04330702146173294464, 0.07317004566913518082 ) ) ;
#8311 = CARTESIAN_POINT ( 'NONE',  ( -0.1279526961609449287, 0.07874022263275590183, 0.07480314960629920462 ) ) ;
#8312 = ORIENTED_EDGE ( 'NONE', *, *, #1469, .F. ) ;
#8313 = CARTESIAN_POINT ( 'NONE',  ( -0.1279526961609449009, -0.04921253327275590395, 0.04577618782838582812 ) ) ;
#8314 = DIRECTION ( 'NONE',  ( -1.000000000000000000, -6.123233995736766036E-17, -0.0000000000000000000 ) ) ;
#8315 = CARTESIAN_POINT ( 'NONE',  ( 0.1279528156500785996, 0.05019661549106720771, 0.02477999028893286201 ) ) ;
#8316 = CARTESIAN_POINT ( 'NONE',  ( 0.1279528156500787661, -7.435394413446427819E-06, 0.1259842519685039353 ) ) ;
#8317 = ORIENTED_EDGE ( 'NONE', *, *, #4515, .T. ) ;
#8318 = ORIENTED_EDGE ( 'NONE', *, *, #8674, .F. ) ;
#8319 = CARTESIAN_POINT ( 'NONE',  ( 0.1279528156498904723, 8.816039931464508703E-08, 0.1277161633740035163 ) ) ;
#8320 = CARTESIAN_POINT ( 'NONE',  ( 0.1586334976137580566, 0.0005134429615748120927, 0.1181071932307914130 ) ) ;
#8321 = CARTESIAN_POINT ( 'NONE',  ( -0.1279526961609449009, 0.05314967145165355733, 0.1338582677165354173 ) ) ;
#8322 = DIRECTION ( 'NONE',  ( 6.123233995736766036E-17, -1.000000000000000000, -0.0000000000000000000 ) ) ;
#8323 = CARTESIAN_POINT ( 'NONE',  ( -0.1200786804129134050, 0.05586047468624880108, 0.1302975371309894326 ) ) ;
#8324 = ORIENTED_EDGE ( 'NONE', *, *, #7329, .F. ) ;
#8325 = B_SPLINE_CURVE_WITH_KNOTS ( 'NONE', 3,
 ( #3520, #4387, #4341, #1192, #2851, #413, #9130, #2059, #8358, #1295 ),
 .UNSPECIFIED., .F., .F.,
 ( 4, 2, 2, 2, 4 ),
 ( 0.0000000000000000000, 0.2500000000000000000, 0.5000000000000000000, 0.7500000000000000000, 1.000000000000000000 ),
 .UNSPECIFIED. ) ;
#8326 = ORIENTED_EDGE ( 'NONE', *, *, #6057, .T. ) ;
#8327 = CARTESIAN_POINT ( 'NONE',  ( 0.2775591148625978222, -0.01018019641301994536, 0.09516367273722108056 ) ) ;
#8328 = EDGE_LOOP ( 'NONE', ( #9916, #4300, #9573, #4184, #8849, #2183, #9202, #3671, #5592 ) ) ;
#8329 = EDGE_CURVE ( 'NONE', #4254, #9702, #2428, .T. ) ;
#8330 = B_SPLINE_CURVE_WITH_KNOTS ( 'NONE', 3,
 ( #3835, #10021, #4560, #1454, #678, #9203, #5335, #6933, #10074, #3732, #2281, #2972, #6106, #4710, #6881, #4510, #10165, #8475, #7080, #7852, #5431, #725, #779, #7694, #6978, #9292, #9251, #8434, #2227, #6150, #2184, #9342, #7798, #7646, #9396, #10117, #5379, #576, #8629 ),
 .UNSPECIFIED., .F., .F.,
 ( 4, 2, 2, 2, 2, 2, 2, 1, 1, 2, 2, 2, 2, 2, 2, 2, 1, 2, 2, 2, 4 ),
 ( 0.01042191370845480317, 0.07227054410168357035, 0.1031948592982979557, 0.1186570168966042532, 0.1341191744949105646, 0.2578164352813514526, 0.3196650656745707031, 0.3505893808711803561, 0.3660515384694841834, 0.3737826172686365966, 0.3815136960677889544, 0.4124380112643963869, 0.4279001688627003253, 0.4433623264610042081, 0.5052109568542213491, 0.7526054784270865827, 0.7835297936236954586, 0.7989919512220003961, 0.8144541088203054446, 0.8763027392135372962, 1.000000000000000000 ),
 .UNSPECIFIED. ) ;
#8331 = DIRECTION ( 'NONE',  ( 1.000000000000000000, 6.123233995736766036E-17, 0.0000000000000000000 ) ) ;
#8332 = CARTESIAN_POINT ( 'NONE',  ( -0.1023621449798425564, 0.03937014389259840125, 0.04133858267716534335 ) ) ;
#8333 = ORIENTED_EDGE ( 'NONE', *, *, #7724, .T. ) ;
#8334 = DIRECTION ( 'NONE',  ( 0.0000000000000000000, -0.01185436032000183014, -0.9999297346020886712 ) ) ;
#8335 =( BOUNDED_SURFACE ( )  B_SPLINE_SURFACE ( 3, 3, ( 
 ( #3730, #1497, #6879, #3833 ),
 ( #5480, #7644, #5333, #5377 ),
 ( #8627, #7748, #7599, #6194 ),
 ( #676, #6832, #6975, #10116 ) ),
 .UNSPECIFIED., .F., .F., .F. ) 
 B_SPLINE_SURFACE_WITH_KNOTS ( ( 4, 4 ),
 ( 4, 4 ),
 ( 0.0000000000000000000, 1.000000000000000000 ),
 ( 0.0000000000000000000, 1.000000000000000000 ),
 .UNSPECIFIED. ) 
 GEOMETRIC_REPRESENTATION_ITEM ( )  RATIONAL_B_SPLINE_SURFACE ( (
 ( 1.000000000000000000, 0.8047378541243664918, 0.8047378541243664918, 1.000000000000000000),
 ( 0.9521766939771421079, 0.7662526294583988928, 0.7662526294583988928, 0.9521766939771421079),
 ( 0.9521766939771421079, 0.7662526294583988928, 0.7662526294583988928, 0.9521766939771421079),
 ( 1.000000000000000000, 0.8047378541243664918, 0.8047378541243664918, 1.000000000000000000) ) ) 
 REPRESENTATION_ITEM ( '' )  SURFACE ( )  );
#8336 = CARTESIAN_POINT ( 'NONE',  ( -0.1384513838249973872, 0.04826645540241891741, 0.1003169899509550878 ) ) ;
#8337 = VECTOR ( 'NONE', #7280, 39.37007874015748143 ) ;
#8338 = CARTESIAN_POINT ( 'NONE',  ( 0.1272983172477558655, -0.0004453753475196791821, 0.1303194529501181254 ) ) ;
#8339 = CARTESIAN_POINT ( 'NONE',  ( -0.1397637197829920408, -0.04853563690067140557, 0.05274686401081447179 ) ) ;
#8340 = CARTESIAN_POINT ( 'NONE',  ( -0.1384513838249870898, 0.05183733549365415749, 0.07717662042336546901 ) ) ;
#8341 = ORIENTED_EDGE ( 'NONE', *, *, #539, .F. ) ;
#8342 = CARTESIAN_POINT ( 'NONE',  ( 0.2775591148625984328, 0.007874080900477043940, 0.07480314960629919074 ) ) ;
#8343 = VECTOR ( 'NONE', #3597, 39.37007874015748143 ) ;
#8344 = DIRECTION ( 'NONE',  ( -0.7660444431192735548, 0.0000000000000000000, -0.6427876096861870892 ) ) ;
#8345 = DIRECTION ( 'NONE',  ( -4.329780281159781770E-17, 0.7071067811836593275, 0.7071067811894358179 ) ) ;
#8346 = CARTESIAN_POINT ( 'NONE',  ( -0.1397637197829944833, 0.04841130417188765911, 0.09852596158369839041 ) ) ;
#8347 = ORIENTED_EDGE ( 'NONE', *, *, #6468, .T. ) ;
#8348 = DIRECTION ( 'NONE',  ( 1.000000000000000000, 6.123233995736766036E-17, 0.0000000000000000000 ) ) ;
#8349 = CARTESIAN_POINT ( 'NONE',  ( -0.1200786804129134189, 0.04607916673932682672, 0.03839342559938419691 ) ) ;
#8350 = LINE ( 'NONE', #7474, #5873 ) ;
#8351 = EDGE_CURVE ( 'NONE', #1028, #9129, #7418, .T. ) ;
#8352 = PLANE ( 'NONE',  #4755 ) ;
#8353 = VECTOR ( 'NONE', #9388, 39.37007874015748143 ) ;
#8354 = CARTESIAN_POINT ( 'NONE',  ( 0.1279528156500787661, -0.04724402933574800567, 0.01369764846694448458 ) ) ;
#8355 = ORIENTED_EDGE ( 'NONE', *, *, #8721, .T. ) ;
#8356 = DIRECTION ( 'NONE',  ( 6.123233995736766036E-17, -1.000000000000000000, -0.0000000000000000000 ) ) ;
#8357 = VERTEX_POINT ( 'NONE', #4323 ) ;
#8358 = CARTESIAN_POINT ( 'NONE',  ( -0.1279526961609451507, 0.06102368719968558064, 0.04982086011613148790 ) ) ;
#8359 = AXIS2_PLACEMENT_3D ( 'NONE', #3112, #616, #2367 ) ;
#8360 = CARTESIAN_POINT ( 'NONE',  ( -0.1377950662575663510, -0.04373564451843788697, 0.1027606672412851030 ) ) ;
#8361 = VECTOR ( 'NONE', #898, 39.37007874015748143 ) ;
#8362 = EDGE_CURVE ( 'NONE', #7527, #8241, #5601, .T. ) ;
#8363 = LINE ( 'NONE', #1437, #296 ) ;
#8364 = VERTEX_POINT ( 'NONE', #5866 ) ;
#8365 = CARTESIAN_POINT ( 'NONE',  ( -0.1279526961609449565, -0.04130514640293493633, 0.04730134657852113483 ) ) ;
#8366 = VECTOR ( 'NONE', #9936, 39.37007874015748143 ) ;
#8367 = B_SPLINE_CURVE_WITH_KNOTS ( 'NONE', 3,
 ( #354, #3653, #5046, #1225, #3551, #7466 ),
 .UNSPECIFIED., .F., .F.,
 ( 4, 2, 4 ),
 ( 0.0000000000000000000, 0.5000000000000000000, 1.000000000000000000 ),
 .UNSPECIFIED. ) ;
#8368 = FACE_OUTER_BOUND ( 'NONE', #2763, .T. ) ;
#8369 = DIRECTION ( 'NONE',  ( -6.123233995736766036E-17, 1.000000000000000000, 0.0000000000000000000 ) ) ;
#8370 = ADVANCED_FACE ( 'NONE', ( #3600 ), #303, .T. ) ;
#8371 = EDGE_CURVE ( 'NONE', #10020, #1334, #3502, .T. ) ;
#8372 = CARTESIAN_POINT ( 'NONE',  ( -0.1200786804129134189, 0.05314967145165352264, 0.1173228346456692828 ) ) ;
#8373 = CARTESIAN_POINT ( 'NONE',  ( -0.1377950816368354869, 0.05392907727589440342, 0.05422614251374990868 ) ) ;
#8374 = EDGE_LOOP ( 'NONE', ( #4002, #5259, #694, #8595 ) ) ;
#8375 = VERTEX_POINT ( 'NONE', #9014 ) ;
#8376 = B_SPLINE_CURVE_WITH_KNOTS ( 'NONE', 3,
 ( #7984, #9591, #862, #4796 ),
 .UNSPECIFIED., .F., .F.,
 ( 4, 4 ),
 ( 0.0000000000000000000, 1.000000000000000000 ),
 .UNSPECIFIED. ) ;
#8377 = AXIS2_PLACEMENT_3D ( 'NONE', #2269, #8569, #1538 ) ;
#8378 = CARTESIAN_POINT ( 'NONE',  ( -0.1384513838249709639, -0.04921253327275805500, 0.07326210897011423140 ) ) ;
#8379 = CARTESIAN_POINT ( 'NONE',  ( -0.1386138424426969218, 0.05231307421105412664, 0.1006518570276944274 ) ) ;
#8380 = VECTOR ( 'NONE', #9478, 39.37007874015748143 ) ;
#8381 = CARTESIAN_POINT ( 'NONE',  ( -0.1279526961609450952, -0.05375780283770730666, 0.1122047244094490498 ) ) ;
#8382 = PLANE ( 'NONE',  #4416 ) ;
#8383 = CARTESIAN_POINT ( 'NONE',  ( 0.1279528156500787384, -0.04724402933574802649, 0.02739529693388862569 ) ) ;
#8384 = ORIENTED_EDGE ( 'NONE', *, *, #8922, .T. ) ;
#8385 = AXIS2_PLACEMENT_3D ( 'NONE', #2639, #9126, #5113 ) ;
#8386 = VERTEX_POINT ( 'NONE', #1468 ) ;
#8387 = CARTESIAN_POINT ( 'NONE',  ( 0.1200787999020472424, 0.08824351657376368341, 0.05180391536328659424 ) ) ;
#8388 = EDGE_CURVE ( 'NONE', #9133, #5587, #3701, .T. ) ;
#8389 = ORIENTED_EDGE ( 'NONE', *, *, #349, .T. ) ;
#8390 = CIRCLE ( 'NONE', #2955, 0.003937007874015770528 ) ;
#8391 = DIRECTION ( 'NONE',  ( 0.9763647002366455663, 5.978509524726364543E-17, -0.2161295262841363973 ) ) ;
#8392 = CARTESIAN_POINT ( 'NONE',  ( -0.1358267119089763830, 0.05997115106077246377, 0.06645703497265068038 ) ) ;
#8393 = AXIS2_PLACEMENT_3D ( 'NONE', #7495, #9815, #9769 ) ;
#8394 = ORIENTED_EDGE ( 'NONE', *, *, #6402, .F. ) ;
#8395 = PLANE ( 'NONE',  #8205 ) ;
#8396 = CARTESIAN_POINT ( 'NONE',  ( -0.1279526961609449009, -0.05511804508377944611, 0.04987839297976738584 ) ) ;
#8397 = CARTESIAN_POINT ( 'NONE',  ( -0.1023621449798425564, 0.03937014389259840125, 0.03937007874015746589 ) ) ;
#8398 = CARTESIAN_POINT ( 'NONE',  ( -0.09350387726330708360, -0.04724402933574804037, 0.007874015748031495954 ) ) ;
#8399 = CARTESIAN_POINT ( 'NONE',  ( -0.1382247786220321684, 0.04460519613583042997, 0.07742355771829964595 ) ) ;
#8400 = DIRECTION ( 'NONE',  ( 1.000000000000000000, 0.0000000000000000000, 0.0000000000000000000 ) ) ;
#8401 = LINE ( 'NONE', #4374, #2790 ) ;
#8402 = CARTESIAN_POINT ( 'NONE',  ( 0.1200787999020436758, 0.08464573444377952727, 0.07480314960630707333 ) ) ;
#8403 = ORIENTED_EDGE ( 'NONE', *, *, #5083, .F. ) ;
#8404 = VECTOR ( 'NONE', #8060, 39.37007874015748143 ) ;
#8405 = ORIENTED_EDGE ( 'NONE', *, *, #8021, .T. ) ;
#8406 = LINE ( 'NONE', #6306, #2982 ) ;
#8407 = LINE ( 'NONE', #9124, #2426 ) ;
#8408 = CARTESIAN_POINT ( 'NONE',  ( -0.1377950662575684604, 0.05862656020597097062, 0.04764255700506535990 ) ) ;
#8409 = EDGE_CURVE ( 'NONE', #3058, #2270, #3962, .T. ) ;
#8410 = CARTESIAN_POINT ( 'NONE',  ( 0.1673228943901574339, -0.02953284678369095390, 0.08260811999232192671 ) ) ;
#8411 = CARTESIAN_POINT ( 'NONE',  ( -0.1358266333937625525, -0.04330702146176792361, 0.05294363677158128029 ) ) ;
#8412 = ORIENTED_EDGE ( 'NONE', *, *, #349, .F. ) ;
#8413 = CARTESIAN_POINT ( 'NONE',  ( 0.1751969101381924132, 0.06585386002801688066, 0.08679316101692009788 ) ) ;
#8414 = ORIENTED_EDGE ( 'NONE', *, *, #7259, .F. ) ;
#8415 = CARTESIAN_POINT ( 'NONE',  ( -0.09251962529480318997, 0.01771660058551182901, 0.007874015748031499423 ) ) ;
#8416 = CARTESIAN_POINT ( 'NONE',  ( -0.1320534741669917023, 0.04681048343797685612, 0.1043653315612598220 ) ) ;
#8417 = LINE ( 'NONE', #4447, #957 ) ;
#8418 = VERTEX_POINT ( 'NONE', #5254 ) ;
#8419 = CARTESIAN_POINT ( 'NONE',  ( -0.1279526961609449287, 0.04921266357763773303, 0.07286926856913386596 ) ) ;
#8420 = CARTESIAN_POINT ( 'NONE',  ( 0.2854331306106298594, 0.03156995491489592021, 0.07377344466233298759 ) ) ;
#8421 = CARTESIAN_POINT ( 'NONE',  ( 0.06808444073216524117, 0.01968510452251923462, 0.01574803149606298844 ) ) ;
#8422 = CARTESIAN_POINT ( 'NONE',  ( -0.05708655442866145124, -0.03740150965070868083, 0.0000000000000000000 ) ) ;
#8423 = EDGE_LOOP ( 'NONE', ( #6606, #6389, #1401, #965 ) ) ;
#8424 = ORIENTED_EDGE ( 'NONE', *, *, #4622, .T. ) ;
#8425 = ADVANCED_FACE ( 'NONE', ( #9764 ), #2654, .F. ) ;
#8426 = ADVANCED_FACE ( 'NONE', ( #7868 ), #2703, .T. ) ;
#8427 = CARTESIAN_POINT ( 'NONE',  ( -0.07283458592472441540, -0.04724402933574803343, -3.557093741750342732E-19 ) ) ;
#8428 = EDGE_CURVE ( 'NONE', #7873, #2342, #4977, .T. ) ;
#8429 = EDGE_CURVE ( 'NONE', #6452, #1661, #7295, .T. ) ;
#8430 = CARTESIAN_POINT ( 'NONE',  ( -0.1397637197829921518, 0.04850300744621937471, 0.09739206747951904830 ) ) ;
#8431 = CARTESIAN_POINT ( 'NONE',  ( -0.1023621449798425564, 0.03283144265799844280, 0.01567416640385432824 ) ) ;
#8432 = CARTESIAN_POINT ( 'NONE',  ( -0.1377952158459814780, 0.03170496228482477807, 0.09314277247693003581 ) ) ;
#8433 = ORIENTED_EDGE ( 'NONE', *, *, #10178, .F. ) ;
#8434 = CARTESIAN_POINT ( 'NONE',  ( -0.1377952045720397256, -0.05324400599433459086, 0.1098298398630450645 ) ) ;
#8435 = ORIENTED_EDGE ( 'NONE', *, *, #1108, .F. ) ;
#8436 = CARTESIAN_POINT ( 'NONE',  ( 0.1246912913694077779, 0.05577400947289982286, 0.01922186197314412065 ) ) ;
#8437 =( BOUNDED_CURVE ( )  B_SPLINE_CURVE ( 3, ( #2030, #341, #9928, #1268 ),
 .UNSPECIFIED., .F., .T. ) 
 B_SPLINE_CURVE_WITH_KNOTS ( ( 4, 4 ),
 ( 0.01100222019300986682, 1.000000000000000000 ),
 .UNSPECIFIED. ) 
 CURVE ( )  GEOMETRIC_REPRESENTATION_ITEM ( )  RATIONAL_B_SPLINE_CURVE ( ( 1.000000000000000000, 0.3448542578529867342, 0.3448542578529867342, 1.000000000000000000 ) ) 
 REPRESENTATION_ITEM ( '' )  );
#8438 = ORIENTED_EDGE ( 'NONE', *, *, #3528, .F. ) ;
#8439 = CARTESIAN_POINT ( 'NONE',  ( 0.1279528156500787384, 0.06905165813138390563, 0.09325680230270631810 ) ) ;
#8440 = EDGE_CURVE ( 'NONE', #5691, #5645, #4401, .T. ) ;
#8441 = CARTESIAN_POINT ( 'NONE',  ( 0.1594488786421259241, -0.001499109434674004027, 0.06305695943435303541 ) ) ;
#8442 = ORIENTED_EDGE ( 'NONE', *, *, #1943, .T. ) ;
#8443 = CARTESIAN_POINT ( 'NONE',  ( -0.1023621449798398780, 0.04740791782478827321, 0.1338582677165354173 ) ) ;
#8444 = CARTESIAN_POINT ( 'NONE',  ( -0.1384513838249930573, 0.04658799166162096855, 0.1000579797070381971 ) ) ;
#8445 = CARTESIAN_POINT ( 'NONE',  ( 0.009842579429606257424, -0.06884954606232077112, 0.1338582677165353063 ) ) ;
#8446 = CARTESIAN_POINT ( 'NONE',  ( -0.1384513838249931128, 0.04658799166161647215, 0.07717662042337028461 ) ) ;
#8447 =( BOUNDED_CURVE ( )  B_SPLINE_CURVE ( 3, ( #9646, #7172, #8779, #7993 ),
 .UNSPECIFIED., .F., .T. ) 
 B_SPLINE_CURVE_WITH_KNOTS ( ( 4, 4 ),
 ( 0.0000000000000000000, 1.000000000000000000 ),
 .UNSPECIFIED. ) 
 CURVE ( )  GEOMETRIC_REPRESENTATION_ITEM ( )  RATIONAL_B_SPLINE_CURVE ( ( 1.000000000000000000, 0.9490320954817084154, 0.9490320954817084154, 1.000000000000000000 ) ) 
 REPRESENTATION_ITEM ( '' )  );
#8448 = CARTESIAN_POINT ( 'NONE',  ( 0.1306496570495669363, 0.05118116751464568681, 0.07480314960629920462 ) ) ;
#8449 = CARTESIAN_POINT ( 'NONE',  ( -0.1397637197829921241, 0.04921267018305114371, 0.08861722535990664007 ) ) ;
#8450 = VERTEX_POINT ( 'NONE', #4677 ) ;
#8451 = CARTESIAN_POINT ( 'NONE',  ( 0.1200787999020470065, -0.05351375649350330332, 0.1326523939848755496 ) ) ;
#8452 = ORIENTED_EDGE ( 'NONE', *, *, #5722, .F. ) ;
#8453 = CARTESIAN_POINT ( 'NONE',  ( -0.1200786804129134189, 0.01017588531793642628, 0.03543307086614173873 ) ) ;
#8454 = CARTESIAN_POINT ( 'NONE',  ( 0.1751969101381896932, -0.06566268185673847235, 0.08776125958519492842 ) ) ;
#8455 = CARTESIAN_POINT ( 'NONE',  ( 0.1673228943901574062, -0.007727225109014222888, 0.1035627704009789846 ) ) ;
#8456 = CARTESIAN_POINT ( 'NONE',  ( -0.1015807743408970731, 0.03014939936286971031, 0.01567416640385432478 ) ) ;
#8457 = VERTEX_POINT ( 'NONE', #8114 ) ;
#8458 = CARTESIAN_POINT ( 'NONE',  ( -0.1320534741669917855, 0.05161484371729872789, 0.07286926856913386596 ) ) ;
#8459 = ORIENTED_EDGE ( 'NONE', *, *, #3572, .T. ) ;
#8460 = CARTESIAN_POINT ( 'NONE',  ( 0.1279528156500787661, 0.01379266853210370236, 0.1277532741185962439 ) ) ;
#8461 = CARTESIAN_POINT ( 'NONE',  ( 0.07677171328787397997, -0.01968497421763773514, 0.003937007874015846856 ) ) ;
#8462 = ORIENTED_EDGE ( 'NONE', *, *, #5646, .T. ) ;
#8463 = CARTESIAN_POINT ( 'NONE',  ( -0.1003936410428346443, 0.04724415964062989026, 0.007874015748031495954 ) ) ;
#8464 = CARTESIAN_POINT ( 'NONE',  ( 0.1594488786421260074, -0.001604997584227536292, 0.08652815311118169928 ) ) ;
#8465 = PLANE ( 'NONE',  #7541 ) ;
#8466 = LINE ( 'NONE', #2171, #8171 ) ;
#8467 = ORIENTED_EDGE ( 'NONE', *, *, #3904, .F. ) ;
#8468 = EDGE_CURVE ( 'NONE', #5142, #6096, #222, .T. ) ;
#8469 = ORIENTED_EDGE ( 'NONE', *, *, #8351, .F. ) ;
#8470 = CARTESIAN_POINT ( 'NONE',  ( -0.1371863431266564515, 0.04330715176661506516, 0.07855516656423154609 ) ) ;
#8471 = CARTESIAN_POINT ( 'NONE',  ( 0.2854331306106299704, 6.559375512426273396E-08, 0.09055101575812694870 ) ) ;
#8472 = CARTESIAN_POINT ( 'NONE',  ( -0.1353471457692315416, -0.05183731024302832419, 0.07517905415227184307 ) ) ;
#8473 = CARTESIAN_POINT ( 'NONE',  ( -0.1345311821691186627, 0.04330715176661417698, 0.07886078443260495507 ) ) ;
#8474 = ORIENTED_EDGE ( 'NONE', *, *, #39, .T. ) ;
#8475 = CARTESIAN_POINT ( 'NONE',  ( -0.1377951022625328592, -0.04830388302047834703, 0.1092902397006657589 ) ) ;
#8476 = ORIENTED_EDGE ( 'NONE', *, *, #5122, .T. ) ;
#8477 = CARTESIAN_POINT ( 'NONE',  ( -0.1347349699325559036, 0.04658799166161311373, 0.07445825815326717612 ) ) ;
#8478 = VERTEX_POINT ( 'NONE', #231 ) ;
#8479 = EDGE_CURVE ( 'NONE', #1479, #2660, #469, .T. ) ;
#8480 = FACE_OUTER_BOUND ( 'NONE', #7389, .T. ) ;
#8481 = CARTESIAN_POINT ( 'NONE',  ( -0.1279526961609451230, 0.04239940665234420702, 0.04210643052398378022 ) ) ;
#8482 = ORIENTED_EDGE ( 'NONE', *, *, #189, .F. ) ;
#8483 = EDGE_CURVE ( 'NONE', #2226, #3344, #794, .T. ) ;
#8484 = CARTESIAN_POINT ( 'NONE',  ( -0.1279526961609449009, 0.04330715176661415616, 0.07697147372051395264 ) ) ;
#8485 = CARTESIAN_POINT ( 'NONE',  ( -0.1296134879619225133, -0.05511804508377882855, 0.07308105990103572203 ) ) ;
#8486 = CARTESIAN_POINT ( 'NONE',  ( -0.1384513838249930573, 0.04658799166162096855, 0.1000579797070381971 ) ) ;
#8487 = EDGE_CURVE ( 'NONE', #4092, #4376, #2313, .T. ) ;
#8488 = CARTESIAN_POINT ( 'NONE',  ( -0.1370718172439282234, -0.04330702146173526917, 0.05158671277748821948 ) ) ;
#8489 = B_SPLINE_CURVE_WITH_KNOTS ( 'NONE', 3,
 ( #7746, #2180, #5331, #3781 ),
 .UNSPECIFIED., .F., .F.,
 ( 4, 4 ),
 ( 0.0000000000000000000, 1.000000000000000000 ),
 .UNSPECIFIED. ) ;
#8490 = CARTESIAN_POINT ( 'NONE',  ( -0.03740151505858273218, 0.05905518326267716195, -1.867474214418929742E-18 ) ) ;
#8491 = ORIENTED_EDGE ( 'NONE', *, *, #8468, .F. ) ;
#8492 = CARTESIAN_POINT ( 'NONE',  ( 0.1200787999020472285, -0.04740778751995450985, 0.02362204724409448786 ) ) ;
#8493 = LINE ( 'NONE', #82, #2499 ) ;
#8494 = CARTESIAN_POINT ( 'NONE',  ( -0.1377952158459843091, 0.03051187617606435087, 0.09281791852137692700 ) ) ;
#8495 = CARTESIAN_POINT ( 'NONE',  ( -0.1325847361463550755, -0.05711992014257684380, 0.04730134657852112789 ) ) ;
#8496 = EDGE_CURVE ( 'NONE', #5410, #6714, #9660, .T. ) ;
#8497 = DIRECTION ( 'NONE',  ( 6.123233995736766036E-17, -1.000000000000000000, 0.0000000000000000000 ) ) ;
#8498 = CARTESIAN_POINT ( 'NONE',  ( 0.06593501021484246549, 6.515244094229544203E-08, 0.007874015748031495954 ) ) ;
#8499 = VERTEX_POINT ( 'NONE', #7395 ) ;
#8500 = DIRECTION ( 'NONE',  ( -1.000000000000000000, -6.123233995736766036E-17, 0.0000000000000000000 ) ) ;
#8501 =( BOUNDED_CURVE ( )  B_SPLINE_CURVE ( 3, ( #7743, #5327, #3829, #1446 ),
 .UNSPECIFIED., .F., .T. ) 
 B_SPLINE_CURVE_WITH_KNOTS ( ( 4, 4 ),
 ( 0.0000000000000000000, 1.000000000000000000 ),
 .UNSPECIFIED. ) 
 CURVE ( )  GEOMETRIC_REPRESENTATION_ITEM ( )  RATIONAL_B_SPLINE_CURVE ( ( 1.000000000000000000, 0.9976647929699757888, 0.9976647929699757888, 1.000000000000000000 ) ) 
 REPRESENTATION_ITEM ( '' )  );
#8502 = ORIENTED_EDGE ( 'NONE', *, *, #3023, .T. ) ;
#8503 = AXIS2_PLACEMENT_3D ( 'NONE', #6589, #9739, #352 ) ;
#8504 = AXIS2_PLACEMENT_3D ( 'NONE', #500, #10084, #3033 ) ;
#8505 = CARTESIAN_POINT ( 'NONE',  ( -0.1378094211395435031, -0.04257297047537567797, 0.1028228912292883518 ) ) ;
#8506 = EDGE_CURVE ( 'NONE', #6936, #1334, #7454, .T. ) ;
#8507 = CARTESIAN_POINT ( 'NONE',  ( -0.06889757805070870211, -0.07361310586710625992, 0.04133858267716534335 ) ) ;
#8508 = ORIENTED_EDGE ( 'NONE', *, *, #8929, .T. ) ;
#8509 = B_SPLINE_CURVE_WITH_KNOTS ( 'NONE', 3,
 ( #1558, #7189, #8635, #3339 ),
 .UNSPECIFIED., .F., .F.,
 ( 4, 4 ),
 ( 0.0000000000000000000, 1.000000000000000000 ),
 .UNSPECIFIED. ) ;
#8510 = AXIS2_PLACEMENT_3D ( 'NONE', #3921, #6778, #8655 ) ;
#8511 = CARTESIAN_POINT ( 'NONE',  ( 0.1358268313981101649, 0.06691665916525300906, 0.08090256132503975683 ) ) ;
#8512 = CARTESIAN_POINT ( 'NONE',  ( -0.1003936410428345610, -0.07791971393300593796, 0.04133858267716856300 ) ) ;
#8513 = CARTESIAN_POINT ( 'NONE',  ( -0.1365139921755534058, -0.05511804508377991796, 0.07010472905582386394 ) ) ;
#8514 = CARTESIAN_POINT ( 'NONE',  ( -0.1279526961609449009, 0.04921266357763776078, 0.08861730006519684399 ) ) ;
#8515 = VERTEX_POINT ( 'NONE', #7046 ) ;
#8516 = CARTESIAN_POINT ( 'NONE',  ( -0.1200786804129134050, 0.05051768493336079857, 0.1334255676619672815 ) ) ;
#8517 = VERTEX_POINT ( 'NONE', #7097 ) ;
#8518 = DIRECTION ( 'NONE',  ( 6.123233995736766036E-17, -1.000000000000000000, -0.0000000000000000000 ) ) ;
#8519 = AXIS2_PLACEMENT_3D ( 'NONE', #5676, #5721, #4071 ) ;
#8520 = CARTESIAN_POINT ( 'NONE',  ( -0.1382247786220321406, 0.04460519613583042997, 0.07742355771829964595 ) ) ;
#8521 = CARTESIAN_POINT ( 'NONE',  ( 0.2854331306106299149, 0.01376896884855162428, 0.08270272799621353199 ) ) ;
#8522 = CARTESIAN_POINT ( 'NONE',  ( -0.1377952158459787302, -0.03325272383734972220, 0.05695635582861996449 ) ) ;
#8523 = CIRCLE ( 'NONE', #4075, 0.01181102362204724046 ) ;
#8524 = CARTESIAN_POINT ( 'NONE',  ( -0.1377952158459843091, 0.03051187617606435087, 0.09281791852137692700 ) ) ;
#8525 = VERTEX_POINT ( 'NONE', #34 ) ;
#8526 = CARTESIAN_POINT ( 'NONE',  ( -0.1382881162728658020, -0.05375767640845234563, 0.07278698227618514427 ) ) ;
#8527 = VERTEX_POINT ( 'NONE', #3192 ) ;
#8528 = CARTESIAN_POINT ( 'NONE',  ( 0.1279528156500787384, 0.06478283747453678076, 0.09421988697677471936 ) ) ;
#8529 = AXIS2_PLACEMENT_3D ( 'NONE', #200, #4424, #6065 ) ;
#8530 = VERTEX_POINT ( 'NONE', #9460 ) ;
#8531 = EDGE_CURVE ( 'NONE', #377, #8051, #6646, .T. ) ;
#8532 = VERTEX_POINT ( 'NONE', #8839 ) ;
#8533 = VECTOR ( 'NONE', #1414, 39.37007874015748143 ) ;
#8534 = CARTESIAN_POINT ( 'NONE',  ( 0.1594488786421259241, -0.003005723538472484559, 0.06335675803335928669 ) ) ;
#8535 = VECTOR ( 'NONE', #4349, 39.37007874015748143 ) ;
#8536 = VERTEX_POINT ( 'NONE', #9963 ) ;
#8537 = AXIS2_PLACEMENT_3D ( 'NONE', #7411, #9828, #8908 ) ;
#8538 = CARTESIAN_POINT ( 'NONE',  ( -0.1290459248799090686, 0.05511817538866074784, 0.1002631264098830799 ) ) ;
#8539 = FACE_OUTER_BOUND ( 'NONE', #5098, .T. ) ;
#8540 = VECTOR ( 'NONE', #46, 39.37007874015748143 ) ;
#8541 = CARTESIAN_POINT ( 'NONE',  ( 0.1200787999020466318, 0.06308354157116988215, 0.1219251975557437834 ) ) ;
#8542 = EDGE_CURVE ( 'NONE', #5410, #4910, #8989, .T. ) ;
#8543 = AXIS2_PLACEMENT_3D ( 'NONE', #6901, #5448, #6266 ) ;
#8544 = EDGE_CURVE ( 'NONE', #6003, #9479, #3779, .T. ) ;
#8545 = CARTESIAN_POINT ( 'NONE',  ( -0.1200786804129134189, -0.05961152763757560091, 0.1072943621300409128 ) ) ;
#8546 = CARTESIAN_POINT ( 'NONE',  ( -0.1397637197829922073, 0.04765871578070302733, 0.09729291549768233349 ) ) ;
#8547 = EDGE_CURVE ( 'NONE', #9686, #7761, #3679, .T. ) ;
#8548 = ORIENTED_EDGE ( 'NONE', *, *, #7584, .T. ) ;
#8549 = AXIS2_PLACEMENT_3D ( 'NONE', #4993, #5041, #1784 ) ;
#8550 = CARTESIAN_POINT ( 'NONE',  ( -0.1200786804129134189, 0.04173234861700785003, 0.04724409448818519403 ) ) ;
#8551 = AXIS2_PLACEMENT_3D ( 'NONE', #836, #1049, #80 ) ;
#8552 = FACE_OUTER_BOUND ( 'NONE', #4442, .T. ) ;
#8553 = CARTESIAN_POINT ( 'NONE',  ( -0.1320534741669917578, -0.04921253327275589007, 0.04577618782838582118 ) ) ;
#8554 = CARTESIAN_POINT ( 'NONE',  ( 0.1751969101381889438, 0.004204927782778489394, 0.05906106036662861491 ) ) ;
#8555 = CARTESIAN_POINT ( 'NONE',  ( -0.1377952158459843091, -0.03051174587118403100, 0.09281791852137465104 ) ) ;
#8556 = VERTEX_POINT ( 'NONE', #6826 ) ;
#8557 = CARTESIAN_POINT ( 'NONE',  ( -0.1358600830307659102, 0.05384470356304794231, 0.07439442731926916574 ) ) ;
#8558 = ORIENTED_EDGE ( 'NONE', *, *, #1943, .F. ) ;
#8559 = FACE_OUTER_BOUND ( 'NONE', #6361, .T. ) ;
#8560 = PLANE ( 'NONE',  #3419 ) ;
#8561 = AXIS2_PLACEMENT_3D ( 'NONE', #3969, #4019, #250 ) ;
#8562 = CARTESIAN_POINT ( 'NONE',  ( 0.1200787999020471591, 0.05905518326267716195, -1.867474214418929742E-18 ) ) ;
#8563 = EDGE_CURVE ( 'NONE', #10020, #6661, #7490, .T. ) ;
#8564 = FACE_OUTER_BOUND ( 'NONE', #9634, .T. ) ;
#8565 = ORIENTED_EDGE ( 'NONE', *, *, #1008, .F. ) ;
#8566 = CYLINDRICAL_SURFACE ( 'NONE', #5283, 0.003937007874015741038 ) ;
#8567 = CARTESIAN_POINT ( 'NONE',  ( -0.1358266523449587204, 0.05511817538862671950, 0.08003674477046535118 ) ) ;
#8568 = CARTESIAN_POINT ( 'NONE',  ( 0.1594488786421259241, -0.02952736880051503449, 0.07480314942667989908 ) ) ;
#8569 = DIRECTION ( 'NONE',  ( 6.123233995736766036E-17, -1.000000000000000000, 0.0000000000000000000 ) ) ;
#8570 = CARTESIAN_POINT ( 'NONE',  ( -0.1200786804129134050, 0.05580156162137221709, 0.1302265700350506150 ) ) ;
#8571 = ORIENTED_EDGE ( 'NONE', *, *, #2612, .T. ) ;
#8572 = FACE_OUTER_BOUND ( 'NONE', #5736, .T. ) ;
#8573 = ORIENTED_EDGE ( 'NONE', *, *, #2737, .F. ) ;
#8574 = CYLINDRICAL_SURFACE ( 'NONE', #2589, 0.009448818897637803818 ) ;
#8575 = CARTESIAN_POINT ( 'NONE',  ( -0.1279526961609449009, -0.04724402933574807506, 0.005812603245675850711 ) ) ;
#8576 = CARTESIAN_POINT ( 'NONE',  ( -0.1279526961609450952, -0.04133851752472387370, 0.1049389703523519596 ) ) ;
#8577 = VECTOR ( 'NONE', #287, 39.37007874015748143 ) ;
#8578 = CARTESIAN_POINT ( 'NONE',  ( -0.1397637197829921518, 0.04724415964062989026, 0.07969356525437007455 ) ) ;
#8579 = CARTESIAN_POINT ( 'NONE',  ( 0.1200787999020401786, -0.06299063056040783704, 0.1226179251399485415 ) ) ;
#8580 = EDGE_LOOP ( 'NONE', ( #9250, #6090, #2337, #5474 ) ) ;
#8581 = FACE_OUTER_BOUND ( 'NONE', #2540, .T. ) ;
#8582 = ORIENTED_EDGE ( 'NONE', *, *, #9816, .F. ) ;
#8583 = PLANE ( 'NONE',  #5223 ) ;
#8584 = ORIENTED_EDGE ( 'NONE', *, *, #4831, .F. ) ;
#8585 = VERTEX_POINT ( 'NONE', #5372 ) ;
#8586 = CARTESIAN_POINT ( 'NONE',  ( 0.1279528156500788216, 0.05682880249551396090, 0.03146728738698585659 ) ) ;
#8587 = CARTESIAN_POINT ( 'NONE',  ( 0.1594488786421259241, 0.005207582093820706075, 0.06418394006866709467 ) ) ;
#8588 = CARTESIAN_POINT ( 'NONE',  ( -0.1279526961609449287, -0.04460506583095100869, 0.04633160447986101743 ) ) ;
#8589 = ORIENTED_EDGE ( 'NONE', *, *, #3672, .F. ) ;
#8590 = ORIENTED_EDGE ( 'NONE', *, *, #738, .F. ) ;
#8591 = CARTESIAN_POINT ( 'NONE',  ( -0.09842513710582681541, -0.03543300571370078256, 0.02007874015748031121 ) ) ;
#8592 = CARTESIAN_POINT ( 'NONE',  ( -0.1377952158459847254, 0.04370815303555623810, 0.04698574294435553522 ) ) ;
#8593 = DIRECTION ( 'NONE',  ( -1.000000000000000000, -6.123233995736766036E-17, 0.0000000000000000000 ) ) ;
#8594 = B_SPLINE_CURVE_WITH_KNOTS ( 'NONE', 3,
 ( #1362, #8586, #6888, #7757, #1503, #6838, #8439, #3792, #9299, #2924 ),
 .UNSPECIFIED., .F., .F.,
 ( 4, 2, 2, 2, 4 ),
 ( 0.0000000000000000000, 0.2499999999999997780, 0.4999999999999995559, 0.7499999999999997780, 1.000000000000000000 ),
 .UNSPECIFIED. ) ;
#8595 = ORIENTED_EDGE ( 'NONE', *, *, #482, .F. ) ;
#8596 = CARTESIAN_POINT ( 'NONE',  ( -0.1338582079719685125, -0.03051174587118113402, 0.05498079389736219846 ) ) ;
#8597 = DIRECTION ( 'NONE',  ( 6.123233995736766036E-17, -1.000000000000000000, -0.0000000000000000000 ) ) ;
#8598 = EDGE_CURVE ( 'NONE', #2795, #1895, #9285, .T. ) ;
#8599 = CARTESIAN_POINT ( 'NONE',  ( -0.1377952158459844201, 0.01512863633081589117, 0.1188726799952553315 ) ) ;
#8600 = CARTESIAN_POINT ( 'NONE',  ( -0.1397637197829920686, -0.04853563690067130842, 0.05274686401081740694 ) ) ;
#8601 = CARTESIAN_POINT ( 'NONE',  ( -0.1370718172439304994, 0.05511817538865596694, 0.07867979351823373158 ) ) ;
#8602 = ORIENTED_EDGE ( 'NONE', *, *, #1461, .F. ) ;
#8603 = CARTESIAN_POINT ( 'NONE',  ( 0.1751969101381923577, 0.06377241643351400091, 0.08345155498803231986 ) ) ;
#8604 = EDGE_CURVE ( 'NONE', #1838, #2882, #8501, .T. ) ;
#8605 =( BOUNDED_CURVE ( )  B_SPLINE_CURVE ( 3, ( #8430, #4659, #721, #7021 ),
 .UNSPECIFIED., .F., .T. ) 
 B_SPLINE_CURVE_WITH_KNOTS ( ( 4, 4 ),
 ( 0.0000000000000000000, 1.000000000000000000 ),
 .UNSPECIFIED. ) 
 CURVE ( )  GEOMETRIC_REPRESENTATION_ITEM ( )  RATIONAL_B_SPLINE_CURVE ( ( 1.000000000000000000, 0.9982531623863293291, 0.9982531623863293291, 1.000000000000000000 ) ) 
 REPRESENTATION_ITEM ( '' )  );
#8606 = EDGE_CURVE ( 'NONE', #7535, #1090, #4511, .T. ) ;
#8607 = ORIENTED_EDGE ( 'NONE', *, *, #8102, .T. ) ;
#8608 = LINE ( 'NONE', #9374, #129 ) ;
#8609 = CARTESIAN_POINT ( 'NONE',  ( 0.1200787999020401092, -0.08591657842853948901, 0.08550941043968869615 ) ) ;
#8610 = CARTESIAN_POINT ( 'NONE',  ( -0.1279526961609449009, 0.05511817538865755595, 0.07496055203066884220 ) ) ;
#8611 = LINE ( 'NONE', #2363, #5247 ) ;
#8612 = ORIENTED_EDGE ( 'NONE', *, *, #1662, .F. ) ;
#8613 = DIRECTION ( 'NONE',  ( 1.000000000000000000, 0.0000000000000000000, 0.0000000000000000000 ) ) ;
#8614 = ADVANCED_FACE ( 'NONE', ( #3015 ), #8574, .T. ) ;
#8615 = CARTESIAN_POINT ( 'NONE',  ( -0.1048030898617323126, -0.07791971393300671511, 0.04133858267717178264 ) ) ;
#8616 = CARTESIAN_POINT ( 'NONE',  ( -0.1358266935761467398, 0.05511817538866139315, 0.08861730006519684399 ) ) ;
#8617 = LINE ( 'NONE', #3825, #4419 ) ;
#8618 = SURFACE_SIDE_STYLE ('',( #10011 ) ) ;
#8619 = ORIENTED_EDGE ( 'NONE', *, *, #5137, .F. ) ;
#8620 = DIRECTION ( 'NONE',  ( 0.0000000000000000000, -0.7071067811836579953, -0.7071067811894370392 ) ) ;
#8621 = ORIENTED_EDGE ( 'NONE', *, *, #7445, .F. ) ;
#8622 = CARTESIAN_POINT ( 'NONE',  ( -0.1384513838249816220, -0.04658786135674000684, 0.07296489896628358118 ) ) ;
#8623 = B_SPLINE_CURVE_WITH_KNOTS ( 'NONE', 3,
 ( #3728, #9247, #7794, #3880, #8381, #2863, #2130, #2075, #8576, #2277 ),
 .UNSPECIFIED., .F., .F.,
 ( 4, 2, 2, 2, 4 ),
 ( 0.0000000000000000000, 0.2500000000000000000, 0.5000000000000000000, 0.7500000000000000000, 1.000000000000000000 ),
 .UNSPECIFIED. ) ;
#8624 = CARTESIAN_POINT ( 'NONE',  ( -0.1390978424896104348, 0.04494751558786689444, 0.09719781453604790789 ) ) ;
#8625 = CARTESIAN_POINT ( 'NONE',  ( 0.1279528156500787661, 0.04312782558591858606, 0.1259842519685039353 ) ) ;
#8626 = CARTESIAN_POINT ( 'NONE',  ( 0.1200787999020472147, -0.05905505295779527042, 0.0000000000000000000 ) ) ;
#8627 = CARTESIAN_POINT ( 'NONE',  ( -0.1358600830307618579, -0.04921253327275591088, 0.07574709207037809422 ) ) ;
#8628 = ORIENTED_EDGE ( 'NONE', *, *, #5503, .F. ) ;
#8629 = CARTESIAN_POINT ( 'NONE',  ( -0.1377952158459838372, -0.05866135217039898653, 0.1023622047244107658 ) ) ;
#8630 = ORIENTED_EDGE ( 'NONE', *, *, #4280, .T. ) ;
#8631 = DIRECTION ( 'NONE',  ( -0.7660444431197140913, 0.0000000000000000000, 0.6427876096856621757 ) ) ;
#8632 = ORIENTED_EDGE ( 'NONE', *, *, #2623, .F. ) ;
#8633 = EDGE_CURVE ( 'NONE', #2617, #6842, #3777, .T. ) ;
#8634 = ORIENTED_EDGE ( 'NONE', *, *, #1725, .F. ) ;
#8635 = CARTESIAN_POINT ( 'NONE',  ( -0.1023621449798425287, -0.05345448453727779520, 0.01693368818746960117 ) ) ;
#8636 = FACE_OUTER_BOUND ( 'NONE', #7072, .T. ) ;
#8637 = VERTEX_POINT ( 'NONE', #6241 ) ;
#8638 = EDGE_CURVE ( 'NONE', #6398, #7673, #328, .T. ) ;
#8639 = B_SPLINE_CURVE_WITH_KNOTS ( 'NONE', 3,
 ( #5699, #8843, #787, #8068, #998, #27, #1615, #6302, #2657, #5800, #7545, #6567, #4201, #2814 ),
 .UNSPECIFIED., .F., .F.,
 ( 4, 1, 2, 2, 1, 2, 2, 4 ),
 ( 0.0000000000000000000, 0.2500000000000001110, 0.3749999999999999445, 0.4999999999999997780, 0.6249999999999995559, 0.6874999999999996669, 0.7499999999999996669, 1.000000000000000000 ),
 .UNSPECIFIED. ) ;
#8640 = ORIENTED_EDGE ( 'NONE', *, *, #10002, .F. ) ;
#8641 = DIRECTION ( 'NONE',  ( -1.000000000000000000, 0.0000000000000000000, 0.0000000000000000000 ) ) ;
#8642 = CARTESIAN_POINT ( 'NONE',  ( 0.1200787999020472285, 0.05533678675039761796, 0.01881519746288808775 ) ) ;
#8643 = B_SPLINE_CURVE_WITH_KNOTS ( 'NONE', 3,
 ( #3450, #7462, #8239, #1171 ),
 .UNSPECIFIED., .F., .F.,
 ( 4, 4 ),
 ( 0.0000000000000000000, 1.000000000000000000 ),
 .UNSPECIFIED. ) ;
#8644 = CARTESIAN_POINT ( 'NONE',  ( -0.1003936410428345472, -0.07081804999933524747, 0.1240157480314960370 ) ) ;
#8645 = CARTESIAN_POINT ( 'NONE',  ( 0.1594488786421259241, -0.02952164060785339092, 0.08260811959433371487 ) ) ;
#8646 = ORIENTED_EDGE ( 'NONE', *, *, #9194, .F. ) ;
#8647 = CARTESIAN_POINT ( 'NONE',  ( -0.1029920662396850567, 0.05125010318090546940, 0.01764267034086220570 ) ) ;
#8648 = CARTESIAN_POINT ( 'NONE',  ( -0.1200786804129133911, -0.02755898996567120174, 0.1338582677165363610 ) ) ;
#8649 = CARTESIAN_POINT ( 'NONE',  ( -0.1377952158459843091, -0.03051174587118403100, 0.09281791852137465104 ) ) ;
#8650 = DIRECTION ( 'NONE',  ( 1.000000000000000000, 6.123233995736766036E-17, -0.0000000000000000000 ) ) ;
#8651 = CARTESIAN_POINT ( 'NONE',  ( 0.1270238266375196268, -0.0002137126041338566998, 0.02196884942104725125 ) ) ;
#8652 = VERTEX_POINT ( 'NONE', #2374 ) ;
#8653 = CARTESIAN_POINT ( 'NONE',  ( -0.1381303776403538242, -0.05513991960661387276, 0.05294370959307086871 ) ) ;
#8654 = ORIENTED_EDGE ( 'NONE', *, *, #7754, .T. ) ;
#8655 = DIRECTION ( 'NONE',  ( -6.123233995736766036E-17, 1.000000000000000000, 0.0000000000000000000 ) ) ;
#8656 = DIRECTION ( 'NONE',  ( 0.0000000000000000000, 0.0000000000000000000, 1.000000000000000000 ) ) ;
#8657 = CARTESIAN_POINT ( 'NONE',  ( -0.08267710560976378187, -0.02362198209165355944, 0.01592914729855905362 ) ) ;
#8658 = EDGE_CURVE ( 'NONE', #6238, #5030, #9336, .T. ) ;
#8659 = ORIENTED_EDGE ( 'NONE', *, *, #8303, .T. ) ;
#8660 = CARTESIAN_POINT ( 'NONE',  ( 0.06593501021484247937, -0.01968497421763775249, 0.007874015748031501158 ) ) ;
#8661 = CARTESIAN_POINT ( 'NONE',  ( 0.1358268313981138287, -0.05462372243489706930, 0.03474949878899463024 ) ) ;
#8662 = CARTESIAN_POINT ( 'NONE',  ( 0.1279962623480296879, 0.05180715665756529392, 0.01991823883576631510 ) ) ;
#8663 =( BOUNDED_CURVE ( )  B_SPLINE_CURVE ( 3, ( #6828, #4464, #10114, #6191 ),
 .UNSPECIFIED., .F., .T. ) 
 B_SPLINE_CURVE_WITH_KNOTS ( ( 4, 4 ),
 ( 0.003192902389789672394, 1.000000000000000000 ),
 .UNSPECIFIED. ) 
 CURVE ( )  GEOMETRIC_REPRESENTATION_ITEM ( )  RATIONAL_B_SPLINE_CURVE ( ( 1.000000000000000000, 0.3366769188795365464, 0.3366769188795365464, 1.000000000000000000 ) ) 
 REPRESENTATION_ITEM ( '' )  );
#8664 = CARTESIAN_POINT ( 'NONE',  ( -0.1356929150141416296, 0.03413423510325023363, 0.05580257038957863597 ) ) ;
#8665 = AXIS2_PLACEMENT_3D ( 'NONE', #6256, #6156, #9402 ) ;
#8666 = LINE ( 'NONE', #3115, #9823 ) ;
#8667 = ORIENTED_EDGE ( 'NONE', *, *, #9224, .F. ) ;
#8668 = CARTESIAN_POINT ( 'NONE',  ( 0.1594488786421259241, -0.02639234754113534143, 0.05944760953225231709 ) ) ;
#8669 = VECTOR ( 'NONE', #459, 39.37007874015748143 ) ;
#8670 = ORIENTED_EDGE ( 'NONE', *, *, #649, .F. ) ;
#8671 = CARTESIAN_POINT ( 'NONE',  ( 0.1358268313981101649, -0.04724402933574792934, 0.002906301622837993443 ) ) ;
#8672 = CIRCLE ( 'NONE', #6188, 0.001968503937007139333 ) ;
#8673 = B_SPLINE_CURVE_WITH_KNOTS ( 'NONE', 3,
 ( #7911, #1660, #2493, #3427 ),
 .UNSPECIFIED., .F., .F.,
 ( 4, 4 ),
 ( 0.0000000000000000000, 1.000000000000000000 ),
 .UNSPECIFIED. ) ;
#8674 = EDGE_CURVE ( 'NONE', #190, #5108, #8947, .T. ) ;
#8675 = PLANE ( 'NONE',  #4104 ) ;
#8676 = CARTESIAN_POINT ( 'NONE',  ( 0.1200787999020460350, -0.06308341126629532503, 0.1219251975557369833 ) ) ;
#8677 = CIRCLE ( 'NONE', #2921, 0.01181102362204724393 ) ;
#8678 = CARTESIAN_POINT ( 'NONE',  ( -0.1023621449798425287, -0.04748128295130207843, 0.1337844026243306950 ) ) ;
#8679 = VECTOR ( 'NONE', #4152, 39.37007874015748143 ) ;
#8680 = ADVANCED_FACE ( 'NONE', ( #2273 ), #1124, .F. ) ;
#8681 = EDGE_CURVE ( 'NONE', #1973, #7815, #9032, .T. ) ;
#8682 = ORIENTED_EDGE ( 'NONE', *, *, #285, .F. ) ;
#8683 = CARTESIAN_POINT ( 'NONE',  ( 0.1245276187996849776, -0.05511804508378195105, 0.01861186520730059857 ) ) ;
#8684 = ORIENTED_EDGE ( 'NONE', *, *, #8658, .T. ) ;
#8685 = DIRECTION ( 'NONE',  ( -1.000000000000000000, -6.123233995736766036E-17, 0.0000000000000000000 ) ) ;
#8686 = ORIENTED_EDGE ( 'NONE', *, *, #8216, .T. ) ;
#8687 = VERTEX_POINT ( 'NONE', #518 ) ;
#8688 = AXIS2_PLACEMENT_3D ( 'NONE', #2115, #9952, #8308 ) ;
#8689 = DIRECTION ( 'NONE',  ( -1.000000000000000000, -6.123233995736766036E-17, -0.0000000000000000000 ) ) ;
#8690 = VECTOR ( 'NONE', #3708, 39.37007874015748143 ) ;
#8691 = CARTESIAN_POINT ( 'NONE',  ( -0.1397637197829870725, -0.04698965507113495726, 0.07121352076913570195 ) ) ;
#8692 = DIRECTION ( 'NONE',  ( 1.000000000000000000, 6.123233995736766036E-17, 0.0000000000000000000 ) ) ;
#8693 = EDGE_CURVE ( 'NONE', #495, #837, #9798, .T. ) ;
#8694 = VERTEX_POINT ( 'NONE', #2743 ) ;
#8695 = VECTOR ( 'NONE', #1175, 39.37007874015748143 ) ;
#8696 = DIRECTION ( 'NONE',  ( 0.0000000000000000000, -1.000000000000000000, -0.0000000000000000000 ) ) ;
#8697 = ORIENTED_EDGE ( 'NONE', *, *, #2117, .T. ) ;
#8698 = AXIS2_PLACEMENT_3D ( 'NONE', #4089, #4039, #5928 ) ;
#8699 = CARTESIAN_POINT ( 'NONE',  ( 0.06593501021484249325, 0.01968510452251841930, 0.003937007874015747977 ) ) ;
#8700 = VECTOR ( 'NONE', #376, 39.37007874015748143 ) ;
#8701 = CARTESIAN_POINT ( 'NONE',  ( -0.1200786804129134189, 6.515244094229544203E-08, 0.1173228346456692828 ) ) ;
#8702 = CARTESIAN_POINT ( 'NONE',  ( -0.05708655442866245044, -0.01771647028062992013, 0.007874015748031523709 ) ) ;
#8703 = VECTOR ( 'NONE', #6428, 39.37007874015748143 ) ;
#8704 = VERTEX_POINT ( 'NONE', #4444 ) ;
#8705 = FACE_OUTER_BOUND ( 'NONE', #10150, .T. ) ;
#8706 = UNCERTAINTY_MEASURE_WITH_UNIT (LENGTH_MEASURE( 1.000000000000000082E-05 ), #4732, 'distance_accuracy_value', 'NONE');
#8707 = AXIS2_PLACEMENT_3D ( 'NONE', #2323, #3114, #6237 ) ;
#8708 = CARTESIAN_POINT ( 'NONE',  ( -0.1394495401159008552, 0.04678757722789825962, 0.07804680338619283952 ) ) ;
#8709 = CARTESIAN_POINT ( 'NONE',  ( -0.1279526961609449287, 0.05511817538866198990, 0.1022740480997332557 ) ) ;
#8710 = CARTESIAN_POINT ( 'NONE',  ( -0.1304272508542571041, -0.05511804508377916856, 0.07290410729930817124 ) ) ;
#8711 = DIRECTION ( 'NONE',  ( 0.0000000000000000000, 0.0000000000000000000, 1.000000000000000000 ) ) ;
#8712 = ORIENTED_EDGE ( 'NONE', *, *, #3023, .F. ) ;
#8713 = CARTESIAN_POINT ( 'NONE',  ( -0.1183531866131532911, 0.04724415964062989026, 0.007937048296553818327 ) ) ;
#8714 = VECTOR ( 'NONE', #6792, 39.37007874015748143 ) ;
#8715 = ORIENTED_EDGE ( 'NONE', *, *, #9619, .T. ) ;
#8716 = CARTESIAN_POINT ( 'NONE',  ( 0.2854331306106284716, 0.06566281216163888379, 0.08776125958517026759 ) ) ;
#8717 = EDGE_CURVE ( 'NONE', #2724, #7193, #939, .T. ) ;
#8718 = CARTESIAN_POINT ( 'NONE',  ( -0.1384513838250007733, 0.04921266357763807303, 0.07687941041954664267 ) ) ;
#8719 = CARTESIAN_POINT ( 'NONE',  ( -0.03740151505859279357, -0.001968438784566924320, 0.07480314960629920462 ) ) ;
#8720 = AXIS2_PLACEMENT_3D ( 'NONE', #4952, #1179, #6483 ) ;
#8721 = EDGE_CURVE ( 'NONE', #10078, #5562, #5271, .T. ) ;
#8722 = ORIENTED_EDGE ( 'NONE', *, *, #3518, .T. ) ;
#8723 = CARTESIAN_POINT ( 'NONE',  ( -0.1372179713020521830, -0.04330702146173453365, 0.05149120166084811961 ) ) ;
#8724 = CARTESIAN_POINT ( 'NONE',  ( -0.08893709649948769447, -0.04325673133048109353, 0.01567416640385432824 ) ) ;
#8725 = CARTESIAN_POINT ( 'NONE',  ( -0.1392992980404028358, -0.05058449497278601215, 0.05057424769702143635 ) ) ;
#8726 = DIRECTION ( 'NONE',  ( 1.000000000000000000, 6.123233995736766036E-17, 0.0000000000000000000 ) ) ;
#8727 = VERTEX_POINT ( 'NONE', #3667 ) ;
#8728 = DIRECTION ( 'NONE',  ( 1.000000000000000000, 6.123233995736766036E-17, 0.0000000000000000000 ) ) ;
#8729 = VERTEX_POINT ( 'NONE', #7435 ) ;
#8730 = VECTOR ( 'NONE', #3328, 39.37007874015748143 ) ;
#8731 = EDGE_CURVE ( 'NONE', #7394, #3234, #9550, .T. ) ;
#8732 = CARTESIAN_POINT ( 'NONE',  ( -0.1370629384452000665, 0.04372057420662206484, 0.09554328978674654638 ) ) ;
#8733 = CARTESIAN_POINT ( 'NONE',  ( 0.1673228943901574062, 0.01486274923883366267, 0.04900169545281059247 ) ) ;
#8734 = DIRECTION ( 'NONE',  ( 1.000000000000000000, 6.123233995736766036E-17, 0.0000000000000000000 ) ) ;
#8735 = CARTESIAN_POINT ( 'NONE',  ( 0.1200787999020467844, 0.05581329082686056070, 0.1303448331236727320 ) ) ;
#8736 = ORIENTED_EDGE ( 'NONE', *, *, #4197, .F. ) ;
#8737 = FACE_OUTER_BOUND ( 'NONE', #6435, .T. ) ;
#8738 = AXIS2_PLACEMENT_3D ( 'NONE', #8140, #6599, #1074 ) ;
#8739 = ORIENTED_EDGE ( 'NONE', *, *, #8371, .T. ) ;
#8740 = CARTESIAN_POINT ( 'NONE',  ( -0.1397637197829920408, -0.04810061947463755566, 0.05278041189704604091 ) ) ;
#8741 = DIRECTION ( 'NONE',  ( 6.123233995736766036E-17, -1.000000000000000000, 0.0000000000000000000 ) ) ;
#8742 = ADVANCED_FACE ( 'NONE', ( #2691 ), #8980, .T. ) ;
#8743 = VERTEX_POINT ( 'NONE', #8415 ) ;
#8744 = ADVANCED_FACE ( 'NONE', ( #464 ), #1904, .F. ) ;
#8745 = VERTEX_POINT ( 'NONE', #6657 ) ;
#8746 = EDGE_CURVE ( 'NONE', #7245, #123, #4287, .T. ) ;
#8747 = CARTESIAN_POINT ( 'NONE',  ( -0.1023621449798425426, 6.515988187905108475E-08, 0.1338582677165354173 ) ) ;
#8748 = DIRECTION ( 'NONE',  ( 0.0000000000000000000, 0.0000000000000000000, -1.000000000000000000 ) ) ;
#8749 = FACE_OUTER_BOUND ( 'NONE', #4888, .T. ) ;
#8750 = ORIENTED_EDGE ( 'NONE', *, *, #3325, .T. ) ;
#8751 = VERTEX_POINT ( 'NONE', #5118 ) ;
#8752 = ORIENTED_EDGE ( 'NONE', *, *, #2251, .T. ) ;
#8753 = CARTESIAN_POINT ( 'NONE',  ( -0.1377951926473926225, 0.05851333285440037807, 0.04869694132394473268 ) ) ;
#8754 = LINE ( 'NONE', #2394, #5763 ) ;
#8755 = EDGE_CURVE ( 'NONE', #4278, #7558, #8325, .T. ) ;
#8756 = DIRECTION ( 'NONE',  ( 1.000000000000000000, 0.0000000000000000000, -0.0000000000000000000 ) ) ;
#8757 = LINE ( 'NONE', #6518, #4430 ) ;
#8758 = VERTEX_POINT ( 'NONE', #6816 ) ;
#8759 = CARTESIAN_POINT ( 'NONE',  ( 0.03425802064244096862, 0.01968510452251973422, 0.01574803149606298844 ) ) ;
#8760 = CARTESIAN_POINT ( 'NONE',  ( -0.1295041058032676551, 0.04658799166161312066, 0.07308953160562373097 ) ) ;
#8761 = DIRECTION ( 'NONE',  ( -1.000000000000000000, -6.123233995736766036E-17, -0.0000000000000000000 ) ) ;
#8762 = CARTESIAN_POINT ( 'NONE',  ( 0.1574803747051181091, -0.0005133126566928773032, 0.03149910598180698240 ) ) ;
#8763 =( BOUNDED_CURVE ( )  B_SPLINE_CURVE ( 3, ( #6456, #6502, #5393, #2494 ),
 .UNSPECIFIED., .F., .T. ) 
 B_SPLINE_CURVE_WITH_KNOTS ( ( 4, 4 ),
 ( 0.0000000000000000000, 1.000000000000000000 ),
 .UNSPECIFIED. ) 
 CURVE ( )  GEOMETRIC_REPRESENTATION_ITEM ( )  RATIONAL_B_SPLINE_CURVE ( ( 1.000000000000000000, 0.8425084105492747222, 0.8425084105492747222, 1.000000000000000000 ) ) 
 REPRESENTATION_ITEM ( '' )  );
#8764 = CARTESIAN_POINT ( 'NONE',  ( 0.1279102859040550932, 0.01709321979515747089, 0.02196035570884645113 ) ) ;
#8765 = ORIENTED_EDGE ( 'NONE', *, *, #9390, .F. ) ;
#8766 = FACE_OUTER_BOUND ( 'NONE', #5058, .T. ) ;
#8767 = VERTEX_POINT ( 'NONE', #6174 ) ;
#8768 = FACE_OUTER_BOUND ( 'NONE', #9146, .T. ) ;
#8769 = CARTESIAN_POINT ( 'NONE',  ( -0.1279526961609449009, 0.04921266357763776772, 0.07286926856913386596 ) ) ;
#8770 = CARTESIAN_POINT ( 'NONE',  ( -0.1279526961609449009, 0.04921266357763776772, 0.1043653315612598498 ) ) ;
#8771 = CARTESIAN_POINT ( 'NONE',  ( 0.1729921857287401166, -0.03530094310440945460, 0.07174679114318897877 ) ) ;
#8772 = EDGE_LOOP ( 'NONE', ( #8804, #4975, #8750, #6298, #7775 ) ) ;
#8773 = CARTESIAN_POINT ( 'NONE',  ( 0.1200787999020436897, -0.07312429581675299051, 0.1295835179620898336 ) ) ;
#8774 = DIRECTION ( 'NONE',  ( 0.0000000000000000000, -0.7041403948885381903, 0.7100607750652146999 ) ) ;
#8775 = CARTESIAN_POINT ( 'NONE',  ( 0.1673228947792431698, -0.04790236446887773808, 0.1031130444596598389 ) ) ;
#8776 = CARTESIAN_POINT ( 'NONE',  ( 0.03640745115972458118, 0.01968510452251907503, 0.007874015748031497688 ) ) ;
#8777 = CYLINDRICAL_SURFACE ( 'NONE', #7506, 0.003937007874015749712 ) ;
#8778 = ORIENTED_EDGE ( 'NONE', *, *, #4047, .F. ) ;
#8779 = CARTESIAN_POINT ( 'NONE',  ( 0.1279528156500784331, -0.04846835884200809130, 0.1259842539999388999 ) ) ;
#8780 = VERTEX_POINT ( 'NONE', #7002 ) ;
#8781 = B_SPLINE_CURVE_WITH_KNOTS ( 'NONE', 3,
 ( #5517, #8724, #109, #6393 ),
 .UNSPECIFIED., .F., .F.,
 ( 4, 4 ),
 ( 0.0000000000000000000, 1.000000000000000000 ),
 .UNSPECIFIED. ) ;
#8782 = CARTESIAN_POINT ( 'NONE',  ( -0.1200786804129134189, 0.04137190200635706971, 0.04865337141651665531 ) ) ;
#8783 = CARTESIAN_POINT ( 'NONE',  ( -0.1043306489168504270, 6.515244097005101764E-08, 0.02007874015748031121 ) ) ;
#8784 = CARTESIAN_POINT ( 'NONE',  ( 0.1279524659456957314, 0.04845508061392040516, 0.1259100425798251321 ) ) ;
#8785 = ORIENTED_EDGE ( 'NONE', *, *, #97, .T. ) ;
#8786 = CYLINDRICAL_SURFACE ( 'NONE', #4951, 0.003937007873985349550 ) ;
#8787 = VERTEX_POINT ( 'NONE', #10056 ) ;
#8788 = CARTESIAN_POINT ( 'NONE',  ( 0.07205990717100241305, 6.515244094229544203E-08, 0.003937007874016993508 ) ) ;
#8789 = CARTESIAN_POINT ( 'NONE',  ( -0.1311788480827941472, -0.04330702146173294464, 0.07271426914684635257 ) ) ;
#8790 = ORIENTED_EDGE ( 'NONE', *, *, #1394, .F. ) ;
#8791 = ORIENTED_EDGE ( 'NONE', *, *, #2416, .T. ) ;
#8792 = CARTESIAN_POINT ( 'NONE',  ( -0.03740151505858269748, -0.06742985416671605503, 0.03314893088980184338 ) ) ;
#8793 = LINE ( 'NONE', #7140, #3620 ) ;
#8794 = ORIENTED_EDGE ( 'NONE', *, *, #5722, .T. ) ;
#8795 = ADVANCED_FACE ( 'NONE', ( #8559 ), #6862, .T. ) ;
#8796 = VERTEX_POINT ( 'NONE', #3766 ) ;
#8797 = EDGE_CURVE ( 'NONE', #9776, #8729, #8608, .T. ) ;
#8798 = ORIENTED_EDGE ( 'NONE', *, *, #9552, .T. ) ;
#8799 = DIRECTION ( 'NONE',  ( 1.000000000000000000, 6.123233995736766036E-17, 0.0000000000000000000 ) ) ;
#8800 = CARTESIAN_POINT ( 'NONE',  ( 0.01574809124062992449, 0.05511817538866143479, 0.007874015748031495954 ) ) ;
#8801 = CARTESIAN_POINT ( 'NONE',  ( -0.1112204126963779738, -0.04748128295131057164, 0.1337844026243306950 ) ) ;
#8802 = CARTESIAN_POINT ( 'NONE',  ( -0.1377949289321417914, 0.04322412530436788025, 0.06187121654788746428 ) ) ;
#8803 = EDGE_CURVE ( 'NONE', #5555, #10096, #6608, .T. ) ;
#8804 = ORIENTED_EDGE ( 'NONE', *, *, #3282, .T. ) ;
#8805 = DIRECTION ( 'NONE',  ( 1.000000000000000000, 6.123233995736766036E-17, 0.0000000000000000000 ) ) ;
#8806 = ADVANCED_FACE ( 'NONE', ( #9274 ), #9891, .T. ) ;
#8807 = CARTESIAN_POINT ( 'NONE',  ( -0.1317359179447673001, 0.05511817538866198990, 0.1017395712029696697 ) ) ;
#8808 = CARTESIAN_POINT ( 'NONE',  ( 0.1594488786420320825, -0.0005036468361864098906, 0.03231442971694224731 ) ) ;
#8809 = CARTESIAN_POINT ( 'NONE',  ( 0.1273547482001969045, 0.004571526292952771652, 0.01945336381337794962 ) ) ;
#8810 = ORIENTED_EDGE ( 'NONE', *, *, #5190, .F. ) ;
#8811 = CARTESIAN_POINT ( 'NONE',  ( -0.1311788480827937309, -0.04330702146173262546, 0.07271426914684277210 ) ) ;
#8812 = ORIENTED_EDGE ( 'NONE', *, *, #8290, .T. ) ;
#8813 = CARTESIAN_POINT ( 'NONE',  ( -0.1023621449798425287, -0.03543300571370458507, 0.01567416640385435600 ) ) ;
#8814 = DIRECTION ( 'NONE',  ( 1.000000000000000000, 6.123233995736766036E-17, 0.0000000000000000000 ) ) ;
#8815 = DIRECTION ( 'NONE',  ( 0.0000000000000000000, -0.7083290928701463374, 0.7058823529411653031 ) ) ;
#8816 = CARTESIAN_POINT ( 'NONE',  ( 0.1751969101381906924, -0.06573334738828959245, 0.08699900598517586181 ) ) ;
#8817 =( BOUNDED_SURFACE ( )  B_SPLINE_SURFACE ( 3, 3, ( 
 ( #9994, #2893, #6222, #10140 ),
 ( #6022, #2944, #8495, #5453 ),
 ( #8553, #4587, #10092, #6078 ),
 ( #3808, #3096, #7722, #7624 ) ),
 .UNSPECIFIED., .F., .F., .F. ) 
 B_SPLINE_SURFACE_WITH_KNOTS ( ( 4, 4 ),
 ( 4, 4 ),
 ( 0.0000000000000000000, 1.000000000000000000 ),
 ( 0.0000000000000000000, 1.000000000000000000 ),
 .UNSPECIFIED. ) 
 GEOMETRIC_REPRESENTATION_ITEM ( )  RATIONAL_B_SPLINE_SURFACE ( (
 ( 1.000000000000000000, 0.8047378541243649375, 0.8047378541243649375, 1.000000000000000000),
 ( 0.9521766939770929250, 0.7662526294583579256, 0.7662526294583579256, 0.9521766939770929250),
 ( 0.9521766939770929250, 0.7662526294583579256, 0.7662526294583579256, 0.9521766939770929250),
 ( 1.000000000000000000, 0.8047378541243649375, 0.8047378541243649375, 1.000000000000000000) ) ) 
 REPRESENTATION_ITEM ( '' )  SURFACE ( )  );
#8818 = ORIENTED_EDGE ( 'NONE', *, *, #3989, .F. ) ;
#8819 = CARTESIAN_POINT ( 'NONE',  ( 0.1729921857287401166, -0.03428197048590164719, 0.07554964872699031220 ) ) ;
#8820 = ADVANCED_FACE ( 'NONE', ( #659, #4594, #2360 ), #3103, .F. ) ;
#8821 = CARTESIAN_POINT ( 'NONE',  ( -0.1200786804129134189, 0.06102368719968503247, 0.04724409448818693569 ) ) ;
#8822 = CARTESIAN_POINT ( 'NONE',  ( 0.1594488786419576976, -0.02975313592253035419, 0.02335766392204815037 ) ) ;
#8823 = CARTESIAN_POINT ( 'NONE',  ( -0.1338582079719683182, 0.03444888405007503346, 0.05574319219385994589 ) ) ;
#8824 = CARTESIAN_POINT ( 'NONE',  ( 0.1279528156500790437, 0.04740791782483790712, 0.1259842527695648473 ) ) ;
#8825 = VERTEX_POINT ( 'NONE', #9234 ) ;
#8826 = DIRECTION ( 'NONE',  ( 0.0000000000000000000, 1.000000000000000000, 0.0000000000000000000 ) ) ;
#8827 = ORIENTED_EDGE ( 'NONE', *, *, #6908, .F. ) ;
#8828 = CARTESIAN_POINT ( 'NONE',  ( -0.1200786804129134189, 0.04162880005320320626, 0.04993806355199848640 ) ) ;
#8829 = CARTESIAN_POINT ( 'NONE',  ( 0.1279524659456957314, 0.04942123490819105153, 0.1255061913862299816 ) ) ;
#8830 = ORIENTED_EDGE ( 'NONE', *, *, #2607, .F. ) ;
#8831 = DIRECTION ( 'NONE',  ( 0.0000000000000000000, -1.000000000000000000, 0.0000000000000000000 ) ) ;
#8832 = AXIS2_PLACEMENT_3D ( 'NONE', #1958, #5114, #8976 ) ;
#8833 = ORIENTED_EDGE ( 'NONE', *, *, #260, .F. ) ;
#8834 = CARTESIAN_POINT ( 'NONE',  ( -0.1384513838249930573, 0.04658799166162096855, 0.1000579797070381971 ) ) ;
#8835 = CARTESIAN_POINT ( 'NONE',  ( -0.1344940269456495197, -0.04330702146173295158, 0.07132768465135078118 ) ) ;
#8836 = ORIENTED_EDGE ( 'NONE', *, *, #8506, .T. ) ;
#8837 = VECTOR ( 'NONE', #6664, 39.37007874015748143 ) ;
#8838 = ORIENTED_EDGE ( 'NONE', *, *, #9030, .T. ) ;
#8839 = CARTESIAN_POINT ( 'NONE',  ( 0.1358268313981119968, 0.06692919901070866484, 0.07480314960630117527 ) ) ;
#8840 = CARTESIAN_POINT ( 'NONE',  ( 0.1279962623480210004, -0.08454353716852129608, 0.09683807777613329115 ) ) ;
#8841 = VECTOR ( 'NONE', #244, 39.37007874015748143 ) ;
#8842 = ADVANCED_FACE ( 'NONE', ( #5411 ), #7728, .T. ) ;
#8843 = CARTESIAN_POINT ( 'NONE',  ( -0.03743618269328956999, 0.03466600657665996205, 0.007874015748031497688 ) ) ;
#8844 = FACE_OUTER_BOUND ( 'NONE', #9609, .T. ) ;
#8845 = ORIENTED_EDGE ( 'NONE', *, *, #4515, .F. ) ;
#8846 = LINE ( 'NONE', #6786, #4134 ) ;
#8847 = ADVANCED_FACE ( 'NONE', ( #4645, #7825 ), #7778, .F. ) ;
#8848 = AXIS2_PLACEMENT_3D ( 'NONE', #6383, #6326, #1691 ) ;
#8849 = ORIENTED_EDGE ( 'NONE', *, *, #9551, .T. ) ;
#8850 = VECTOR ( 'NONE', #9630, 39.37007874015748143 ) ;
#8851 = EDGE_CURVE ( 'NONE', #5167, #4916, #2770, .T. ) ;
#8852 = DIRECTION ( 'NONE',  ( 0.0000000000000000000, 0.0000000000000000000, 1.000000000000000000 ) ) ;
#8853 = CARTESIAN_POINT ( 'NONE',  ( -0.1200786804129134050, 0.02798342379964640497, 0.03337800528045952592 ) ) ;
#8854 = VECTOR ( 'NONE', #443, 39.37007874015748143 ) ;
#8855 = VERTEX_POINT ( 'NONE', #704 ) ;
#8856 = VECTOR ( 'NONE', #5302, 39.37007874015748143 ) ;
#8857 = CARTESIAN_POINT ( 'NONE',  ( -0.1354320693721614566, 0.05511817538865754901, 0.07693504053735383819 ) ) ;
#8858 = CARTESIAN_POINT ( 'NONE',  ( -0.1200786804129133911, -0.04724402933574804037, 0.01181102362204531665 ) ) ;
#8859 = CARTESIAN_POINT ( 'NONE',  ( -0.09842513710582680153, -0.03543300571370078256, 0.007874015748031011966 ) ) ;
#8860 = CARTESIAN_POINT ( 'NONE',  ( 0.1586334976137580566, 0.08609477459229154805, 0.03047235036353928075 ) ) ;
#8861 = APPLICATION_PROTOCOL_DEFINITION ( 'draft international standard', 'automotive_design', 1998, #3211 ) ;
#8862 = B_SPLINE_CURVE_WITH_KNOTS ( 'NONE', 3,
 ( #9279, #8661, #6180, #763, #7, #2215, #4747, #5365, #7892, #2419 ),
 .UNSPECIFIED., .F., .F.,
 ( 4, 2, 2, 2, 4 ),
 ( 0.0000000000000000000, 0.2500000000000000000, 0.5000000000000000000, 0.7500000000000000000, 1.000000000000000000 ),
 .UNSPECIFIED. ) ;
#8863 = ADVANCED_FACE ( 'NONE', ( #754 ), #3919, .F. ) ;
#8864 = CARTESIAN_POINT ( 'NONE',  ( 0.1316134840451968768, 0.0004610163840551227926, 0.02359947456133070637 ) ) ;
#8865 = EDGE_LOOP ( 'NONE', ( #10109, #6637, #3731, #2909 ) ) ;
#8866 = EDGE_CURVE ( 'NONE', #4552, #2385, #2410, .T. ) ;
#8867 = CARTESIAN_POINT ( 'NONE',  ( -0.1200786804129134189, 0.05314967145165352264, 0.07283464566929133410 ) ) ;
#8868 = VECTOR ( 'NONE', #1072, 39.37007874015748143 ) ;
#8869 = EDGE_CURVE ( 'NONE', #7160, #1746, #9430, .T. ) ;
#8870 = DIRECTION ( 'NONE',  ( 0.0000000000000000000, -0.0000000000000000000, 1.000000000000000000 ) ) ;
#8871 = ADVANCED_FACE ( 'NONE', ( #8768 ), #1017, .T. ) ;
#8872 = DIRECTION ( 'NONE',  ( 0.0000000000000000000, -1.000000000000000000, 0.0000000000000000000 ) ) ;
#8873 = CARTESIAN_POINT ( 'NONE',  ( 0.1673228943901569621, 0.04329165343488082518, 0.04921821953095731339 ) ) ;
#8874 = ORIENTED_EDGE ( 'NONE', *, *, #5364, .F. ) ;
#8875 = CARTESIAN_POINT ( 'NONE',  ( -0.1347270795572378665, -0.03444677490663202585, 0.05573961565643613392 ) ) ;
#8876 = AXIS2_PLACEMENT_3D ( 'NONE', #7793, #720, #3170 ) ;
#8877 = CARTESIAN_POINT ( 'NONE',  ( -0.1200786804129134466, 0.05609754681615867350, 0.03861245202324079667 ) ) ;
#8878 = CARTESIAN_POINT ( 'NONE',  ( 0.1200787999020466734, 0.05055394179752804862, 0.01573304165225100637 ) ) ;
#8879 = DIRECTION ( 'NONE',  ( -1.000000000000000000, -6.123233995736766036E-17, 0.0000000000000000000 ) ) ;
#8880 = CARTESIAN_POINT ( 'NONE',  ( 0.1729921857287401166, 0.03428210079078741063, 0.07554964872696849632 ) ) ;
#8881 = ORIENTED_EDGE ( 'NONE', *, *, #1043, .F. ) ;
#8882 = CARTESIAN_POINT ( 'NONE',  ( -0.1384513838249936124, -0.05183720518875389871, 0.05008353968260767508 ) ) ;
#8883 = EDGE_LOOP ( 'NONE', ( #8474, #7269, #3998, #833 ) ) ;
#8884 = CARTESIAN_POINT ( 'NONE',  ( 0.1289311124722834490, 0.0002036824834645753458, 0.1257301848187401538 ) ) ;
#8885 = ADVANCED_FACE ( 'NONE', ( #2629 ), #7314, .F. ) ;
#8886 = CIRCLE ( 'NONE', #2455, 0.07874015748029183914 ) ;
#8887 = CARTESIAN_POINT ( 'NONE',  ( -0.1305040909158168838, -0.04330702146173173728, 0.07500163286104119531 ) ) ;
#8888 = CARTESIAN_POINT ( 'NONE',  ( -0.1200786804129134189, 6.515244094229544203E-08, 0.03228346456692912647 ) ) ;
#8889 = VERTEX_POINT ( 'NONE', #1790 ) ;
#8890 = DIRECTION ( 'NONE',  ( 0.0000000000000000000, 1.000000000000000000, 0.0000000000000000000 ) ) ;
#8891 = FACE_OUTER_BOUND ( 'NONE', #7540, .T. ) ;
#8892 = CARTESIAN_POINT ( 'NONE',  ( -0.1301192895328986410, -0.05382000071454001028, 0.07660074738728010757 ) ) ;
#8893 = CARTESIAN_POINT ( 'NONE',  ( -0.1313789265853153032, -0.05511804508377944611, 0.05039380080897534753 ) ) ;
#8894 = EDGE_LOOP ( 'NONE', ( #10042, #2037, #5313, #3460 ) ) ;
#8895 = CIRCLE ( 'NONE', #10188, 0.003937007874015733232 ) ;
#8896 = VERTEX_POINT ( 'NONE', #3311 ) ;
#8897 = CARTESIAN_POINT ( 'NONE',  ( -0.1198030898617322981, 6.515244094229544203E-08, 0.07480314960629920462 ) ) ;
#8898 = CARTESIAN_POINT ( 'NONE',  ( 0.1279528156500787661, 0.04724415964062994577, 0.07283464566929133410 ) ) ;
#8899 = CARTESIAN_POINT ( 'NONE',  ( -0.1279526961609449009, -0.04921253327275589007, 0.07727225082051181193 ) ) ;
#8900 = FACE_OUTER_BOUND ( 'NONE', #1961, .T. ) ;
#8901 = ORIENTED_EDGE ( 'NONE', *, *, #786, .T. ) ;
#8902 = ORIENTED_EDGE ( 'NONE', *, *, #535, .F. ) ;
#8903 = CARTESIAN_POINT ( 'NONE',  ( 0.008858327461102322165, 6.515988187905108475E-08, 0.1338582677165354173 ) ) ;
#8904 = ORIENTED_EDGE ( 'NONE', *, *, #6726, .T. ) ;
#8905 = DIRECTION ( 'NONE',  ( 0.0000000000000000000, -1.000000000000000000, 0.0000000000000000000 ) ) ;
#8906 = CARTESIAN_POINT ( 'NONE',  ( 0.1200787999020436897, -0.06639876260090862847, 0.1338582677165346124 ) ) ;
#8907 = VERTEX_POINT ( 'NONE', #6436 ) ;
#8908 = DIRECTION ( 'NONE',  ( 0.0000000000000000000, -1.000000000000000000, 0.0000000000000000000 ) ) ;
#8909 = DIRECTION ( 'NONE',  ( 1.000000000000000000, 6.123233995736766036E-17, 0.0000000000000000000 ) ) ;
#8910 = CARTESIAN_POINT ( 'NONE',  ( -0.1321613870797464230, 0.05382013101944520261, 0.1032153296091577466 ) ) ;
#8911 = CARTESIAN_POINT ( 'NONE',  ( -0.1321613870797464507, 0.05382013101944520955, 0.1032153296091577188 ) ) ;
#8912 = ORIENTED_EDGE ( 'NONE', *, *, #10077, .F. ) ;
#8913 = CARTESIAN_POINT ( 'NONE',  ( 0.1200787999020472285, 0.08029344667559613902, 0.1062124343015076189 ) ) ;
#8914 = DIRECTION ( 'NONE',  ( -1.000000000000000000, -6.123233995736766036E-17, 0.0000000000000000000 ) ) ;
#8915 = EDGE_CURVE ( 'NONE', #7489, #490, #3297, .T. ) ;
#8916 = CARTESIAN_POINT ( 'NONE',  ( -0.1397637197829917077, 0.04724415964062865514, 0.09719780979657804965 ) ) ;
#8917 = DIRECTION ( 'NONE',  ( 6.123233995736766036E-17, -1.000000000000000000, 0.0000000000000000000 ) ) ;
#8918 = CARTESIAN_POINT ( 'NONE',  ( -0.1023621449798425564, 0.01574809664850390992, 0.007874015748031861980 ) ) ;
#8919 = ORIENTED_EDGE ( 'NONE', *, *, #7827, .F. ) ;
#8920 = CARTESIAN_POINT ( 'NONE',  ( -0.1003936410428346027, 0.07791984423786815772, 0.04133858267715598972 ) ) ;
#8921 = CYLINDRICAL_SURFACE ( 'NONE', #6517, 0.003937007874015758385 ) ;
#8922 = EDGE_CURVE ( 'NONE', #2392, #428, #9505, .T. ) ;
#8923 = LINE ( 'NONE', #314, #2446 ) ;
#8924 = LINE ( 'NONE', #7324, #4060 ) ;
#8925 = ORIENTED_EDGE ( 'NONE', *, *, #5660, .F. ) ;
#8926 = CARTESIAN_POINT ( 'NONE',  ( -0.08661411348377956454, 0.07874022263273734723, 0.03937007874015747283 ) ) ;
#8927 = EDGE_LOOP ( 'NONE', ( #1146, #9711, #7443, #4138, #4311, #2547, #7742, #10067, #7110, #6234 ) ) ;
#8928 = CARTESIAN_POINT ( 'NONE',  ( -0.1372547411620566871, 0.04658683414954845753, 0.1010690030718850718 ) ) ;
#8929 = EDGE_CURVE ( 'NONE', #5206, #2749, #5621, .T. ) ;
#8930 = CARTESIAN_POINT ( 'NONE',  ( -0.1325210033934421383, -0.05183720518873963234, 0.04668366130381226831 ) ) ;
#8931 = VERTEX_POINT ( 'NONE', #208 ) ;
#8932 = CARTESIAN_POINT ( 'NONE',  ( 0.1358268313981119968, 0.04724415964063058415, 0.02739529693389376047 ) ) ;
#8933 = EDGE_LOOP ( 'NONE', ( #9588, #1990, #9650, #4456 ) ) ;
#8934 = CARTESIAN_POINT ( 'NONE',  ( -0.1322542320567420271, -0.04658786135673423368, 0.07644428575430986528 ) ) ;
#8935 = ADVANCED_FACE ( 'NONE', ( #3358 ), #6481, .T. ) ;
#8936 = DIRECTION ( 'NONE',  ( -6.123233995736766036E-17, 1.000000000000000000, 0.0000000000000000000 ) ) ;
#8937 = EDGE_LOOP ( 'NONE', ( #6240, #2228, #4791, #7973 ) ) ;
#8938 = EDGE_LOOP ( 'NONE', ( #3618, #1325, #1073, #9231, #6155, #6017, #9513, #3025 ) ) ;
#8939 = CARTESIAN_POINT ( 'NONE',  ( 0.01574809124062992449, -0.01771647028062989931, 0.007874015748031495954 ) ) ;
#8940 =( BOUNDED_CURVE ( )  B_SPLINE_CURVE ( 3, ( #4063, #2564, #5558, #149 ),
 .UNSPECIFIED., .F., .T. ) 
 B_SPLINE_CURVE_WITH_KNOTS ( ( 4, 4 ),
 ( 0.0000000000000000000, 1.000000000000000000 ),
 .UNSPECIFIED. ) 
 CURVE ( )  GEOMETRIC_REPRESENTATION_ITEM ( )  RATIONAL_B_SPLINE_CURVE ( ( 1.000000000000000000, 0.8425084105492737230, 0.8425084105492737230, 1.000000000000000000 ) ) 
 REPRESENTATION_ITEM ( '' )  );
#8941 = CARTESIAN_POINT ( 'NONE',  ( -0.1003936410428344639, -0.06294403425129924123, 0.1275597455797209678 ) ) ;
#8942 = CARTESIAN_POINT ( 'NONE',  ( 0.1318603670774803338, -0.008631731998307089898, 0.02431578411575197399 ) ) ;
#8943 = B_SPLINE_CURVE_WITH_KNOTS ( 'NONE', 3,
 ( #6595, #2431, #1019, #14 ),
 .UNSPECIFIED., .F., .F.,
 ( 4, 4 ),
 ( 0.0000000000000000000, 0.003192917932711400279 ),
 .UNSPECIFIED. ) ;
#8944 = CARTESIAN_POINT ( 'NONE',  ( -0.1388263888904557042, -0.04921253327275589007, 0.07291558897103546377 ) ) ;
#8945 = LINE ( 'NONE', #1924, #2627 ) ;
#8946 = VERTEX_POINT ( 'NONE', #4949 ) ;
#8947 = B_SPLINE_CURVE_WITH_KNOTS ( 'NONE', 3,
 ( #1594, #10159, #5423, #1492 ),
 .UNSPECIFIED., .F., .F.,
 ( 4, 4 ),
 ( 0.0000000000000000000, 1.000000000000000000 ),
 .UNSPECIFIED. ) ;
#8948 = CYLINDRICAL_SURFACE ( 'NONE', #3642, 0.007874015748031499423 ) ;
#8949 = EDGE_CURVE ( 'NONE', #9976, #10082, #7886, .T. ) ;
#8950 = ORIENTED_EDGE ( 'NONE', *, *, #866, .F. ) ;
#8951 = DIRECTION ( 'NONE',  ( 0.0000000000000000000, -1.000000000000000000, -0.0000000000000000000 ) ) ;
#8952 = LINE ( 'NONE', #1878, #6684 ) ;
#8953 = FACE_OUTER_BOUND ( 'NONE', #1764, .T. ) ;
#8954 = EDGE_CURVE ( 'NONE', #8987, #6122, #100, .T. ) ;
#8955 = VERTEX_POINT ( 'NONE', #8088 ) ;
#8956 = DIRECTION ( 'NONE',  ( 0.0000000000000000000, -1.000000000000000000, 0.0000000000000000000 ) ) ;
#8957 = CARTESIAN_POINT ( 'NONE',  ( 0.1289821318383464199, 0.003979877892086611767, 0.1255934188133464580 ) ) ;
#8958 = CARTESIAN_POINT ( 'NONE',  ( -0.1279526961609449009, 0.04330715176661415616, 0.07697147372051395264 ) ) ;
#8959 = B_SPLINE_CURVE_WITH_KNOTS ( 'NONE', 3,
 ( #6867, #3004, #7783, #9276 ),
 .UNSPECIFIED., .F., .F.,
 ( 4, 4 ),
 ( 0.0000000000000000000, 1.000000000000000000 ),
 .UNSPECIFIED. ) ;
#8960 = CARTESIAN_POINT ( 'NONE',  ( -0.1397637197829910971, 0.05145880278215440168, 0.07882691754588010136 ) ) ;
#8961 = ORIENTED_EDGE ( 'NONE', *, *, #3445, .T. ) ;
#8962 = CARTESIAN_POINT ( 'NONE',  ( -0.1279526961609449009, -0.03444875374519684730, 0.07086614173228344971 ) ) ;
#8963 = CARTESIAN_POINT ( 'NONE',  ( -0.07677159379874015643, -0.04330702146173232014, 0.007874015748029646738 ) ) ;
#8964 = CARTESIAN_POINT ( 'NONE',  ( -0.1200786804129134466, 0.04275067708683626122, 0.04231193708255197306 ) ) ;
#8965 = ADVANCED_FACE ( 'NONE', ( #6531 ), #2569, .T. ) ;
#8966 = DIRECTION ( 'NONE',  ( 0.0000000000000000000, 0.7041403948885380792, -0.7100607750652150330 ) ) ;
#8967 = CYLINDRICAL_SURFACE ( 'NONE', #8698, 0.01574803149606299191 ) ;
#8968 = B_SPLINE_CURVE_WITH_KNOTS ( 'NONE', 3,
 ( #1734, #9466, #4167, #853 ),
 .UNSPECIFIED., .F., .F.,
 ( 4, 4 ),
 ( 0.0000000000000000000, 1.000000000000000000 ),
 .UNSPECIFIED. ) ;
#8969 = CARTESIAN_POINT ( 'NONE',  ( -0.1112204126963779738, 6.515244090486913243E-08, 0.1173228346456692828 ) ) ;
#8970 = ORIENTED_EDGE ( 'NONE', *, *, #8232, .F. ) ;
#8971 = CARTESIAN_POINT ( 'NONE',  ( 0.1770866739177164584, -0.01181095846960627214, 0.07480314960629920462 ) ) ;
#8972 = CARTESIAN_POINT ( 'NONE',  ( -0.07086608198771660039, 0.06102368719968503941, 0.01567416640385433518 ) ) ;
#8973 = CARTESIAN_POINT ( 'NONE',  ( -0.1330394014896534860, -0.05511804508377945305, 0.05090493789049999052 ) ) ;
#8974 = EDGE_CURVE ( 'NONE', #9702, #4254, #9469, .T. ) ;
#8975 = CARTESIAN_POINT ( 'NONE',  ( 0.1594488786421259519, 0.02953297709369144541, 0.08260811989371411035 ) ) ;
#8976 = DIRECTION ( 'NONE',  ( 0.0000000000000000000, 1.000000000000000000, 0.0000000000000000000 ) ) ;
#8977 = EDGE_LOOP ( 'NONE', ( #726, #2257, #5067, #70, #7686, #783, #5435 ) ) ;
#8978 = LINE ( 'NONE', #7478, #9822 ) ;
#8979 = ORIENTED_EDGE ( 'NONE', *, *, #3950, .T. ) ;
#8980 = PLANE ( 'NONE',  #8688 ) ;
#8981 = CARTESIAN_POINT ( 'NONE',  ( 0.1673228943901574339, -0.02640145018110027011, 0.05944086700758825781 ) ) ;
#8982 = FACE_OUTER_BOUND ( 'NONE', #7444, .T. ) ;
#8983 = VERTEX_POINT ( 'NONE', #8716 ) ;
#8984 = ORIENTED_EDGE ( 'NONE', *, *, #8563, .T. ) ;
#8985 = CARTESIAN_POINT ( 'NONE',  ( -0.1377952158459851695, 0.05865930402357284745, 0.04732938791574988618 ) ) ;
#8986 = DIRECTION ( 'NONE',  ( -6.123233995736766036E-17, 1.000000000000000000, 0.0000000000000000000 ) ) ;
#8987 = VERTEX_POINT ( 'NONE', #1638 ) ;
#8988 = ORIENTED_EDGE ( 'NONE', *, *, #1080, .T. ) ;
#8989 = LINE ( 'NONE', #7594, #927 ) ;
#8990 = B_SPLINE_CURVE_WITH_KNOTS ( 'NONE', 3,
 ( #8204, #4186, #8928, #5837, #5065, #6496, #2646, #7383, #321, #8104, #6658, #7330 ),
 .UNSPECIFIED., .F., .F.,
 ( 4, 2, 2, 2, 2, 4 ),
 ( 0.0000000000000000000, 0.2499999999999941158, 0.3749999999999929501, 0.4374999999999923395, 0.4999999999999917843, 1.000000000000000000 ),
 .UNSPECIFIED. ) ;
#8991 = EDGE_CURVE ( 'NONE', #8450, #3430, #4149, .T. ) ;
#8992 = CARTESIAN_POINT ( 'NONE',  ( 0.1673228943901574339, 0.02640158048598134286, 0.09016543220501672951 ) ) ;
#8993 = CARTESIAN_POINT ( 'NONE',  ( 0.1276999783963385093, -0.01941973426921257684, 0.02566517364170078919 ) ) ;
#8994 = LINE ( 'NONE', #3831, #7713 ) ;
#8995 = DIRECTION ( 'NONE',  ( 1.000000000000000000, 6.123233995736766036E-17, -0.0000000000000000000 ) ) ;
#8996 = DIRECTION ( 'NONE',  ( 1.000000000000000000, 6.123233995736766036E-17, -0.0000000000000000000 ) ) ;
#8997 = ORIENTED_EDGE ( 'NONE', *, *, #535, .T. ) ;
#8998 = ORIENTED_EDGE ( 'NONE', *, *, #890, .F. ) ;
#8999 = CARTESIAN_POINT ( 'NONE',  ( 0.2736221069885826362, 0.01181108877448829378, 0.07480314960629919074 ) ) ;
#9000 = VERTEX_POINT ( 'NONE', #4794 ) ;
#9001 =( BOUNDED_CURVE ( )  B_SPLINE_CURVE ( 3, ( #5903, #2658, #283, #9051 ),
 .UNSPECIFIED., .F., .T. ) 
 B_SPLINE_CURVE_WITH_KNOTS ( ( 4, 4 ),
 ( 0.0000000000000000000, 1.000000000000000000 ),
 .UNSPECIFIED. ) 
 CURVE ( )  GEOMETRIC_REPRESENTATION_ITEM ( )  RATIONAL_B_SPLINE_CURVE ( ( 1.000000000000000000, 0.9768702674409359688, 0.9768702674409359688, 1.000000000000000000 ) ) 
 REPRESENTATION_ITEM ( '' )  );
#9002 = CIRCLE ( 'NONE', #271, 0.007874015748031534118 ) ;
#9003 = VECTOR ( 'NONE', #567, 39.37007874015748143 ) ;
#9004 = FACE_OUTER_BOUND ( 'NONE', #7699, .T. ) ;
#9005 = ADVANCED_FACE ( 'NONE', ( #1841 ), #6013, .F. ) ;
#9006 = LINE ( 'NONE', #1987, #9207 ) ;
#9007 = VERTEX_POINT ( 'NONE', #304 ) ;
#9008 = VECTOR ( 'NONE', #4866, 39.37007874015748143 ) ;
#9009 = CARTESIAN_POINT ( 'NONE',  ( -0.1371863431266585054, -0.05511804508377351336, 0.07158635282542440137 ) ) ;
#9010 = CARTESIAN_POINT ( 'NONE',  ( 0.1273028854798424758, 0.001899321730118151740, 0.1303062282844882069 ) ) ;
#9011 = LINE ( 'NONE', #7360, #9667 ) ;
#9012 = CARTESIAN_POINT ( 'NONE',  ( -0.1023621449798407801, 0.05577383123804167953, 0.1303842543798778564 ) ) ;
#9013 = ORIENTED_EDGE ( 'NONE', *, *, #6681, .T. ) ;
#9014 = CARTESIAN_POINT ( 'NONE',  ( -0.09251962529480318997, -0.01771647028062987850, 0.0000000000000000000 ) ) ;
#9015 = DIRECTION ( 'NONE',  ( 0.0000000000000000000, 0.0000000000000000000, 1.000000000000000000 ) ) ;
#9016 = CARTESIAN_POINT ( 'NONE',  ( 0.2854331306106263622, -0.01534853082843707327, 0.1417322834645698415 ) ) ;
#9017 = CARTESIAN_POINT ( 'NONE',  ( -0.1003936410428345610, 6.515244094399423278E-08, 0.07480314960629920462 ) ) ;
#9018 = CIRCLE ( 'NONE', #1434, 0.001968503937007139333 ) ;
#9019 = LINE ( 'NONE', #971, #7403 ) ;
#9020 = CARTESIAN_POINT ( 'NONE',  ( 0.1673228947792431698, 0.04791963424563723539, 0.07477410818783469804 ) ) ;
#9021 = ORIENTED_EDGE ( 'NONE', *, *, #7781, .F. ) ;
#9022 = PLANE ( 'NONE',  #8738 ) ;
#9023 = AXIS2_PLACEMENT_3D ( 'NONE', #9115, #5101, #8242 ) ;
#9024 = CARTESIAN_POINT ( 'NONE',  ( -0.1382681506234569591, -0.04466744635580259526, 0.05024321023488832055 ) ) ;
#9025 = CARTESIAN_POINT ( 'NONE',  ( 0.1594488786421259241, 0.02952749910539697112, 0.07480314978591853792 ) ) ;
#9026 = DIRECTION ( 'NONE',  ( 6.123233995736766036E-17, -1.000000000000000000, 0.0000000000000000000 ) ) ;
#9027 = ORIENTED_EDGE ( 'NONE', *, *, #7155, .T. ) ;
#9028 = CARTESIAN_POINT ( 'NONE',  ( -0.07086608198771658651, 0.06164529649638507414, 0.02511350013915478185 ) ) ;
#9029 = AXIS2_PLACEMENT_3D ( 'NONE', #6135, #2263, #1298 ) ;
#9030 = EDGE_CURVE ( 'NONE', #1838, #8166, #3493, .T. ) ;
#9031 = VERTEX_POINT ( 'NONE', #398 ) ;
#9032 = LINE ( 'NONE', #6768, #9177 ) ;
#9033 = B_SPLINE_CURVE_WITH_KNOTS ( 'NONE', 3,
 ( #4018, #7154, #5671, #4885, #7207, #4789 ),
 .UNSPECIFIED., .F., .F.,
 ( 4, 2, 4 ),
 ( 0.0000000000000000000, 0.5000000000000000000, 1.000000000000000000 ),
 .UNSPECIFIED. ) ;
#9034 = VECTOR ( 'NONE', #7590, 39.37007874015748143 ) ;
#9035 = EDGE_CURVE ( 'NONE', #509, #3963, #5488, .T. ) ;
#9036 = CARTESIAN_POINT ( 'NONE',  ( -0.1292346961424941099, -0.04330702146173173728, 0.07518096735898543992 ) ) ;
#9037 = CARTESIAN_POINT ( 'NONE',  ( -0.1003936410428344639, -0.07081804999933072331, 0.1260771605338488199 ) ) ;
#9038 = ORIENTED_EDGE ( 'NONE', *, *, #3282, .F. ) ;
#9039 = CARTESIAN_POINT ( 'NONE',  ( -0.1320534741670008616, 0.04921266357763775384, 0.07286926856913385209 ) ) ;
#9040 = DIRECTION ( 'NONE',  ( -1.000000000000000000, -0.0000000000000000000, -0.0000000000000000000 ) ) ;
#9041 = CARTESIAN_POINT ( 'NONE',  ( -0.1397637197829920686, -0.05118103720976373977, 0.07010472905582725012 ) ) ;
#9042 = VECTOR ( 'NONE', #6319, 39.37007874015748143 ) ;
#9043 = VERTEX_POINT ( 'NONE', #3550 ) ;
#9044 = ADVANCED_FACE ( 'NONE', ( #4429 ), #2000, .T. ) ;
#9045 = EDGE_LOOP ( 'NONE', ( #8502, #7137, #9618, #4972 ) ) ;
#9046 = VECTOR ( 'NONE', #2129, 39.37007874015748143 ) ;
#9047 = CARTESIAN_POINT ( 'NONE',  ( 0.07677171328787396609, -0.01968497421763775249, 0.0002623371023698263397 ) ) ;
#9048 = CARTESIAN_POINT ( 'NONE',  ( 0.1276989047753936402, -0.01979222947425195514, 0.02581566771871653121 ) ) ;
#9049 = CARTESIAN_POINT ( 'NONE',  ( -0.1200786804129134466, 0.04870747251180412157, 0.05669291338582210099 ) ) ;
#9050 = CARTESIAN_POINT ( 'NONE',  ( 0.1594488786420418247, -0.0005133160719471269564, 0.02362462209007571909 ) ) ;
#9051 = CARTESIAN_POINT ( 'NONE',  ( -0.1304272508542571041, -0.05511804508377916856, 0.07290410729930817124 ) ) ;
#9052 = ORIENTED_EDGE ( 'NONE', *, *, #2884, .F. ) ;
#9053 = ADVANCED_FACE ( 'NONE', ( #5155 ), #8291, .F. ) ;
#9054 = CONICAL_SURFACE ( 'NONE', #9538, 0.01574803149606306824, 0.7853981633974482790 ) ;
#9055 = EDGE_CURVE ( 'NONE', #2662, #1102, #2040, .T. ) ;
#9056 = ORIENTED_EDGE ( 'NONE', *, *, #1166, .T. ) ;
#9057 = CARTESIAN_POINT ( 'NONE',  ( 0.2775591148625983773, -0.007873950595591651738, 0.09055118110236443085 ) ) ;
#9058 = VERTEX_POINT ( 'NONE', #8134 ) ;
#9059 = AXIS2_PLACEMENT_3D ( 'NONE', #8182, #8287, #4427 ) ;
#9060 = CARTESIAN_POINT ( 'NONE',  ( -0.1023621449798425564, 0.05125010318089414513, 0.01567416640385535867 ) ) ;
#9061 = DIRECTION ( 'NONE',  ( 0.0000000000000000000, -1.000000000000000000, 0.0000000000000000000 ) ) ;
#9062 = ORIENTED_EDGE ( 'NONE', *, *, #5959, .F. ) ;
#9063 = EDGE_CURVE ( 'NONE', #5673, #1149, #1224, .T. ) ;
#9064 = CARTESIAN_POINT ( 'NONE',  ( -0.1384513838249816220, -0.04658786135674000684, 0.07296489896628358118 ) ) ;
#9065 = AXIS2_PLACEMENT_3D ( 'NONE', #7239, #1762, #8890 ) ;
#9066 = FACE_OUTER_BOUND ( 'NONE', #9346, .T. ) ;
#9067 = CARTESIAN_POINT ( 'NONE',  ( -0.1344940269456494641, 0.05511817538866075478, 0.09842076539209868025 ) ) ;
#9068 = CARTESIAN_POINT ( 'NONE',  ( 0.1316698732690157747, 0.004106255825748016466, 0.02374888797834645571 ) ) ;
#9069 = ORIENTED_EDGE ( 'NONE', *, *, #7596, .T. ) ;
#9070 = CARTESIAN_POINT ( 'NONE',  ( -0.1290459248799090963, -0.04330702146173294464, 0.07317004566913519470 ) ) ;
#9071 = CARTESIAN_POINT ( 'NONE',  ( -0.1279526961609449009, -0.03444875374519664607, 0.09386310701873763762 ) ) ;
#9072 = CARTESIAN_POINT ( 'NONE',  ( -0.1023621449798425564, 0.02362211239653537811, 0.01307411618524855629 ) ) ;
#9073 = DIRECTION ( 'NONE',  ( 0.0000000000000000000, -1.000000000000000000, 0.0000000000000000000 ) ) ;
#9074 = VECTOR ( 'NONE', #9993, 39.37007874015748143 ) ;
#9075 = CARTESIAN_POINT ( 'NONE',  ( -0.08661411348377952291, -0.07452861811427161087, 0.03937007874015747283 ) ) ;
#9076 = CARTESIAN_POINT ( 'NONE',  ( -0.1279526961609449287, 0.02944106255888495616, 0.03192036652122105800 ) ) ;
#9077 = CARTESIAN_POINT ( 'NONE',  ( 0.1640613705853968818, -0.0005133160719481229045, 0.02362462208997797089 ) ) ;
#9078 = EDGE_LOOP ( 'NONE', ( #8997, #2740, #968, #3109 ) ) ;
#9079 = CARTESIAN_POINT ( 'NONE',  ( 0.1200787999020465902, -0.04724402933574802649, 0.0000000000000000000 ) ) ;
#9080 = CARTESIAN_POINT ( 'NONE',  ( -0.1367446230767328241, -0.05183720518873992378, 0.04851730860420133684 ) ) ;
#9081 = CARTESIAN_POINT ( 'NONE',  ( 0.03288374564087007818, 0.01968510452251975157, 0.01574803149606297109 ) ) ;
#9082 = DIRECTION ( 'NONE',  ( -1.000000000000000000, -6.123233995736766036E-17, 0.0000000000000000000 ) ) ;
#9083 = VERTEX_POINT ( 'NONE', #1278 ) ;
#9084 = CARTESIAN_POINT ( 'NONE',  ( -0.07086608198771658651, 0.07031727420555805574, 0.03937007874015746589 ) ) ;
#9085 = EDGE_LOOP ( 'NONE', ( #6142, #717, #8101, #6946, #870, #829 ) ) ;
#9086 = CARTESIAN_POINT ( 'NONE',  ( 0.1318668888708661169, -0.008755755607637789525, 0.1252687351262992133 ) ) ;
#9087 = CARTESIAN_POINT ( 'NONE',  ( 0.1279527650180974918, -0.01387250526643274764, 0.02253634397566268641 ) ) ;
#9088 = ADVANCED_FACE ( 'NONE', ( #2675 ), #1068, .F. ) ;
#9089 = ORIENTED_EDGE ( 'NONE', *, *, #1520, .F. ) ;
#9090 = CARTESIAN_POINT ( 'NONE',  ( 0.1200787999020472285, -0.05533665646125562193, 0.01881519747809911464 ) ) ;
#9091 = CARTESIAN_POINT ( 'NONE',  ( 0.1574803747051181091, 6.515244097005101764E-08, 0.07480314960629920462 ) ) ;
#9092 = CARTESIAN_POINT ( 'NONE',  ( 0.1751969101381889993, -0.03137860885365456598, 0.07208638652796062196 ) ) ;
#9093 = ORIENTED_EDGE ( 'NONE', *, *, #7092, .T. ) ;
#9094 = ORIENTED_EDGE ( 'NONE', *, *, #8409, .F. ) ;
#9095 = DIRECTION ( 'NONE',  ( 1.000000000000000000, 0.0000000000000000000, 0.0000000000000000000 ) ) ;
#9096 = CARTESIAN_POINT ( 'NONE',  ( 0.1296061927490945176, -0.01908190853586614819, 0.02758575843496456972 ) ) ;
#9097 = FACE_OUTER_BOUND ( 'NONE', #5231, .T. ) ;
#9098 = CARTESIAN_POINT ( 'NONE',  ( 0.1594488786419577531, -0.04480205593922450408, 0.04917917100438051053 ) ) ;
#9099 = DIRECTION ( 'NONE',  ( -0.0000000000000000000, 0.0000000000000000000, 1.000000000000000000 ) ) ;
#9100 = ORIENTED_EDGE ( 'NONE', *, *, #4472, .F. ) ;
#9101 = B_SPLINE_CURVE_WITH_KNOTS ( 'NONE', 3,
 ( #4498, #9090, #6820, #2905 ),
 .UNSPECIFIED., .F., .F.,
 ( 4, 4 ),
 ( 0.0000000000000000000, 1.000000000000000000 ),
 .UNSPECIFIED. ) ;
#9102 = B_SPLINE_CURVE_WITH_KNOTS ( 'NONE', 3,
 ( #9693, #5821, #356, #7467 ),
 .UNSPECIFIED., .F., .F.,
 ( 4, 4 ),
 ( 0.0000000000000000000, 1.000000000000000000 ),
 .UNSPECIFIED. ) ;
#9103 = ORIENTED_EDGE ( 'NONE', *, *, #6723, .F. ) ;
#9104 = ORIENTED_EDGE ( 'NONE', *, *, #195, .F. ) ;
#9105 = LINE ( 'NONE', #9879, #7179 ) ;
#9106 = CARTESIAN_POINT ( 'NONE',  ( 0.1247258341972802415, -0.05060962796935118690, 0.01574803149606670075 ) ) ;
#9107 = EDGE_CURVE ( 'NONE', #123, #6151, #4015, .T. ) ;
#9108 = VERTEX_POINT ( 'NONE', #9581 ) ;
#9109 = CARTESIAN_POINT ( 'NONE',  ( 0.1279528156500787106, 0.04724415964062989026, 0.01181102362204703229 ) ) ;
#9110 = CARTESIAN_POINT ( 'NONE',  ( -0.1279526961609449009, -0.05183720518873991684, 0.04599645086486991996 ) ) ;
#9111 = CARTESIAN_POINT ( 'NONE',  ( 0.1295998694316535249, 0.01753854134409448678, 0.1226284639661811005 ) ) ;
#9112 = DIRECTION ( 'NONE',  ( -0.0000000000000000000, -0.0000000000000000000, 1.000000000000000000 ) ) ;
#9113 = CARTESIAN_POINT ( 'NONE',  ( 0.1321155169033857990, 0.01331660957228347764, 0.02534546176769291240 ) ) ;
#9114 = ORIENTED_EDGE ( 'NONE', *, *, #2578, .F. ) ;
#9115 = CARTESIAN_POINT ( 'NONE',  ( 0.03027901973153540247, 6.515244094229544203E-08, 0.003934042099799212738 ) ) ;
#9116 = EDGE_CURVE ( 'NONE', #5656, #6751, #2350, .T. ) ;
#9117 = CYLINDRICAL_SURFACE ( 'NONE', #3256, 0.003937007874015758385 ) ;
#9118 = DIRECTION ( 'NONE',  ( 0.0000000000000000000, -0.7071067811894358179, 0.7071067811836593275 ) ) ;
#9119 = CARTESIAN_POINT ( 'NONE',  ( -0.1397637197829922351, 0.05030190877789817577, 0.09739952558493110424 ) ) ;
#9120 = EDGE_CURVE ( 'NONE', #5945, #3540, #1667, .T. ) ;
#9121 = ORIENTED_EDGE ( 'NONE', *, *, #2612, .F. ) ;
#9122 = ORIENTED_EDGE ( 'NONE', *, *, #8294, .T. ) ;
#9123 = CARTESIAN_POINT ( 'NONE',  ( -0.1279526961609449009, 0.05717993738975726825, 0.1289370078740136316 ) ) ;
#9124 = CARTESIAN_POINT ( 'NONE',  ( -0.08858261742078746281, -0.03543300571370075480, 0.02362204724409448786 ) ) ;
#9125 = CARTESIAN_POINT ( 'NONE',  ( -0.1396910741696867631, -0.04714335942821155229, 0.05164476275140496286 ) ) ;
#9126 = DIRECTION ( 'NONE',  ( 0.0000000000000000000, 0.0000000000000000000, 1.000000000000000000 ) ) ;
#9127 = VERTEX_POINT ( 'NONE', #4683 ) ;
#9128 = CARTESIAN_POINT ( 'NONE',  ( -0.07086608198771660039, 0.06657432872809859736, 0.03194217387108125999 ) ) ;
#9129 = VERTEX_POINT ( 'NONE', #90 ) ;
#9130 = CARTESIAN_POINT ( 'NONE',  ( -0.1279526961609451507, 0.05631883147885245050, 0.05602585535048960896 ) ) ;
#9131 = FACE_OUTER_BOUND ( 'NONE', #4411, .T. ) ;
#9132 = EDGE_CURVE ( 'NONE', #2082, #384, #1182, .T. ) ;
#9133 = VERTEX_POINT ( 'NONE', #9524 ) ;
#9134 = DIRECTION ( 'NONE',  ( 0.0000000000000000000, 1.000000000000000000, 0.0000000000000000000 ) ) ;
#9135 = CARTESIAN_POINT ( 'NONE',  ( -0.1304697030920098366, 0.05511817538866042865, 0.07724672631716407445 ) ) ;
#9136 = CARTESIAN_POINT ( 'NONE',  ( -0.1200786804129134050, -0.04151022835736134509, 0.03029232218338213586 ) ) ;
#9137 = CARTESIAN_POINT ( 'NONE',  ( 0.2854331306106299704, 0.004148659862065688653, 0.05906098517112307045 ) ) ;
#9138 = CARTESIAN_POINT ( 'NONE',  ( -0.1023621449798425426, 6.514499997778422369E-08, 0.01574803149606299191 ) ) ;
#9139 = ORIENTED_EDGE ( 'NONE', *, *, #10087, .T. ) ;
#9140 = ORIENTED_EDGE ( 'NONE', *, *, #8851, .T. ) ;
#9141 = ADVANCED_FACE ( 'NONE', ( #5613 ), #7397, .T. ) ;
#9142 = CYLINDRICAL_SURFACE ( 'NONE', #3738, 0.003937007874015758385 ) ;
#9143 = CARTESIAN_POINT ( 'NONE',  ( -0.08858261742078889223, -0.03543300571370079644, 0.02559055118110341309 ) ) ;
#9144 = CARTESIAN_POINT ( 'NONE',  ( -0.1003936410428346443, 0.07379122320923296730, 0.08759842519685037687 ) ) ;
#9145 = CARTESIAN_POINT ( 'NONE',  ( -0.1200786804129133911, -0.02755898996567120174, 0.1338582677165363610 ) ) ;
#9146 = EDGE_LOOP ( 'NONE', ( #5140, #1867, #8590, #1380 ) ) ;
#9147 = ORIENTED_EDGE ( 'NONE', *, *, #6012, .F. ) ;
#9148 = CARTESIAN_POINT ( 'NONE',  ( -0.1377952158459838372, -0.05866135217039898653, 0.1023622047244107658 ) ) ;
#9149 =( BOUNDED_SURFACE ( )  B_SPLINE_SURFACE ( 3, 3, ( 
 ( #5163, #10046, #1335, #1375 ),
 ( #7922, #2940, #3806, #4003 ),
 ( #6905, #2154, #2106, #1284 ),
 ( #9225, #5262, #2202, #7720 ) ),
 .UNSPECIFIED., .F., .F., .F. ) 
 B_SPLINE_SURFACE_WITH_KNOTS ( ( 4, 4 ),
 ( 4, 4 ),
 ( 0.0000000000000000000, 1.000000000000000000 ),
 ( 0.0000000000000000000, 1.000000000000000000 ),
 .UNSPECIFIED. ) 
 GEOMETRIC_REPRESENTATION_ITEM ( )  RATIONAL_B_SPLINE_SURFACE ( (
 ( 1.000000000000000000, 0.9982531623862325176, 0.9982531623862325176, 1.000000000000000000),
 ( 0.9419139527829752945, 0.9402685820613215784, 0.9402685820613215784, 0.9419139527829752945),
 ( 0.9419139527829752945, 0.9402685820613215784, 0.9402685820613215784, 0.9419139527829752945),
 ( 1.000000000000000000, 0.9982531623862325176, 0.9982531623862325176, 1.000000000000000000) ) ) 
 REPRESENTATION_ITEM ( '' )  SURFACE ( )  );
#9150 = ORIENTED_EDGE ( 'NONE', *, *, #3818, .T. ) ;
#9151 = DIRECTION ( 'NONE',  ( 6.123233995736766036E-17, -1.000000000000000000, -0.0000000000000000000 ) ) ;
#9152 = LINE ( 'NONE', #6740, #10179 ) ;
#9153 = EDGE_CURVE ( 'NONE', #8556, #9489, #3148, .T. ) ;
#9154 = ORIENTED_EDGE ( 'NONE', *, *, #1299, .T. ) ;
#9155 = DIRECTION ( 'NONE',  ( -6.123233995736766036E-17, 1.000000000000000000, 0.0000000000000000000 ) ) ;
#9156 = DIRECTION ( 'NONE',  ( 6.123233995736766036E-17, -1.000000000000000000, -0.0000000000000000000 ) ) ;
#9157 = B_SPLINE_CURVE_WITH_KNOTS ( 'NONE', 3,
 ( #3710, #4588, #10141, #6080, #1378, #3097, #6224, #512, #5213, #4488 ),
 .UNSPECIFIED., .F., .F.,
 ( 4, 2, 2, 2, 4 ),
 ( 0.0000000000000000000, 0.1250000001829234542, 0.2500000003658469083, 0.3750000005487704735, 0.5000000007316940387 ),
 .UNSPECIFIED. ) ;
#9158 = PRESENTATION_LAYER_ASSIGNMENT (  '', '', ( #5222 ) ) ;
#9159 = CARTESIAN_POINT ( 'NONE',  ( -0.1023621449798425564, 0.05125010318089414513, 0.01567416640385535867 ) ) ;
#9160 = LINE ( 'NONE', #4676, #5759 ) ;
#9161 = EDGE_CURVE ( 'NONE', #2795, #4509, #3965, .T. ) ;
#9162 =( BOUNDED_SURFACE ( )  B_SPLINE_SURFACE ( 3, 3, ( 
 ( #3563, #515, #2057, #3665 ),
 ( #6705, #5982, #8306, #1240 ),
 ( #7526, #4385, #461, #9752 ),
 ( #5009, #5216, #8146, #5408 ) ),
 .UNSPECIFIED., .F., .F., .F. ) 
 B_SPLINE_SURFACE_WITH_KNOTS ( ( 4, 4 ),
 ( 4, 4 ),
 ( 0.0000000000000000000, 1.000000000000000000 ),
 ( 0.0000000000000000000, 1.000000000000000000 ),
 .UNSPECIFIED. ) 
 GEOMETRIC_REPRESENTATION_ITEM ( )  RATIONAL_B_SPLINE_SURFACE ( (
 ( 1.000000000000000000, 0.6485977197611677569, 0.6485977197611677569, 1.000000000000000000),
 ( 0.8047378541249436967, 0.5219511371909337782, 0.5219511371909337782, 0.8047378541249436967),
 ( 0.8047378541249436967, 0.5219511371909337782, 0.5219511371909337782, 0.8047378541249436967),
 ( 1.000000000000000000, 0.6485977197611677569, 0.6485977197611677569, 1.000000000000000000) ) ) 
 REPRESENTATION_ITEM ( '' )  SURFACE ( )  );
#9163 = DIRECTION ( 'NONE',  ( 6.123233995736766036E-17, -1.000000000000000000, 0.0000000000000000000 ) ) ;
#9164 = CARTESIAN_POINT ( 'NONE',  ( -0.1384513838249995521, 0.04658799166162416044, 0.1000579797070322990 ) ) ;
#9165 = VECTOR ( 'NONE', #1277, 39.37007874015748143 ) ;
#9166 = AXIS2_PLACEMENT_3D ( 'NONE', #9918, #7005, #10148 ) ;
#9167 = CARTESIAN_POINT ( 'NONE',  ( -0.1279526961609449287, -0.04658786135673475409, 0.04599645086488073770 ) ) ;
#9168 = ORIENTED_EDGE ( 'NONE', *, *, #556, .T. ) ;
#9169 = DIRECTION ( 'NONE',  ( -6.123233995736766036E-17, 1.000000000000000000, 0.0000000000000000000 ) ) ;
#9170 = ORIENTED_EDGE ( 'NONE', *, *, #3491, .T. ) ;
#9171 = CARTESIAN_POINT ( 'NONE',  ( 0.2854331306106298594, -0.03157388103149277869, 0.07380923657599670895 ) ) ;
#9172 = ADVANCED_FACE ( 'NONE', ( #5667 ), #7931, .F. ) ;
#9173 = EDGE_CURVE ( 'NONE', #622, #7090, #6221, .T. ) ;
#9174 = DIRECTION ( 'NONE',  ( 6.123233995736766036E-17, -1.000000000000000000, -0.0000000000000000000 ) ) ;
#9175 = CARTESIAN_POINT ( 'NONE',  ( -0.1378094211395228252, 0.05660183812890916266, 0.03880612942857523950 ) ) ;
#9176 = CARTESIAN_POINT ( 'NONE',  ( 0.03151478654972669075, -0.01968497421763776636, 0.01524977113495845638 ) ) ;
#9177 = VECTOR ( 'NONE', #3619, 39.37007874015748143 ) ;
#9178 = LINE ( 'NONE', #2112, #7515 ) ;
#9179 = ORIENTED_EDGE ( 'NONE', *, *, #3739, .F. ) ;
#9180 = CARTESIAN_POINT ( 'NONE',  ( 0.04133864242173223430, -0.05511804508377951550, 0.01422248560244881825 ) ) ;
#9181 = EDGE_CURVE ( 'NONE', #5481, #2226, #9465, .T. ) ;
#9182 = ADVANCED_FACE ( 'NONE', ( #4062 ), #6063, .T. ) ;
#9183 = VERTEX_POINT ( 'NONE', #6581 ) ;
#9184 = DIRECTION ( 'NONE',  ( -0.0000000000000000000, 0.0000000000000000000, 1.000000000000000000 ) ) ;
#9185 = AXIS2_PLACEMENT_3D ( 'NONE', #935, #6500, #5791 ) ;
#9186 = CARTESIAN_POINT ( 'NONE',  ( -0.1369911382989771609, -0.04523943107685293730, 0.09311333709987951179 ) ) ;
#9187 = VECTOR ( 'NONE', #588, 39.37007874015748143 ) ;
#9188 = DIRECTION ( 'NONE',  ( 0.0000000000000000000, -0.0000000000000000000, 1.000000000000000000 ) ) ;
#9189 = ORIENTED_EDGE ( 'NONE', *, *, #8604, .F. ) ;
#9190 = CARTESIAN_POINT ( 'NONE',  ( -0.1279526961609449009, 0.04130527670780042432, 0.07439442731927560504 ) ) ;
#9191 = CARTESIAN_POINT ( 'NONE',  ( 0.1594488786421259241, 0.01181108877448820010, 0.07480314960629919074 ) ) ;
#9192 = CARTESIAN_POINT ( 'NONE',  ( -0.1198944284444094510, -0.04133851752472440799, 0.1023622047244094335 ) ) ;
#9193 = ORIENTED_EDGE ( 'NONE', *, *, #7032, .F. ) ;
#9194 = EDGE_CURVE ( 'NONE', #3963, #8585, #4941, .T. ) ;
#9195 = VERTEX_POINT ( 'NONE', #9734 ) ;
#9196 = CARTESIAN_POINT ( 'NONE',  ( 0.1594488786420320825, 0.0005037771410683450054, 0.1172918694956561481 ) ) ;
#9197 = AXIS2_PLACEMENT_3D ( 'NONE', #800, #145, #7816 ) ;
#9198 = DIRECTION ( 'NONE',  ( 1.000000000000000000, 6.123233995736766036E-17, 0.0000000000000000000 ) ) ;
#9199 = CARTESIAN_POINT ( 'NONE',  ( 0.1751969101381889993, -0.03137860885365456598, 0.07208638652796062196 ) ) ;
#9200 = CARTESIAN_POINT ( 'NONE',  ( -0.1304272508542526077, 0.04724415964062989026, 0.09999718804008159156 ) ) ;
#9201 = B_SPLINE_CURVE_WITH_KNOTS ( 'NONE', 3,
 ( #5105, #6343, #2538, #1707 ),
 .UNSPECIFIED., .F., .F.,
 ( 4, 4 ),
 ( 0.0000000000000000000, 1.000000000000000000 ),
 .UNSPECIFIED. ) ;
#9202 = ORIENTED_EDGE ( 'NONE', *, *, #9899, .F. ) ;
#9203 = CARTESIAN_POINT ( 'NONE',  ( -0.1377952003051101104, -0.04403917447507934430, 0.1045663974833806881 ) ) ;
#9204 = VECTOR ( 'NONE', #409, 39.37007874015748143 ) ;
#9205 = ORIENTED_EDGE ( 'NONE', *, *, #4053, .F. ) ;
#9206 = VERTEX_POINT ( 'NONE', #9682 ) ;
#9207 = VECTOR ( 'NONE', #5144, 39.37007874015748143 ) ;
#9208 = B_SPLINE_CURVE_WITH_KNOTS ( 'NONE', 3,
 ( #3636, #6782, #723, #1452, #3783, #5290 ),
 .UNSPECIFIED., .F., .F.,
 ( 4, 2, 4 ),
 ( 0.0000000000000000000, 0.5000000000000000000, 1.000000000000000000 ),
 .UNSPECIFIED. ) ;
#9209 = LINE ( 'NONE', #7703, #742 ) ;
#9210 = CARTESIAN_POINT ( 'NONE',  ( -0.1279526961609450397, 0.04133864782960629952, 0.04724409448818896184 ) ) ;
#9211 = VECTOR ( 'NONE', #1694, 39.37007874015748143 ) ;
#9212 = ORIENTED_EDGE ( 'NONE', *, *, #2771, .T. ) ;
#9213 = ADVANCED_FACE ( 'NONE', ( #2669, #3448 ), #5812, .F. ) ;
#9214 = CARTESIAN_POINT ( 'NONE',  ( 0.07961775780535804148, 0.01968510452251973075, 0.007874015748031497688 ) ) ;
#9215 = CARTESIAN_POINT ( 'NONE',  ( -0.1023621449798425564, 0.04740791781422860895, 0.01574803149606295374 ) ) ;
#9216 = CARTESIAN_POINT ( 'NONE',  ( -0.1397637197829920130, -0.04766929083241273207, 0.05284614791472454221 ) ) ;
#9217 = CARTESIAN_POINT ( 'NONE',  ( -0.1384513838249901152, -0.04658786135674033990, 0.05008353968260950695 ) ) ;
#9218 = AXIS2_PLACEMENT_3D ( 'NONE', #1355, #10019, #4508 ) ;
#9219 = DIRECTION ( 'NONE',  ( 6.123233995736766036E-17, -1.000000000000000000, -0.0000000000000000000 ) ) ;
#9220 = DIRECTION ( 'NONE',  ( 0.0000000000000000000, -1.000000000000000000, -0.0000000000000000000 ) ) ;
#9221 = ORIENTED_EDGE ( 'NONE', *, *, #6651, .T. ) ;
#9222 = VECTOR ( 'NONE', #2418, 39.37007874015748143 ) ;
#9223 = DIRECTION ( 'NONE',  ( 1.000000000000000000, 0.0000000000000000000, -0.0000000000000000000 ) ) ;
#9224 = EDGE_CURVE ( 'NONE', #907, #5, #1062, .T. ) ;
#9225 = CARTESIAN_POINT ( 'NONE',  ( -0.1397637197829920963, -0.04992218940413527262, 0.07029898673875741022 ) ) ;
#9226 = B_SPLINE_CURVE_WITH_KNOTS ( 'NONE', 3,
 ( #1281, #1333, #8296, #7862 ),
 .UNSPECIFIED., .F., .F.,
 ( 4, 4 ),
 ( 0.0000000000000000000, 1.000000000000000000 ),
 .UNSPECIFIED. ) ;
#9227 = CARTESIAN_POINT ( 'NONE',  ( -0.1023621449798407801, 0.05577383123804167953, 0.1303842543798778564 ) ) ;
#9228 = CARTESIAN_POINT ( 'NONE',  ( 0.1751969101381890270, -0.01534853082843706633, 0.1417322834645697860 ) ) ;
#9229 = CARTESIAN_POINT ( 'NONE',  ( -0.1200786804129134189, 0.03543313601858270184, 0.1337844026243306950 ) ) ;
#9230 = CARTESIAN_POINT ( 'NONE',  ( -0.1023621449798425426, 0.02362211239654171679, 0.01567416640385572296 ) ) ;
#9231 = ORIENTED_EDGE ( 'NONE', *, *, #7666, .T. ) ;
#9232 = CARTESIAN_POINT ( 'NONE',  ( 0.1751969101381896932, 0.06566281216163756540, 0.08776125958518318781 ) ) ;
#9233 = ORIENTED_EDGE ( 'NONE', *, *, #7155, .F. ) ;
#9234 = CARTESIAN_POINT ( 'NONE',  ( 0.1279528156500781555, -0.04312769528103663902, 0.1259842519685039353 ) ) ;
#9235 = CARTESIAN_POINT ( 'NONE',  ( -0.1369911382989771331, -0.05085426011476604918, 0.09291903813205201756 ) ) ;
#9236 = EDGE_CURVE ( 'NONE', #5587, #6260, #1048, .T. ) ;
#9237 = VERTEX_POINT ( 'NONE', #3351 ) ;
#9238 = CARTESIAN_POINT ( 'NONE',  ( 0.2854331306106298038, -0.06573334738840086455, 0.08699900598517536221 ) ) ;
#9239 = CARTESIAN_POINT ( 'NONE',  ( -0.1200786804129134466, 0.05674559580952331928, 0.1293957890667803146 ) ) ;
#9240 = CARTESIAN_POINT ( 'NONE',  ( 0.1279528156500787661, -0.04724402933574800567, 0.07480315044697047333 ) ) ;
#9241 = ORIENTED_EDGE ( 'NONE', *, *, #4739, .F. ) ;
#9242 = CARTESIAN_POINT ( 'NONE',  ( -0.1299002621380087596, 0.04330715176660177718, 0.1021696968774518238 ) ) ;
#9243 = ORIENTED_EDGE ( 'NONE', *, *, #9420, .F. ) ;
#9244 = CARTESIAN_POINT ( 'NONE',  ( 0.1276924784361810616, -0.01822699091566929580, 0.1244069768953149357 ) ) ;
#9245 = EDGE_CURVE ( 'NONE', #9548, #6452, #6210, .T. ) ;
#9246 = CARTESIAN_POINT ( 'NONE',  ( -0.1279526961609448732, -0.04574383263740239292, 0.1338582677165354173 ) ) ;
#9247 = CARTESIAN_POINT ( 'NONE',  ( -0.1279526961609450952, -0.06102355689480312706, 0.1049389703523539719 ) ) ;
#9248 = CARTESIAN_POINT ( 'NONE',  ( 0.1594488786420418247, -0.05118103720976298343, 0.07480314960079195719 ) ) ;
#9249 = EDGE_CURVE ( 'NONE', #1090, #9000, #4565, .T. ) ;
#9250 = ORIENTED_EDGE ( 'NONE', *, *, #4228, .F. ) ;
#9251 = CARTESIAN_POINT ( 'NONE',  ( -0.1377952182914885249, -0.05082285606152593671, 0.1098457170482558670 ) ) ;
#9252 = ORIENTED_EDGE ( 'NONE', *, *, #6566, .T. ) ;
#9253 = LINE ( 'NONE', #1606, #3248 ) ;
#9254 = EDGE_LOOP ( 'NONE', ( #8326, #3546, #10169, #6510, #6622, #7355 ) ) ;
#9255 = CARTESIAN_POINT ( 'NONE',  ( -0.1200786804129134050, -0.04731655610540992651, 0.1337844026243306950 ) ) ;
#9256 = CARTESIAN_POINT ( 'NONE',  ( 0.1594488786421258963, 0.009398333649288950764, 0.06761665587803443456 ) ) ;
#9257 = ADVANCED_FACE ( 'NONE', ( #9629 ), #2563, .T. ) ;
#9258 = ORIENTED_EDGE ( 'NONE', *, *, #3356, .F. ) ;
#9259 = FACE_OUTER_BOUND ( 'NONE', #4119, .T. ) ;
#9260 = LINE ( 'NONE', #9214, #3274 ) ;
#9261 = LINE ( 'NONE', #8591, #8856 ) ;
#9262 = CARTESIAN_POINT ( 'NONE',  ( -0.1200786804129134050, -0.04994959082296746011, 0.09257577995871145438 ) ) ;
#9263 = CARTESIAN_POINT ( 'NONE',  ( -0.1279526961609449287, 0.04330715176660792504, 0.1022740480997462453 ) ) ;
#9264 =( BOUNDED_SURFACE ( )  B_SPLINE_SURFACE ( 3, 3, ( 
 ( #7060, #4025, #3212, #4076 ),
 ( #9429, #9475, #3158, #6282 ),
 ( #2317, #7215, #2414, #8610 ),
 ( #7006, #1482, #2362, #5568 ) ),
 .UNSPECIFIED., .F., .F., .F. ) 
 B_SPLINE_SURFACE_WITH_KNOTS ( ( 4, 4 ),
 ( 4, 4 ),
 ( 0.0000000000000000000, 1.000000000000000000 ),
 ( 0.0000000000000000000, 1.000000000000000000 ),
 .UNSPECIFIED. ) 
 GEOMETRIC_REPRESENTATION_ITEM ( )  RATIONAL_B_SPLINE_SURFACE ( (
 ( 1.000000000000000000, 0.9960490760225676476, 0.9960490760225676476, 1.000000000000000000),
 ( 0.8425084105516513766, 0.8391797238712144225, 0.8391797238712144225, 0.8425084105516513766),
 ( 0.8425084105516513766, 0.8391797238712144225, 0.8391797238712144225, 0.8425084105516513766),
 ( 1.000000000000000000, 0.9960490760225676476, 0.9960490760225676476, 1.000000000000000000) ) ) 
 REPRESENTATION_ITEM ( '' )  SURFACE ( )  );
#9265 = CARTESIAN_POINT ( 'NONE',  ( -0.1200786804129134189, -0.02755898996566930742, 0.03421614800787189936 ) ) ;
#9266 = B_SPLINE_CURVE_WITH_KNOTS ( 'NONE', 3,
 ( #2422, #2531, #5731, #1647 ),
 .UNSPECIFIED., .F., .F.,
 ( 4, 4 ),
 ( 0.0000000000000000000, 1.000000000000000000 ),
 .UNSPECIFIED. ) ;
#9267 = VERTEX_POINT ( 'NONE', #1169 ) ;
#9268 = DIRECTION ( 'NONE',  ( -0.0000000000000000000, -1.000000000000000000, -0.0000000000000000000 ) ) ;
#9269 = CARTESIAN_POINT ( 'NONE',  ( -0.1200786804129134189, -0.05580134111793400020, 0.1302266452400383800 ) ) ;
#9270 = PLANE ( 'NONE',  #1952 ) ;
#9271 = CARTESIAN_POINT ( 'NONE',  ( 0.1279528156500787106, -0.04724402933574651381, 0.01181102362204713291 ) ) ;
#9272 = ORIENTED_EDGE ( 'NONE', *, *, #1917, .F. ) ;
#9273 = CARTESIAN_POINT ( 'NONE',  ( -0.03740151505858271136, -0.03740150965071244171, 0.007874015748031508097 ) ) ;
#9274 = FACE_OUTER_BOUND ( 'NONE', #1499, .T. ) ;
#9275 = FACE_OUTER_BOUND ( 'NONE', #144, .T. ) ;
#9276 = CARTESIAN_POINT ( 'NONE',  ( -0.1384513838249870898, 0.05183733549365415749, 0.07717662042336546901 ) ) ;
#9277 = ADVANCED_FACE ( 'NONE', ( #7460 ), #8128, .F. ) ;
#9278 = EDGE_LOOP ( 'NONE', ( #1552, #5579, #9713, #8602, #6136, #9422 ) ) ;
#9279 = CARTESIAN_POINT ( 'NONE',  ( 0.1358268313981119968, -0.04724402933574800567, 0.02739529693389312556 ) ) ;
#9280 = DIRECTION ( 'NONE',  ( 0.0000000000000000000, -0.0000000000000000000, -1.000000000000000000 ) ) ;
#9281 = CYLINDRICAL_SURFACE ( 'NONE', #3107, 0.08661417322834644161 ) ;
#9282 = LINE ( 'NONE', #9545, #7016 ) ;
#9283 = VERTEX_POINT ( 'NONE', #4882 ) ;
#9284 = ORIENTED_EDGE ( 'NONE', *, *, #5447, .T. ) ;
#9285 = LINE ( 'NONE', #7901, #440 ) ;
#9286 = ADVANCED_FACE ( 'NONE', ( #2776 ), #7262, .F. ) ;
#9287 = CARTESIAN_POINT ( 'NONE',  ( -0.1325210033934381415, 0.04658799166161312066, 0.07377674204456759199 ) ) ;
#9288 = PLANE ( 'NONE',  #5913 ) ;
#9289 = CARTESIAN_POINT ( 'NONE',  ( -0.1384513838249768480, -0.05183720518875357258, 0.07296489896628316485 ) ) ;
#9290 = CARTESIAN_POINT ( 'NONE',  ( -0.1358267119089763830, -0.04173786430671660302, 0.1026887994028508194 ) ) ;
#9291 = ORIENTED_EDGE ( 'NONE', *, *, #8276, .F. ) ;
#9292 = CARTESIAN_POINT ( 'NONE',  ( -0.1377952298555031319, -0.05038833613336112655, 0.1098228209710244430 ) ) ;
#9293 = ORIENTED_EDGE ( 'NONE', *, *, #3171, .F. ) ;
#9294 = LINE ( 'NONE', #3735, #2081 ) ;
#9295 = EDGE_LOOP ( 'NONE', ( #671, #6575, #5803, #7950 ) ) ;
#9296 = EDGE_CURVE ( 'NONE', #7815, #3501, #8284, .T. ) ;
#9297 = ORIENTED_EDGE ( 'NONE', *, *, #7445, .T. ) ;
#9298 = EDGE_CURVE ( 'NONE', #9479, #6202, #3754, .T. ) ;
#9299 = CARTESIAN_POINT ( 'NONE',  ( 0.1279528156500787384, 0.05683930919389787451, 0.1181284174600304299 ) ) ;
#9300 = CARTESIAN_POINT ( 'NONE',  ( -0.1358266333937625525, -0.04330702146176792361, 0.05294363677158128029 ) ) ;
#9301 = ORIENTED_EDGE ( 'NONE', *, *, #2390, .F. ) ;
#9302 = CARTESIAN_POINT ( 'NONE',  ( -0.1279526961609449009, -0.04921253327275590395, 0.04577618782838581424 ) ) ;
#9303 = CARTESIAN_POINT ( 'NONE',  ( 0.1279528156500787384, 0.05844525074356442945, 0.04102796710348846632 ) ) ;
#9304 = EDGE_CURVE ( 'NONE', #4963, #3717, #5344, .T. ) ;
#9305 = CARTESIAN_POINT ( 'NONE',  ( -0.1279526961609449287, 0.04658799161007941975, 0.1041450685063930043 ) ) ;
#9306 = CARTESIAN_POINT ( 'NONE',  ( 0.1594488786421259519, -0.02640145024908828117, 0.09016543199718173029 ) ) ;
#9307 = ORIENTED_EDGE ( 'NONE', *, *, #1917, .T. ) ;
#9308 = FACE_OUTER_BOUND ( 'NONE', #2625, .T. ) ;
#9309 = AXIS2_PLACEMENT_3D ( 'NONE', #10106, #2169, #3009 ) ;
#9310 = EDGE_CURVE ( 'NONE', #2496, #5697, #3031, .T. ) ;
#9311 = DIRECTION ( 'NONE',  ( 0.0000000000000000000, 0.0000000000000000000, 1.000000000000000000 ) ) ;
#9312 = CARTESIAN_POINT ( 'NONE',  ( -0.1377950662575684604, 0.05586967918851207249, 0.03994582818483211756 ) ) ;
#9313 = CARTESIAN_POINT ( 'NONE',  ( -0.1281369481294488410, -0.05717980708489723424, 0.1289370078739904280 ) ) ;
#9314 = CARTESIAN_POINT ( 'NONE',  ( -0.1200786804129134189, 6.515244094229544203E-08, 0.03149606299212598381 ) ) ;
#9315 = VERTEX_POINT ( 'NONE', #8484 ) ;
#9316 = LINE ( 'NONE', #4491, #7022 ) ;
#9317 =( BOUNDED_CURVE ( )  B_SPLINE_CURVE ( 3, ( #5050, #174, #9554, #2488 ),
 .UNSPECIFIED., .F., .T. ) 
 B_SPLINE_CURVE_WITH_KNOTS ( ( 4, 4 ),
 ( 0.0000000000000000000, 1.000000000000000000 ),
 .UNSPECIFIED. ) 
 CURVE ( )  GEOMETRIC_REPRESENTATION_ITEM ( )  RATIONAL_B_SPLINE_CURVE ( ( 1.000000000000000000, 0.9823076119367524228, 0.9823076119367524228, 1.000000000000000000 ) ) 
 REPRESENTATION_ITEM ( '' )  );
#9318 = VERTEX_POINT ( 'NONE', #5301 ) ;
#9319 = CARTESIAN_POINT ( 'NONE',  ( -0.1392992980403902903, 0.05059942606486583783, 0.07771215242123903633 ) ) ;
#9320 = CARTESIAN_POINT ( 'NONE',  ( -0.1161416725388976501, 0.08031502578236218715, 0.01181102362204724393 ) ) ;
#9321 = CARTESIAN_POINT ( 'NONE',  ( 0.1751969101381889438, 6.559375512749871745E-08, 0.09055101575812705972 ) ) ;
#9322 = PLANE ( 'NONE',  #9029 ) ;
#9323 = ORIENTED_EDGE ( 'NONE', *, *, #8035, .T. ) ;
#9324 = FACE_OUTER_BOUND ( 'NONE', #2667, .T. ) ;
#9325 = AXIS2_PLACEMENT_3D ( 'NONE', #995, #2598, #3479 ) ;
#9326 = VECTOR ( 'NONE', #2936, 39.37007874015748143 ) ;
#9327 = EDGE_CURVE ( 'NONE', #4467, #5945, #6748, .T. ) ;
#9328 = CARTESIAN_POINT ( 'NONE',  ( 0.1358268313981101372, 0.05427997245353368555, 0.1144272550101349262 ) ) ;
#9329 = DIRECTION ( 'NONE',  ( -6.123233995736766036E-17, 1.000000000000000000, 0.0000000000000000000 ) ) ;
#9330 = CARTESIAN_POINT ( 'NONE',  ( 0.2775591148625983773, -0.007873950595594897406, 0.05905511811023234081 ) ) ;
#9331 = LENGTH_MEASURE_WITH_UNIT ( LENGTH_MEASURE( 0.02539999999999999897 ), #619 );
#9332 = ORIENTED_EDGE ( 'NONE', *, *, #2287, .T. ) ;
#9333 = CARTESIAN_POINT ( 'NONE',  ( -0.1311808875536875085, 0.04460519613581899467, 0.1034629838200356311 ) ) ;
#9334 = AXIS2_PLACEMENT_3D ( 'NONE', #523, #1346, #2959 ) ;
#9335 = ORIENTED_EDGE ( 'NONE', *, *, #7455, .F. ) ;
#9336 = LINE ( 'NONE', #2328, #8353 ) ;
#9337 = CARTESIAN_POINT ( 'NONE',  ( 0.1594488786420320825, -0.0005036468361864098906, 0.03231442971694226812 ) ) ;
#9338 = DIRECTION ( 'NONE',  ( 0.0000000000000000000, -0.7083290936150971051, -0.7058823521936322676 ) ) ;
#9339 = AXIS2_PLACEMENT_3D ( 'NONE', #3173, #9445, #7906 ) ;
#9340 = B_SPLINE_CURVE_WITH_KNOTS ( 'NONE', 3,
 ( #3405, #9590, #9534, #6533 ),
 .UNSPECIFIED., .F., .F.,
 ( 4, 4 ),
 ( 0.0000000000000000000, 1.000000000000000000 ),
 .UNSPECIFIED. ) ;
#9341 = FACE_OUTER_BOUND ( 'NONE', #10060, .T. ) ;
#9342 = CARTESIAN_POINT ( 'NONE',  ( -0.1377952149737028953, -0.05713957135654073455, 0.1068906850500952188 ) ) ;
#9343 = ORIENTED_EDGE ( 'NONE', *, *, #8638, .F. ) ;
#9344 = CYLINDRICAL_SURFACE ( 'NONE', #746, 0.001968503936996943496 ) ;
#9345 = CIRCLE ( 'NONE', #455, 0.003937007874015702874 ) ;
#9346 = EDGE_LOOP ( 'NONE', ( #258, #1307, #1229 ) ) ;
#9347 = VERTEX_POINT ( 'NONE', #7560 ) ;
#9348 = AXIS2_PLACEMENT_3D ( 'NONE', #7007, #7732, #4496 ) ;
#9349 = CARTESIAN_POINT ( 'NONE',  ( -0.07086608198771697509, 0.05256420672010105044, 0.01617701702636625480 ) ) ;
#9350 = CARTESIAN_POINT ( 'NONE',  ( -0.1279526961609451507, 0.05375793314258887207, 0.03740157480314934557 ) ) ;
#9351 = ADVANCED_FACE ( 'NONE', ( #6844, #640 ), #1412, .T. ) ;
#9352 = CARTESIAN_POINT ( 'NONE',  ( -0.1290824988655805694, -0.04658786135673474715, 0.04599645086488073770 ) ) ;
#9353 = ORIENTED_EDGE ( 'NONE', *, *, #4248, .T. ) ;
#9354 = VECTOR ( 'NONE', #10161, 39.37007874015748143 ) ;
#9355 = EDGE_CURVE ( 'NONE', #8931, #6347, #6055, .T. ) ;
#9356 = EDGE_CURVE ( 'NONE', #6178, #2005, #9260, .T. ) ;
#9357 = CARTESIAN_POINT ( 'NONE',  ( -0.1377952158459838372, -0.04370072224912854852, 0.1023622047244089339 ) ) ;
#9358 = CARTESIAN_POINT ( 'NONE',  ( -0.1377952158459851695, 0.04370085255402476887, 0.04715790576352274499 ) ) ;
#9359 = AXIS2_PLACEMENT_3D ( 'NONE', #236, #3340, #3384 ) ;
#9360 = CARTESIAN_POINT ( 'NONE',  ( 0.03046203082145778826, 0.01968510452251973075, 0.01436640419164881936 ) ) ;
#9361 = CARTESIAN_POINT ( 'NONE',  ( -0.1200786804129134189, 0.04724415964062991108, 0.01968503937007873988 ) ) ;
#9362 = EDGE_CURVE ( 'NONE', #4145, #5653, #5149, .T. ) ;
#9363 = ORIENTED_EDGE ( 'NONE', *, *, #5952, .F. ) ;
#9364 = DIRECTION ( 'NONE',  ( 0.0000000000000000000, 0.0000000000000000000, 1.000000000000000000 ) ) ;
#9365 = CARTESIAN_POINT ( 'NONE',  ( -0.1382247786220352215, -0.05382000071454001028, 0.07271796167135831379 ) ) ;
#9366 = AXIS2_PLACEMENT_3D ( 'NONE', #5871, #3553, #8872 ) ;
#9367 = CARTESIAN_POINT ( 'NONE',  ( -0.1200786804129133911, -0.04748005441248458192, 0.1337743311707177696 ) ) ;
#9368 = DIRECTION ( 'NONE',  ( -0.0000000000000000000, -0.0000000000000000000, -1.000000000000000000 ) ) ;
#9369 = CARTESIAN_POINT ( 'NONE',  ( 0.1751969101381889438, 6.471112680329151407E-08, 0.05905528345447134259 ) ) ;
#9370 = PLANE ( 'NONE',  #2810 ) ;
#9371 = ORIENTED_EDGE ( 'NONE', *, *, #5061, .T. ) ;
#9372 = CARTESIAN_POINT ( 'NONE',  ( -0.04005393921707209315, -0.02751310105898819094, 0.007874015748031497688 ) ) ;
#9373 = ORIENTED_EDGE ( 'NONE', *, *, #5122, .F. ) ;
#9374 = CARTESIAN_POINT ( 'NONE',  ( -0.03740151505858271830, 0.03740163995560615712, 0.02066929133858248085 ) ) ;
#9375 = CARTESIAN_POINT ( 'NONE',  ( -0.1200786804129134189, -0.02755898996566929007, 0.04668728965140608173 ) ) ;
#9376 = VECTOR ( 'NONE', #1837, 39.37007874015748143 ) ;
#9377 = DIRECTION ( 'NONE',  ( -1.000000000000000000, -6.123233995736766036E-17, -0.0000000000000000000 ) ) ;
#9378 = VERTEX_POINT ( 'NONE', #3647 ) ;
#9379 = CARTESIAN_POINT ( 'NONE',  ( -0.1390978406911103638, 0.05347781498429582392, 0.08003678627442264992 ) ) ;
#9380 = CARTESIAN_POINT ( 'NONE',  ( 0.1594488786421259241, -0.01177201831379007420, 0.07645339232883428815 ) ) ;
#9381 =( BOUNDED_CURVE ( )  B_SPLINE_CURVE ( 3, ( #1602, #6497, #4759, #9446 ),
 .UNSPECIFIED., .F., .T. ) 
 B_SPLINE_CURVE_WITH_KNOTS ( ( 4, 4 ),
 ( 0.0000000000000000000, 1.000000000000000000 ),
 .UNSPECIFIED. ) 
 CURVE ( )  GEOMETRIC_REPRESENTATION_ITEM ( )  RATIONAL_B_SPLINE_CURVE ( ( 1.000000000000000000, 0.9976647929699785644, 0.9976647929699785644, 1.000000000000000000 ) ) 
 REPRESENTATION_ITEM ( '' )  );
#9382 = FACE_OUTER_BOUND ( 'NONE', #229, .T. ) ;
#9383 = CARTESIAN_POINT ( 'NONE',  ( -0.1200786804129134189, 0.05717993738975463147, 0.1289370078740134928 ) ) ;
#9384 = ORIENTED_EDGE ( 'NONE', *, *, #7138, .F. ) ;
#9385 = CARTESIAN_POINT ( 'NONE',  ( -0.1362300073051057048, 0.04460519613581900161, 0.1016415701144345457 ) ) ;
#9386 = VECTOR ( 'NONE', #6216, 39.37007874015748143 ) ;
#9387 = ORIENTED_EDGE ( 'NONE', *, *, #1530, .T. ) ;
#9388 = DIRECTION ( 'NONE',  ( -6.123233995736766036E-17, 1.000000000000000000, 0.0000000000000000000 ) ) ;
#9389 = CARTESIAN_POINT ( 'NONE',  ( -0.1023621449798354371, -0.05360380067225213596, 0.1325620376936461897 ) ) ;
#9390 = EDGE_CURVE ( 'NONE', #7992, #4776, #10160, .T. ) ;
#9391 = CARTESIAN_POINT ( 'NONE',  ( -0.1023621449798389760, 0.04748187024631848191, 0.1338577398469616986 ) ) ;
#9392 = VECTOR ( 'NONE', #6467, 39.37007874015748143 ) ;
#9393 = CARTESIAN_POINT ( 'NONE',  ( -0.1378500824585684736, -0.05183733906139014608, 0.07351666023081862567 ) ) ;
#9394 = CARTESIAN_POINT ( 'NONE',  ( -0.1377949289321394599, -0.05913807942003926343, 0.1169893267841092960 ) ) ;
#9395 = ORIENTED_EDGE ( 'NONE', *, *, #4008, .F. ) ;
#9396 = CARTESIAN_POINT ( 'NONE',  ( -0.1377951434680530218, -0.05752050605750509693, 0.1063693355859677836 ) ) ;
#9397 = ORIENTED_EDGE ( 'NONE', *, *, #7985, .T. ) ;
#9398 = DIRECTION ( 'NONE',  ( 0.0000000000000000000, -1.000000000000000000, 0.0000000000000000000 ) ) ;
#9399 = VERTEX_POINT ( 'NONE', #3595 ) ;
#9400 = VERTEX_POINT ( 'NONE', #3796 ) ;
#9401 = EDGE_CURVE ( 'NONE', #490, #9861, #4574, .T. ) ;
#9402 = DIRECTION ( 'NONE',  ( -6.123233995736766036E-17, 1.000000000000000000, 0.0000000000000000000 ) ) ;
#9403 = CARTESIAN_POINT ( 'NONE',  ( 0.1594488786421260074, 0.003832232833849988276, 0.06359910349387268291 ) ) ;
#9404 = CARTESIAN_POINT ( 'NONE',  ( 0.1200787999020472563, 0.07534281024744933497, 0.03437500315016058655 ) ) ;
#9405 = VERTEX_POINT ( 'NONE', #9935 ) ;
#9406 = ADVANCED_FACE ( 'NONE', ( #2879 ), #9492, .T. ) ;
#9407 = VERTEX_POINT ( 'NONE', #3995 ) ;
#9408 = DIRECTION ( 'NONE',  ( -6.123233995736766036E-17, 1.000000000000000000, 0.0000000000000000000 ) ) ;
#9409 = CARTESIAN_POINT ( 'NONE',  ( -0.1240156882869291599, -0.02755898996566930048, 0.1183886386388582623 ) ) ;
#9410 = DIRECTION ( 'NONE',  ( -1.000000000000000000, -6.123233995736766036E-17, -0.0000000000000000000 ) ) ;
#9411 = B_SPLINE_CURVE_WITH_KNOTS ( 'NONE', 3,
 ( #6775, #2858, #8212, #5992, #5893, #1148, #9137, #9760 ),
 .UNSPECIFIED., .F., .F.,
 ( 4, 2, 2, 4 ),
 ( 0.0000000000000000000, 0.1250000019973712684, 0.2500000039947425368, 0.5000000079894849625 ),
 .UNSPECIFIED. ) ;
#9412 = ADVANCED_FACE ( 'NONE', ( #4044 ), #8111, .T. ) ;
#9413 = EDGE_CURVE ( 'NONE', #8478, #1385, #5644, .T. ) ;
#9414 = LINE ( 'NONE', #6072, #6562 ) ;
#9415 = EDGE_LOOP ( 'NONE', ( #4359, #4435, #4322, #1138, #575, #6969, #924, #3804 ) ) ;
#9416 = DIRECTION ( 'NONE',  ( 1.000000000000000000, 6.123233995736766036E-17, 0.0000000000000000000 ) ) ;
#9417 = CARTESIAN_POINT ( 'NONE',  ( -0.1397637197829924849, 0.04703662501946525437, 0.07913216789287579045 ) ) ;
#9418 = CARTESIAN_POINT ( 'NONE',  ( -0.1200786804129134050, 0.04724415964062990414, 0.02277715812361220948 ) ) ;
#9419 = CARTESIAN_POINT ( 'NONE',  ( 0.1358268313981101372, 0.03139646325829566209, 0.03381622681325648083 ) ) ;
#9420 = EDGE_CURVE ( 'NONE', #4145, #1746, #2238, .T. ) ;
#9421 = CARTESIAN_POINT ( 'NONE',  ( -0.1279526961609449009, -0.02755898996566929354, 0.1029190095611923067 ) ) ;
#9422 = ORIENTED_EDGE ( 'NONE', *, *, #6108, .F. ) ;
#9423 = CARTESIAN_POINT ( 'NONE',  ( 0.2303150203744094016, 0.04855068552051181041, 0.07937290448244095631 ) ) ;
#9424 = ORIENTED_EDGE ( 'NONE', *, *, #7714, .F. ) ;
#9425 = CARTESIAN_POINT ( 'NONE',  ( -0.1397637197829921241, 0.04988955994972484043, 0.07983994475156878934 ) ) ;
#9426 = CARTESIAN_POINT ( 'NONE',  ( -0.1200786804129134189, -0.06099030271805234299, 0.1037714816527369882 ) ) ;
#9427 = B_SPLINE_CURVE_WITH_KNOTS ( 'NONE', 3,
 ( #3143, #1372, #6992, #3037, #6165, #9306, #8645, #9987 ),
 .UNSPECIFIED., .F., .F.,
 ( 4, 2, 2, 4 ),
 ( 0.0000000000000000000, 0.1250000004794366570, 0.2500000009588732586, 0.5000000019177468502 ),
 .UNSPECIFIED. ) ;
#9428 = ADVANCED_FACE ( 'NONE', ( #1815 ), #6736, .T. ) ;
#9429 = CARTESIAN_POINT ( 'NONE',  ( -0.1312362688103229091, 0.05382013101944311401, 0.07378376722665039300 ) ) ;
#9430 = B_SPLINE_CURVE_WITH_KNOTS ( 'NONE', 3,
 ( #8813, #908, #5565, #3404 ),
 .UNSPECIFIED., .F., .F.,
 ( 4, 4 ),
 ( 0.0000000000000000000, 1.000000000000000000 ),
 .UNSPECIFIED. ) ;
#9431 = CARTESIAN_POINT ( 'NONE',  ( 0.2854331306106299704, -0.01574796634361898262, 0.07480314960629605436 ) ) ;
#9432 = ORIENTED_EDGE ( 'NONE', *, *, #4571, .F. ) ;
#9433 = CARTESIAN_POINT ( 'NONE',  ( 0.1751969101381889993, 0.01574809664850911756, 0.07480314960629799725 ) ) ;
#9434 = PLANE ( 'NONE',  #8359 ) ;
#9435 = CARTESIAN_POINT ( 'NONE',  ( 0.1279524659456942048, 0.04940487663948835151, 0.02409063796543830030 ) ) ;
#9436 = CYLINDRICAL_SURFACE ( 'NONE', #7050, 0.009448818897637803818 ) ;
#9437 = LINE ( 'NONE', #7013, #5539 ) ;
#9438 = EDGE_LOOP ( 'NONE', ( #5070, #3335, #5490, #1173, #6408 ) ) ;
#9439 = CARTESIAN_POINT ( 'NONE',  ( -0.1200786804129134050, 0.05580156162137221709, 0.1302265700350506150 ) ) ;
#9440 = ORIENTED_EDGE ( 'NONE', *, *, #8161, .T. ) ;
#9441 = CARTESIAN_POINT ( 'NONE',  ( 0.1270808091657874006, -0.004363127399251963585, 0.1274767876357086605 ) ) ;
#9442 = EDGE_CURVE ( 'NONE', #1222, #4467, #9656, .T. ) ;
#9443 = CARTESIAN_POINT ( 'NONE',  ( -0.1365139921754386088, 0.04330715176661561333, 0.09719780979657438591 ) ) ;
#9444 = CARTESIAN_POINT ( 'NONE',  ( 0.1200787999020472285, 0.06126669272982868814, 6.302835829131361726E-05 ) ) ;
#9445 = DIRECTION ( 'NONE',  ( 0.0000000000000000000, 0.0000000000000000000, -1.000000000000000000 ) ) ;
#9446 = CARTESIAN_POINT ( 'NONE',  ( -0.1279526961609449009, -0.04921253327275590395, 0.04577618782838581424 ) ) ;
#9447 = CARTESIAN_POINT ( 'NONE',  ( -0.1358267119089759112, 0.04644949323731791674, 0.03870731119573356249 ) ) ;
#9448 = ORIENTED_EDGE ( 'NONE', *, *, #8544, .F. ) ;
#9449 = CARTESIAN_POINT ( 'NONE',  ( -0.1384513838249931128, 0.04658799166161647215, 0.07717662042337028461 ) ) ;
#9450 = ORIENTED_EDGE ( 'NONE', *, *, #493, .F. ) ;
#9451 = ORIENTED_EDGE ( 'NONE', *, *, #973, .T. ) ;
#9452 = B_SPLINE_CURVE_WITH_KNOTS ( 'NONE', 3,
 ( #3723, #8516, #3872, #9439 ),
 .UNSPECIFIED., .F., .F.,
 ( 4, 4 ),
 ( 0.0000000000000000000, 1.000000000000000000 ),
 .UNSPECIFIED. ) ;
#9453 = CARTESIAN_POINT ( 'NONE',  ( 0.1200787999020471314, -0.05511804508378316536, 0.01861186520730621560 ) ) ;
#9454 = CARTESIAN_POINT ( 'NONE',  ( -0.1200786804129134189, 0.02755912027055117466, 0.07279771312318503163 ) ) ;
#9455 = ORIENTED_EDGE ( 'NONE', *, *, #3071, .F. ) ;
#9456 = ORIENTED_EDGE ( 'NONE', *, *, #5217, .F. ) ;
#9457 = CARTESIAN_POINT ( 'NONE',  ( 0.006889823524094451646, 6.514665354395710040E-08, 0.02165354330708661040 ) ) ;
#9458 = EDGE_LOOP ( 'NONE', ( #9772, #6459, #9570, #7240, #1914, #1423, #8424 ) ) ;
#9459 = DIRECTION ( 'NONE',  ( -1.000000000000000000, -0.0000000000000000000, -0.0000000000000000000 ) ) ;
#9460 = CARTESIAN_POINT ( 'NONE',  ( -0.1003936410428346027, 0.06639889290577895287, 0.1338582677165346679 ) ) ;
#9461 = CARTESIAN_POINT ( 'NONE',  ( -0.1200786804129134189, 0.02755912027055117466, 0.07279771312318503163 ) ) ;
#9462 = EDGE_CURVE ( 'NONE', #4544, #3776, #1595, .T. ) ;
#9463 = ORIENTED_EDGE ( 'NONE', *, *, #7346, .F. ) ;
#9464 = CARTESIAN_POINT ( 'NONE',  ( 0.05118116210677153832, 0.01968510452251973075, 0.003937007874015845989 ) ) ;
#9465 = LINE ( 'NONE', #7975, #8193 ) ;
#9466 = CARTESIAN_POINT ( 'NONE',  ( -0.1023621449798425564, 0.05583167550442429128, 0.1303265262623682641 ) ) ;
#9467 = CARTESIAN_POINT ( 'NONE',  ( 0.1594488786421260074, 0.0004901076066160890005, 0.1161388276116562396 ) ) ;
#9468 = EDGE_CURVE ( 'NONE', #8364, #622, #8763, .T. ) ;
#9469 =( BOUNDED_CURVE ( )  B_SPLINE_CURVE ( 3, ( #7940, #7982, #9688, #51 ),
 .UNSPECIFIED., .F., .T. ) 
 B_SPLINE_CURVE_WITH_KNOTS ( ( 4, 4 ),
 ( 0.0000000000000000000, 1.000000000000000000 ),
 .UNSPECIFIED. ) 
 CURVE ( )  GEOMETRIC_REPRESENTATION_ITEM ( )  RATIONAL_B_SPLINE_CURVE ( ( 1.000000000000000000, 0.3333333333334020931, 0.3333333333334020931, 1.000000000000000000 ) ) 
 REPRESENTATION_ITEM ( '' )  );
#9470 = CARTESIAN_POINT ( 'NONE',  ( -0.1279526961609449009, 0.04330715176661506516, 0.07496055203066674666 ) ) ;
#9471 = ORIENTED_EDGE ( 'NONE', *, *, #8633, .T. ) ;
#9472 = CARTESIAN_POINT ( 'NONE',  ( -0.1369586164880023105, -0.05396815845426072844, 0.04948967241514903859 ) ) ;
#9473 = ORIENTED_EDGE ( 'NONE', *, *, #902, .F. ) ;
#9474 = DIRECTION ( 'NONE',  ( 0.0000000000000000000, -1.000000000000000000, -0.0000000000000000000 ) ) ;
#9475 = CARTESIAN_POINT ( 'NONE',  ( -0.1301569787910307197, 0.05382013101944310707, 0.07354485400033621001 ) ) ;
#9476 = EDGE_CURVE ( 'NONE', #4841, #8120, #3186, .T. ) ;
#9477 = EDGE_CURVE ( 'NONE', #2724, #180, #7375, .T. ) ;
#9478 = DIRECTION ( 'NONE',  ( -1.000000000000000000, -6.123233995736766036E-17, -0.0000000000000000000 ) ) ;
#9479 = VERTEX_POINT ( 'NONE', #1715 ) ;
#9480 = CARTESIAN_POINT ( 'NONE',  ( 0.1279528156500787661, -0.04724402933574801955, 0.07283464566929133410 ) ) ;
#9481 = CARTESIAN_POINT ( 'NONE',  ( 0.05117123068730305285, -0.01968497421763773514, 0.01181102362204724393 ) ) ;
#9482 = CARTESIAN_POINT ( 'NONE',  ( 0.1279524659456942048, 0.04843682582006572646, 0.02369135420029014685 ) ) ;
#9483 = EDGE_CURVE ( 'NONE', #8780, #10082, #4252, .T. ) ;
#9484 = PLANE ( 'NONE',  #1616 ) ;
#9485 = DIRECTION ( 'NONE',  ( 1.000000000000000000, 6.123233995736766036E-17, 0.0000000000000000000 ) ) ;
#9486 = ORIENTED_EDGE ( 'NONE', *, *, #7846, .F. ) ;
#9487 = CARTESIAN_POINT ( 'NONE',  ( -0.1279526961609449287, -0.05009255429121384218, 0.07727225082051179805 ) ) ;
#9488 = VECTOR ( 'NONE', #8951, 39.37007874015748143 ) ;
#9489 = VERTEX_POINT ( 'NONE', #273 ) ;
#9490 = AXIS2_PLACEMENT_3D ( 'NONE', #5643, #227, #9714 ) ;
#9491 = CARTESIAN_POINT ( 'NONE',  ( -0.1023621449798401417, -0.05577370092932322498, 0.1303842543837251122 ) ) ;
#9492 =( BOUNDED_SURFACE ( )  B_SPLINE_SURFACE ( 3, 3, ( 
 ( #9110, #3697, #2033, #6008 ),
 ( #2984, #7612, #6896, #5196 ),
 ( #10032, #2091, #5250, #9979 ),
 ( #8396, #1327, #4476, #8893 ) ),
 .UNSPECIFIED., .F., .F., .F. ) 
 B_SPLINE_SURFACE_WITH_KNOTS ( ( 4, 4 ),
 ( 4, 4 ),
 ( 0.0000000000000000000, 1.000000000000000000 ),
 ( 0.0000000000000000000, 1.000000000000000000 ),
 .UNSPECIFIED. ) 
 GEOMETRIC_REPRESENTATION_ITEM ( )  RATIONAL_B_SPLINE_SURFACE ( (
 ( 1.000000000000000000, 0.9925825914428555441, 0.9925825914428555441, 1.000000000000000000),
 ( 0.8425084105492741671, 0.8362591814553997915, 0.8362591814553997915, 0.8425084105492741671),
 ( 0.8425084105492741671, 0.8362591814553997915, 0.8362591814553997915, 0.8425084105492741671),
 ( 1.000000000000000000, 0.9925825914428555441, 0.9925825914428555441, 1.000000000000000000) ) ) 
 REPRESENTATION_ITEM ( '' )  SURFACE ( )  );
#9493 = CARTESIAN_POINT ( 'NONE',  ( 0.03425802064244093392, -0.02047237579244093331, 0.009842519685039369942 ) ) ;
#9494 = AXIS2_PLACEMENT_3D ( 'NONE', #1444, #3827, #12 ) ;
#9495 = CARTESIAN_POINT ( 'NONE',  ( -0.08858261742078747669, 0.03543313601858269490, 0.1255536186349999472 ) ) ;
#9496 = AXIS2_PLACEMENT_3D ( 'NONE', #1094, #4199, #3381 ) ;
#9497 = CARTESIAN_POINT ( 'NONE',  ( 0.1247258340280576749, 0.05060975827416881734, 0.1338582677165549017 ) ) ;
#9498 = CARTESIAN_POINT ( 'NONE',  ( 0.1673228943901572674, 0.0004344532365328879577, 0.1181073414296057028 ) ) ;
#9499 = VERTEX_POINT ( 'NONE', #9302 ) ;
#9500 = CARTESIAN_POINT ( 'NONE',  ( -0.1279526961609449287, -0.04658786130522523522, 0.07705198776564156637 ) ) ;
#9501 = ADVANCED_FACE ( 'NONE', ( #6349 ), #4764, .T. ) ;
#9502 = CARTESIAN_POINT ( 'NONE',  ( -0.1279526961609449287, -0.04658786130522523522, 0.07705198776564156637 ) ) ;
#9503 = VERTEX_POINT ( 'NONE', #9502 ) ;
#9504 = ORIENTED_EDGE ( 'NONE', *, *, #10026, .F. ) ;
#9505 = CIRCLE ( 'NONE', #9836, 0.009448818897637803818 ) ;
#9506 = LINE ( 'NONE', #6462, #9008 ) ;
#9507 = AXIS2_PLACEMENT_3D ( 'NONE', #1588, #6137, #5516 ) ;
#9508 = DIRECTION ( 'NONE',  ( -0.0000000000000000000, -1.000000000000000000, 0.0000000000000000000 ) ) ;
#9509 = DIRECTION ( 'NONE',  ( 1.000000000000000000, 0.0000000000000000000, -1.084202172485499306E-15 ) ) ;
#9510 = ORIENTED_EDGE ( 'NONE', *, *, #6023, .F. ) ;
#9511 = VECTOR ( 'NONE', #3376, 39.37007874015748143 ) ;
#9512 = CARTESIAN_POINT ( 'NONE',  ( -0.1200786804129134189, 0.07937014389259841596, 0.007874015748031495954 ) ) ;
#9513 = ORIENTED_EDGE ( 'NONE', *, *, #9107, .T. ) ;
#9514 = AXIS2_PLACEMENT_3D ( 'NONE', #2331, #10115, #16 ) ;
#9515 = CYLINDRICAL_SURFACE ( 'NONE', #8009, 0.005905511811023603751 ) ;
#9516 = CARTESIAN_POINT ( 'NONE',  ( -0.1241576827370800828, -0.07874009232787400336, 0.0008029253301057755199 ) ) ;
#9517 = CARTESIAN_POINT ( 'NONE',  ( -0.1003936410428345749, 0.08464573444377163081, 0.07480314960630510268 ) ) ;
#9518 = CARTESIAN_POINT ( 'NONE',  ( 0.1751969101381906924, -0.06573334738828959245, 0.08699900598517586181 ) ) ;
#9519 = VECTOR ( 'NONE', #10149, 39.37007874015748143 ) ;
#9520 = EDGE_CURVE ( 'NONE', #7549, #4891, #6719, .T. ) ;
#9521 = VERTEX_POINT ( 'NONE', #6558 ) ;
#9522 = CARTESIAN_POINT ( 'NONE',  ( 0.1318898235240944239, 0.04724415964062991802, 6.936332796413168713E-18 ) ) ;
#9523 = AXIS2_PLACEMENT_3D ( 'NONE', #1076, #9901, #4231 ) ;
#9524 = CARTESIAN_POINT ( 'NONE',  ( -0.1161416725388975668, -0.03543300571370080337, 0.007874015748031494219 ) ) ;
#9525 = DIRECTION ( 'NONE',  ( -0.0000000000000000000, -0.0000000000000000000, -1.000000000000000000 ) ) ;
#9526 = CARTESIAN_POINT ( 'NONE',  ( -0.1358267119089764108, 0.04182179938158571419, 0.04147811981571313672 ) ) ;
#9527 = CARTESIAN_POINT ( 'NONE',  ( -0.1200786804129133911, -0.04748005441248458192, 0.1337743311707177696 ) ) ;
#9528 = CARTESIAN_POINT ( 'NONE',  ( 0.1276989056473228912, 0.01979243308543304769, 0.02581569778201968021 ) ) ;
#9529 = ORIENTED_EDGE ( 'NONE', *, *, #9945, .F. ) ;
#9530 = CARTESIAN_POINT ( 'NONE',  ( 0.1751969101381889993, -0.03428197048590947427, 0.07554964872698322065 ) ) ;
#9531 = AXIS2_PLACEMENT_3D ( 'NONE', #6463, #8748, #1666 ) ;
#9532 = VERTEX_POINT ( 'NONE', #5942 ) ;
#9533 = DIRECTION ( 'NONE',  ( 1.000000000000000000, 6.123233995736766036E-17, 0.0000000000000000000 ) ) ;
#9534 = CARTESIAN_POINT ( 'NONE',  ( -0.1023621449798425287, -0.04341619358454069932, 0.01574803149606299191 ) ) ;
#9535 = MECHANICAL_DESIGN_GEOMETRIC_PRESENTATION_REPRESENTATION (  '', ( #6568 ), #6747 ) ;
#9536 = ADVANCED_FACE ( 'NONE', ( #3476 ), #4398, .F. ) ;
#9537 = CARTESIAN_POINT ( 'NONE',  ( -0.1281369481294488410, -0.04724402933574805424, 0.01968503937007752558 ) ) ;
#9538 = AXIS2_PLACEMENT_3D ( 'NONE', #4155, #9509, #4102 ) ;
#9539 = CARTESIAN_POINT ( 'NONE',  ( 0.1306496570495669363, -0.05118103720976373977, 0.07480314960629921850 ) ) ;
#9540 =( BOUNDED_CURVE ( )  B_SPLINE_CURVE ( 3, ( #1088, #6718, #4450, #5017 ),
 .UNSPECIFIED., .F., .T. ) 
 B_SPLINE_CURVE_WITH_KNOTS ( ( 4, 4 ),
 ( 0.0000000000000000000, 1.000000000000000000 ),
 .UNSPECIFIED. ) 
 CURVE ( )  GEOMETRIC_REPRESENTATION_ITEM ( )  RATIONAL_B_SPLINE_CURVE ( ( 1.000000000000000000, 0.9925825914428554331, 0.9925825914428554331, 1.000000000000000000 ) ) 
 REPRESENTATION_ITEM ( '' )  );
#9541 = ORIENTED_EDGE ( 'NONE', *, *, #6890, .F. ) ;
#9542 = CARTESIAN_POINT ( 'NONE',  ( -0.1313789265853150812, 0.04724415964062989026, 0.07748688154972407927 ) ) ;
#9543 = CARTESIAN_POINT ( 'NONE',  ( -0.1396910367871950498, 0.05127723786965823066, 0.07874308523622954026 ) ) ;
#9544 = DIRECTION ( 'NONE',  ( 0.0000000000000000000, -1.000000000000000000, 0.0000000000000000000 ) ) ;
#9545 = CARTESIAN_POINT ( 'NONE',  ( -0.1204330111215747984, 0.04748141325618059766, 0.1337844026243345530 ) ) ;
#9546 = ORIENTED_EDGE ( 'NONE', *, *, #3073, .T. ) ;
#9547 = CARTESIAN_POINT ( 'NONE',  ( -0.1279526961609449287, 0.04833264255917997521, 0.1043653315612598498 ) ) ;
#9548 = VERTEX_POINT ( 'NONE', #1865 ) ;
#9549 = CARTESIAN_POINT ( 'NONE',  ( 0.1294350703184251050, -0.01336612669220471269, 0.1239632364126771330 ) ) ;
#9550 = B_SPLINE_CURVE_WITH_KNOTS ( 'NONE', 3,
 ( #5939, #9854, #5170, #1962 ),
 .UNSPECIFIED., .F., .F.,
 ( 4, 4 ),
 ( 0.0000000000000000000, 1.000000000000000000 ),
 .UNSPECIFIED. ) ;
#9551 = EDGE_CURVE ( 'NONE', #8122, #6825, #3576, .T. ) ;
#9552 = EDGE_CURVE ( 'NONE', #6513, #1028, #4452, .T. ) ;
#9553 = CARTESIAN_POINT ( 'NONE',  ( 0.1358268313981100817, -0.04469414532546706065, 0.1006502670190192739 ) ) ;
#9554 = CARTESIAN_POINT ( 'NONE',  ( -0.1344940269456494641, 0.05511817538866075478, 0.09842076539209868025 ) ) ;
#9555 = CARTESIAN_POINT ( 'NONE',  ( 0.1279962623480250805, 0.04740791782476210664, 0.1305568703196236247 ) ) ;
#9556 = ORIENTED_EDGE ( 'NONE', *, *, #2510, .F. ) ;
#9557 = CYLINDRICAL_SURFACE ( 'NONE', #498, 0.08661417322834644161 ) ;
#9558 = AXIS2_PLACEMENT_3D ( 'NONE', #8699, #4052, #5492 ) ;
#9559 = CARTESIAN_POINT ( 'NONE',  ( 0.1318898235240943406, 6.515244099780659326E-08, 0.1338582677165354173 ) ) ;
#9560 = CARTESIAN_POINT ( 'NONE',  ( -0.1296134879619210423, -0.05511804508377882855, 0.07308105990102538307 ) ) ;
#9561 = CARTESIAN_POINT ( 'NONE',  ( -0.1371863431266612532, -0.04330702146173173728, 0.07158635282541854494 ) ) ;
#9562 = EDGE_LOOP ( 'NONE', ( #3489, #761, #9397, #6187 ) ) ;
#9563 = VERTEX_POINT ( 'NONE', #5845 ) ;
#9564 = ADVANCED_FACE ( 'NONE', ( #2808 ), #5018, .T. ) ;
#9565 = CARTESIAN_POINT ( 'NONE',  ( -0.1344940269456495197, -0.04330702146173295158, 0.07132768465135080893 ) ) ;
#9566 = AXIS2_PLACEMENT_3D ( 'NONE', #9457, #7574, #2391 ) ;
#9567 = EDGE_CURVE ( 'NONE', #9997, #8247, #6947, .T. ) ;
#9568 = DIRECTION ( 'NONE',  ( 1.000000000000000000, 6.123233995736766036E-17, -0.0000000000000000000 ) ) ;
#9569 = LINE ( 'NONE', #2505, #4609 ) ;
#9570 = ORIENTED_EDGE ( 'NONE', *, *, #176, .F. ) ;
#9571 = B_SPLINE_CURVE_WITH_KNOTS ( 'NONE', 3,
 ( #4271, #8133, #448, #1067 ),
 .UNSPECIFIED., .F., .F.,
 ( 4, 4 ),
 ( 0.0000000000000000000, 1.000000000000000000 ),
 .UNSPECIFIED. ) ;
#9572 = DIRECTION ( 'NONE',  ( 1.000000000000000000, 0.0000000000000000000, -0.0000000000000000000 ) ) ;
#9573 = ORIENTED_EDGE ( 'NONE', *, *, #6487, .F. ) ;
#9574 = B_SPLINE_CURVE_WITH_KNOTS ( 'NONE', 3,
 ( #7386, #7331, #9037, #9710 ),
 .UNSPECIFIED., .F., .F.,
 ( 4, 4 ),
 ( 0.0000000000000000000, 1.000000000000000000 ),
 .UNSPECIFIED. ) ;
#9575 = PLANE ( 'NONE',  #6925 ) ;
#9576 = CARTESIAN_POINT ( 'NONE',  ( -0.1200786804129134050, 0.04745717103573934836, 0.1337648168487449718 ) ) ;
#9577 = EDGE_CURVE ( 'NONE', #495, #9129, #7486, .T. ) ;
#9578 = CARTESIAN_POINT ( 'NONE',  ( -0.1200786804129134189, -0.03543300571370079644, 0.03228346456692913341 ) ) ;
#9579 = ORIENTED_EDGE ( 'NONE', *, *, #3050, .F. ) ;
#9580 = LINE ( 'NONE', #7768, #7221 ) ;
#9581 = CARTESIAN_POINT ( 'NONE',  ( 0.06846567009549935079, 0.01968510452251841930, 0.006952930878418498925 ) ) ;
#9582 = CARTESIAN_POINT ( 'NONE',  ( -0.1240156882869291599, -0.02755898996566930048, 0.04668728965140609560 ) ) ;
#9583 = CARTESIAN_POINT ( 'NONE',  ( -0.1279526961609449287, 0.03260617804165501232, 0.05241269967532350554 ) ) ;
#9584 = CARTESIAN_POINT ( 'NONE',  ( 0.1278035880333070473, 0.01463547232086613234, 0.02122924332450788071 ) ) ;
#9585 = ORIENTED_EDGE ( 'NONE', *, *, #1856, .T. ) ;
#9586 = CARTESIAN_POINT ( 'NONE',  ( -0.1161416725388973725, 0.04724415964062989720, 0.007874015748031494219 ) ) ;
#9587 = ADVANCED_FACE ( 'NONE', ( #1089 ), #2019, .F. ) ;
#9588 = ORIENTED_EDGE ( 'NONE', *, *, #172, .T. ) ;
#9589 = CARTESIAN_POINT ( 'NONE',  ( -0.1241888115842774420, 0.07874022263275584632, 0.0008486070581901342721 ) ) ;
#9590 = CARTESIAN_POINT ( 'NONE',  ( -0.1023621449798425287, -0.03942459964912073400, 0.01574803149606299191 ) ) ;
#9591 = CARTESIAN_POINT ( 'NONE',  ( -0.03740151505858270442, 0.06742998447159793962, 0.03314893088980182950 ) ) ;
#9592 = CARTESIAN_POINT ( 'NONE',  ( -0.1023621449798425564, 0.05586047468624983497, 0.1302975371309877950 ) ) ;
#9593 = ORIENTED_EDGE ( 'NONE', *, *, #2303, .T. ) ;
#9594 = CARTESIAN_POINT ( 'NONE',  ( -0.1354320693721606239, -0.04330702146173454059, 0.04984195979660711873 ) ) ;
#9595 = CARTESIAN_POINT ( 'NONE',  ( 0.1200787999020472285, 0.04930423193173227858, 0.1259842519685039353 ) ) ;
#9596 = CARTESIAN_POINT ( 'NONE',  ( 0.1247258340280615468, 0.05351388680604259734, 0.01695390523081367895 ) ) ;
#9597 = CARTESIAN_POINT ( 'NONE',  ( -0.1384513838249978035, 0.04774593498369958389, 0.07691097000636328007 ) ) ;
#9598 = ORIENTED_EDGE ( 'NONE', *, *, #6402, .T. ) ;
#9599 = CARTESIAN_POINT ( 'NONE',  ( 0.1594488786421260074, 0.02640158055397126904, 0.05944086721541853857 ) ) ;
#9600 = EDGE_CURVE ( 'NONE', #9407, #6570, #525, .T. ) ;
#9601 = EDGE_LOOP ( 'NONE', ( #8288, #81, #5472, #1555 ) ) ;
#9602 = ADVANCED_FACE ( 'NONE', ( #5072 ), #4244, .F. ) ;
#9603 =( BOUNDED_SURFACE ( )  B_SPLINE_SURFACE ( 3, 3, ( 
 ( #8408, #5310, #9312, #511, #697, #1337, #6952 ),
 ( #652, #6169, #9175, #4487, #555, #5404, #4532 ),
 ( #7771, #3709, #1474, #7668, #603, #3758, #4638 ),
 ( #3855, #6997, #6376, #4884, #748, #9526, #7819 ) ),
 .UNSPECIFIED., .F., .F., .F. ) 
 B_SPLINE_SURFACE_WITH_KNOTS ( ( 4, 4 ),
 ( 4, 3, 4 ),
 ( 0.0000000000000000000, 1.000000000000000000 ),
 ( 0.0000000000000000000, 0.5000000000000000000, 1.000000000000000000 ),
 .UNSPECIFIED. ) 
 GEOMETRIC_REPRESENTATION_ITEM ( )  RATIONAL_B_SPLINE_SURFACE ( (
 ( 1.000000000000000000, 0.8002677651972049944, 0.8002677651972049944, 1.000000000000000000, 0.8002677651972049944, 0.8002677651972049944, 1.000000000000000000),
 ( 0.8018231394737620477, 0.6416732119100743148, 0.6416732119100743148, 0.8018231394737620477, 0.6416732119100743148, 0.6416732119100743148, 0.8018231394737620477),
 ( 0.8018231394737620477, 0.6416732119100743148, 0.6416732119100743148, 0.8018231394737620477, 0.6416732119100743148, 0.6416732119100743148, 0.8018231394737620477),
 ( 1.000000000000000000, 0.8002677651972049944, 0.8002677651972049944, 1.000000000000000000, 0.8002677651972049944, 0.8002677651972049944, 1.000000000000000000) ) ) 
 REPRESENTATION_ITEM ( '' )  SURFACE ( )  );
#9604 = CARTESIAN_POINT ( 'NONE',  ( 0.1279528156500759628, -0.03149599783969251471, 0.1338582677165324752 ) ) ;
#9605 = CARTESIAN_POINT ( 'NONE',  ( -0.1390338818603393534, 0.04801092746071137368, 0.07788593956883613223 ) ) ;
#9606 = EDGE_LOOP ( 'NONE', ( #2424, #4818, #8628, #9233, #5357, #8565 ) ) ;
#9607 = CARTESIAN_POINT ( 'NONE',  ( -0.03740151505858271136, -0.03740150965071625117, 0.0000000000000000000 ) ) ;
#9608 = B_SPLINE_CURVE_WITH_KNOTS ( 'NONE', 3,
 ( #8076, #3394, #9576, #9627 ),
 .UNSPECIFIED., .F., .F.,
 ( 4, 4 ),
 ( 0.0000000000000000000, 1.000000000000000000 ),
 .UNSPECIFIED. ) ;
#9609 = EDGE_LOOP ( 'NONE', ( #5635, #3784, #571, #4709, #6417, #2359 ) ) ;
#9610 = DIRECTION ( 'NONE',  ( -1.000000000000000000, -0.0000000000000000000, -0.0000000000000000000 ) ) ;
#9611 = CARTESIAN_POINT ( 'NONE',  ( -0.1003936410428346443, 0.04724415964062989026, 0.009842519685039369942 ) ) ;
#9612 = ORIENTED_EDGE ( 'NONE', *, *, #4194, .T. ) ;
#9613 = EDGE_CURVE ( 'NONE', #10096, #2888, #5177, .T. ) ;
#9614 = ORIENTED_EDGE ( 'NONE', *, *, #6841, .F. ) ;
#9615 = B_SPLINE_CURVE_WITH_KNOTS ( 'NONE', 3,
 ( #2223, #6973, #2537, #9553, #2432, #173, #4038, #4088, #6244, #4758 ),
 .UNSPECIFIED., .F., .F.,
 ( 4, 2, 2, 2, 4 ),
 ( 0.5000000007316940387, 0.6250000005487705845, 0.7500000003658470193, 0.8750000001829234542, 1.000000000000000000 ),
 .UNSPECIFIED. ) ;
#9616 = FACE_OUTER_BOUND ( 'NONE', #8032, .T. ) ;
#9617 = CARTESIAN_POINT ( 'NONE',  ( -0.1397637197829871003, -0.04798253349151800767, 0.07144130270059162457 ) ) ;
#9618 = ORIENTED_EDGE ( 'NONE', *, *, #6788, .T. ) ;
#9619 = EDGE_CURVE ( 'NONE', #2850, #5167, #9345, .T. ) ;
#9620 = EDGE_CURVE ( 'NONE', #3007, #2973, #9411, .T. ) ;
#9621 = ORIENTED_EDGE ( 'NONE', *, *, #221, .T. ) ;
#9622 = CARTESIAN_POINT ( 'NONE',  ( -0.1397637197829922073, 0.04940217208254386178, 0.09746478709329300938 ) ) ;
#9623 = ORIENTED_EDGE ( 'NONE', *, *, #1502, .T. ) ;
#9624 = CARTESIAN_POINT ( 'NONE',  ( -0.1377952093556298607, 0.05803992817759985601, 0.05021915836906890029 ) ) ;
#9625 = EDGE_CURVE ( 'NONE', #447, #5611, #2068, .T. ) ;
#9626 = EDGE_CURVE ( 'NONE', #7160, #8704, #4869, .T. ) ;
#9627 = CARTESIAN_POINT ( 'NONE',  ( -0.1200786804129134189, 0.04748014480221540018, 0.1337743389971719765 ) ) ;
#9628 = ORIENTED_EDGE ( 'NONE', *, *, #7030, .T. ) ;
#9629 = FACE_OUTER_BOUND ( 'NONE', #4470, .T. ) ;
#9630 = DIRECTION ( 'NONE',  ( -0.0000000000000000000, -1.000000000000000000, -0.0000000000000000000 ) ) ;
#9631 = CARTESIAN_POINT ( 'NONE',  ( 0.2854331306106284716, -0.06566268185673879154, 0.08776125958519478965 ) ) ;
#9632 = EDGE_CURVE ( 'NONE', #4916, #8687, #6583, .T. ) ;
#9633 = CARTESIAN_POINT ( 'NONE',  ( 0.1316144677061810708, -0.0002008972115354079352, 0.02360207173868109423 ) ) ;
#9634 = EDGE_LOOP ( 'NONE', ( #5443, #8094, #9193, #8467, #1874 ) ) ;
#9635 = PLANE ( 'NONE',  #1420 ) ;
#9636 = CARTESIAN_POINT ( 'NONE',  ( 0.1245276187996849776, -0.05577387916803227402, 0.01922186197313490927 ) ) ;
#9637 = CARTESIAN_POINT ( 'NONE',  ( -0.1358266950448119847, 0.05511817538861657484, 0.09719781540434652145 ) ) ;
#9638 = DIRECTION ( 'NONE',  ( 6.123233995736766036E-17, -1.000000000000000000, -0.0000000000000000000 ) ) ;
#9639 = ORIENTED_EDGE ( 'NONE', *, *, #107, .F. ) ;
#9640 = CARTESIAN_POINT ( 'NONE',  ( -0.1332778016574980851, -0.04330702146173454059, 0.04871564942929351716 ) ) ;
#9641 = DIRECTION ( 'NONE',  ( 1.000000000000000000, 6.123233995736766036E-17, 0.0000000000000000000 ) ) ;
#9642 = CARTESIAN_POINT ( 'NONE',  ( 0.01968509911464561002, -0.01968497421763772473, 0.0000000000000000000 ) ) ;
#9643 = CARTESIAN_POINT ( 'NONE',  ( -0.09350387726330708360, -0.07874009232787400336, 0.007874015748031495954 ) ) ;
#9644 = CARTESIAN_POINT ( 'NONE',  ( -0.1392992980403902348, 0.04675757450469223558, 0.07791581489892564216 ) ) ;
#9645 = ORIENTED_EDGE ( 'NONE', *, *, #2853, .F. ) ;
#9646 = CARTESIAN_POINT ( 'NONE',  ( 0.1279528156500785441, -0.05019648537984278125, 0.1248263091177689715 ) ) ;
#9647 = VERTEX_POINT ( 'NONE', #5323 ) ;
#9648 = CARTESIAN_POINT ( 'NONE',  ( 0.1673228943901574339, -0.01490321541079081720, 0.04901248503826494823 ) ) ;
#9649 = CARTESIAN_POINT ( 'NONE',  ( 0.1279528156500787661, -0.01379185100582483274, 0.02185302362575760812 ) ) ;
#9650 = ORIENTED_EDGE ( 'NONE', *, *, #7241, .T. ) ;
#9651 = DIRECTION ( 'NONE',  ( 0.0000000000000000000, 0.7083290936150975492, 0.7058823521936318235 ) ) ;
#9652 = AXIS2_PLACEMENT_3D ( 'NONE', #4260, #8331, #291 ) ;
#9653 = VECTOR ( 'NONE', #6514, 39.37007874015748143 ) ;
#9654 = ORIENTED_EDGE ( 'NONE', *, *, #7259, .T. ) ;
#9655 = PLANE ( 'NONE',  #1915 ) ;
#9656 = LINE ( 'NONE', #4192, #9511 ) ;
#9657 = ORIENTED_EDGE ( 'NONE', *, *, #10113, .T. ) ;
#9658 = AXIS2_PLACEMENT_3D ( 'NONE', #1119, #1064, #249 ) ;
#9659 = ORIENTED_EDGE ( 'NONE', *, *, #2416, .F. ) ;
#9660 = LINE ( 'NONE', #4247, #7034 ) ;
#9661 =( BOUNDED_SURFACE ( )  B_SPLINE_SURFACE ( 3, 3, ( 
 ( #4390, #2900, #7531, #2062 ),
 ( #5224, #8416, #1343, #4495 ),
 ( #2211, #7631, #564, #1584 ),
 ( #4648, #7164, #3975, #5677 ) ),
 .UNSPECIFIED., .F., .F., .F. ) 
 B_SPLINE_SURFACE_WITH_KNOTS ( ( 4, 4 ),
 ( 4, 4 ),
 ( 0.0000000000000000000, 1.000000000000000000 ),
 ( 0.0000000000000000000, 1.000000000000000000 ),
 .UNSPECIFIED. ) 
 GEOMETRIC_REPRESENTATION_ITEM ( )  RATIONAL_B_SPLINE_SURFACE ( (
 ( 1.000000000000000000, 0.8047378541243664918, 0.8047378541243664918, 1.000000000000000000),
 ( 0.9521766939770945903, 0.7662526294583607012, 0.7662526294583607012, 0.9521766939770945903),
 ( 0.9521766939770945903, 0.7662526294583607012, 0.7662526294583607012, 0.9521766939770945903),
 ( 1.000000000000000000, 0.8047378541243664918, 0.8047378541243664918, 1.000000000000000000) ) ) 
 REPRESENTATION_ITEM ( '' )  SURFACE ( )  );
#9662 = LINE ( 'NONE', #7446, #5060 ) ;
#9663 = CIRCLE ( 'NONE', #6360, 0.003937007874015675118 ) ;
#9664 = DIRECTION ( 'NONE',  ( -6.123233995736766036E-17, 1.000000000000000000, 0.0000000000000000000 ) ) ;
#9665 = AXIS2_PLACEMENT_3D ( 'NONE', #5608, #5663, #5551 ) ;
#9666 = CARTESIAN_POINT ( 'NONE',  ( -0.1397637197829921241, 0.04900117916386066003, 0.07977143416842008561 ) ) ;
#9667 = VECTOR ( 'NONE', #7415, 39.37007874015748854 ) ;
#9668 = LINE ( 'NONE', #9454, #5263 ) ;
#9669 = EDGE_LOOP ( 'NONE', ( #9853, #1294, #3283, #6939, #7373, #7028, #126, #5604 ) ) ;
#9670 = DIRECTION ( 'NONE',  ( 1.000000000000000000, 0.0000000000000000000, 0.0000000000000000000 ) ) ;
#9671 = ORIENTED_EDGE ( 'NONE', *, *, #5447, .F. ) ;
#9672 = VECTOR ( 'NONE', #2613, 39.37007874015748143 ) ;
#9673 = CARTESIAN_POINT ( 'NONE',  ( -0.1377951638102184739, 0.04458096545000876654, 0.05088749440234611315 ) ) ;
#9674 = CIRCLE ( 'NONE', #9839, 0.07874015748029181139 ) ;
#9675 = ADVANCED_FACE ( 'NONE', ( #7834 ), #9281, .T. ) ;
#9676 = CARTESIAN_POINT ( 'NONE',  ( -0.1003936410428346721, -0.07098692093952760351, 0.1317208928393110157 ) ) ;
#9677 = VECTOR ( 'NONE', #1993, 39.37007874015748143 ) ;
#9678 = ADVANCED_FACE ( 'NONE', ( #7012 ), #8465, .T. ) ;
#9679 = EDGE_CURVE ( 'NONE', #2005, #950, #6565, .T. ) ;
#9680 = ORIENTED_EDGE ( 'NONE', *, *, #2644, .T. ) ;
#9681 = VECTOR ( 'NONE', #7424, 39.37007874015748143 ) ;
#9682 = CARTESIAN_POINT ( 'NONE',  ( 0.02559061092566927709, -0.01968497421763779759, 0.0000000000000000000 ) ) ;
#9683 = CARTESIAN_POINT ( 'NONE',  ( -0.1204330111215747984, 0.04748141325618107644, 0.1219733790022834580 ) ) ;
#9684 = FACE_OUTER_BOUND ( 'NONE', #5702, .T. ) ;
#9685 = DIRECTION ( 'NONE',  ( 0.0000000000000000000, 1.000000000000000000, 0.0000000000000000000 ) ) ;
#9686 = VERTEX_POINT ( 'NONE', #4548 ) ;
#9687 = CARTESIAN_POINT ( 'NONE',  ( -0.1395032496230960428, -0.05088363715243854335, 0.05132541371624438353 ) ) ;
#9688 = CARTESIAN_POINT ( 'NONE',  ( 0.2775591148625983773, 0.007874080900474395017, 0.09055118110236280715 ) ) ;
#9689 = ADVANCED_FACE ( 'NONE', ( #10064 ), #7116, .T. ) ;
#9690 = AXIS2_PLACEMENT_3D ( 'NONE', #8492, #6270, #7150 ) ;
#9691 = LINE ( 'NONE', #8039, #7356 ) ;
#9692 = CARTESIAN_POINT ( 'NONE',  ( -0.1221400929152681863, -0.04724402933574807506, -2.210622601318407938E-16 ) ) ;
#9693 = CARTESIAN_POINT ( 'NONE',  ( -0.1023621449798425564, 0.07031727420555804187, 0.03937007874015745895 ) ) ;
#9694 = EDGE_CURVE ( 'NONE', #4182, #1702, #8617, .T. ) ;
#9695 = CARTESIAN_POINT ( 'NONE',  ( 0.1673228947792431420, 0.04790249477392089644, 0.04649325475308411365 ) ) ;
#9696 = EDGE_LOOP ( 'NONE', ( #570, #6465, #7042, #5524 ) ) ;
#9697 = CARTESIAN_POINT ( 'NONE',  ( -0.1003936410428346721, -0.07690240647651666595, 0.09687346265093493836 ) ) ;
#9698 = CARTESIAN_POINT ( 'NONE',  ( 0.1279528214177661494, 0.02045737991779435563, 0.02362206019274399812 ) ) ;
#9699 = CARTESIAN_POINT ( 'NONE',  ( -0.1319705446355011191, -0.05511804508377858569, 0.04847187622006314534 ) ) ;
#9700 = FACE_OUTER_BOUND ( 'NONE', #2020, .T. ) ;
#9701 = CARTESIAN_POINT ( 'NONE',  ( -0.1003936410428346304, -0.07874009232787400336, 0.0000000000000000000 ) ) ;
#9702 = VERTEX_POINT ( 'NONE', #1442 ) ;
#9703 = CARTESIAN_POINT ( 'NONE',  ( 0.1275688522599999764, 6.515244097005101764E-08, 0.07480314960629920462 ) ) ;
#9704 = ORIENTED_EDGE ( 'NONE', *, *, #1741, .T. ) ;
#9705 = CARTESIAN_POINT ( 'NONE',  ( 0.1291865884274408793, -0.008835286609173226974, 0.1249768980434645543 ) ) ;
#9706 = B_SPLINE_CURVE_WITH_KNOTS ( 'NONE', 3,
 ( #1065, #5965, #7508, #9012 ),
 .UNSPECIFIED., .F., .F.,
 ( 4, 4 ),
 ( 0.0000000000000000000, 1.000000000000000000 ),
 .UNSPECIFIED. ) ;
#9707 = VECTOR ( 'NONE', #1742, 39.37007874015748143 ) ;
#9708 = FACE_OUTER_BOUND ( 'NONE', #8894, .T. ) ;
#9709 = EDGE_CURVE ( 'NONE', #1740, #2032, #4653, .T. ) ;
#9710 = CARTESIAN_POINT ( 'NONE',  ( -0.1003936410428345472, -0.07081804999933524747, 0.1240157480314960370 ) ) ;
#9711 = ORIENTED_EDGE ( 'NONE', *, *, #8294, .F. ) ;
#9712 = CYLINDRICAL_SURFACE ( 'NONE', #6255, 0.02952755905511810636 ) ;
#9713 = ORIENTED_EDGE ( 'NONE', *, *, #6789, .F. ) ;
#9714 = DIRECTION ( 'NONE',  ( 0.0000000000000000000, -1.000000000000000000, 0.0000000000000000000 ) ) ;
#9715 = CARTESIAN_POINT ( 'NONE',  ( 0.03046203082145383656, -0.01968497421763773514, 0.01436640419164567084 ) ) ;
#9716 = ORIENTED_EDGE ( 'NONE', *, *, #6388, .F. ) ;
#9717 = VECTOR ( 'NONE', #9756, 39.37007874015748143 ) ;
#9718 = ORIENTED_EDGE ( 'NONE', *, *, #2043, .F. ) ;
#9719 = CARTESIAN_POINT ( 'NONE',  ( 0.1751969101381906924, -0.06281913994531103385, 0.08319616023790615822 ) ) ;
#9720 = DIRECTION ( 'NONE',  ( 0.0000000000000000000, 1.000000000000000000, 0.0000000000000000000 ) ) ;
#9721 = CARTESIAN_POINT ( 'NONE',  ( 0.1295998694316535249, -0.01753841103921260219, 0.02697783524640158179 ) ) ;
#9722 = B_SPLINE_CURVE_WITH_KNOTS ( 'NONE', 3,
 ( #3892, #5388, #4517, #2977 ),
 .UNSPECIFIED., .F., .F.,
 ( 4, 4 ),
 ( 0.0000000000000000000, 1.000000000000000000 ),
 .UNSPECIFIED. ) ;
#9723 = CARTESIAN_POINT ( 'NONE',  ( -0.1343223578888146363, -0.03833884054324512847, 0.07291558897103546377 ) ) ;
#9724 = AXIS2_PLACEMENT_3D ( 'NONE', #1564, #892, #6309 ) ;
#9725 = LINE ( 'NONE', #427, #796 ) ;
#9726 = ORIENTED_EDGE ( 'NONE', *, *, #8440, .F. ) ;
#9727 = CARTESIAN_POINT ( 'NONE',  ( -0.05708655442866246432, -0.01771647028062990278, 0.0000000000000000000 ) ) ;
#9728 = ORIENTED_EDGE ( 'NONE', *, *, #6701, .F. ) ;
#9729 =( BOUNDED_CURVE ( )  B_SPLINE_CURVE ( 3, ( #2987, #5304, #8399, #8446 ),
 .UNSPECIFIED., .F., .T. ) 
 B_SPLINE_CURVE_WITH_KNOTS ( ( 4, 4 ),
 ( 0.0000000000000000000, 1.000000000000000000 ),
 .UNSPECIFIED. ) 
 CURVE ( )  GEOMETRIC_REPRESENTATION_ITEM ( )  RATIONAL_B_SPLINE_CURVE ( ( 1.000000000000000000, 0.8425084105515359134, 0.8425084105515359134, 1.000000000000000000 ) ) 
 REPRESENTATION_ITEM ( '' )  );
#9730 = EDGE_CURVE ( 'NONE', #6345, #6982, #10168, .T. ) ;
#9731 = CARTESIAN_POINT ( 'NONE',  ( -0.1023621449798425148, 0.02877564365242419112, 0.007874015748029554798 ) ) ;
#9732 = CARTESIAN_POINT ( 'NONE',  ( 0.2814961227366140073, 6.515244097077423820E-08, 0.07480314960629920462 ) ) ;
#9733 = ORIENTED_EDGE ( 'NONE', *, *, #9362, .T. ) ;
#9734 = CARTESIAN_POINT ( 'NONE',  ( -0.1023621449798425426, 0.04748141325618569775, 0.1337844026243326379 ) ) ;
#9735 = CARTESIAN_POINT ( 'NONE',  ( 0.1291800288779133554, 0.008711361683582696455, 0.1249990187512598355 ) ) ;
#9736 = CARTESIAN_POINT ( 'NONE',  ( -0.1384513838249894213, 0.05183733549365963922, 0.1000579797070359489 ) ) ;
#9737 = CARTESIAN_POINT ( 'NONE',  ( 0.03046203082145701804, 0.01968510452251974116, 0.01436640419164765189 ) ) ;
#9738 = ORIENTED_EDGE ( 'NONE', *, *, #10124, .T. ) ;
#9739 = DIRECTION ( 'NONE',  ( -1.000000000000000000, -6.123233995736766036E-17, 0.0000000000000000000 ) ) ;
#9740 = CARTESIAN_POINT ( 'NONE',  ( -0.1397637197829918188, 0.05118116751464523578, 0.08003677209448736840 ) ) ;
#9741 = DIRECTION ( 'NONE',  ( 6.123233995736766036E-17, -1.000000000000000000, 0.0000000000000000000 ) ) ;
#9742 = DIRECTION ( 'NONE',  ( 1.000000000000000000, 6.123233995736766036E-17, 0.0000000000000000000 ) ) ;
#9743 = PLANE ( 'NONE',  #10016 ) ;
#9744 = ORIENTED_EDGE ( 'NONE', *, *, #9600, .T. ) ;
#9745 = CARTESIAN_POINT ( 'NONE',  ( -0.1003936410428346443, -0.07127500173823493601, 0.04133858267716535029 ) ) ;
#9746 = ADVANCED_FACE ( 'NONE', ( #9382 ), #6966, .F. ) ;
#9747 = CARTESIAN_POINT ( 'NONE',  ( 0.02559061092566927709, -0.01968497421763779759, 0.0001334378757510039717 ) ) ;
#9748 = DIRECTION ( 'NONE',  ( 1.000000000000000000, 0.0000000000000000000, 0.0000000000000000000 ) ) ;
#9749 = CARTESIAN_POINT ( 'NONE',  ( -0.1384514308544437244, 0.05010206774322598089, 0.1003551476464400877 ) ) ;
#9750 = CARTESIAN_POINT ( 'NONE',  ( -0.1003936410428346304, -0.04724402933574803343, 0.009842519685039369942 ) ) ;
#9751 = VERTEX_POINT ( 'NONE', #1487 ) ;
#9752 = CARTESIAN_POINT ( 'NONE',  ( -0.1361644537893928475, 0.03468974784687262752, 0.09342112518274574284 ) ) ;
#9753 = ORIENTED_EDGE ( 'NONE', *, *, #8081, .F. ) ;
#9754 = CARTESIAN_POINT ( 'NONE',  ( -0.1397637197829921518, -0.05118103364663378202, 0.05294370724293406827 ) ) ;
#9755 = CARTESIAN_POINT ( 'NONE',  ( 0.1279528207246279636, -0.02045724674566089946, 0.02362205835133775883 ) ) ;
#9756 = DIRECTION ( 'NONE',  ( -0.0000000000000000000, -0.0000000000000000000, -1.000000000000000000 ) ) ;
#9757 = ORIENTED_EDGE ( 'NONE', *, *, #3378, .T. ) ;
#9758 = ORIENTED_EDGE ( 'NONE', *, *, #5137, .T. ) ;
#9759 = CARTESIAN_POINT ( 'NONE',  ( -0.1023621449798425426, 0.03543313601858270184, 0.1337844026243306950 ) ) ;
#9760 = CARTESIAN_POINT ( 'NONE',  ( 0.2854331306106299149, 6.471112681112413361E-08, 0.05905528345447148136 ) ) ;
#9761 = EDGE_LOOP ( 'NONE', ( #3565, #9733, #8686, #9147 ) ) ;
#9762 = ADVANCED_FACE ( 'NONE', ( #7788 ), #10153, .F. ) ;
#9763 = ORIENTED_EDGE ( 'NONE', *, *, #1164, .F. ) ;
#9764 = FACE_OUTER_BOUND ( 'NONE', #5014, .T. ) ;
#9765 = LINE ( 'NONE', #9866, #8679 ) ;
#9766 = CARTESIAN_POINT ( 'NONE',  ( 0.1272962996792125767, -0.0002923695710629560431, 0.01928093023307086637 ) ) ;
#9767 = PLANE ( 'NONE',  #6228 ) ;
#9768 = CARTESIAN_POINT ( 'NONE',  ( 0.1751969101381890548, -0.01554612993704124028, 0.04632442721356883064 ) ) ;
#9769 = DIRECTION ( 'NONE',  ( -1.000000000000000000, 0.0000000000000000000, 0.0000000000000000000 ) ) ;
#9770 = ORIENTED_EDGE ( 'NONE', *, *, #5711, .F. ) ;
#9771 = ORIENTED_EDGE ( 'NONE', *, *, #1861, .F. ) ;
#9772 = ORIENTED_EDGE ( 'NONE', *, *, #155, .T. ) ;
#9773 = CARTESIAN_POINT ( 'NONE',  ( -0.1377952158459848087, 0.04370085255402039043, 0.04724409448818969737 ) ) ;
#9774 = CARTESIAN_POINT ( 'NONE',  ( 0.2736221069885826362, -0.01181095846960633286, 0.07480314960630017607 ) ) ;
#9775 = CARTESIAN_POINT ( 'NONE',  ( 0.1279962625602895643, -0.04971465487562751195, 0.01904942908852810812 ) ) ;
#9776 = VERTEX_POINT ( 'NONE', #1590 ) ;
#9777 = ADVANCED_FACE ( 'NONE', ( #167 ), #9436, .T. ) ;
#9778 = CARTESIAN_POINT ( 'NONE',  ( -0.1366744705405505966, -0.04658786135673424061, 0.07459550642698403733 ) ) ;
#9779 = CARTESIAN_POINT ( 'NONE',  ( 0.1322234693561023522, 0.01559817457862205069, 0.1235928274205117944 ) ) ;
#9780 = CARTESIAN_POINT ( 'NONE',  ( -0.1291197603609612610, 0.04330715176661417698, 0.07697716990044653484 ) ) ;
#9781 = ORIENTED_EDGE ( 'NONE', *, *, #4255, .F. ) ;
#9782 = DIRECTION ( 'NONE',  ( -1.000000000000000000, -6.123233995736766036E-17, 0.0000000000000000000 ) ) ;
#9783 = ADVANCED_FACE ( 'NONE', ( #5575 ), #5520, .T. ) ;
#9784 = CARTESIAN_POINT ( 'NONE',  ( 0.2854331306106263622, -0.05435564116175736760, 0.1167620050326231146 ) ) ;
#9785 = CARTESIAN_POINT ( 'NONE',  ( -0.1200786804129134189, 0.05611332492028177354, 0.03881360406037905747 ) ) ;
#9786 = LINE ( 'NONE', #7274, #7244 ) ;
#9787 = LINE ( 'NONE', #5638, #9681 ) ;
#9788 = DIRECTION ( 'NONE',  ( -6.122925944840758340E-17, 0.9999496914708433382, -0.01003067930727469768 ) ) ;
#9789 = ORIENTED_EDGE ( 'NONE', *, *, #516, .F. ) ;
#9790 = DIRECTION ( 'NONE',  ( -0.0000000000000000000, -1.000000000000000000, 0.0000000000000000000 ) ) ;
#9791 = CARTESIAN_POINT ( 'NONE',  ( -0.1200786804129133911, -0.05314954114677167274, 0.03149606299212599075 ) ) ;
#9792 = DIRECTION ( 'NONE',  ( 0.4369039627369138978, 2.675265197502780350E-17, 0.8995081585759973075 ) ) ;
#9793 = CARTESIAN_POINT ( 'NONE',  ( 0.2813386424216534620, -0.01181095846960627214, 0.07480314960629920462 ) ) ;
#9794 = DIRECTION ( 'NONE',  ( 0.0000000000000000000, -0.0000000000000000000, -1.000000000000000000 ) ) ;
#9795 = ORIENTED_EDGE ( 'NONE', *, *, #40, .F. ) ;
#9796 = CARTESIAN_POINT ( 'NONE',  ( 0.1594488786421260351, 6.515244096751976556E-08, 0.07480314960629920462 ) ) ;
#9797 = ORIENTED_EDGE ( 'NONE', *, *, #6651, .F. ) ;
#9798 = LINE ( 'NONE', #5834, #2928 ) ;
#9799 = EDGE_CURVE ( 'NONE', #4841, #6967, #1800, .T. ) ;
#9800 = ADVANCED_FACE ( 'NONE', ( #4851 ), #9484, .F. ) ;
#9801 = CARTESIAN_POINT ( 'NONE',  ( -0.1279526961609449009, -0.04460506583094859395, 0.07671683416904892527 ) ) ;
#9802 = ADVANCED_FACE ( 'NONE', ( #3320 ), #1700, .T. ) ;
#9803 = EDGE_LOOP ( 'NONE', ( #8210, #6932, #4621, #1319, #9451, #7387 ) ) ;
#9804 = CARTESIAN_POINT ( 'NONE',  ( 0.1358268313981101649, 0.05842333288428127464, 0.04098260751329151769 ) ) ;
#9805 = CARTESIAN_POINT ( 'NONE',  ( -0.1325847361463646790, 0.04130527670780043126, 0.07439442731927561892 ) ) ;
#9806 = LINE ( 'NONE', #2751, #7843 ) ;
#9807 = CARTESIAN_POINT ( 'NONE',  ( -0.1023621449798425426, -0.04597765048857637565, 0.01567416640385432824 ) ) ;
#9808 = ORIENTED_EDGE ( 'NONE', *, *, #7345, .T. ) ;
#9809 =( BOUNDED_CURVE ( )  B_SPLINE_CURVE ( 3, ( #8052, #3418, #9547, #4854 ),
 .UNSPECIFIED., .F., .T. ) 
 B_SPLINE_CURVE_WITH_KNOTS ( ( 4, 4 ),
 ( 0.0000000000000000000, 1.000000000000000000 ),
 .UNSPECIFIED. ) 
 CURVE ( )  GEOMETRIC_REPRESENTATION_ITEM ( )  RATIONAL_B_SPLINE_CURVE ( ( 1.000000000000000000, 0.9976647929699700157, 0.9976647929699700157, 1.000000000000000000 ) ) 
 REPRESENTATION_ITEM ( '' )  );
#9810 = ORIENTED_EDGE ( 'NONE', *, *, #4988, .F. ) ;
#9811 = CARTESIAN_POINT ( 'NONE',  ( -0.1394495401158996062, 0.05163774992737574232, 0.09918779674419560266 ) ) ;
#9812 = CARTESIAN_POINT ( 'NONE',  ( -0.1397637197829921518, -0.05118103364663378202, 0.05294370724293406827 ) ) ;
#9813 = VECTOR ( 'NONE', #3590, 39.37007874015748143 ) ;
#9814 = CARTESIAN_POINT ( 'NONE',  ( 0.1279528156500787661, 0.04570103799235366443, 0.1259842523077559229 ) ) ;
#9815 = DIRECTION ( 'NONE',  ( -6.123233995736766036E-17, 1.000000000000000000, 0.0000000000000000000 ) ) ;
#9816 = EDGE_CURVE ( 'NONE', #8051, #9183, #4235, .T. ) ;
#9817 = ORIENTED_EDGE ( 'NONE', *, *, #1840, .T. ) ;
#9818 = CIRCLE ( 'NONE', #6031, 0.01181102362204724393 ) ;
#9819 = ORIENTED_EDGE ( 'NONE', *, *, #466, .F. ) ;
#9820 = CARTESIAN_POINT ( 'NONE',  ( 0.1279528156500787661, 0.04849066653867990101, 0.1259671884561187338 ) ) ;
#9821 = ORIENTED_EDGE ( 'NONE', *, *, #9116, .T. ) ;
#9822 = VECTOR ( 'NONE', #7379, 39.37007874015748143 ) ;
#9823 = VECTOR ( 'NONE', #1539, 39.37007874015748143 ) ;
#9824 = CARTESIAN_POINT ( 'NONE',  ( -0.1279526961609449009, 0.07874022263275588795, 0.007874015748031487280 ) ) ;
#9825 = CARTESIAN_POINT ( 'NONE',  ( 0.1673228943901570454, -0.0002895373478832379802, 0.03149678989394850970 ) ) ;
#9826 = ORIENTED_EDGE ( 'NONE', *, *, #4959, .T. ) ;
#9827 = VECTOR ( 'NONE', #8914, 39.37007874015748143 ) ;
#9828 = DIRECTION ( 'NONE',  ( 1.000000000000000000, 6.123233995736766036E-17, 0.0000000000000000000 ) ) ;
#9829 = DIRECTION ( 'NONE',  ( -0.0000000000000000000, 0.0000000000000000000, 1.000000000000000000 ) ) ;
#9830 = DIRECTION ( 'NONE',  ( 0.0000000000000000000, 0.0000000000000000000, 1.000000000000000000 ) ) ;
#9831 = CARTESIAN_POINT ( 'NONE',  ( -0.1311788480827940917, 0.05511817538866074784, 0.09980734988759423776 ) ) ;
#9832 = CARTESIAN_POINT ( 'NONE',  ( 0.1729921857287401166, -0.03137860885364318619, 0.07208638652795272550 ) ) ;
#9833 = VERTEX_POINT ( 'NONE', #8776 ) ;
#9834 = DIRECTION ( 'NONE',  ( -1.000000000000000000, -6.123233995736766036E-17, -0.0000000000000000000 ) ) ;
#9835 = CARTESIAN_POINT ( 'NONE',  ( -0.1279526961609449009, 0.05717993738975726825, 0.1289370078740136316 ) ) ;
#9836 = AXIS2_PLACEMENT_3D ( 'NONE', #2522, #8037, #4023 ) ;
#9837 = CARTESIAN_POINT ( 'NONE',  ( -0.1200786804129126001, 0.07937014389259841596, -7.469896857675718968E-18 ) ) ;
#9838 = CARTESIAN_POINT ( 'NONE',  ( -0.1392455637486826603, 0.04674642230103319418, 0.09936105246822866943 ) ) ;
#9839 = AXIS2_PLACEMENT_3D ( 'NONE', #7277, #9641, #8774 ) ;
#9840 = CARTESIAN_POINT ( 'NONE',  ( 0.1200787999020472285, -0.05019648473597849297, 0.1248263084761293967 ) ) ;
#9841 = LINE ( 'NONE', #2786, #6547 ) ;
#9842 = CARTESIAN_POINT ( 'NONE',  ( 0.1673228947792431420, 0.04793677371735358128, 0.1030549616225852894 ) ) ;
#9843 = ORIENTED_EDGE ( 'NONE', *, *, #54, .T. ) ;
#9844 = FACE_OUTER_BOUND ( 'NONE', #1211, .T. ) ;
#9845 = VECTOR ( 'NONE', #4834, 39.37007874015748143 ) ;
#9846 = CARTESIAN_POINT ( 'NONE',  ( -0.1358267119089758834, -0.04173221831212597238, 0.1023622047244094335 ) ) ;
#9847 = CARTESIAN_POINT ( 'NONE',  ( -0.1370629583563710008, -0.04371570983364099494, 0.05459284380442355755 ) ) ;
#9848 = CARTESIAN_POINT ( 'NONE',  ( -0.1384513838249951667, 0.05183733549365759918, 0.1000579797070292043 ) ) ;
#9849 = CARTESIAN_POINT ( 'NONE',  ( -0.1279526961609450952, -0.05631870117396988590, 0.09358044386210849497 ) ) ;
#9850 = ORIENTED_EDGE ( 'NONE', *, *, #4026, .F. ) ;
#9851 = DIRECTION ( 'NONE',  ( 0.0000000000000000000, 1.000000000000000000, 0.0000000000000000000 ) ) ;
#9852 = VECTOR ( 'NONE', #9525, 39.37007874015748143 ) ;
#9853 = ORIENTED_EDGE ( 'NONE', *, *, #3239, .T. ) ;
#9854 = CARTESIAN_POINT ( 'NONE',  ( -0.07086608198771660039, 0.05470407522197856531, 0.01820691365754095736 ) ) ;
#9855 = EDGE_CURVE ( 'NONE', #7210, #2662, #4101, .T. ) ;
#9856 = CARTESIAN_POINT ( 'NONE',  ( 0.1279528156498905556, 4.214544877152374029E-08, 0.02189013583859241580 ) ) ;
#9857 = CYLINDRICAL_SURFACE ( 'NONE', #3628, 0.05118110236220471676 ) ;
#9858 = ORIENTED_EDGE ( 'NONE', *, *, #1233, .T. ) ;
#9859 = LINE ( 'NONE', #2856, #6708 ) ;
#9860 = DIRECTION ( 'NONE',  ( 1.000000000000000000, 6.123233995736766036E-17, 0.0000000000000000000 ) ) ;
#9861 = VERTEX_POINT ( 'NONE', #7119 ) ;
#9862 = VERTEX_POINT ( 'NONE', #60 ) ;
#9863 = AXIS2_PLACEMENT_3D ( 'NONE', #1830, #245, #8125 ) ;
#9864 = EDGE_CURVE ( 'NONE', #2080, #10082, #9266, .T. ) ;
#9865 = EDGE_CURVE ( 'NONE', #3501, #4258, #3365, .T. ) ;
#9866 = CARTESIAN_POINT ( 'NONE',  ( 0.1590481817149606014, -0.02952749390267713978, 0.07480314960629920462 ) ) ;
#9867 = B_SPLINE_CURVE_WITH_KNOTS ( 'NONE', 3,
 ( #5389, #6257, #1463, #3741, #9256, #6889, #5438, #10028, #6985, #8587, #9403, #1363, #6112, #2234, #5297, #8441, #8534, #2190, #6207, #4570, #4625, #636, #3794 ),
 .UNSPECIFIED., .F., .F.,
 ( 4, 1, 2, 2, 2, 2, 2, 2, 2, 2, 2, 4 ),
 ( 0.0000000000000000000, 0.1250000000000000278, 0.1875000000000000000, 0.2500000000000000555, 0.3125000000000000555, 0.3750000000000001110, 0.4375000000000001110, 0.5000000000000001110, 0.5625000000000001110, 0.6250000000000001110, 0.7500000000000003331, 1.000000000000000000 ),
 .UNSPECIFIED. ) ;
#9868 = CARTESIAN_POINT ( 'NONE',  ( 0.1270242853927951998, 0.0004252578750000192832, 0.02197012717245669031 ) ) ;
#9869 = CARTESIAN_POINT ( 'NONE',  ( 0.1200787999020472285, -0.07084424446980612522, 0.1261792469245186232 ) ) ;
#9870 = CARTESIAN_POINT ( 'NONE',  ( 0.1751969101381890548, 0.01554626024191507402, 0.04632442721356441750 ) ) ;
#9871 = VERTEX_POINT ( 'NONE', #765 ) ;
#9872 = ORIENTED_EDGE ( 'NONE', *, *, #6406, .F. ) ;
#9873 = CARTESIAN_POINT ( 'NONE',  ( 0.1246912913694077779, 0.08824351659803945924, 0.09780238375617053559 ) ) ;
#9874 =( BOUNDED_CURVE ( )  B_SPLINE_CURVE ( 3, ( #8008, #3999, #1664, #78 ),
 .UNSPECIFIED., .F., .T. ) 
 B_SPLINE_CURVE_WITH_KNOTS ( ( 4, 4 ),
 ( 0.0000000000000000000, 1.000000000000000000 ),
 .UNSPECIFIED. ) 
 CURVE ( )  GEOMETRIC_REPRESENTATION_ITEM ( )  RATIONAL_B_SPLINE_CURVE ( ( 1.000000000000000000, 0.8425084105513462873, 0.8425084105513462873, 1.000000000000000000 ) ) 
 REPRESENTATION_ITEM ( '' )  );
#9875 = ADVANCED_FACE ( 'NONE', ( #979 ), #343, .T. ) ;
#9876 = ORIENTED_EDGE ( 'NONE', *, *, #539, .T. ) ;
#9877 = ADVANCED_FACE ( 'NONE', ( #9700 ), #2738, .T. ) ;
#9878 = AXIS2_PLACEMENT_3D ( 'NONE', #2723, #1121, #1275 ) ;
#9879 = CARTESIAN_POINT ( 'NONE',  ( -0.1279526961609449009, 0.05314967145165355733, 0.007874015748031482076 ) ) ;
#9880 = CARTESIAN_POINT ( 'NONE',  ( 0.1279528156500787384, 0.04724415964063058415, 0.02739529693388924325 ) ) ;
#9881 = EDGE_LOOP ( 'NONE', ( #1753, #10127, #10171, #896 ) ) ;
#9882 = LINE ( 'NONE', #1271, #6892 ) ;
#9883 = DIRECTION ( 'NONE',  ( -0.7660444431194460835, 0.0000000000000000000, 0.6427876096859813648 ) ) ;
#9884 = VECTOR ( 'NONE', #1658, 39.37007874015748143 ) ;
#9885 = CARTESIAN_POINT ( 'NONE',  ( 0.1276355738457873312, 0.01625204080629920680, 0.1250978822735826779 ) ) ;
#9886 = CARTESIAN_POINT ( 'NONE',  ( -0.1344286853028724693, 0.05382013101944520955, 0.1025616552613185656 ) ) ;
#9887 = CARTESIAN_POINT ( 'NONE',  ( 0.1594488786421259241, 6.515243486138746842E-08, 0.1043307086614173040 ) ) ;
#9888 = EDGE_LOOP ( 'NONE', ( #7231, #7063, #2673, #4989, #6473, #6882, #99, #1000, #4819 ) ) ;
#9889 = CARTESIAN_POINT ( 'NONE',  ( 0.1279528156500750191, -0.03563486062081237804, 0.1316508742332654636 ) ) ;
#9890 = EDGE_CURVE ( 'NONE', #5535, #8147, #8923, .T. ) ;
#9891 =( BOUNDED_SURFACE ( )  B_SPLINE_SURFACE ( 3, 3, ( 
 ( #5360, #2258, #2953, #1579 ),
 ( #7630, #9319, #10196, #563 ),
 ( #6957, #3814, #3002, #6133 ),
 ( #9425, #4539, #6085, #4690 ) ),
 .UNSPECIFIED., .F., .F., .F. ) 
 B_SPLINE_SURFACE_WITH_KNOTS ( ( 4, 4 ),
 ( 4, 4 ),
 ( 0.0000000000000000000, 1.000000000000000000 ),
 ( 0.0000000000000000000, 1.000000000000000000 ),
 .UNSPECIFIED. ) 
 GEOMETRIC_REPRESENTATION_ITEM ( )  RATIONAL_B_SPLINE_SURFACE ( (
 ( 1.000000000000000000, 0.9981619879277875418, 0.9981619879277875418, 1.000000000000000000),
 ( 0.9419139527842311788, 0.9401827035680283551, 0.9401827035680283551, 0.9419139527842311788),
 ( 0.9419139527842311788, 0.9401827035680283551, 0.9401827035680283551, 0.9419139527842311788),
 ( 1.000000000000000000, 0.9981619879277875418, 0.9981619879277875418, 1.000000000000000000) ) ) 
 REPRESENTATION_ITEM ( '' )  SURFACE ( )  );
#9892 = CARTESIAN_POINT ( 'NONE',  ( -0.1003936410428346443, -0.06294403425129924123, 0.1233168347569969236 ) ) ;
#9893 = CARTESIAN_POINT ( 'NONE',  ( -0.1200786804129134605, 0.05961165794245404381, 0.04231193708255023139 ) ) ;
#9894 = AXIS2_PLACEMENT_3D ( 'NONE', #8903, #7348, #5657 ) ;
#9895 = VERTEX_POINT ( 'NONE', #2053 ) ;
#9896 = CARTESIAN_POINT ( 'NONE',  ( 0.02415058830330707451, -0.02047237579244093331, 0.003931076325590550542 ) ) ;
#9897 = ORIENTED_EDGE ( 'NONE', *, *, #5156, .F. ) ;
#9898 = CARTESIAN_POINT ( 'NONE',  ( 0.1200787999020471869, -0.06884954606232256136, 0.1338582677165353618 ) ) ;
#9899 = EDGE_CURVE ( 'NONE', #7777, #2027, #5006, .T. ) ;
#9900 = CARTESIAN_POINT ( 'NONE',  ( -0.1382247786220469898, -0.05382000071454370871, 0.05033047697753323391 ) ) ;
#9901 = DIRECTION ( 'NONE',  ( 1.000000000000000000, 6.123233995736766036E-17, -0.0000000000000000000 ) ) ;
#9902 = FACE_OUTER_BOUND ( 'NONE', #6913, .T. ) ;
#9903 = ORIENTED_EDGE ( 'NONE', *, *, #909, .F. ) ;
#9904 = CARTESIAN_POINT ( 'NONE',  ( 0.1594488786419577531, -0.006699525490770013615, 0.1259842519670621441 ) ) ;
#9905 = EDGE_LOOP ( 'NONE', ( #4188, #286, #5019, #7915, #6604, #807, #8612, #9471, #887 ) ) ;
#9906 = CARTESIAN_POINT ( 'NONE',  ( -0.1394495401159000503, -0.05163761962249560633, 0.05095372264544290042 ) ) ;
#9907 = CARTESIAN_POINT ( 'NONE',  ( -0.1369911382989771609, -0.05646908915267918883, 0.09272473916422455109 ) ) ;
#9908 = CARTESIAN_POINT ( 'NONE',  ( -0.1197637197829921341, -0.04173221831212597238, 0.1023622047244094335 ) ) ;
#9909 = ORIENTED_EDGE ( 'NONE', *, *, #146, .T. ) ;
#9910 = FACE_OUTER_BOUND ( 'NONE', #56, .T. ) ;
#9911 = ADVANCED_FACE ( 'NONE', ( #1237 ), #1851, .F. ) ;
#9912 = CARTESIAN_POINT ( 'NONE',  ( 0.2854331306106298038, -0.06447844768352856137, 0.08364077040637488136 ) ) ;
#9913 = CARTESIAN_POINT ( 'NONE',  ( 0.1279528156500787661, 0.04942023486665392262, 0.02402509304831195250 ) ) ;
#9914 = DIRECTION ( 'NONE',  ( 6.123233995736766036E-17, -1.000000000000000000, 0.0000000000000000000 ) ) ;
#9915 = ORIENTED_EDGE ( 'NONE', *, *, #6324, .T. ) ;
#9916 = ORIENTED_EDGE ( 'NONE', *, *, #3790, .T. ) ;
#9917 = EDGE_CURVE ( 'NONE', #5794, #4815, #7875, .T. ) ;
#9918 = CARTESIAN_POINT ( 'NONE',  ( -0.1358267119089763830, -0.04853563690066931696, 0.05274686401078739623 ) ) ;
#9919 = CARTESIAN_POINT ( 'NONE',  ( -0.1350599147397095467, 0.05438834395874193178, 0.09934864041698625303 ) ) ;
#9920 = DIRECTION ( 'NONE',  ( 6.123233995736766036E-17, -1.000000000000000000, -0.0000000000000000000 ) ) ;
#9921 = LINE ( 'NONE', #6620, #8025 ) ;
#9922 = PLANE ( 'NONE',  #1309 ) ;
#9923 = ORIENTED_EDGE ( 'NONE', *, *, #3193, .F. ) ;
#9924 = EDGE_CURVE ( 'NONE', #7824, #6003, #3862, .T. ) ;
#9925 = ORIENTED_EDGE ( 'NONE', *, *, #7081, .T. ) ;
#9926 = CARTESIAN_POINT ( 'NONE',  ( 0.2759283528060109125, 0.01181108877448836837, 0.07480314960629920462 ) ) ;
#9927 = ORIENTED_EDGE ( 'NONE', *, *, #353, .F. ) ;
#9928 = CARTESIAN_POINT ( 'NONE',  ( -0.1377952158459835319, -0.04370072224912108227, 0.08790354047689465100 ) ) ;
#9929 = ADVANCED_FACE ( 'NONE', ( #1027 ), #8097, .T. ) ;
#9930 = EDGE_CURVE ( 'NONE', #1373, #9043, #5829, .T. ) ;
#9931 = B_SPLINE_CURVE_WITH_KNOTS ( 'NONE', 3,
 ( #5269, #8603, #5458, #2208, #8413, #9232 ),
 .UNSPECIFIED., .F., .F.,
 ( 4, 2, 4 ),
 ( 0.0000000000000000000, 0.5000000000000000000, 1.000000000000000000 ),
 .UNSPECIFIED. ) ;
#9932 = ORIENTED_EDGE ( 'NONE', *, *, #479, .F. ) ;
#9933 = CARTESIAN_POINT ( 'NONE',  ( 0.1279528156500787661, 0.04570103799235366443, 0.07480314876563187720 ) ) ;
#9934 = EDGE_CURVE ( 'NONE', #205, #4159, #2378, .T. ) ;
#9935 = CARTESIAN_POINT ( 'NONE',  ( -0.1003936410428346027, 0.07312442612162835254, 0.1295835179620874189 ) ) ;
#9936 = DIRECTION ( 'NONE',  ( 0.0000000000000000000, -0.0000000000000000000, 1.000000000000000000 ) ) ;
#9937 = FACE_OUTER_BOUND ( 'NONE', #9278, .T. ) ;
#9938 = ORIENTED_EDGE ( 'NONE', *, *, #4520, .T. ) ;
#9939 = CARTESIAN_POINT ( 'NONE',  ( 0.2854331306106263622, 0.03064122797694790457, 0.1362540039401861081 ) ) ;
#9940 = CARTESIAN_POINT ( 'NONE',  ( -0.1023621449798425426, 6.515244097154551463E-08, 0.01574803149606298844 ) ) ;
#9941 = VERTEX_POINT ( 'NONE', #6702 ) ;
#9942 = CARTESIAN_POINT ( 'NONE',  ( 0.1279524659456941771, -0.04940474633210346911, 0.1255156612481733991 ) ) ;
#9943 = ORIENTED_EDGE ( 'NONE', *, *, #7914, .F. ) ;
#9944 = CARTESIAN_POINT ( 'NONE',  ( -0.1023621449798425564, 0.03543313601858269490, 0.1279527559055118058 ) ) ;
#9945 = EDGE_CURVE ( 'NONE', #9861, #1769, #6764, .T. ) ;
#9946 = CARTESIAN_POINT ( 'NONE',  ( 0.1751969101381890548, -0.06269104927648300185, 0.1028194400328009822 ) ) ;
#9947 = DIRECTION ( 'NONE',  ( 1.000000000000000000, 0.0000000000000000000, -0.0000000000000000000 ) ) ;
#9948 = CARTESIAN_POINT ( 'NONE',  ( -0.1279526961609449009, 0.03444888405007826004, 0.05574319219386025814 ) ) ;
#9949 = ORIENTED_EDGE ( 'NONE', *, *, #2085, .F. ) ;
#9950 = CARTESIAN_POINT ( 'NONE',  ( -0.1200786804129125723, -0.04661410807590551930, -7.469896857675718968E-18 ) ) ;
#9951 = ORIENTED_EDGE ( 'NONE', *, *, #8949, .T. ) ;
#9952 = DIRECTION ( 'NONE',  ( 1.000000000000000000, 6.123233995736766036E-17, -0.0000000000000000000 ) ) ;
#9953 = CARTESIAN_POINT ( 'NONE',  ( -0.1377950662575663510, -0.05856649928355816409, 0.09781228354847096296 ) ) ;
#9954 = LINE ( 'NONE', #6960, #776 ) ;
#9955 = ORIENTED_EDGE ( 'NONE', *, *, #1411, .T. ) ;
#9956 = CARTESIAN_POINT ( 'NONE',  ( -0.1384513838249901152, -0.04658786135674033990, 0.05008353968260950695 ) ) ;
#9957 = DIRECTION ( 'NONE',  ( -1.000000000000000000, -0.0000000000000000000, -0.0000000000000000000 ) ) ;
#9958 = DIRECTION ( 'NONE',  ( 1.000000000000000000, 6.123233995736766036E-17, 0.0000000000000000000 ) ) ;
#9959 = CARTESIAN_POINT ( 'NONE',  ( 0.2736221069885826362, 0.01181108877448836664, 0.05118110236219954728 ) ) ;
#9960 = CARTESIAN_POINT ( 'NONE',  ( -0.1279526961609449009, 0.03543313601858206346, 0.03149606299212597688 ) ) ;
#9961 = ORIENTED_EDGE ( 'NONE', *, *, #2179, .T. ) ;
#9962 = VERTEX_POINT ( 'NONE', #1187 ) ;
#9963 = CARTESIAN_POINT ( 'NONE',  ( -0.1200786804129134189, 0.04133864782960628564, 0.04724409448818897572 ) ) ;
#9964 = CARTESIAN_POINT ( 'NONE',  ( -0.1377123403824436765, 0.05472207684223340252, 0.09979662187254167982 ) ) ;
#9965 = EDGE_CURVE ( 'NONE', #7535, #8787, #6737, .T. ) ;
#9966 = CARTESIAN_POINT ( 'NONE',  ( 0.1751969101381890548, 0.03070659758499581088, 0.06432313639777222092 ) ) ;
#9967 = B_SPLINE_CURVE_WITH_KNOTS ( 'NONE', 3,
 ( #6014, #6755, #9784, #7568, #9016, #5256, #9939, #4480, #2885, #7512 ),
 .UNSPECIFIED., .F., .F.,
 ( 4, 2, 2, 2, 4 ),
 ( 0.0000000000000000000, 0.2500000000000000000, 0.5000000000000000000, 0.7500000000000000000, 1.000000000000000000 ),
 .UNSPECIFIED. ) ;
#9968 = FACE_OUTER_BOUND ( 'NONE', #7332, .T. ) ;
#9969 = ORIENTED_EDGE ( 'NONE', *, *, #2819, .F. ) ;
#9970 = ORIENTED_EDGE ( 'NONE', *, *, #7781, .T. ) ;
#9971 = CYLINDRICAL_SURFACE ( 'NONE', #4716, 0.007874015748031499423 ) ;
#9972 = B_SPLINE_CURVE_WITH_KNOTS ( 'NONE', 3,
 ( #15, #3225, #3172, #6294 ),
 .UNSPECIFIED., .F., .F.,
 ( 4, 4 ),
 ( 0.0000000000000000000, 1.000000000000000000 ),
 .UNSPECIFIED. ) ;
#9973 = ORIENTED_EDGE ( 'NONE', *, *, #8279, .F. ) ;
#9974 = CARTESIAN_POINT ( 'NONE',  ( 0.1791339180122046293, 6.515244096379278089E-08, 0.07480314960629920462 ) ) ;
#9975 = CARTESIAN_POINT ( 'NONE',  ( -0.1171723787900744440, -0.03543300571370086582, 0.007874015748031386666 ) ) ;
#9976 = VERTEX_POINT ( 'NONE', #7475 ) ;
#9977 = DIRECTION ( 'NONE',  ( 6.123233995736766036E-17, -1.000000000000000000, 0.0000000000000000000 ) ) ;
#9978 = CIRCLE ( 'NONE', #5221, 0.003937007874014361933 ) ;
#9979 = CARTESIAN_POINT ( 'NONE',  ( -0.1319705446355011191, -0.05511804508377857181, 0.04847187622006314534 ) ) ;
#9980 = VECTOR ( 'NONE', #6024, 39.37007874015748143 ) ;
#9981 = CARTESIAN_POINT ( 'NONE',  ( -0.08267710560976007650, -0.04330702146173233402, 0.01567416640385519214 ) ) ;
#9982 = DIRECTION ( 'NONE',  ( -0.2770221559521401922, 0.0000000000000000000, 0.9608635309510024092 ) ) ;
#9983 = AXIS2_PLACEMENT_3D ( 'NONE', #5229, #9958, #8369 ) ;
#9984 = CARTESIAN_POINT ( 'NONE',  ( 0.2854331306106298038, -0.06281913994529525480, 0.08319616023790943338 ) ) ;
#9985 =( BOUNDED_SURFACE ( )  B_SPLINE_SURFACE ( 3, 3, ( 
 ( #5403, #4214, #5764, #7205 ),
 ( #3201, #4016, #7976, #8910 ),
 ( #8709, #5614, #1063, #8807 ),
 ( #1683, #7152, #1012, #5668 ) ),
 .UNSPECIFIED., .F., .F., .F. ) 
 B_SPLINE_SURFACE_WITH_KNOTS ( ( 4, 4 ),
 ( 4, 4 ),
 ( 0.0000000000000000000, 1.000000000000000000 ),
 ( 0.0000000000000000000, 1.000000000000000000 ),
 .UNSPECIFIED. ) 
 GEOMETRIC_REPRESENTATION_ITEM ( )  RATIONAL_B_SPLINE_SURFACE ( (
 ( 1.000000000000000000, 0.9934450294291115036, 0.9934450294291115036, 1.000000000000000000),
 ( 0.8425084105511515542, 0.8369857927142627663, 0.8369857927142627663, 0.8425084105511515542),
 ( 0.8425084105511515542, 0.8369857927142627663, 0.8369857927142627663, 0.8425084105511515542),
 ( 1.000000000000000000, 0.9934450294291115036, 0.9934450294291115036, 1.000000000000000000) ) ) 
 REPRESENTATION_ITEM ( '' )  SURFACE ( )  );
#9986 = EDGE_CURVE ( 'NONE', #2209, #5142, #363, .T. ) ;
#9987 = CARTESIAN_POINT ( 'NONE',  ( 0.1594488786421259241, -0.02952736880051503449, 0.07480314942667989908 ) ) ;
#9988 = VECTOR ( 'NONE', #9834, 39.37007874015748143 ) ;
#9989 = VECTOR ( 'NONE', #8814, 39.37007874015748143 ) ;
#9990 = ORIENTED_EDGE ( 'NONE', *, *, #2555, .F. ) ;
#9991 = VECTOR ( 'NONE', #4577, 39.37007874015748143 ) ;
#9992 = PLANE ( 'NONE',  #6391 ) ;
#9993 = DIRECTION ( 'NONE',  ( -0.0000000000000000000, 0.7071067811836579953, 0.7071067811894370392 ) ) ;
#9994 = CARTESIAN_POINT ( 'NONE',  ( -0.1388263888904618659, -0.04921253327275590395, 0.05013284967786803270 ) ) ;
#9995 = CARTESIAN_POINT ( 'NONE',  ( 0.1751969101381888883, 0.01571395834497839317, 0.07056121082088021024 ) ) ;
#9996 = EDGE_CURVE ( 'NONE', #1659, #4169, #6073, .T. ) ;
#9997 = VERTEX_POINT ( 'NONE', #6652 ) ;
#9998 = CARTESIAN_POINT ( 'NONE',  ( -0.04512327060369909076, -0.02171066450987884158, 0.007874015748031495954 ) ) ;
#9999 = ORIENTED_EDGE ( 'NONE', *, *, #4265, .T. ) ;
#10000 = CARTESIAN_POINT ( 'NONE',  ( 0.01968509911464561002, 6.515244094229544203E-08, 0.0000000000000000000 ) ) ;
#10001 = CIRCLE ( 'NONE', #5556, 0.003937007874015047149 ) ;
#10002 = EDGE_CURVE ( 'NONE', #8166, #9647, #4227, .T. ) ;
#10003 = CARTESIAN_POINT ( 'NONE',  ( -0.1378094211395435031, -0.05600545456973260450, 0.09356971239328763790 ) ) ;
#10004 = AXIS2_PLACEMENT_3D ( 'NONE', #546, #3743, #7657 ) ;
#10005 = DIRECTION ( 'NONE',  ( 1.000000000000000000, 6.123233995736766036E-17, 0.0000000000000000000 ) ) ;
#10006 = VERTEX_POINT ( 'NONE', #8302 ) ;
#10007 = CIRCLE ( 'NONE', #6885, 0.003937007874015733232 ) ;
#10008 = CARTESIAN_POINT ( 'NONE',  ( -0.1200786804129134050, -0.05628667414727905882, 0.1298254131564700598 ) ) ;
#10009 = CARTESIAN_POINT ( 'NONE',  ( -0.1200786804129134189, 0.05717993738975463147, 0.1289370078740134928 ) ) ;
#10010 = CARTESIAN_POINT ( 'NONE',  ( 0.2775591148625978222, 0.01018032671790190281, 0.05444262647537314453 ) ) ;
#10011 = SURFACE_STYLE_FILL_AREA ( #5521 ) ;
#10012 = ORIENTED_EDGE ( 'NONE', *, *, #516, .T. ) ;
#10013 = CARTESIAN_POINT ( 'NONE',  ( -0.1384513838250008844, 0.04658799166161241290, 0.1000579797070520888 ) ) ;
#10014 = ORIENTED_EDGE ( 'NONE', *, *, #695, .T. ) ;
#10015 = CARTESIAN_POINT ( 'NONE',  ( -0.1377952158459844201, 0.01512863633082530898, 0.03073361921734631130 ) ) ;
#10016 = AXIS2_PLACEMENT_3D ( 'NONE', #1894, #4330, #2680 ) ;
#10017 = DIRECTION ( 'NONE',  ( 1.000000000000000000, 6.123233995736766036E-17, 0.0000000000000000000 ) ) ;
#10018 = DIRECTION ( 'NONE',  ( -0.0000000000000000000, -0.0000000000000000000, -1.000000000000000000 ) ) ;
#10019 = DIRECTION ( 'NONE',  ( 1.000000000000000000, 6.123233995736766036E-17, 0.0000000000000000000 ) ) ;
#10020 = VERTEX_POINT ( 'NONE', #7669 ) ;
#10021 = CARTESIAN_POINT ( 'NONE',  ( -0.1377951995023481702, -0.04371900427415564144, 0.1027739064020403020 ) ) ;
#10022 = ORIENTED_EDGE ( 'NONE', *, *, #466, .T. ) ;
#10023 = CARTESIAN_POINT ( 'NONE',  ( -0.1397637197829920686, -0.04724402933574944896, 0.05294369135373609703 ) ) ;
#10024 = VERTEX_POINT ( 'NONE', #2997 ) ;
#10025 = CIRCLE ( 'NONE', #5255, 0.01181102362204720577 ) ;
#10026 = EDGE_CURVE ( 'NONE', #8946, #5293, #1475, .T. ) ;
#10027 = CARTESIAN_POINT ( 'NONE',  ( -0.1003936410428346443, 0.07312442612162597944, 0.1295835179620866140 ) ) ;
#10028 = CARTESIAN_POINT ( 'NONE',  ( 0.1594488786421259241, 0.007247246597381173765, 0.06543863223223632397 ) ) ;
#10029 = AXIS2_PLACEMENT_3D ( 'NONE', #10102, #5986, #3003 ) ;
#10030 = ORIENTED_EDGE ( 'NONE', *, *, #4988, .T. ) ;
#10031 = PLANE ( 'NONE',  #2442 ) ;
#10032 = CARTESIAN_POINT ( 'NONE',  ( -0.1279526961609449287, -0.05511804508377857181, 0.04786747128990201383 ) ) ;
#10033 = CARTESIAN_POINT ( 'NONE',  ( 0.1317485409408661323, 0.006281655124645685838, 0.1256363432587007944 ) ) ;
#10034 = CARTESIAN_POINT ( 'NONE',  ( -0.1302056059233230034, -0.04658786135673474021, 0.04611927060373115922 ) ) ;
#10035 = EDGE_CURVE ( 'NONE', #5326, #4562, #9157, .T. ) ;
#10036 = CARTESIAN_POINT ( 'NONE',  ( 0.1279528156500786829, 0.05346350338065841007, 0.03359315755708117135 ) ) ;
#10037 = CONICAL_SURFACE ( 'NONE', #5272, 0.01574803149606306824, 0.7853981633974482790 ) ;
#10038 = CARTESIAN_POINT ( 'NONE',  ( -0.1279526961609449009, 0.04330715176661412841, 0.1002631264098898661 ) ) ;
#10039 = EDGE_CURVE ( 'NONE', #4916, #8727, #4628, .T. ) ;
#10040 = FACE_OUTER_BOUND ( 'NONE', #2648, .T. ) ;
#10041 = B_SPLINE_CURVE_WITH_KNOTS ( 'NONE', 3,
 ( #6118, #3800, #6068, #8541 ),
 .UNSPECIFIED., .F., .F.,
 ( 4, 4 ),
 ( 0.0000000000000000000, 1.000000000000000000 ),
 .UNSPECIFIED. ) ;
#10042 = ORIENTED_EDGE ( 'NONE', *, *, #9694, .F. ) ;
#10043 = VECTOR ( 'NONE', #1232, 39.37007874015748143 ) ;
#10044 = CARTESIAN_POINT ( 'NONE',  ( 0.1200787999020471314, -0.05577387916802904744, 0.1303844372394471207 ) ) ;
#10045 = VERTEX_POINT ( 'NONE', #6857 ) ;
#10046 = CARTESIAN_POINT ( 'NONE',  ( -0.1384513838249622764, -0.05072399671027372214, 0.07317819439592131159 ) ) ;
#10047 = CARTESIAN_POINT ( 'NONE',  ( -0.1200786804129130164, 0.07874022263275587408, -3.734948428837859484E-18 ) ) ;
#10048 = CARTESIAN_POINT ( 'NONE',  ( 0.1751969101381890270, 0.01534866113334440799, 0.1417322834645639851 ) ) ;
#10049 = EDGE_CURVE ( 'NONE', #421, #6184, #2252, .T. ) ;
#10050 = CARTESIAN_POINT ( 'NONE',  ( 0.03046203082145504393, -0.01968497421763775249, 0.01436640419164607850 ) ) ;
#10051 = DIRECTION ( 'NONE',  ( 1.000000000000000000, 6.123233995736766036E-17, 0.0000000000000000000 ) ) ;
#10052 = ORIENTED_EDGE ( 'NONE', *, *, #3602, .T. ) ;
#10053 = CARTESIAN_POINT ( 'NONE',  ( -0.1279526961609449009, 0.04921266357763776772, 0.07286926856913386596 ) ) ;
#10054 =( BOUNDED_CURVE ( )  B_SPLINE_CURVE ( 3, ( #8411, #10142, #7626, #1522 ),
 .UNSPECIFIED., .F., .T. ) 
 B_SPLINE_CURVE_WITH_KNOTS ( ( 4, 4 ),
 ( 0.0000000000000000000, 1.000000000000000000 ),
 .UNSPECIFIED. ) 
 CURVE ( )  GEOMETRIC_REPRESENTATION_ITEM ( )  RATIONAL_B_SPLINE_CURVE ( ( 1.000000000000000000, 0.9771950463327284675, 0.9771950463327284675, 1.000000000000000000 ) ) 
 REPRESENTATION_ITEM ( '' )  );
#10055 = VERTEX_POINT ( 'NONE', #5355 ) ;
#10056 = CARTESIAN_POINT ( 'NONE',  ( -0.1358266950448111243, -0.04330702146177716622, 0.07010473466359852523 ) ) ;
#10057 = PLANE ( 'NONE',  #3454 ) ;
#10058 = EDGE_CURVE ( 'NONE', #1659, #950, #5405, .T. ) ;
#10059 = CARTESIAN_POINT ( 'NONE',  ( -0.1279526961609449009, 0.04921266357763776772, 0.1043653315612598498 ) ) ;
#10060 = EDGE_LOOP ( 'NONE', ( #4918, #3329, #2029, #3452, #6149, #3341, #2718, #2127, #577, #9999, #95, #7840, #4245, #8405 ) ) ;
#10061 = CARTESIAN_POINT ( 'NONE',  ( -0.1200786804129134050, 0.08031502578236218715, 0.01181102362204724393 ) ) ;
#10062 = PLANE ( 'NONE',  #7184 ) ;
#10063 = EDGE_CURVE ( 'NONE', #9318, #9405, #7625, .T. ) ;
#10064 = FACE_OUTER_BOUND ( 'NONE', #3373, .T. ) ;
#10065 = ORIENTED_EDGE ( 'NONE', *, *, #6338, .F. ) ;
#10066 = CARTESIAN_POINT ( 'NONE',  ( -0.1342976294835962758, 0.04330715176661403820, 0.09860099206364437985 ) ) ;
#10067 = ORIENTED_EDGE ( 'NONE', *, *, #8866, .F. ) ;
#10068 = CARTESIAN_POINT ( 'NONE',  ( 0.1279102859040550932, -0.01709308949027556895, 0.1276459435037401446 ) ) ;
#10069 = CARTESIAN_POINT ( 'NONE',  ( -0.1369585853816479293, 0.05396832184143873085, 0.1006518487159672320 ) ) ;
#10070 = CARTESIAN_POINT ( 'NONE',  ( 0.2854331306106298038, 0.004148660612118967687, 0.09055638678612623615 ) ) ;
#10071 = CARTESIAN_POINT ( 'NONE',  ( -0.1335469544927227747, -0.05183713327867432025, 0.07611443611654768182 ) ) ;
#10072 = CARTESIAN_POINT ( 'NONE',  ( -0.1377949289321394599, -0.04425356488816915151, 0.1175041117284497533 ) ) ;
#10073 = ORIENTED_EDGE ( 'NONE', *, *, #7985, .F. ) ;
#10074 = CARTESIAN_POINT ( 'NONE',  ( -0.1377952093556281399, -0.04432227654680479662, 0.1053372686052907875 ) ) ;
#10075 = ORIENTED_EDGE ( 'NONE', *, *, #6566, .F. ) ;
#10076 = CARTESIAN_POINT ( 'NONE',  ( 0.1279528156500788216, 0.05019661602290199226, 0.1248263094125508094 ) ) ;
#10077 = EDGE_CURVE ( 'NONE', #3026, #4774, #6830, .T. ) ;
#10078 = VERTEX_POINT ( 'NONE', #9229 ) ;
#10079 = CARTESIAN_POINT ( 'NONE',  ( -0.1200786804129134050, -0.04726731665279302469, 0.1337844026243306950 ) ) ;
#10080 = CARTESIAN_POINT ( 'NONE',  ( -0.1200786804129134189, -0.06062985610740156267, 0.1023622047244070188 ) ) ;
#10081 = B_SPLINE_CURVE_WITH_KNOTS ( 'NONE', 3,
 ( #4486, #2051, #7575, #7623, #5053, #3660 ),
 .UNSPECIFIED., .F., .F.,
 ( 4, 2, 4 ),
 ( 0.0000000000000000000, 0.2500000000000000000, 0.5000000000000000000 ),
 .UNSPECIFIED. ) ;
#10082 = VERTEX_POINT ( 'NONE', #7773 ) ;
#10083 = CARTESIAN_POINT ( 'NONE',  ( 0.2813386424216534620, 0.01181108877448821398, 0.07480314960629920462 ) ) ;
#10084 = DIRECTION ( 'NONE',  ( -6.123233995736766036E-17, 1.000000000000000000, 0.0000000000000000000 ) ) ;
#10085 = CARTESIAN_POINT ( 'NONE',  ( -0.1358266523449587204, 0.05511817538862671950, 0.08003674477046535118 ) ) ;
#10086 = DIRECTION ( 'NONE',  ( -1.000000000000000000, -6.123233995736766036E-17, 0.0000000000000000000 ) ) ;
#10087 = EDGE_CURVE ( 'NONE', #9407, #267, #4855, .T. ) ;
#10088 = EDGE_LOOP ( 'NONE', ( #4714, #7579, #3946, #3024, #2084, #9293, #3227, #1561, #6379, #3845 ) ) ;
#10089 = LINE ( 'NONE', #4635, #624 ) ;
#10090 = CARTESIAN_POINT ( 'NONE',  ( 0.1751969101381889438, 6.559375512749871745E-08, 0.09055101575812705972 ) ) ;
#10091 = CARTESIAN_POINT ( 'NONE',  ( -0.1048030898617323126, 0.07197047648252637153, 0.1199146981626899866 ) ) ;
#10092 = CARTESIAN_POINT ( 'NONE',  ( -0.1303548763006058542, -0.05331331127880276771, 0.04577618782838582812 ) ) ;
#10093 = ADVANCED_FACE ( 'NONE', ( #6953 ), #9270, .T. ) ;
#10094 = CARTESIAN_POINT ( 'NONE',  ( -0.1003936410428346304, -0.07874009232787400336, 0.03740157480314960231 ) ) ;
#10095 = LINE ( 'NONE', #8498, #1972 ) ;
#10096 = VERTEX_POINT ( 'NONE', #3856 ) ;
#10097 = CARTESIAN_POINT ( 'NONE',  ( 0.2876378550200787143, -0.06180016732677165447, 0.08699901782173229126 ) ) ;
#10098 = ORIENTED_EDGE ( 'NONE', *, *, #8034, .T. ) ;
#10099 = CARTESIAN_POINT ( 'NONE',  ( 0.1200787999020472285, -0.04930410162685039399, 0.02362204724409448786 ) ) ;
#10100 = CARTESIAN_POINT ( 'NONE',  ( 0.1200787999020454522, -0.06299206083181782545, 0.01751325901239312796 ) ) ;
#10101 = B_SPLINE_CURVE_WITH_KNOTS ( 'NONE', 3,
 ( #1077, #4441, #4383, #7578 ),
 .UNSPECIFIED., .F., .F.,
 ( 4, 4 ),
 ( 0.0000000000000000000, 1.000000000000000000 ),
 .UNSPECIFIED. ) ;
#10102 = CARTESIAN_POINT ( 'NONE',  ( 0.1594488786421260351, 6.515244096751976556E-08, 0.07480314960629920462 ) ) ;
#10103 = DIRECTION ( 'NONE',  ( 0.0000000000000000000, -0.01185436032000038512, -0.9999297346020886712 ) ) ;
#10104 = CARTESIAN_POINT ( 'NONE',  ( 0.1358268313981119968, 0.06692919901070866484, 0.07480314960630117527 ) ) ;
#10105 = CARTESIAN_POINT ( 'NONE',  ( 0.1358268313981101649, 0.06611531158767650074, 0.08682718092691149581 ) ) ;
#10106 = CARTESIAN_POINT ( 'NONE',  ( -0.1200786804129134189, 6.515244094229544203E-08, 0.07279771312318503163 ) ) ;
#10107 = CARTESIAN_POINT ( 'NONE',  ( 0.07082767482487994926, 0.01968510452251841930, 0.01524977113495830372 ) ) ;
#10108 = DIRECTION ( 'NONE',  ( -1.000000000000000000, -6.123233995736766036E-17, -0.0000000000000000000 ) ) ;
#10109 = ORIENTED_EDGE ( 'NONE', *, *, #1300, .F. ) ;
#10110 = EDGE_LOOP ( 'NONE', ( #948, #5115, #9915, #7453 ) ) ;
#10111 = ADVANCED_FACE ( 'NONE', ( #3662 ), #8352, .T. ) ;
#10112 = CARTESIAN_POINT ( 'NONE',  ( -0.1365548568462413570, 0.04460519613583043691, 0.07589113239950145973 ) ) ;
#10113 = EDGE_CURVE ( 'NONE', #538, #4182, #6812, .T. ) ;
#10114 = CARTESIAN_POINT ( 'NONE',  ( 0.1673228943901570454, -0.08575285076275625251, 0.1181102355562675260 ) ) ;
#10115 = DIRECTION ( 'NONE',  ( -1.000000000000000000, -6.123233995736766036E-17, 0.0000000000000000000 ) ) ;
#10116 = CARTESIAN_POINT ( 'NONE',  ( -0.1279526961609449842, -0.06008622600226833782, 0.07291558897103392334 ) ) ;
#10117 = CARTESIAN_POINT ( 'NONE',  ( -0.1377951638102171139, -0.05778123927441514845, 0.1060056046385501743 ) ) ;
#10118 = ORIENTED_EDGE ( 'NONE', *, *, #8209, .F. ) ;
#10119 = FACE_OUTER_BOUND ( 'NONE', #6654, .T. ) ;
#10120 = ORIENTED_EDGE ( 'NONE', *, *, #1108, .T. ) ;
#10121 = ORIENTED_EDGE ( 'NONE', *, *, #4369, .T. ) ;
#10122 = EDGE_CURVE ( 'NONE', #3189, #1774, #2513, .T. ) ;
#10123 = DIRECTION ( 'NONE',  ( 6.123233995736766036E-17, -1.000000000000000000, 0.0000000000000000000 ) ) ;
#10124 = EDGE_CURVE ( 'NONE', #220, #378, #1155, .T. ) ;
#10125 = CARTESIAN_POINT ( 'NONE',  ( -0.1279526961609450397, 0.06102368719968503941, 0.04724409448818775448 ) ) ;
#10126 = CARTESIAN_POINT ( 'NONE',  ( -0.1392992980403947312, 0.05166775265058225902, 0.09931878523148343629 ) ) ;
#10127 = ORIENTED_EDGE ( 'NONE', *, *, #3640, .T. ) ;
#10128 = CARTESIAN_POINT ( 'NONE',  ( -0.1377952090203123092, -0.04370951291026772823, 0.1025951212856675010 ) ) ;
#10129 = CARTESIAN_POINT ( 'NONE',  ( -0.07086608198771660039, 0.07874022263275591571, 0.02362204724409448786 ) ) ;
#10130 = DIRECTION ( 'NONE',  ( 0.0000000000000000000, 1.000000000000000000, 0.0000000000000000000 ) ) ;
#10131 = DIRECTION ( 'NONE',  ( -0.0000000000000000000, -1.000000000000000000, 0.0000000000000000000 ) ) ;
#10132 = CARTESIAN_POINT ( 'NONE',  ( 0.06593501021484247937, 0.01968510452251907503, 0.007874015748031501158 ) ) ;
#10133 = CARTESIAN_POINT ( 'NONE',  ( -0.1200786804129134189, -0.02755898996566929701, 0.03543307086614172485 ) ) ;
#10134 = ORIENTED_EDGE ( 'NONE', *, *, #724, .F. ) ;
#10135 = VECTOR ( 'NONE', #9151, 39.37007874015748143 ) ;
#10136 = AXIS2_PLACEMENT_3D ( 'NONE', #1238, #5057, #6653 ) ;
#10137 = DIRECTION ( 'NONE',  ( 1.000000000000000000, 0.0000000000000000000, 0.0000000000000000000 ) ) ;
#10138 = DIRECTION ( 'NONE',  ( 0.0000000000000000000, -0.0000000000000000000, 1.000000000000000000 ) ) ;
#10139 = AXIS2_PLACEMENT_3D ( 'NONE', #1387, #1699, #3319 ) ;
#10140 = CARTESIAN_POINT ( 'NONE',  ( -0.1279526961609449009, -0.06008622600227284810, 0.05013284967786803270 ) ) ;
#10141 = CARTESIAN_POINT ( 'NONE',  ( 0.1358268313981101372, -0.01333192544162858754, 0.02493374000924247075 ) ) ;
#10142 = CARTESIAN_POINT ( 'NONE',  ( -0.1343085966793908514, -0.04330702146173365935, 0.05155062590877484280 ) ) ;
#10143 = ORIENTED_EDGE ( 'NONE', *, *, #6794, .T. ) ;
#10144 = CARTESIAN_POINT ( 'NONE',  ( -0.1320534741669918133, 0.04921266357763778160, 0.07286926856913385209 ) ) ;
#10145 = EDGE_CURVE ( 'NONE', #336, #3473, #3140, .T. ) ;
#10146 = ORIENTED_EDGE ( 'NONE', *, *, #2699, .T. ) ;
#10147 = DIRECTION ( 'NONE',  ( 1.000000000000000000, 6.123233995736766036E-17, -0.0000000000000000000 ) ) ;
#10148 = DIRECTION ( 'NONE',  ( 0.0000000000000000000, 0.07689018412655043710, -0.9970395677128292000 ) ) ;
#10149 = DIRECTION ( 'NONE',  ( 6.123233995736766036E-17, -1.000000000000000000, 0.0000000000000000000 ) ) ;
#10150 = EDGE_LOOP ( 'NONE', ( #3468, #5226, #3522, #5422 ) ) ;
#10151 = CARTESIAN_POINT ( 'NONE',  ( -0.1394454001730274784, 0.05281513711907852987, 0.08005752739759650072 ) ) ;
#10152 = CARTESIAN_POINT ( 'NONE',  ( 0.1594488786421259241, 0.01173127875028639328, 0.07818541423428441994 ) ) ;
#10153 = PLANE ( 'NONE',  #8707 ) ;
#10154 = CARTESIAN_POINT ( 'NONE',  ( 0.1240158077760625255, -0.04724402933574724933, 0.007874015748031357176 ) ) ;
#10155 = ORIENTED_EDGE ( 'NONE', *, *, #2981, .F. ) ;
#10156 = CIRCLE ( 'NONE', #9334, 0.003937007874015098323 ) ;
#10157 = EDGE_CURVE ( 'NONE', #4776, #8525, #1521, .T. ) ;
#10158 = ORIENTED_EDGE ( 'NONE', *, *, #1598, .F. ) ;
#10159 = CARTESIAN_POINT ( 'NONE',  ( -0.1023621449798425564, 6.515244095324560604E-08, 0.01312335958005261122 ) ) ;
#10160 = CIRCLE ( 'NONE', #1279, 0.003937007874015767059 ) ;
#10161 = DIRECTION ( 'NONE',  ( -0.0000000000000000000, 1.000000000000000000, 0.0000000000000000000 ) ) ;
#10162 = CARTESIAN_POINT ( 'NONE',  ( 0.1200787999020472424, -0.06774474679179599834, 0.03358427302108551310 ) ) ;
#10163 = CARTESIAN_POINT ( 'NONE',  ( -0.1338582079719685125, 0.03468974784687665902, 0.05618517402986009102 ) ) ;
#10164 = DIRECTION ( 'NONE',  ( 0.9771644912132653182, 5.983406832023886858E-17, 0.2124842514444789665 ) ) ;
#10165 = CARTESIAN_POINT ( 'NONE',  ( -0.1377951177350339729, -0.04819452892956877649, 0.1092421808593033727 ) ) ;
#10166 = ORIENTED_EDGE ( 'NONE', *, *, #5364, .T. ) ;
#10167 = CARTESIAN_POINT ( 'NONE',  ( -0.1367446230767304927, 0.04658799166161311373, 0.07561038934495475927 ) ) ;
#10168 = CIRCLE ( 'NONE', #1285, 0.003937007874015758385 ) ;
#10169 = ORIENTED_EDGE ( 'NONE', *, *, #2644, .F. ) ;
#10170 = EDGE_CURVE ( 'NONE', #6260, #3616, #749, .T. ) ;
#10171 = ORIENTED_EDGE ( 'NONE', *, *, #5554, .F. ) ;
#10172 = AXIS2_PLACEMENT_3D ( 'NONE', #8647, #851, #2399 ) ;
#10173 = CARTESIAN_POINT ( 'NONE',  ( 0.1247258340280550382, -0.05577387916802662576, 0.1303844372394453999 ) ) ;
#10174 = DIRECTION ( 'NONE',  ( 0.0000000000000000000, -0.7071067811855737961, 0.7071067811875211273 ) ) ;
#10175 = CARTESIAN_POINT ( 'NONE',  ( -0.1003936410428345749, 0.08464573444377163081, 0.07480314960630510268 ) ) ;
#10176 = CARTESIAN_POINT ( 'NONE',  ( -0.1301569787910308307, -0.04460506583095100869, 0.04645177325958785991 ) ) ;
#10177 = ORIENTED_EDGE ( 'NONE', *, *, #9865, .F. ) ;
#10178 = EDGE_CURVE ( 'NONE', #5293, #5994, #9033, .T. ) ;
#10179 = VECTOR ( 'NONE', #1269, 39.37007874015748143 ) ;
#10180 = DIRECTION ( 'NONE',  ( 1.000000000000000000, 6.123233995736766036E-17, 0.0000000000000000000 ) ) ;
#10181 = CARTESIAN_POINT ( 'NONE',  ( -0.1338582079719684848, -0.01750222966149313220, 0.1244921229431106141 ) ) ;
#10182 = VECTOR ( 'NONE', #2817, 39.37007874015748143 ) ;
#10183 = CARTESIAN_POINT ( 'NONE',  ( -0.1023621449798425287, -0.05586034438137428559, 0.1302975371309796071 ) ) ;
#10184 = CARTESIAN_POINT ( 'NONE',  ( -0.1357895709757187264, -0.04330719665564383009, 0.07010472905581856262 ) ) ;
#10185 = EDGE_LOOP ( 'NONE', ( #5160, #83, #2343, #5951 ) ) ;
#10186 = FACE_OUTER_BOUND ( 'NONE', #2114, .T. ) ;
#10187 = CARTESIAN_POINT ( 'NONE',  ( -0.1306664595701023113, 0.04330715176661506516, 0.07516352588069225016 ) ) ;
#10188 = AXIS2_PLACEMENT_3D ( 'NONE', #591, #7616, #6163 ) ;
#10189 = CARTESIAN_POINT ( 'NONE',  ( -0.1200786804129134050, -0.05344977532172227874, 0.1321802840582351202 ) ) ;
#10190 =( BOUNDED_CURVE ( )  B_SPLINE_CURVE ( 3, ( #3982, #6492, #3321, #5007 ),
 .UNSPECIFIED., .F., .T. ) 
 B_SPLINE_CURVE_WITH_KNOTS ( ( 4, 4 ),
 ( 0.0000000000000000000, 1.000000000000000000 ),
 .UNSPECIFIED. ) 
 CURVE ( )  GEOMETRIC_REPRESENTATION_ITEM ( )  RATIONAL_B_SPLINE_CURVE ( ( 1.000000000000000000, 0.9768702674408494824, 0.9768702674408494824, 1.000000000000000000 ) ) 
 REPRESENTATION_ITEM ( '' )  );
#10191 = EDGE_CURVE ( 'NONE', #6056, #4910, #7106, .T. ) ;
#10192 = CARTESIAN_POINT ( 'NONE',  ( -0.1313789265853139154, -0.05511804508377948081, 0.05039380080897669367 ) ) ;
#10193 = ORIENTED_EDGE ( 'NONE', *, *, #3071, .T. ) ;
#10194 = DIRECTION ( 'NONE',  ( 1.000000000000000000, 6.123233995736766036E-17, 0.0000000000000000000 ) ) ;
#10195 = ORIENTED_EDGE ( 'NONE', *, *, #6940, .T. ) ;
#10196 = CARTESIAN_POINT ( 'NONE',  ( -0.1392992980403902903, 0.05113737278493975941, 0.07779413741281890338 ) ) ;
ENDSEC;
END-ISO-10303-21;
