ISO-10303-21;
HEADER;
/* Microchip_4HB_TFBGA-343_14x14mm_Layout21x21_P0.65mm.step 3D STEP model for use in ECAD systems
 * Copyright (C) 2026, KiCAD
 *
 * This work is licensed under the
 * [Creative Commons CC-BY-SA 4.0 License](https://creativecommons.org/licenses/by-sa/4.0/legalcode),
 * with the following exception:
 *
 * To the extent that the creation of electronic designs that use 'Licensed Material' can be
 * considered to be 'Adapted Material', then the copyright holder waives article 3 of the license
 * with respect to these designs and any generated files which use data provided as part of the
 * 'Licensed Material'.
 *
 * You are free to use the library data in your own projects without the obligation to share your
 * project files under this or any other license agreement. However, if you wish to distribute
 * these libraries, or parts thereof (including in modified form) as a collection then the exception
 * above does not apply. Please refer to
 * https://gitlab.com/kicad/libraries/kicad-packages3D/-/blob/master/LICENSE.md for further clarification
 * of the exception.
 *
 * Disclaimer of Warranties and Limitation of Liability.
 * These libraries are provided in the hope that they will be useful, but are provided without warranty of any kind, express or implied.
 * USE 3D CAD DATA AT YOUR OWN RISK
 * DO NOT RELY UPON ANY INFORMATION FOUND HERE WITHOUT INDEPENDENT VERIFICATION.
 */

FILE_DESCRIPTION(
/* description */ ('model of Microchip_4HB_TFBGA-343_14x14mm_Layout21x21_P0.65mm'),
/* implementation_level */ '2;1');

FILE_NAME(
/* name */ 'Microchip_4HB_TFBGA-343_14x14mm_Layout21x21_P0.65mm.step',
/* time_stamp */ '1970-01-01T00:00:00',
/* author */ ('KiCAD','kicad'),
/* organization */ ('OCCT'),
/* preprocessor_version */ '',
/* originating_system */ 'KiCAD',
/* authorisation */ '');

FILE_SCHEMA(('AUTOMOTIVE_DESIGN { 1 0 10303 214 1 1 1 1 }'));
ENDSEC;

DATA;
#1=APPLICATION_PROTOCOL_DEFINITION('international standard','automotive_design',2000,#2);
#2=APPLICATION_CONTEXT('core data for automotive mechanical design processes');
#3=SHAPE_DEFINITION_REPRESENTATION(#4,#10);
#4=PRODUCT_DEFINITION_SHAPE('','',#5);
#5=PRODUCT_DEFINITION('design','',#6,#9);
#6=PRODUCT_DEFINITION_FORMATION('','',#7);
#7=PRODUCT('Microchip_4HB_TFBGA-343_14x14mm_Layout21x21_P0.65mm','Microchip_4HB_TFBGA-343_14x14mm_Layout21x21_P0.65mm','',(#8));
#8=PRODUCT_CONTEXT('',#2,'mechanical');
#9=PRODUCT_DEFINITION_CONTEXT('part definition',#2,'design');
#10=ADVANCED_BREP_SHAPE_REPRESENTATION('',(#11,#15),#7691);
#11=AXIS2_PLACEMENT_3D('',#12,#13,#14);
#12=CARTESIAN_POINT('',(0.,0.,0.));
#13=DIRECTION('',(0.,0.,1.));
#14=DIRECTION('',(1.,0.,-0.));
#15=MANIFOLD_SOLID_BREP('',#16);
#16=CLOSED_SHELL('',(#17,#46,#66,#89,#103,#3200,#3207,#3225,#3240,#3253,#3266,#3279,#3292,#3305,#3318,#3331,#3344,#3357,#3370,#3383,#3396,#3409,#3422,#3435,#3448,#3461,#3474,#3487,#3500,#3513,#3526,#3539,#3552,#3565,#3578,#3591,#3604,#3617,#3630,#3643,#3656,#3669,#3682,#3695,#3708,#3721,#3734,#3747,#3760,#3773,#3786,#3799,#3812,#3825,#3838,#3851,#3864,#3877,#3890,#3903,#3916,#3929,#3942,#3955,#3968,#3981,#3994,#4007,#4020,#4033,#4046,#4059,#4072,#4085,#4098,#4111,#4124,#4137,#4150,#4163,#4176,#4189,#4202,#4215,#4228,#4241,#4254,#4267,#4280,#4293,#4306,#4319,#4332,#4345,#4358,#4371,#4384,#4397,#4410,#4423,#4436,#4449,#4462,#4475,#4488,#4501,#4514,#4527,#4540,#4553,#4566,#4579,#4592,#4605,#4618,#4631,#4644,#4657,#4670,#4683,#4696,#4709,#4722,#4735,#4748,#4761,#4774,#4787,#4800,#4813,#4826,#4839,#4852,#4865,#4878,#4891,#4904,#4917,#4930,#4943,#4956,#4969,#4982,#4995,#5008,#5021,#5034,#5047,#5060,#5073,#5086,#5099,#5112,#5125,#5138,#5151,#5164,#5177,#5190,#5203,#5216,#5229,#5242,#5255,#5268,#5281,#5294,#5307,#5320,#5333,#5346,#5359,#5372,#5385,#5398,#5411,#5424,#5437,#5450,#5463,#5476,#5489,#5502,#5515,#5528,#5541,#5554,#5567,#5580,#5593,#5606,#5619,#5632,#5645,#5658,#5671,#5684,#5697,#5710,#5723,#5736,#5749,#5762,#5775,#5788,#5801,#5814,#5827,#5840,#5853,#5866,#5879,#5892,#5905,#5918,#5931,#5944,#5957,#5970,#5983,#5996,#6009,#6022,#6035,#6048,#6061,#6074,#6087,#6100,#6113,#6126,#6139,#6152,#6165,#6178,#6191,#6204,#6217,#6230,#6243,#6256,#6269,#6282,#6295,#6308,#6321,#6334,#6347,#6360,#6373,#6386,#6399,#6412,#6425,#6438,#6451,#6464,#6477,#6490,#6503,#6516,#6529,#6542,#6555,#6568,#6581,#6594,#6607,#6620,#6633,#6646,#6659,#6672,#6685,#6698,#6711,#6724,#6737,#6750,#6763,#6776,#6789,#6802,#6815,#6828,#6841,#6854,#6867,#6880,#6893,#6906,#6919,#6932,#6945,#6958,#6971,#6984,#6997,#7010,#7023,#7036,#7049,#7062,#7075,#7088,#7101,#7114,#7127,#7140,#7153,#7166,#7179,#7192,#7205,#7218,#7231,#7244,#7257,#7270,#7283,#7296,#7309,#7322,#7335,#7348,#7361,#7374,#7387,#7400,#7413,#7426,#7439,#7452,#7465,#7478,#7491,#7504,#7517,#7530,#7543,#7556,#7569,#7582,#7595,#7608,#7621,#7634,#7647,#7660,#7673,#7686));
#17=ADVANCED_FACE('',(#18),#43,.F.);
#18=FACE_BOUND('',#19,.F.);
#19=EDGE_LOOP('',(#20,#28,#35,#40));
#20=ORIENTED_EDGE('',*,*,#21,.F.);
#21=EDGE_CURVE('',#22,#24,#26,.T.);
#22=VERTEX_POINT('',#23);
#23=CARTESIAN_POINT('',(-7.,-7.,8.E-02));
#24=VERTEX_POINT('',#25);
#25=CARTESIAN_POINT('',(-7.,-7.,1.2));
#26=LINE('',#23,#27);
#27=VECTOR('',#13,1.);
#28=ORIENTED_EDGE('',*,*,#29,.T.);
#29=EDGE_CURVE('',#22,#30,#32,.T.);
#30=VERTEX_POINT('',#31);
#31=CARTESIAN_POINT('',(-7.,7.,8.E-02));
#32=LINE('',#23,#33);
#33=VECTOR('',#34,1.);
#34=DIRECTION('',(0.,1.,0.));
#35=ORIENTED_EDGE('',*,*,#36,.T.);
#36=EDGE_CURVE('',#30,#37,#39,.T.);
#37=VERTEX_POINT('',#38);
#38=CARTESIAN_POINT('',(-7.,7.,1.2));
#39=LINE('',#31,#27);
#40=ORIENTED_EDGE('',*,*,#41,.F.);
#41=EDGE_CURVE('',#24,#37,#42,.T.);
#42=LINE('',#25,#33);
#43=PLANE('',#44);
#44=AXIS2_PLACEMENT_3D('',#23,#45,#13);
#45=DIRECTION('',(1.,0.,0.));
#46=ADVANCED_FACE('',(#47),#64,.F.);
#47=FACE_BOUND('',#48,.F.);
#48=EDGE_LOOP('',(#49,#55,#56,#61));
#49=ORIENTED_EDGE('',*,*,#50,.F.);
#50=EDGE_CURVE('',#22,#51,#53,.T.);
#51=VERTEX_POINT('',#52);
#52=CARTESIAN_POINT('',(7.,-7.,8.E-02));
#53=LINE('',#23,#54);
#54=VECTOR('',#45,1.);
#55=ORIENTED_EDGE('',*,*,#21,.T.);
#56=ORIENTED_EDGE('',*,*,#57,.T.);
#57=EDGE_CURVE('',#24,#58,#60,.T.);
#58=VERTEX_POINT('',#59);
#59=CARTESIAN_POINT('',(7.,-7.,1.2));
#60=LINE('',#25,#54);
#61=ORIENTED_EDGE('',*,*,#62,.F.);
#62=EDGE_CURVE('',#51,#58,#63,.T.);
#63=LINE('',#52,#27);
#64=PLANE('',#65);
#65=AXIS2_PLACEMENT_3D('',#23,#34,#13);
#66=ADVANCED_FACE('',(#67,#77),#87,.T.);
#67=FACE_BOUND('',#68,.T.);
#68=EDGE_LOOP('',(#40,#56,#69,#74));
#69=ORIENTED_EDGE('',*,*,#70,.T.);
#70=EDGE_CURVE('',#58,#71,#73,.T.);
#71=VERTEX_POINT('',#72);
#72=CARTESIAN_POINT('',(7.,7.,1.2));
#73=LINE('',#59,#33);
#74=ORIENTED_EDGE('',*,*,#75,.F.);
#75=EDGE_CURVE('',#37,#71,#76,.T.);
#76=LINE('',#38,#54);
#77=FACE_BOUND('',#78,.T.);
#78=EDGE_LOOP('',(#79));
#79=ORIENTED_EDGE('',*,*,#80,.T.);
#80=EDGE_CURVE('',#81,#81,#83,.T.);
#81=VERTEX_POINT('',#82);
#82=CARTESIAN_POINT('',(-4.9,5.6,1.2));
#83=CIRCLE('',#84,0.7);
#84=AXIS2_PLACEMENT_3D('',#85,#86,#45);
#85=CARTESIAN_POINT('',(-5.6,5.6,1.2));
#86=DIRECTION('',(0.,0.,-1.));
#87=PLANE('',#88);
#88=AXIS2_PLACEMENT_3D('',#25,#13,#45);
#89=ADVANCED_FACE('',(#90),#101,.T.);
#90=FACE_BOUND('',#91,.T.);
#91=EDGE_LOOP('',(#92,#35,#97,#98));
#92=ORIENTED_EDGE('',*,*,#93,.F.);
#93=EDGE_CURVE('',#30,#94,#96,.T.);
#94=VERTEX_POINT('',#95);
#95=CARTESIAN_POINT('',(7.,7.,8.E-02));
#96=LINE('',#31,#54);
#97=ORIENTED_EDGE('',*,*,#75,.T.);
#98=ORIENTED_EDGE('',*,*,#99,.F.);
#99=EDGE_CURVE('',#94,#71,#100,.T.);
#100=LINE('',#95,#27);
#101=PLANE('',#102);
#102=AXIS2_PLACEMENT_3D('',#31,#34,#13);
#103=ADVANCED_FACE('',(#104,#111,#120,#129,#138,#147,#156,#165,#174,#183,#192,#201,#210,#219,#228,#237,#246,#255,#264,#273,#282,#291,#300,#309,#318,#327,#336,#345,#354,#363,#372,#381,#390,#399,#408,#417,#426,#435,#444,#453,#462,#471,#480,#489,#498,#507,#516,#525,#534,#543,#552,#561,#570,#579,#588,#597,#606,#615,#624,#633,#642,#651,#660,#669,#678,#687,#696,#705,#714,#723,#732,#741,#750,#759,#768,#777,#786,#795,#804,#813,#822,#831,#840,#849,#858,#867,#876,#885,#894,#903,#912,#921,#930,#939,#948,#957,#966,#975,#984,#993,#1002,#1011,#1020,#1029,#1038,#1047,#1056,#1065,#1074,#1083,#1092,#1101,#1110,#1119,#1128,#1137,#1146,#1155,#1164,#1173,#1182,#1191,#1200,#1209,#1218,#1227,#1236,#1245,#1254,#1263,#1272,#1281,#1290,#1299,#1308,#1317,#1326,#1335,#1344,#1353,#1362,#1371,#1380,#1389,#1398,#1407,#1416,#1425,#1434,#1443,#1452,#1461,#1470,#1479,#1488,#1497,#1506,#1515,#1524,#1533,#1542,#1551,#1560,#1569,#1578,#1587,#1596,#1605,#1614,#1623,#1632,#1641,#1650,#1659,#1668,#1677,#1686,#1695,#1704,#1713,#1722,#1731,#1740,#1749,#1758,#1767,#1776,#1785,#1794,#1803,#1812,#1821,#1830,#1839,#1848,#1857,#1866,#1875,#1884,#1893,#1902,#1911,#1920,#1929,#1938,#1947,#1956,#1965,#1974,#1983,#1992,#2001,#2010,#2019,#2028,#2037,#2046,#2055,#2064,#2073,#2082,#2091,#2100,#2109,#2118,#2127,#2136,#2145,#2154,#2163,#2172,#2181,#2190,#2199,#2208,#2217,#2226,#2235,#2244,#2253,#2262,#2271,#2280,#2289,#2298,#2307,#2316,#2325,#2334,#2343,#2352,#2361,#2370,#2379,#2388,#2397,#2406,#2415,#2424,#2433,#2442,#2451,#2460,#2469,#2478,#2487,#2496,#2505,#2514,#2523,#2532,#2541,#2550,#2559,#2568,#2577,#2586,#2595,#2604,#2613,#2622,#2631,#2640,#2649,#2658,#2667,#2676,#2685,#2694,#2703,#2712,#2721,#2730,#2739,#2748,#2757,#2766,#2775,#2784,#2793,#2802,#2811,#2820,#2829,#2838,#2847,#2856,#2865,#2874,#2883,#2892,#2901,#2910,#2919,#2928,#2937,#2946,#2955,#2964,#2973,#2982,#2991,#3000,#3009,#3018,#3027,#3036,#3045,#3054,#3063,#3072,#3081,#3090,#3099,#3108,#3117,#3126,#3135,#3144,#3153,#3162,#3171,#3180,#3189),#3198,.F.);
#104=FACE_BOUND('',#105,.F.);
#105=EDGE_LOOP('',(#106,#107,#108,#92));
#106=ORIENTED_EDGE('',*,*,#29,.F.);
#107=ORIENTED_EDGE('',*,*,#50,.T.);
#108=ORIENTED_EDGE('',*,*,#109,.T.);
#109=EDGE_CURVE('',#51,#94,#110,.T.);
#110=LINE('',#52,#33);
#111=FACE_BOUND('',#112,.F.);
#112=EDGE_LOOP('',(#113));
#113=ORIENTED_EDGE('',*,*,#114,.F.);
#114=EDGE_CURVE('',#115,#115,#117,.T.);
#115=VERTEX_POINT('',#116);
#116=CARTESIAN_POINT('',(-6.327663120604,-6.5,8.E-02));
#117=CIRCLE('',#118,0.172336879396);
#118=AXIS2_PLACEMENT_3D('',#119,#13,#14);
#119=CARTESIAN_POINT('',(-6.5,-6.5,8.E-02));
#120=FACE_BOUND('',#121,.F.);
#121=EDGE_LOOP('',(#122));
#122=ORIENTED_EDGE('',*,*,#123,.F.);
#123=EDGE_CURVE('',#124,#124,#126,.T.);
#124=VERTEX_POINT('',#125);
#125=CARTESIAN_POINT('',(-5.677663120604,-6.5,8.E-02));
#126=CIRCLE('',#127,0.172336879396);
#127=AXIS2_PLACEMENT_3D('',#128,#13,#14);
#128=CARTESIAN_POINT('',(-5.85,-6.5,8.E-02));
#129=FACE_BOUND('',#130,.F.);
#130=EDGE_LOOP('',(#131));
#131=ORIENTED_EDGE('',*,*,#132,.F.);
#132=EDGE_CURVE('',#133,#133,#135,.T.);
#133=VERTEX_POINT('',#134);
#134=CARTESIAN_POINT('',(-6.327663120604,-5.85,8.E-02));
#135=CIRCLE('',#136,0.172336879396);
#136=AXIS2_PLACEMENT_3D('',#137,#13,#14);
#137=CARTESIAN_POINT('',(-6.5,-5.85,8.E-02));
#138=FACE_BOUND('',#139,.F.);
#139=EDGE_LOOP('',(#140));
#140=ORIENTED_EDGE('',*,*,#141,.F.);
#141=EDGE_CURVE('',#142,#142,#144,.T.);
#142=VERTEX_POINT('',#143);
#143=CARTESIAN_POINT('',(-5.677663120604,-5.85,8.E-02));
#144=CIRCLE('',#145,0.172336879396);
#145=AXIS2_PLACEMENT_3D('',#146,#13,#14);
#146=CARTESIAN_POINT('',(-5.85,-5.85,8.E-02));
#147=FACE_BOUND('',#148,.F.);
#148=EDGE_LOOP('',(#149));
#149=ORIENTED_EDGE('',*,*,#150,.F.);
#150=EDGE_CURVE('',#151,#151,#153,.T.);
#151=VERTEX_POINT('',#152);
#152=CARTESIAN_POINT('',(-5.027663120604,-6.5,8.E-02));
#153=CIRCLE('',#154,0.172336879396);
#154=AXIS2_PLACEMENT_3D('',#155,#13,#14);
#155=CARTESIAN_POINT('',(-5.2,-6.5,8.E-02));
#156=FACE_BOUND('',#157,.F.);
#157=EDGE_LOOP('',(#158));
#158=ORIENTED_EDGE('',*,*,#159,.F.);
#159=EDGE_CURVE('',#160,#160,#162,.T.);
#160=VERTEX_POINT('',#161);
#161=CARTESIAN_POINT('',(-5.027663120604,-5.85,8.E-02));
#162=CIRCLE('',#163,0.172336879396);
#163=AXIS2_PLACEMENT_3D('',#164,#13,#14);
#164=CARTESIAN_POINT('',(-5.2,-5.85,8.E-02));
#165=FACE_BOUND('',#166,.F.);
#166=EDGE_LOOP('',(#167));
#167=ORIENTED_EDGE('',*,*,#168,.F.);
#168=EDGE_CURVE('',#169,#169,#171,.T.);
#169=VERTEX_POINT('',#170);
#170=CARTESIAN_POINT('',(-6.327663120604,-5.2,8.E-02));
#171=CIRCLE('',#172,0.172336879396);
#172=AXIS2_PLACEMENT_3D('',#173,#13,#14);
#173=CARTESIAN_POINT('',(-6.5,-5.2,8.E-02));
#174=FACE_BOUND('',#175,.F.);
#175=EDGE_LOOP('',(#176));
#176=ORIENTED_EDGE('',*,*,#177,.F.);
#177=EDGE_CURVE('',#178,#178,#180,.T.);
#178=VERTEX_POINT('',#179);
#179=CARTESIAN_POINT('',(-5.677663120604,-5.2,8.E-02));
#180=CIRCLE('',#181,0.172336879396);
#181=AXIS2_PLACEMENT_3D('',#182,#13,#14);
#182=CARTESIAN_POINT('',(-5.85,-5.2,8.E-02));
#183=FACE_BOUND('',#184,.F.);
#184=EDGE_LOOP('',(#185));
#185=ORIENTED_EDGE('',*,*,#186,.F.);
#186=EDGE_CURVE('',#187,#187,#189,.T.);
#187=VERTEX_POINT('',#188);
#188=CARTESIAN_POINT('',(-5.027663120604,-5.2,8.E-02));
#189=CIRCLE('',#190,0.172336879396);
#190=AXIS2_PLACEMENT_3D('',#191,#13,#14);
#191=CARTESIAN_POINT('',(-5.2,-5.2,8.E-02));
#192=FACE_BOUND('',#193,.F.);
#193=EDGE_LOOP('',(#194));
#194=ORIENTED_EDGE('',*,*,#195,.F.);
#195=EDGE_CURVE('',#196,#196,#198,.T.);
#196=VERTEX_POINT('',#197);
#197=CARTESIAN_POINT('',(-4.377663120604,-6.5,8.E-02));
#198=CIRCLE('',#199,0.172336879396);
#199=AXIS2_PLACEMENT_3D('',#200,#13,#14);
#200=CARTESIAN_POINT('',(-4.55,-6.5,8.E-02));
#201=FACE_BOUND('',#202,.F.);
#202=EDGE_LOOP('',(#203));
#203=ORIENTED_EDGE('',*,*,#204,.F.);
#204=EDGE_CURVE('',#205,#205,#207,.T.);
#205=VERTEX_POINT('',#206);
#206=CARTESIAN_POINT('',(-4.377663120604,-5.85,8.E-02));
#207=CIRCLE('',#208,0.172336879396);
#208=AXIS2_PLACEMENT_3D('',#209,#13,#14);
#209=CARTESIAN_POINT('',(-4.55,-5.85,8.E-02));
#210=FACE_BOUND('',#211,.F.);
#211=EDGE_LOOP('',(#212));
#212=ORIENTED_EDGE('',*,*,#213,.F.);
#213=EDGE_CURVE('',#214,#214,#216,.T.);
#214=VERTEX_POINT('',#215);
#215=CARTESIAN_POINT('',(-3.727663120604,-6.5,8.E-02));
#216=CIRCLE('',#217,0.172336879396);
#217=AXIS2_PLACEMENT_3D('',#218,#13,#14);
#218=CARTESIAN_POINT('',(-3.9,-6.5,8.E-02));
#219=FACE_BOUND('',#220,.F.);
#220=EDGE_LOOP('',(#221));
#221=ORIENTED_EDGE('',*,*,#222,.F.);
#222=EDGE_CURVE('',#223,#223,#225,.T.);
#223=VERTEX_POINT('',#224);
#224=CARTESIAN_POINT('',(-4.377663120604,-5.2,8.E-02));
#225=CIRCLE('',#226,0.172336879396);
#226=AXIS2_PLACEMENT_3D('',#227,#13,#14);
#227=CARTESIAN_POINT('',(-4.55,-5.2,8.E-02));
#228=FACE_BOUND('',#229,.F.);
#229=EDGE_LOOP('',(#230));
#230=ORIENTED_EDGE('',*,*,#231,.F.);
#231=EDGE_CURVE('',#232,#232,#234,.T.);
#232=VERTEX_POINT('',#233);
#233=CARTESIAN_POINT('',(-3.727663120604,-5.2,8.E-02));
#234=CIRCLE('',#235,0.172336879396);
#235=AXIS2_PLACEMENT_3D('',#236,#13,#14);
#236=CARTESIAN_POINT('',(-3.9,-5.2,8.E-02));
#237=FACE_BOUND('',#238,.F.);
#238=EDGE_LOOP('',(#239));
#239=ORIENTED_EDGE('',*,*,#240,.F.);
#240=EDGE_CURVE('',#241,#241,#243,.T.);
#241=VERTEX_POINT('',#242);
#242=CARTESIAN_POINT('',(-6.327663120604,-4.55,8.E-02));
#243=CIRCLE('',#244,0.172336879396);
#244=AXIS2_PLACEMENT_3D('',#245,#13,#14);
#245=CARTESIAN_POINT('',(-6.5,-4.55,8.E-02));
#246=FACE_BOUND('',#247,.F.);
#247=EDGE_LOOP('',(#248));
#248=ORIENTED_EDGE('',*,*,#249,.F.);
#249=EDGE_CURVE('',#250,#250,#252,.T.);
#250=VERTEX_POINT('',#251);
#251=CARTESIAN_POINT('',(-5.677663120604,-4.55,8.E-02));
#252=CIRCLE('',#253,0.172336879396);
#253=AXIS2_PLACEMENT_3D('',#254,#13,#14);
#254=CARTESIAN_POINT('',(-5.85,-4.55,8.E-02));
#255=FACE_BOUND('',#256,.F.);
#256=EDGE_LOOP('',(#257));
#257=ORIENTED_EDGE('',*,*,#258,.F.);
#258=EDGE_CURVE('',#259,#259,#261,.T.);
#259=VERTEX_POINT('',#260);
#260=CARTESIAN_POINT('',(-5.027663120604,-4.55,8.E-02));
#261=CIRCLE('',#262,0.172336879396);
#262=AXIS2_PLACEMENT_3D('',#263,#13,#14);
#263=CARTESIAN_POINT('',(-5.2,-4.55,8.E-02));
#264=FACE_BOUND('',#265,.F.);
#265=EDGE_LOOP('',(#266));
#266=ORIENTED_EDGE('',*,*,#267,.F.);
#267=EDGE_CURVE('',#268,#268,#270,.T.);
#268=VERTEX_POINT('',#269);
#269=CARTESIAN_POINT('',(-6.327663120604,-3.9,8.E-02));
#270=CIRCLE('',#271,0.172336879396);
#271=AXIS2_PLACEMENT_3D('',#272,#13,#14);
#272=CARTESIAN_POINT('',(-6.5,-3.9,8.E-02));
#273=FACE_BOUND('',#274,.F.);
#274=EDGE_LOOP('',(#275));
#275=ORIENTED_EDGE('',*,*,#276,.F.);
#276=EDGE_CURVE('',#277,#277,#279,.T.);
#277=VERTEX_POINT('',#278);
#278=CARTESIAN_POINT('',(-5.027663120604,-3.9,8.E-02));
#279=CIRCLE('',#280,0.172336879396);
#280=AXIS2_PLACEMENT_3D('',#281,#13,#14);
#281=CARTESIAN_POINT('',(-5.2,-3.9,8.E-02));
#282=FACE_BOUND('',#283,.F.);
#283=EDGE_LOOP('',(#284));
#284=ORIENTED_EDGE('',*,*,#285,.F.);
#285=EDGE_CURVE('',#286,#286,#288,.T.);
#286=VERTEX_POINT('',#287);
#287=CARTESIAN_POINT('',(-4.377663120604,-4.55,8.E-02));
#288=CIRCLE('',#289,0.172336879396);
#289=AXIS2_PLACEMENT_3D('',#290,#13,#14);
#290=CARTESIAN_POINT('',(-4.55,-4.55,8.E-02));
#291=FACE_BOUND('',#292,.F.);
#292=EDGE_LOOP('',(#293));
#293=ORIENTED_EDGE('',*,*,#294,.F.);
#294=EDGE_CURVE('',#295,#295,#297,.T.);
#295=VERTEX_POINT('',#296);
#296=CARTESIAN_POINT('',(-3.727663120604,-4.55,8.E-02));
#297=CIRCLE('',#298,0.172336879396);
#298=AXIS2_PLACEMENT_3D('',#299,#13,#14);
#299=CARTESIAN_POINT('',(-3.9,-4.55,8.E-02));
#300=FACE_BOUND('',#301,.F.);
#301=EDGE_LOOP('',(#302));
#302=ORIENTED_EDGE('',*,*,#303,.F.);
#303=EDGE_CURVE('',#304,#304,#306,.T.);
#304=VERTEX_POINT('',#305);
#305=CARTESIAN_POINT('',(-4.377663120604,-3.9,8.E-02));
#306=CIRCLE('',#307,0.172336879396);
#307=AXIS2_PLACEMENT_3D('',#308,#13,#14);
#308=CARTESIAN_POINT('',(-4.55,-3.9,8.E-02));
#309=FACE_BOUND('',#310,.F.);
#310=EDGE_LOOP('',(#311));
#311=ORIENTED_EDGE('',*,*,#312,.F.);
#312=EDGE_CURVE('',#313,#313,#315,.T.);
#313=VERTEX_POINT('',#314);
#314=CARTESIAN_POINT('',(-3.727663120604,-3.9,8.E-02));
#315=CIRCLE('',#316,0.172336879396);
#316=AXIS2_PLACEMENT_3D('',#317,#13,#14);
#317=CARTESIAN_POINT('',(-3.9,-3.9,8.E-02));
#318=FACE_BOUND('',#319,.F.);
#319=EDGE_LOOP('',(#320));
#320=ORIENTED_EDGE('',*,*,#321,.F.);
#321=EDGE_CURVE('',#322,#322,#324,.T.);
#322=VERTEX_POINT('',#323);
#323=CARTESIAN_POINT('',(-3.077663120604,-6.5,8.E-02));
#324=CIRCLE('',#325,0.172336879396);
#325=AXIS2_PLACEMENT_3D('',#326,#13,#14);
#326=CARTESIAN_POINT('',(-3.25,-6.5,8.E-02));
#327=FACE_BOUND('',#328,.F.);
#328=EDGE_LOOP('',(#329));
#329=ORIENTED_EDGE('',*,*,#330,.F.);
#330=EDGE_CURVE('',#331,#331,#333,.T.);
#331=VERTEX_POINT('',#332);
#332=CARTESIAN_POINT('',(-2.427663120604,-6.5,8.E-02));
#333=CIRCLE('',#334,0.172336879396);
#334=AXIS2_PLACEMENT_3D('',#335,#13,#14);
#335=CARTESIAN_POINT('',(-2.6,-6.5,8.E-02));
#336=FACE_BOUND('',#337,.F.);
#337=EDGE_LOOP('',(#338));
#338=ORIENTED_EDGE('',*,*,#339,.F.);
#339=EDGE_CURVE('',#340,#340,#342,.T.);
#340=VERTEX_POINT('',#341);
#341=CARTESIAN_POINT('',(-3.077663120604,-5.85,8.E-02));
#342=CIRCLE('',#343,0.172336879396);
#343=AXIS2_PLACEMENT_3D('',#344,#13,#14);
#344=CARTESIAN_POINT('',(-3.25,-5.85,8.E-02));
#345=FACE_BOUND('',#346,.F.);
#346=EDGE_LOOP('',(#347));
#347=ORIENTED_EDGE('',*,*,#348,.F.);
#348=EDGE_CURVE('',#349,#349,#351,.T.);
#349=VERTEX_POINT('',#350);
#350=CARTESIAN_POINT('',(-2.427663120604,-5.85,8.E-02));
#351=CIRCLE('',#352,0.172336879396);
#352=AXIS2_PLACEMENT_3D('',#353,#13,#14);
#353=CARTESIAN_POINT('',(-2.6,-5.85,8.E-02));
#354=FACE_BOUND('',#355,.F.);
#355=EDGE_LOOP('',(#356));
#356=ORIENTED_EDGE('',*,*,#357,.F.);
#357=EDGE_CURVE('',#358,#358,#360,.T.);
#358=VERTEX_POINT('',#359);
#359=CARTESIAN_POINT('',(-1.777663120604,-6.5,8.E-02));
#360=CIRCLE('',#361,0.172336879396);
#361=AXIS2_PLACEMENT_3D('',#362,#13,#14);
#362=CARTESIAN_POINT('',(-1.95,-6.5,8.E-02));
#363=FACE_BOUND('',#364,.F.);
#364=EDGE_LOOP('',(#365));
#365=ORIENTED_EDGE('',*,*,#366,.F.);
#366=EDGE_CURVE('',#367,#367,#369,.T.);
#367=VERTEX_POINT('',#368);
#368=CARTESIAN_POINT('',(-3.077663120604,-5.2,8.E-02));
#369=CIRCLE('',#370,0.172336879396);
#370=AXIS2_PLACEMENT_3D('',#371,#13,#14);
#371=CARTESIAN_POINT('',(-3.25,-5.2,8.E-02));
#372=FACE_BOUND('',#373,.F.);
#373=EDGE_LOOP('',(#374));
#374=ORIENTED_EDGE('',*,*,#375,.F.);
#375=EDGE_CURVE('',#376,#376,#378,.T.);
#376=VERTEX_POINT('',#377);
#377=CARTESIAN_POINT('',(-2.427663120604,-5.2,8.E-02));
#378=CIRCLE('',#379,0.172336879396);
#379=AXIS2_PLACEMENT_3D('',#380,#13,#14);
#380=CARTESIAN_POINT('',(-2.6,-5.2,8.E-02));
#381=FACE_BOUND('',#382,.F.);
#382=EDGE_LOOP('',(#383));
#383=ORIENTED_EDGE('',*,*,#384,.F.);
#384=EDGE_CURVE('',#385,#385,#387,.T.);
#385=VERTEX_POINT('',#386);
#386=CARTESIAN_POINT('',(-1.777663120604,-5.2,8.E-02));
#387=CIRCLE('',#388,0.172336879396);
#388=AXIS2_PLACEMENT_3D('',#389,#13,#14);
#389=CARTESIAN_POINT('',(-1.95,-5.2,8.E-02));
#390=FACE_BOUND('',#391,.F.);
#391=EDGE_LOOP('',(#392));
#392=ORIENTED_EDGE('',*,*,#393,.F.);
#393=EDGE_CURVE('',#394,#394,#396,.T.);
#394=VERTEX_POINT('',#395);
#395=CARTESIAN_POINT('',(-1.127663120604,-6.5,8.E-02));
#396=CIRCLE('',#397,0.172336879396);
#397=AXIS2_PLACEMENT_3D('',#398,#13,#14);
#398=CARTESIAN_POINT('',(-1.3,-6.5,8.E-02));
#399=FACE_BOUND('',#400,.F.);
#400=EDGE_LOOP('',(#401));
#401=ORIENTED_EDGE('',*,*,#402,.F.);
#402=EDGE_CURVE('',#403,#403,#405,.T.);
#403=VERTEX_POINT('',#404);
#404=CARTESIAN_POINT('',(-1.127663120604,-5.85,8.E-02));
#405=CIRCLE('',#406,0.172336879396);
#406=AXIS2_PLACEMENT_3D('',#407,#13,#14);
#407=CARTESIAN_POINT('',(-1.3,-5.85,8.E-02));
#408=FACE_BOUND('',#409,.F.);
#409=EDGE_LOOP('',(#410));
#410=ORIENTED_EDGE('',*,*,#411,.F.);
#411=EDGE_CURVE('',#412,#412,#414,.T.);
#412=VERTEX_POINT('',#413);
#413=CARTESIAN_POINT('',(-3.077663120604,-4.55,8.E-02));
#414=CIRCLE('',#415,0.172336879396);
#415=AXIS2_PLACEMENT_3D('',#416,#13,#14);
#416=CARTESIAN_POINT('',(-3.25,-4.55,8.E-02));
#417=FACE_BOUND('',#418,.F.);
#418=EDGE_LOOP('',(#419));
#419=ORIENTED_EDGE('',*,*,#420,.F.);
#420=EDGE_CURVE('',#421,#421,#423,.T.);
#421=VERTEX_POINT('',#422);
#422=CARTESIAN_POINT('',(-2.427663120604,-4.55,8.E-02));
#423=CIRCLE('',#424,0.172336879396);
#424=AXIS2_PLACEMENT_3D('',#425,#13,#14);
#425=CARTESIAN_POINT('',(-2.6,-4.55,8.E-02));
#426=FACE_BOUND('',#427,.F.);
#427=EDGE_LOOP('',(#428));
#428=ORIENTED_EDGE('',*,*,#429,.F.);
#429=EDGE_CURVE('',#430,#430,#432,.T.);
#430=VERTEX_POINT('',#431);
#431=CARTESIAN_POINT('',(-1.777663120604,-4.55,8.E-02));
#432=CIRCLE('',#433,0.172336879396);
#433=AXIS2_PLACEMENT_3D('',#434,#13,#14);
#434=CARTESIAN_POINT('',(-1.95,-4.55,8.E-02));
#435=FACE_BOUND('',#436,.F.);
#436=EDGE_LOOP('',(#437));
#437=ORIENTED_EDGE('',*,*,#438,.F.);
#438=EDGE_CURVE('',#439,#439,#441,.T.);
#439=VERTEX_POINT('',#440);
#440=CARTESIAN_POINT('',(-3.077663120604,-3.9,8.E-02));
#441=CIRCLE('',#442,0.172336879396);
#442=AXIS2_PLACEMENT_3D('',#443,#13,#14);
#443=CARTESIAN_POINT('',(-3.25,-3.9,8.E-02));
#444=FACE_BOUND('',#445,.F.);
#445=EDGE_LOOP('',(#446));
#446=ORIENTED_EDGE('',*,*,#447,.F.);
#447=EDGE_CURVE('',#448,#448,#450,.T.);
#448=VERTEX_POINT('',#449);
#449=CARTESIAN_POINT('',(-2.427663120604,-3.9,8.E-02));
#450=CIRCLE('',#451,0.172336879396);
#451=AXIS2_PLACEMENT_3D('',#452,#13,#14);
#452=CARTESIAN_POINT('',(-2.6,-3.9,8.E-02));
#453=FACE_BOUND('',#454,.F.);
#454=EDGE_LOOP('',(#455));
#455=ORIENTED_EDGE('',*,*,#456,.F.);
#456=EDGE_CURVE('',#457,#457,#459,.T.);
#457=VERTEX_POINT('',#458);
#458=CARTESIAN_POINT('',(-1.777663120604,-3.9,8.E-02));
#459=CIRCLE('',#460,0.172336879396);
#460=AXIS2_PLACEMENT_3D('',#461,#13,#14);
#461=CARTESIAN_POINT('',(-1.95,-3.9,8.E-02));
#462=FACE_BOUND('',#463,.F.);
#463=EDGE_LOOP('',(#464));
#464=ORIENTED_EDGE('',*,*,#465,.F.);
#465=EDGE_CURVE('',#466,#466,#468,.T.);
#466=VERTEX_POINT('',#467);
#467=CARTESIAN_POINT('',(-1.127663120604,-4.55,8.E-02));
#468=CIRCLE('',#469,0.172336879396);
#469=AXIS2_PLACEMENT_3D('',#470,#13,#14);
#470=CARTESIAN_POINT('',(-1.3,-4.55,8.E-02));
#471=FACE_BOUND('',#472,.F.);
#472=EDGE_LOOP('',(#473));
#473=ORIENTED_EDGE('',*,*,#474,.F.);
#474=EDGE_CURVE('',#475,#475,#477,.T.);
#475=VERTEX_POINT('',#476);
#476=CARTESIAN_POINT('',(-6.327663120604,-3.25,8.E-02));
#477=CIRCLE('',#478,0.172336879396);
#478=AXIS2_PLACEMENT_3D('',#479,#13,#14);
#479=CARTESIAN_POINT('',(-6.5,-3.25,8.E-02));
#480=FACE_BOUND('',#481,.F.);
#481=EDGE_LOOP('',(#482));
#482=ORIENTED_EDGE('',*,*,#483,.F.);
#483=EDGE_CURVE('',#484,#484,#486,.T.);
#484=VERTEX_POINT('',#485);
#485=CARTESIAN_POINT('',(-5.677663120604,-3.25,8.E-02));
#486=CIRCLE('',#487,0.172336879396);
#487=AXIS2_PLACEMENT_3D('',#488,#13,#14);
#488=CARTESIAN_POINT('',(-5.85,-3.25,8.E-02));
#489=FACE_BOUND('',#490,.F.);
#490=EDGE_LOOP('',(#491));
#491=ORIENTED_EDGE('',*,*,#492,.F.);
#492=EDGE_CURVE('',#493,#493,#495,.T.);
#493=VERTEX_POINT('',#494);
#494=CARTESIAN_POINT('',(-6.327663120604,-2.6,8.E-02));
#495=CIRCLE('',#496,0.172336879396);
#496=AXIS2_PLACEMENT_3D('',#497,#13,#14);
#497=CARTESIAN_POINT('',(-6.5,-2.6,8.E-02));
#498=FACE_BOUND('',#499,.F.);
#499=EDGE_LOOP('',(#500));
#500=ORIENTED_EDGE('',*,*,#501,.F.);
#501=EDGE_CURVE('',#502,#502,#504,.T.);
#502=VERTEX_POINT('',#503);
#503=CARTESIAN_POINT('',(-5.677663120604,-2.6,8.E-02));
#504=CIRCLE('',#505,0.172336879396);
#505=AXIS2_PLACEMENT_3D('',#506,#13,#14);
#506=CARTESIAN_POINT('',(-5.85,-2.6,8.E-02));
#507=FACE_BOUND('',#508,.F.);
#508=EDGE_LOOP('',(#509));
#509=ORIENTED_EDGE('',*,*,#510,.F.);
#510=EDGE_CURVE('',#511,#511,#513,.T.);
#511=VERTEX_POINT('',#512);
#512=CARTESIAN_POINT('',(-5.027663120604,-3.25,8.E-02));
#513=CIRCLE('',#514,0.172336879396);
#514=AXIS2_PLACEMENT_3D('',#515,#13,#14);
#515=CARTESIAN_POINT('',(-5.2,-3.25,8.E-02));
#516=FACE_BOUND('',#517,.F.);
#517=EDGE_LOOP('',(#518));
#518=ORIENTED_EDGE('',*,*,#519,.F.);
#519=EDGE_CURVE('',#520,#520,#522,.T.);
#520=VERTEX_POINT('',#521);
#521=CARTESIAN_POINT('',(-5.027663120604,-2.6,8.E-02));
#522=CIRCLE('',#523,0.172336879396);
#523=AXIS2_PLACEMENT_3D('',#524,#13,#14);
#524=CARTESIAN_POINT('',(-5.2,-2.6,8.E-02));
#525=FACE_BOUND('',#526,.F.);
#526=EDGE_LOOP('',(#527));
#527=ORIENTED_EDGE('',*,*,#528,.F.);
#528=EDGE_CURVE('',#529,#529,#531,.T.);
#529=VERTEX_POINT('',#530);
#530=CARTESIAN_POINT('',(-6.327663120604,-1.95,8.E-02));
#531=CIRCLE('',#532,0.172336879396);
#532=AXIS2_PLACEMENT_3D('',#533,#13,#14);
#533=CARTESIAN_POINT('',(-6.5,-1.95,8.E-02));
#534=FACE_BOUND('',#535,.F.);
#535=EDGE_LOOP('',(#536));
#536=ORIENTED_EDGE('',*,*,#537,.F.);
#537=EDGE_CURVE('',#538,#538,#540,.T.);
#538=VERTEX_POINT('',#539);
#539=CARTESIAN_POINT('',(-5.027663120604,-1.95,8.E-02));
#540=CIRCLE('',#541,0.172336879396);
#541=AXIS2_PLACEMENT_3D('',#542,#13,#14);
#542=CARTESIAN_POINT('',(-5.2,-1.95,8.E-02));
#543=FACE_BOUND('',#544,.F.);
#544=EDGE_LOOP('',(#545));
#545=ORIENTED_EDGE('',*,*,#546,.F.);
#546=EDGE_CURVE('',#547,#547,#549,.T.);
#547=VERTEX_POINT('',#548);
#548=CARTESIAN_POINT('',(-4.377663120604,-3.25,8.E-02));
#549=CIRCLE('',#550,0.172336879396);
#550=AXIS2_PLACEMENT_3D('',#551,#13,#14);
#551=CARTESIAN_POINT('',(-4.55,-3.25,8.E-02));
#552=FACE_BOUND('',#553,.F.);
#553=EDGE_LOOP('',(#554));
#554=ORIENTED_EDGE('',*,*,#555,.F.);
#555=EDGE_CURVE('',#556,#556,#558,.T.);
#556=VERTEX_POINT('',#557);
#557=CARTESIAN_POINT('',(-4.377663120604,-2.6,8.E-02));
#558=CIRCLE('',#559,0.172336879396);
#559=AXIS2_PLACEMENT_3D('',#560,#13,#14);
#560=CARTESIAN_POINT('',(-4.55,-2.6,8.E-02));
#561=FACE_BOUND('',#562,.F.);
#562=EDGE_LOOP('',(#563));
#563=ORIENTED_EDGE('',*,*,#564,.F.);
#564=EDGE_CURVE('',#565,#565,#567,.T.);
#565=VERTEX_POINT('',#566);
#566=CARTESIAN_POINT('',(-3.727663120604,-3.25,8.E-02));
#567=CIRCLE('',#568,0.172336879396);
#568=AXIS2_PLACEMENT_3D('',#569,#13,#14);
#569=CARTESIAN_POINT('',(-3.9,-3.25,8.E-02));
#570=FACE_BOUND('',#571,.F.);
#571=EDGE_LOOP('',(#572));
#572=ORIENTED_EDGE('',*,*,#573,.F.);
#573=EDGE_CURVE('',#574,#574,#576,.T.);
#574=VERTEX_POINT('',#575);
#575=CARTESIAN_POINT('',(-3.727663120604,-2.6,8.E-02));
#576=CIRCLE('',#577,0.172336879396);
#577=AXIS2_PLACEMENT_3D('',#578,#13,#14);
#578=CARTESIAN_POINT('',(-3.9,-2.6,8.E-02));
#579=FACE_BOUND('',#580,.F.);
#580=EDGE_LOOP('',(#581));
#581=ORIENTED_EDGE('',*,*,#582,.F.);
#582=EDGE_CURVE('',#583,#583,#585,.T.);
#583=VERTEX_POINT('',#584);
#584=CARTESIAN_POINT('',(-4.377663120604,-1.95,8.E-02));
#585=CIRCLE('',#586,0.172336879396);
#586=AXIS2_PLACEMENT_3D('',#587,#13,#14);
#587=CARTESIAN_POINT('',(-4.55,-1.95,8.E-02));
#588=FACE_BOUND('',#589,.F.);
#589=EDGE_LOOP('',(#590));
#590=ORIENTED_EDGE('',*,*,#591,.F.);
#591=EDGE_CURVE('',#592,#592,#594,.T.);
#592=VERTEX_POINT('',#593);
#593=CARTESIAN_POINT('',(-3.727663120604,-1.95,8.E-02));
#594=CIRCLE('',#595,0.172336879396);
#595=AXIS2_PLACEMENT_3D('',#596,#13,#14);
#596=CARTESIAN_POINT('',(-3.9,-1.95,8.E-02));
#597=FACE_BOUND('',#598,.F.);
#598=EDGE_LOOP('',(#599));
#599=ORIENTED_EDGE('',*,*,#600,.F.);
#600=EDGE_CURVE('',#601,#601,#603,.T.);
#601=VERTEX_POINT('',#602);
#602=CARTESIAN_POINT('',(-6.327663120604,-1.3,8.E-02));
#603=CIRCLE('',#604,0.172336879396);
#604=AXIS2_PLACEMENT_3D('',#605,#13,#14);
#605=CARTESIAN_POINT('',(-6.5,-1.3,8.E-02));
#606=FACE_BOUND('',#607,.F.);
#607=EDGE_LOOP('',(#608));
#608=ORIENTED_EDGE('',*,*,#609,.F.);
#609=EDGE_CURVE('',#610,#610,#612,.T.);
#610=VERTEX_POINT('',#611);
#611=CARTESIAN_POINT('',(-5.677663120604,-1.3,8.E-02));
#612=CIRCLE('',#613,0.172336879396);
#613=AXIS2_PLACEMENT_3D('',#614,#13,#14);
#614=CARTESIAN_POINT('',(-5.85,-1.3,8.E-02));
#615=FACE_BOUND('',#616,.F.);
#616=EDGE_LOOP('',(#617));
#617=ORIENTED_EDGE('',*,*,#618,.F.);
#618=EDGE_CURVE('',#619,#619,#621,.T.);
#619=VERTEX_POINT('',#620);
#620=CARTESIAN_POINT('',(-4.377663120604,-1.3,8.E-02));
#621=CIRCLE('',#622,0.172336879396);
#622=AXIS2_PLACEMENT_3D('',#623,#13,#14);
#623=CARTESIAN_POINT('',(-4.55,-1.3,8.E-02));
#624=FACE_BOUND('',#625,.F.);
#625=EDGE_LOOP('',(#626));
#626=ORIENTED_EDGE('',*,*,#627,.F.);
#627=EDGE_CURVE('',#628,#628,#630,.T.);
#628=VERTEX_POINT('',#629);
#629=CARTESIAN_POINT('',(-3.077663120604,-3.25,8.E-02));
#630=CIRCLE('',#631,0.172336879396);
#631=AXIS2_PLACEMENT_3D('',#632,#13,#14);
#632=CARTESIAN_POINT('',(-3.25,-3.25,8.E-02));
#633=FACE_BOUND('',#634,.F.);
#634=EDGE_LOOP('',(#635));
#635=ORIENTED_EDGE('',*,*,#636,.F.);
#636=EDGE_CURVE('',#637,#637,#639,.T.);
#637=VERTEX_POINT('',#638);
#638=CARTESIAN_POINT('',(-2.427663120604,-3.25,8.E-02));
#639=CIRCLE('',#640,0.172336879396);
#640=AXIS2_PLACEMENT_3D('',#641,#13,#14);
#641=CARTESIAN_POINT('',(-2.6,-3.25,8.E-02));
#642=FACE_BOUND('',#643,.F.);
#643=EDGE_LOOP('',(#644));
#644=ORIENTED_EDGE('',*,*,#645,.F.);
#645=EDGE_CURVE('',#646,#646,#648,.T.);
#646=VERTEX_POINT('',#647);
#647=CARTESIAN_POINT('',(-3.077663120604,-2.6,8.E-02));
#648=CIRCLE('',#649,0.172336879396);
#649=AXIS2_PLACEMENT_3D('',#650,#13,#14);
#650=CARTESIAN_POINT('',(-3.25,-2.6,8.E-02));
#651=FACE_BOUND('',#652,.F.);
#652=EDGE_LOOP('',(#653));
#653=ORIENTED_EDGE('',*,*,#654,.F.);
#654=EDGE_CURVE('',#655,#655,#657,.T.);
#655=VERTEX_POINT('',#656);
#656=CARTESIAN_POINT('',(-2.427663120604,-2.6,8.E-02));
#657=CIRCLE('',#658,0.172336879396);
#658=AXIS2_PLACEMENT_3D('',#659,#13,#14);
#659=CARTESIAN_POINT('',(-2.6,-2.6,8.E-02));
#660=FACE_BOUND('',#661,.F.);
#661=EDGE_LOOP('',(#662));
#662=ORIENTED_EDGE('',*,*,#663,.F.);
#663=EDGE_CURVE('',#664,#664,#666,.T.);
#664=VERTEX_POINT('',#665);
#665=CARTESIAN_POINT('',(-1.777663120604,-3.25,8.E-02));
#666=CIRCLE('',#667,0.172336879396);
#667=AXIS2_PLACEMENT_3D('',#668,#13,#14);
#668=CARTESIAN_POINT('',(-1.95,-3.25,8.E-02));
#669=FACE_BOUND('',#670,.F.);
#670=EDGE_LOOP('',(#671));
#671=ORIENTED_EDGE('',*,*,#672,.F.);
#672=EDGE_CURVE('',#673,#673,#675,.T.);
#673=VERTEX_POINT('',#674);
#674=CARTESIAN_POINT('',(-1.777663120604,-2.6,8.E-02));
#675=CIRCLE('',#676,0.172336879396);
#676=AXIS2_PLACEMENT_3D('',#677,#13,#14);
#677=CARTESIAN_POINT('',(-1.95,-2.6,8.E-02));
#678=FACE_BOUND('',#679,.F.);
#679=EDGE_LOOP('',(#680));
#680=ORIENTED_EDGE('',*,*,#681,.F.);
#681=EDGE_CURVE('',#682,#682,#684,.T.);
#682=VERTEX_POINT('',#683);
#683=CARTESIAN_POINT('',(-3.077663120604,-1.95,8.E-02));
#684=CIRCLE('',#685,0.172336879396);
#685=AXIS2_PLACEMENT_3D('',#686,#13,#14);
#686=CARTESIAN_POINT('',(-3.25,-1.95,8.E-02));
#687=FACE_BOUND('',#688,.F.);
#688=EDGE_LOOP('',(#689));
#689=ORIENTED_EDGE('',*,*,#690,.F.);
#690=EDGE_CURVE('',#691,#691,#693,.T.);
#691=VERTEX_POINT('',#692);
#692=CARTESIAN_POINT('',(-2.427663120604,-1.95,8.E-02));
#693=CIRCLE('',#694,0.172336879396);
#694=AXIS2_PLACEMENT_3D('',#695,#13,#14);
#695=CARTESIAN_POINT('',(-2.6,-1.95,8.E-02));
#696=FACE_BOUND('',#697,.F.);
#697=EDGE_LOOP('',(#698));
#698=ORIENTED_EDGE('',*,*,#699,.F.);
#699=EDGE_CURVE('',#700,#700,#702,.T.);
#700=VERTEX_POINT('',#701);
#701=CARTESIAN_POINT('',(-1.777663120604,-1.95,8.E-02));
#702=CIRCLE('',#703,0.172336879396);
#703=AXIS2_PLACEMENT_3D('',#704,#13,#14);
#704=CARTESIAN_POINT('',(-1.95,-1.95,8.E-02));
#705=FACE_BOUND('',#706,.F.);
#706=EDGE_LOOP('',(#707));
#707=ORIENTED_EDGE('',*,*,#708,.F.);
#708=EDGE_CURVE('',#709,#709,#711,.T.);
#709=VERTEX_POINT('',#710);
#710=CARTESIAN_POINT('',(-1.127663120604,-3.25,8.E-02));
#711=CIRCLE('',#712,0.172336879396);
#712=AXIS2_PLACEMENT_3D('',#713,#13,#14);
#713=CARTESIAN_POINT('',(-1.3,-3.25,8.E-02));
#714=FACE_BOUND('',#715,.F.);
#715=EDGE_LOOP('',(#716));
#716=ORIENTED_EDGE('',*,*,#717,.F.);
#717=EDGE_CURVE('',#718,#718,#720,.T.);
#718=VERTEX_POINT('',#719);
#719=CARTESIAN_POINT('',(-1.127663120604,-2.6,8.E-02));
#720=CIRCLE('',#721,0.172336879396);
#721=AXIS2_PLACEMENT_3D('',#722,#13,#14);
#722=CARTESIAN_POINT('',(-1.3,-2.6,8.E-02));
#723=FACE_BOUND('',#724,.F.);
#724=EDGE_LOOP('',(#725));
#725=ORIENTED_EDGE('',*,*,#726,.F.);
#726=EDGE_CURVE('',#727,#727,#729,.T.);
#727=VERTEX_POINT('',#728);
#728=CARTESIAN_POINT('',(-0.477663120604,-2.6,8.E-02));
#729=CIRCLE('',#730,0.172336879396);
#730=AXIS2_PLACEMENT_3D('',#731,#13,#14);
#731=CARTESIAN_POINT('',(-0.65,-2.6,8.E-02));
#732=FACE_BOUND('',#733,.F.);
#733=EDGE_LOOP('',(#734));
#734=ORIENTED_EDGE('',*,*,#735,.F.);
#735=EDGE_CURVE('',#736,#736,#738,.T.);
#736=VERTEX_POINT('',#737);
#737=CARTESIAN_POINT('',(-1.127663120604,-1.95,8.E-02));
#738=CIRCLE('',#739,0.172336879396);
#739=AXIS2_PLACEMENT_3D('',#740,#13,#14);
#740=CARTESIAN_POINT('',(-1.3,-1.95,8.E-02));
#741=FACE_BOUND('',#742,.F.);
#742=EDGE_LOOP('',(#743));
#743=ORIENTED_EDGE('',*,*,#744,.F.);
#744=EDGE_CURVE('',#745,#745,#747,.T.);
#745=VERTEX_POINT('',#746);
#746=CARTESIAN_POINT('',(-0.477663120604,-1.95,8.E-02));
#747=CIRCLE('',#748,0.172336879396);
#748=AXIS2_PLACEMENT_3D('',#749,#13,#14);
#749=CARTESIAN_POINT('',(-0.65,-1.95,8.E-02));
#750=FACE_BOUND('',#751,.F.);
#751=EDGE_LOOP('',(#752));
#752=ORIENTED_EDGE('',*,*,#753,.F.);
#753=EDGE_CURVE('',#754,#754,#756,.T.);
#754=VERTEX_POINT('',#755);
#755=CARTESIAN_POINT('',(-3.077663120604,-1.3,8.E-02));
#756=CIRCLE('',#757,0.172336879396);
#757=AXIS2_PLACEMENT_3D('',#758,#13,#14);
#758=CARTESIAN_POINT('',(-3.25,-1.3,8.E-02));
#759=FACE_BOUND('',#760,.F.);
#760=EDGE_LOOP('',(#761));
#761=ORIENTED_EDGE('',*,*,#762,.F.);
#762=EDGE_CURVE('',#763,#763,#765,.T.);
#763=VERTEX_POINT('',#764);
#764=CARTESIAN_POINT('',(-2.427663120604,-1.3,8.E-02));
#765=CIRCLE('',#766,0.172336879396);
#766=AXIS2_PLACEMENT_3D('',#767,#13,#14);
#767=CARTESIAN_POINT('',(-2.6,-1.3,8.E-02));
#768=FACE_BOUND('',#769,.F.);
#769=EDGE_LOOP('',(#770));
#770=ORIENTED_EDGE('',*,*,#771,.F.);
#771=EDGE_CURVE('',#772,#772,#774,.T.);
#772=VERTEX_POINT('',#773);
#773=CARTESIAN_POINT('',(-1.777663120604,-1.3,8.E-02));
#774=CIRCLE('',#775,0.172336879396);
#775=AXIS2_PLACEMENT_3D('',#776,#13,#14);
#776=CARTESIAN_POINT('',(-1.95,-1.3,8.E-02));
#777=FACE_BOUND('',#778,.F.);
#778=EDGE_LOOP('',(#779));
#779=ORIENTED_EDGE('',*,*,#780,.F.);
#780=EDGE_CURVE('',#781,#781,#783,.T.);
#781=VERTEX_POINT('',#782);
#782=CARTESIAN_POINT('',(-2.427663120604,-0.65,8.E-02));
#783=CIRCLE('',#784,0.172336879396);
#784=AXIS2_PLACEMENT_3D('',#785,#13,#14);
#785=CARTESIAN_POINT('',(-2.6,-0.65,8.E-02));
#786=FACE_BOUND('',#787,.F.);
#787=EDGE_LOOP('',(#788));
#788=ORIENTED_EDGE('',*,*,#789,.F.);
#789=EDGE_CURVE('',#790,#790,#792,.T.);
#790=VERTEX_POINT('',#791);
#791=CARTESIAN_POINT('',(-1.777663120604,-0.65,8.E-02));
#792=CIRCLE('',#793,0.172336879396);
#793=AXIS2_PLACEMENT_3D('',#794,#13,#14);
#794=CARTESIAN_POINT('',(-1.95,-0.65,8.E-02));
#795=FACE_BOUND('',#796,.F.);
#796=EDGE_LOOP('',(#797));
#797=ORIENTED_EDGE('',*,*,#798,.F.);
#798=EDGE_CURVE('',#799,#799,#801,.T.);
#799=VERTEX_POINT('',#800);
#800=CARTESIAN_POINT('',(-1.127663120604,-1.3,8.E-02));
#801=CIRCLE('',#802,0.172336879396);
#802=AXIS2_PLACEMENT_3D('',#803,#13,#14);
#803=CARTESIAN_POINT('',(-1.3,-1.3,8.E-02));
#804=FACE_BOUND('',#805,.F.);
#805=EDGE_LOOP('',(#806));
#806=ORIENTED_EDGE('',*,*,#807,.F.);
#807=EDGE_CURVE('',#808,#808,#810,.T.);
#808=VERTEX_POINT('',#809);
#809=CARTESIAN_POINT('',(-0.477663120604,-1.3,8.E-02));
#810=CIRCLE('',#811,0.172336879396);
#811=AXIS2_PLACEMENT_3D('',#812,#13,#14);
#812=CARTESIAN_POINT('',(-0.65,-1.3,8.E-02));
#813=FACE_BOUND('',#814,.F.);
#814=EDGE_LOOP('',(#815));
#815=ORIENTED_EDGE('',*,*,#816,.F.);
#816=EDGE_CURVE('',#817,#817,#819,.T.);
#817=VERTEX_POINT('',#818);
#818=CARTESIAN_POINT('',(-1.127663120604,-0.65,8.E-02));
#819=CIRCLE('',#820,0.172336879396);
#820=AXIS2_PLACEMENT_3D('',#821,#13,#14);
#821=CARTESIAN_POINT('',(-1.3,-0.65,8.E-02));
#822=FACE_BOUND('',#823,.F.);
#823=EDGE_LOOP('',(#824));
#824=ORIENTED_EDGE('',*,*,#825,.F.);
#825=EDGE_CURVE('',#826,#826,#828,.T.);
#826=VERTEX_POINT('',#827);
#827=CARTESIAN_POINT('',(-0.477663120604,-0.65,8.E-02));
#828=CIRCLE('',#829,0.172336879396);
#829=AXIS2_PLACEMENT_3D('',#830,#13,#14);
#830=CARTESIAN_POINT('',(-0.65,-0.65,8.E-02));
#831=FACE_BOUND('',#832,.F.);
#832=EDGE_LOOP('',(#833));
#833=ORIENTED_EDGE('',*,*,#834,.F.);
#834=EDGE_CURVE('',#835,#835,#837,.T.);
#835=VERTEX_POINT('',#836);
#836=CARTESIAN_POINT('',(0.172336879396,-6.5,8.E-02));
#837=CIRCLE('',#838,0.172336879396);
#838=AXIS2_PLACEMENT_3D('',#839,#13,#14);
#839=CARTESIAN_POINT('',(0.,-6.5,8.E-02));
#840=FACE_BOUND('',#841,.F.);
#841=EDGE_LOOP('',(#842));
#842=ORIENTED_EDGE('',*,*,#843,.F.);
#843=EDGE_CURVE('',#844,#844,#846,.T.);
#844=VERTEX_POINT('',#845);
#845=CARTESIAN_POINT('',(1.472336879396,-6.5,8.E-02));
#846=CIRCLE('',#847,0.172336879396);
#847=AXIS2_PLACEMENT_3D('',#848,#13,#14);
#848=CARTESIAN_POINT('',(1.3,-6.5,8.E-02));
#849=FACE_BOUND('',#850,.F.);
#850=EDGE_LOOP('',(#851));
#851=ORIENTED_EDGE('',*,*,#852,.F.);
#852=EDGE_CURVE('',#853,#853,#855,.T.);
#853=VERTEX_POINT('',#854);
#854=CARTESIAN_POINT('',(1.472336879396,-5.85,8.E-02));
#855=CIRCLE('',#856,0.172336879396);
#856=AXIS2_PLACEMENT_3D('',#857,#13,#14);
#857=CARTESIAN_POINT('',(1.3,-5.85,8.E-02));
#858=FACE_BOUND('',#859,.F.);
#859=EDGE_LOOP('',(#860));
#860=ORIENTED_EDGE('',*,*,#861,.F.);
#861=EDGE_CURVE('',#862,#862,#864,.T.);
#862=VERTEX_POINT('',#863);
#863=CARTESIAN_POINT('',(0.172336879396,-5.2,8.E-02));
#864=CIRCLE('',#865,0.172336879396);
#865=AXIS2_PLACEMENT_3D('',#866,#13,#14);
#866=CARTESIAN_POINT('',(0.,-5.2,8.E-02));
#867=FACE_BOUND('',#868,.F.);
#868=EDGE_LOOP('',(#869));
#869=ORIENTED_EDGE('',*,*,#870,.F.);
#870=EDGE_CURVE('',#871,#871,#873,.T.);
#871=VERTEX_POINT('',#872);
#872=CARTESIAN_POINT('',(2.122336879396,-6.5,8.E-02));
#873=CIRCLE('',#874,0.172336879396);
#874=AXIS2_PLACEMENT_3D('',#875,#13,#14);
#875=CARTESIAN_POINT('',(1.95,-6.5,8.E-02));
#876=FACE_BOUND('',#877,.F.);
#877=EDGE_LOOP('',(#878));
#878=ORIENTED_EDGE('',*,*,#879,.F.);
#879=EDGE_CURVE('',#880,#880,#882,.T.);
#880=VERTEX_POINT('',#881);
#881=CARTESIAN_POINT('',(2.772336879396,-6.5,8.E-02));
#882=CIRCLE('',#883,0.172336879396);
#883=AXIS2_PLACEMENT_3D('',#884,#13,#14);
#884=CARTESIAN_POINT('',(2.6,-6.5,8.E-02));
#885=FACE_BOUND('',#886,.F.);
#886=EDGE_LOOP('',(#887));
#887=ORIENTED_EDGE('',*,*,#888,.F.);
#888=EDGE_CURVE('',#889,#889,#891,.T.);
#889=VERTEX_POINT('',#890);
#890=CARTESIAN_POINT('',(3.422336879396,-6.5,8.E-02));
#891=CIRCLE('',#892,0.172336879396);
#892=AXIS2_PLACEMENT_3D('',#893,#13,#14);
#893=CARTESIAN_POINT('',(3.25,-6.5,8.E-02));
#894=FACE_BOUND('',#895,.F.);
#895=EDGE_LOOP('',(#896));
#896=ORIENTED_EDGE('',*,*,#897,.F.);
#897=EDGE_CURVE('',#898,#898,#900,.T.);
#898=VERTEX_POINT('',#899);
#899=CARTESIAN_POINT('',(2.772336879396,-5.85,8.E-02));
#900=CIRCLE('',#901,0.172336879396);
#901=AXIS2_PLACEMENT_3D('',#902,#13,#14);
#902=CARTESIAN_POINT('',(2.6,-5.85,8.E-02));
#903=FACE_BOUND('',#904,.F.);
#904=EDGE_LOOP('',(#905));
#905=ORIENTED_EDGE('',*,*,#906,.F.);
#906=EDGE_CURVE('',#907,#907,#909,.T.);
#907=VERTEX_POINT('',#908);
#908=CARTESIAN_POINT('',(3.422336879396,-5.85,8.E-02));
#909=CIRCLE('',#910,0.172336879396);
#910=AXIS2_PLACEMENT_3D('',#911,#13,#14);
#911=CARTESIAN_POINT('',(3.25,-5.85,8.E-02));
#912=FACE_BOUND('',#913,.F.);
#913=EDGE_LOOP('',(#914));
#914=ORIENTED_EDGE('',*,*,#915,.F.);
#915=EDGE_CURVE('',#916,#916,#918,.T.);
#916=VERTEX_POINT('',#917);
#917=CARTESIAN_POINT('',(2.122336879396,-5.2,8.E-02));
#918=CIRCLE('',#919,0.172336879396);
#919=AXIS2_PLACEMENT_3D('',#920,#13,#14);
#920=CARTESIAN_POINT('',(1.95,-5.2,8.E-02));
#921=FACE_BOUND('',#922,.F.);
#922=EDGE_LOOP('',(#923));
#923=ORIENTED_EDGE('',*,*,#924,.F.);
#924=EDGE_CURVE('',#925,#925,#927,.T.);
#925=VERTEX_POINT('',#926);
#926=CARTESIAN_POINT('',(2.772336879396,-5.2,8.E-02));
#927=CIRCLE('',#928,0.172336879396);
#928=AXIS2_PLACEMENT_3D('',#929,#13,#14);
#929=CARTESIAN_POINT('',(2.6,-5.2,8.E-02));
#930=FACE_BOUND('',#931,.F.);
#931=EDGE_LOOP('',(#932));
#932=ORIENTED_EDGE('',*,*,#933,.F.);
#933=EDGE_CURVE('',#934,#934,#936,.T.);
#934=VERTEX_POINT('',#935);
#935=CARTESIAN_POINT('',(3.422336879396,-5.2,8.E-02));
#936=CIRCLE('',#937,0.172336879396);
#937=AXIS2_PLACEMENT_3D('',#938,#13,#14);
#938=CARTESIAN_POINT('',(3.25,-5.2,8.E-02));
#939=FACE_BOUND('',#940,.F.);
#940=EDGE_LOOP('',(#941));
#941=ORIENTED_EDGE('',*,*,#942,.F.);
#942=EDGE_CURVE('',#943,#943,#945,.T.);
#943=VERTEX_POINT('',#944);
#944=CARTESIAN_POINT('',(1.472336879396,-4.55,8.E-02));
#945=CIRCLE('',#946,0.172336879396);
#946=AXIS2_PLACEMENT_3D('',#947,#13,#14);
#947=CARTESIAN_POINT('',(1.3,-4.55,8.E-02));
#948=FACE_BOUND('',#949,.F.);
#949=EDGE_LOOP('',(#950));
#950=ORIENTED_EDGE('',*,*,#951,.F.);
#951=EDGE_CURVE('',#952,#952,#954,.T.);
#952=VERTEX_POINT('',#953);
#953=CARTESIAN_POINT('',(2.122336879396,-4.55,8.E-02));
#954=CIRCLE('',#955,0.172336879396);
#955=AXIS2_PLACEMENT_3D('',#956,#13,#14);
#956=CARTESIAN_POINT('',(1.95,-4.55,8.E-02));
#957=FACE_BOUND('',#958,.F.);
#958=EDGE_LOOP('',(#959));
#959=ORIENTED_EDGE('',*,*,#960,.F.);
#960=EDGE_CURVE('',#961,#961,#963,.T.);
#961=VERTEX_POINT('',#962);
#962=CARTESIAN_POINT('',(2.772336879396,-4.55,8.E-02));
#963=CIRCLE('',#964,0.172336879396);
#964=AXIS2_PLACEMENT_3D('',#965,#13,#14);
#965=CARTESIAN_POINT('',(2.6,-4.55,8.E-02));
#966=FACE_BOUND('',#967,.F.);
#967=EDGE_LOOP('',(#968));
#968=ORIENTED_EDGE('',*,*,#969,.F.);
#969=EDGE_CURVE('',#970,#970,#972,.T.);
#970=VERTEX_POINT('',#971);
#971=CARTESIAN_POINT('',(3.422336879396,-4.55,8.E-02));
#972=CIRCLE('',#973,0.172336879396);
#973=AXIS2_PLACEMENT_3D('',#974,#13,#14);
#974=CARTESIAN_POINT('',(3.25,-4.55,8.E-02));
#975=FACE_BOUND('',#976,.F.);
#976=EDGE_LOOP('',(#977));
#977=ORIENTED_EDGE('',*,*,#978,.F.);
#978=EDGE_CURVE('',#979,#979,#981,.T.);
#979=VERTEX_POINT('',#980);
#980=CARTESIAN_POINT('',(2.122336879396,-3.9,8.E-02));
#981=CIRCLE('',#982,0.172336879396);
#982=AXIS2_PLACEMENT_3D('',#983,#13,#14);
#983=CARTESIAN_POINT('',(1.95,-3.9,8.E-02));
#984=FACE_BOUND('',#985,.F.);
#985=EDGE_LOOP('',(#986));
#986=ORIENTED_EDGE('',*,*,#987,.F.);
#987=EDGE_CURVE('',#988,#988,#990,.T.);
#988=VERTEX_POINT('',#989);
#989=CARTESIAN_POINT('',(2.772336879396,-3.9,8.E-02));
#990=CIRCLE('',#991,0.172336879396);
#991=AXIS2_PLACEMENT_3D('',#992,#13,#14);
#992=CARTESIAN_POINT('',(2.6,-3.9,8.E-02));
#993=FACE_BOUND('',#994,.F.);
#994=EDGE_LOOP('',(#995));
#995=ORIENTED_EDGE('',*,*,#996,.F.);
#996=EDGE_CURVE('',#997,#997,#999,.T.);
#997=VERTEX_POINT('',#998);
#998=CARTESIAN_POINT('',(3.422336879396,-3.9,8.E-02));
#999=CIRCLE('',#1000,0.172336879396);
#1000=AXIS2_PLACEMENT_3D('',#1001,#13,#14);
#1001=CARTESIAN_POINT('',(3.25,-3.9,8.E-02));
#1002=FACE_BOUND('',#1003,.F.);
#1003=EDGE_LOOP('',(#1004));
#1004=ORIENTED_EDGE('',*,*,#1005,.F.);
#1005=EDGE_CURVE('',#1006,#1006,#1008,.T.);
#1006=VERTEX_POINT('',#1007);
#1007=CARTESIAN_POINT('',(4.072336879396,-6.5,8.E-02));
#1008=CIRCLE('',#1009,0.172336879396);
#1009=AXIS2_PLACEMENT_3D('',#1010,#13,#14);
#1010=CARTESIAN_POINT('',(3.9,-6.5,8.E-02));
#1011=FACE_BOUND('',#1012,.F.);
#1012=EDGE_LOOP('',(#1013));
#1013=ORIENTED_EDGE('',*,*,#1014,.F.);
#1014=EDGE_CURVE('',#1015,#1015,#1017,.T.);
#1015=VERTEX_POINT('',#1016);
#1016=CARTESIAN_POINT('',(4.722336879396,-6.5,8.E-02));
#1017=CIRCLE('',#1018,0.172336879396);
#1018=AXIS2_PLACEMENT_3D('',#1019,#13,#14);
#1019=CARTESIAN_POINT('',(4.55,-6.5,8.E-02));
#1020=FACE_BOUND('',#1021,.F.);
#1021=EDGE_LOOP('',(#1022));
#1022=ORIENTED_EDGE('',*,*,#1023,.F.);
#1023=EDGE_CURVE('',#1024,#1024,#1026,.T.);
#1024=VERTEX_POINT('',#1025);
#1025=CARTESIAN_POINT('',(4.722336879396,-5.85,8.E-02));
#1026=CIRCLE('',#1027,0.172336879396);
#1027=AXIS2_PLACEMENT_3D('',#1028,#13,#14);
#1028=CARTESIAN_POINT('',(4.55,-5.85,8.E-02));
#1029=FACE_BOUND('',#1030,.F.);
#1030=EDGE_LOOP('',(#1031));
#1031=ORIENTED_EDGE('',*,*,#1032,.F.);
#1032=EDGE_CURVE('',#1033,#1033,#1035,.T.);
#1033=VERTEX_POINT('',#1034);
#1034=CARTESIAN_POINT('',(4.072336879396,-5.2,8.E-02));
#1035=CIRCLE('',#1036,0.172336879396);
#1036=AXIS2_PLACEMENT_3D('',#1037,#13,#14);
#1037=CARTESIAN_POINT('',(3.9,-5.2,8.E-02));
#1038=FACE_BOUND('',#1039,.F.);
#1039=EDGE_LOOP('',(#1040));
#1040=ORIENTED_EDGE('',*,*,#1041,.F.);
#1041=EDGE_CURVE('',#1042,#1042,#1044,.T.);
#1042=VERTEX_POINT('',#1043);
#1043=CARTESIAN_POINT('',(4.722336879396,-5.2,8.E-02));
#1044=CIRCLE('',#1045,0.172336879396);
#1045=AXIS2_PLACEMENT_3D('',#1046,#13,#14);
#1046=CARTESIAN_POINT('',(4.55,-5.2,8.E-02));
#1047=FACE_BOUND('',#1048,.F.);
#1048=EDGE_LOOP('',(#1049));
#1049=ORIENTED_EDGE('',*,*,#1050,.F.);
#1050=EDGE_CURVE('',#1051,#1051,#1053,.T.);
#1051=VERTEX_POINT('',#1052);
#1052=CARTESIAN_POINT('',(5.372336879396,-6.5,8.E-02));
#1053=CIRCLE('',#1054,0.172336879396);
#1054=AXIS2_PLACEMENT_3D('',#1055,#13,#14);
#1055=CARTESIAN_POINT('',(5.2,-6.5,8.E-02));
#1056=FACE_BOUND('',#1057,.F.);
#1057=EDGE_LOOP('',(#1058));
#1058=ORIENTED_EDGE('',*,*,#1059,.F.);
#1059=EDGE_CURVE('',#1060,#1060,#1062,.T.);
#1060=VERTEX_POINT('',#1061);
#1061=CARTESIAN_POINT('',(5.372336879396,-5.85,8.E-02));
#1062=CIRCLE('',#1063,0.172336879396);
#1063=AXIS2_PLACEMENT_3D('',#1064,#13,#14);
#1064=CARTESIAN_POINT('',(5.2,-5.85,8.E-02));
#1065=FACE_BOUND('',#1066,.F.);
#1066=EDGE_LOOP('',(#1067));
#1067=ORIENTED_EDGE('',*,*,#1068,.F.);
#1068=EDGE_CURVE('',#1069,#1069,#1071,.T.);
#1069=VERTEX_POINT('',#1070);
#1070=CARTESIAN_POINT('',(6.022336879396,-6.5,8.E-02));
#1071=CIRCLE('',#1072,0.172336879396);
#1072=AXIS2_PLACEMENT_3D('',#1073,#13,#14);
#1073=CARTESIAN_POINT('',(5.85,-6.5,8.E-02));
#1074=FACE_BOUND('',#1075,.F.);
#1075=EDGE_LOOP('',(#1076));
#1076=ORIENTED_EDGE('',*,*,#1077,.F.);
#1077=EDGE_CURVE('',#1078,#1078,#1080,.T.);
#1078=VERTEX_POINT('',#1079);
#1079=CARTESIAN_POINT('',(6.672336879396,-6.5,8.E-02));
#1080=CIRCLE('',#1081,0.172336879396);
#1081=AXIS2_PLACEMENT_3D('',#1082,#13,#14);
#1082=CARTESIAN_POINT('',(6.5,-6.5,8.E-02));
#1083=FACE_BOUND('',#1084,.F.);
#1084=EDGE_LOOP('',(#1085));
#1085=ORIENTED_EDGE('',*,*,#1086,.F.);
#1086=EDGE_CURVE('',#1087,#1087,#1089,.T.);
#1087=VERTEX_POINT('',#1088);
#1088=CARTESIAN_POINT('',(6.022336879396,-5.85,8.E-02));
#1089=CIRCLE('',#1090,0.172336879396);
#1090=AXIS2_PLACEMENT_3D('',#1091,#13,#14);
#1091=CARTESIAN_POINT('',(5.85,-5.85,8.E-02));
#1092=FACE_BOUND('',#1093,.F.);
#1093=EDGE_LOOP('',(#1094));
#1094=ORIENTED_EDGE('',*,*,#1095,.F.);
#1095=EDGE_CURVE('',#1096,#1096,#1098,.T.);
#1096=VERTEX_POINT('',#1097);
#1097=CARTESIAN_POINT('',(6.672336879396,-5.85,8.E-02));
#1098=CIRCLE('',#1099,0.172336879396);
#1099=AXIS2_PLACEMENT_3D('',#1100,#13,#14);
#1100=CARTESIAN_POINT('',(6.5,-5.85,8.E-02));
#1101=FACE_BOUND('',#1102,.F.);
#1102=EDGE_LOOP('',(#1103));
#1103=ORIENTED_EDGE('',*,*,#1104,.F.);
#1104=EDGE_CURVE('',#1105,#1105,#1107,.T.);
#1105=VERTEX_POINT('',#1106);
#1106=CARTESIAN_POINT('',(5.372336879396,-5.2,8.E-02));
#1107=CIRCLE('',#1108,0.172336879396);
#1108=AXIS2_PLACEMENT_3D('',#1109,#13,#14);
#1109=CARTESIAN_POINT('',(5.2,-5.2,8.E-02));
#1110=FACE_BOUND('',#1111,.F.);
#1111=EDGE_LOOP('',(#1112));
#1112=ORIENTED_EDGE('',*,*,#1113,.F.);
#1113=EDGE_CURVE('',#1114,#1114,#1116,.T.);
#1114=VERTEX_POINT('',#1115);
#1115=CARTESIAN_POINT('',(6.022336879396,-5.2,8.E-02));
#1116=CIRCLE('',#1117,0.172336879396);
#1117=AXIS2_PLACEMENT_3D('',#1118,#13,#14);
#1118=CARTESIAN_POINT('',(5.85,-5.2,8.E-02));
#1119=FACE_BOUND('',#1120,.F.);
#1120=EDGE_LOOP('',(#1121));
#1121=ORIENTED_EDGE('',*,*,#1122,.F.);
#1122=EDGE_CURVE('',#1123,#1123,#1125,.T.);
#1123=VERTEX_POINT('',#1124);
#1124=CARTESIAN_POINT('',(6.672336879396,-5.2,8.E-02));
#1125=CIRCLE('',#1126,0.172336879396);
#1126=AXIS2_PLACEMENT_3D('',#1127,#13,#14);
#1127=CARTESIAN_POINT('',(6.5,-5.2,8.E-02));
#1128=FACE_BOUND('',#1129,.F.);
#1129=EDGE_LOOP('',(#1130));
#1130=ORIENTED_EDGE('',*,*,#1131,.F.);
#1131=EDGE_CURVE('',#1132,#1132,#1134,.T.);
#1132=VERTEX_POINT('',#1133);
#1133=CARTESIAN_POINT('',(4.072336879396,-4.55,8.E-02));
#1134=CIRCLE('',#1135,0.172336879396);
#1135=AXIS2_PLACEMENT_3D('',#1136,#13,#14);
#1136=CARTESIAN_POINT('',(3.9,-4.55,8.E-02));
#1137=FACE_BOUND('',#1138,.F.);
#1138=EDGE_LOOP('',(#1139));
#1139=ORIENTED_EDGE('',*,*,#1140,.F.);
#1140=EDGE_CURVE('',#1141,#1141,#1143,.T.);
#1141=VERTEX_POINT('',#1142);
#1142=CARTESIAN_POINT('',(4.722336879396,-4.55,8.E-02));
#1143=CIRCLE('',#1144,0.172336879396);
#1144=AXIS2_PLACEMENT_3D('',#1145,#13,#14);
#1145=CARTESIAN_POINT('',(4.55,-4.55,8.E-02));
#1146=FACE_BOUND('',#1147,.F.);
#1147=EDGE_LOOP('',(#1148));
#1148=ORIENTED_EDGE('',*,*,#1149,.F.);
#1149=EDGE_CURVE('',#1150,#1150,#1152,.T.);
#1150=VERTEX_POINT('',#1151);
#1151=CARTESIAN_POINT('',(4.072336879396,-3.9,8.E-02));
#1152=CIRCLE('',#1153,0.172336879396);
#1153=AXIS2_PLACEMENT_3D('',#1154,#13,#14);
#1154=CARTESIAN_POINT('',(3.9,-3.9,8.E-02));
#1155=FACE_BOUND('',#1156,.F.);
#1156=EDGE_LOOP('',(#1157));
#1157=ORIENTED_EDGE('',*,*,#1158,.F.);
#1158=EDGE_CURVE('',#1159,#1159,#1161,.T.);
#1159=VERTEX_POINT('',#1160);
#1160=CARTESIAN_POINT('',(4.722336879396,-3.9,8.E-02));
#1161=CIRCLE('',#1162,0.172336879396);
#1162=AXIS2_PLACEMENT_3D('',#1163,#13,#14);
#1163=CARTESIAN_POINT('',(4.55,-3.9,8.E-02));
#1164=FACE_BOUND('',#1165,.F.);
#1165=EDGE_LOOP('',(#1166));
#1166=ORIENTED_EDGE('',*,*,#1167,.F.);
#1167=EDGE_CURVE('',#1168,#1168,#1170,.T.);
#1168=VERTEX_POINT('',#1169);
#1169=CARTESIAN_POINT('',(5.372336879396,-4.55,8.E-02));
#1170=CIRCLE('',#1171,0.172336879396);
#1171=AXIS2_PLACEMENT_3D('',#1172,#13,#14);
#1172=CARTESIAN_POINT('',(5.2,-4.55,8.E-02));
#1173=FACE_BOUND('',#1174,.F.);
#1174=EDGE_LOOP('',(#1175));
#1175=ORIENTED_EDGE('',*,*,#1176,.F.);
#1176=EDGE_CURVE('',#1177,#1177,#1179,.T.);
#1177=VERTEX_POINT('',#1178);
#1178=CARTESIAN_POINT('',(6.022336879396,-4.55,8.E-02));
#1179=CIRCLE('',#1180,0.172336879396);
#1180=AXIS2_PLACEMENT_3D('',#1181,#13,#14);
#1181=CARTESIAN_POINT('',(5.85,-4.55,8.E-02));
#1182=FACE_BOUND('',#1183,.F.);
#1183=EDGE_LOOP('',(#1184));
#1184=ORIENTED_EDGE('',*,*,#1185,.F.);
#1185=EDGE_CURVE('',#1186,#1186,#1188,.T.);
#1186=VERTEX_POINT('',#1187);
#1187=CARTESIAN_POINT('',(6.672336879396,-4.55,8.E-02));
#1188=CIRCLE('',#1189,0.172336879396);
#1189=AXIS2_PLACEMENT_3D('',#1190,#13,#14);
#1190=CARTESIAN_POINT('',(6.5,-4.55,8.E-02));
#1191=FACE_BOUND('',#1192,.F.);
#1192=EDGE_LOOP('',(#1193));
#1193=ORIENTED_EDGE('',*,*,#1194,.F.);
#1194=EDGE_CURVE('',#1195,#1195,#1197,.T.);
#1195=VERTEX_POINT('',#1196);
#1196=CARTESIAN_POINT('',(5.372336879396,-3.9,8.E-02));
#1197=CIRCLE('',#1198,0.172336879396);
#1198=AXIS2_PLACEMENT_3D('',#1199,#13,#14);
#1199=CARTESIAN_POINT('',(5.2,-3.9,8.E-02));
#1200=FACE_BOUND('',#1201,.F.);
#1201=EDGE_LOOP('',(#1202));
#1202=ORIENTED_EDGE('',*,*,#1203,.F.);
#1203=EDGE_CURVE('',#1204,#1204,#1206,.T.);
#1204=VERTEX_POINT('',#1205);
#1205=CARTESIAN_POINT('',(6.672336879396,-3.9,8.E-02));
#1206=CIRCLE('',#1207,0.172336879396);
#1207=AXIS2_PLACEMENT_3D('',#1208,#13,#14);
#1208=CARTESIAN_POINT('',(6.5,-3.9,8.E-02));
#1209=FACE_BOUND('',#1210,.F.);
#1210=EDGE_LOOP('',(#1211));
#1211=ORIENTED_EDGE('',*,*,#1212,.F.);
#1212=EDGE_CURVE('',#1213,#1213,#1215,.T.);
#1213=VERTEX_POINT('',#1214);
#1214=CARTESIAN_POINT('',(0.172336879396,-2.6,8.E-02));
#1215=CIRCLE('',#1216,0.172336879396);
#1216=AXIS2_PLACEMENT_3D('',#1217,#13,#14);
#1217=CARTESIAN_POINT('',(0.,-2.6,8.E-02));
#1218=FACE_BOUND('',#1219,.F.);
#1219=EDGE_LOOP('',(#1220));
#1220=ORIENTED_EDGE('',*,*,#1221,.F.);
#1221=EDGE_CURVE('',#1222,#1222,#1224,.T.);
#1222=VERTEX_POINT('',#1223);
#1223=CARTESIAN_POINT('',(0.822336879396,-2.6,8.E-02));
#1224=CIRCLE('',#1225,0.172336879396);
#1225=AXIS2_PLACEMENT_3D('',#1226,#13,#14);
#1226=CARTESIAN_POINT('',(0.65,-2.6,8.E-02));
#1227=FACE_BOUND('',#1228,.F.);
#1228=EDGE_LOOP('',(#1229));
#1229=ORIENTED_EDGE('',*,*,#1230,.F.);
#1230=EDGE_CURVE('',#1231,#1231,#1233,.T.);
#1231=VERTEX_POINT('',#1232);
#1232=CARTESIAN_POINT('',(1.472336879396,-3.25,8.E-02));
#1233=CIRCLE('',#1234,0.172336879396);
#1234=AXIS2_PLACEMENT_3D('',#1235,#13,#14);
#1235=CARTESIAN_POINT('',(1.3,-3.25,8.E-02));
#1236=FACE_BOUND('',#1237,.F.);
#1237=EDGE_LOOP('',(#1238));
#1238=ORIENTED_EDGE('',*,*,#1239,.F.);
#1239=EDGE_CURVE('',#1240,#1240,#1242,.T.);
#1240=VERTEX_POINT('',#1241);
#1241=CARTESIAN_POINT('',(1.472336879396,-2.6,8.E-02));
#1242=CIRCLE('',#1243,0.172336879396);
#1243=AXIS2_PLACEMENT_3D('',#1244,#13,#14);
#1244=CARTESIAN_POINT('',(1.3,-2.6,8.E-02));
#1245=FACE_BOUND('',#1246,.F.);
#1246=EDGE_LOOP('',(#1247));
#1247=ORIENTED_EDGE('',*,*,#1248,.F.);
#1248=EDGE_CURVE('',#1249,#1249,#1251,.T.);
#1249=VERTEX_POINT('',#1250);
#1250=CARTESIAN_POINT('',(0.172336879396,-1.95,8.E-02));
#1251=CIRCLE('',#1252,0.172336879396);
#1252=AXIS2_PLACEMENT_3D('',#1253,#13,#14);
#1253=CARTESIAN_POINT('',(0.,-1.95,8.E-02));
#1254=FACE_BOUND('',#1255,.F.);
#1255=EDGE_LOOP('',(#1256));
#1256=ORIENTED_EDGE('',*,*,#1257,.F.);
#1257=EDGE_CURVE('',#1258,#1258,#1260,.T.);
#1258=VERTEX_POINT('',#1259);
#1259=CARTESIAN_POINT('',(0.822336879396,-1.95,8.E-02));
#1260=CIRCLE('',#1261,0.172336879396);
#1261=AXIS2_PLACEMENT_3D('',#1262,#13,#14);
#1262=CARTESIAN_POINT('',(0.65,-1.95,8.E-02));
#1263=FACE_BOUND('',#1264,.F.);
#1264=EDGE_LOOP('',(#1265));
#1265=ORIENTED_EDGE('',*,*,#1266,.F.);
#1266=EDGE_CURVE('',#1267,#1267,#1269,.T.);
#1267=VERTEX_POINT('',#1268);
#1268=CARTESIAN_POINT('',(1.472336879396,-1.95,8.E-02));
#1269=CIRCLE('',#1270,0.172336879396);
#1270=AXIS2_PLACEMENT_3D('',#1271,#13,#14);
#1271=CARTESIAN_POINT('',(1.3,-1.95,8.E-02));
#1272=FACE_BOUND('',#1273,.F.);
#1273=EDGE_LOOP('',(#1274));
#1274=ORIENTED_EDGE('',*,*,#1275,.F.);
#1275=EDGE_CURVE('',#1276,#1276,#1278,.T.);
#1276=VERTEX_POINT('',#1277);
#1277=CARTESIAN_POINT('',(2.122336879396,-3.25,8.E-02));
#1278=CIRCLE('',#1279,0.172336879396);
#1279=AXIS2_PLACEMENT_3D('',#1280,#13,#14);
#1280=CARTESIAN_POINT('',(1.95,-3.25,8.E-02));
#1281=FACE_BOUND('',#1282,.F.);
#1282=EDGE_LOOP('',(#1283));
#1283=ORIENTED_EDGE('',*,*,#1284,.F.);
#1284=EDGE_CURVE('',#1285,#1285,#1287,.T.);
#1285=VERTEX_POINT('',#1286);
#1286=CARTESIAN_POINT('',(2.122336879396,-2.6,8.E-02));
#1287=CIRCLE('',#1288,0.172336879396);
#1288=AXIS2_PLACEMENT_3D('',#1289,#13,#14);
#1289=CARTESIAN_POINT('',(1.95,-2.6,8.E-02));
#1290=FACE_BOUND('',#1291,.F.);
#1291=EDGE_LOOP('',(#1292));
#1292=ORIENTED_EDGE('',*,*,#1293,.F.);
#1293=EDGE_CURVE('',#1294,#1294,#1296,.T.);
#1294=VERTEX_POINT('',#1295);
#1295=CARTESIAN_POINT('',(2.772336879396,-3.25,8.E-02));
#1296=CIRCLE('',#1297,0.172336879396);
#1297=AXIS2_PLACEMENT_3D('',#1298,#13,#14);
#1298=CARTESIAN_POINT('',(2.6,-3.25,8.E-02));
#1299=FACE_BOUND('',#1300,.F.);
#1300=EDGE_LOOP('',(#1301));
#1301=ORIENTED_EDGE('',*,*,#1302,.F.);
#1302=EDGE_CURVE('',#1303,#1303,#1305,.T.);
#1303=VERTEX_POINT('',#1304);
#1304=CARTESIAN_POINT('',(3.422336879396,-3.25,8.E-02));
#1305=CIRCLE('',#1306,0.172336879396);
#1306=AXIS2_PLACEMENT_3D('',#1307,#13,#14);
#1307=CARTESIAN_POINT('',(3.25,-3.25,8.E-02));
#1308=FACE_BOUND('',#1309,.F.);
#1309=EDGE_LOOP('',(#1310));
#1310=ORIENTED_EDGE('',*,*,#1311,.F.);
#1311=EDGE_CURVE('',#1312,#1312,#1314,.T.);
#1312=VERTEX_POINT('',#1313);
#1313=CARTESIAN_POINT('',(2.772336879396,-2.6,8.E-02));
#1314=CIRCLE('',#1315,0.172336879396);
#1315=AXIS2_PLACEMENT_3D('',#1316,#13,#14);
#1316=CARTESIAN_POINT('',(2.6,-2.6,8.E-02));
#1317=FACE_BOUND('',#1318,.F.);
#1318=EDGE_LOOP('',(#1319));
#1319=ORIENTED_EDGE('',*,*,#1320,.F.);
#1320=EDGE_CURVE('',#1321,#1321,#1323,.T.);
#1321=VERTEX_POINT('',#1322);
#1322=CARTESIAN_POINT('',(3.422336879396,-2.6,8.E-02));
#1323=CIRCLE('',#1324,0.172336879396);
#1324=AXIS2_PLACEMENT_3D('',#1325,#13,#14);
#1325=CARTESIAN_POINT('',(3.25,-2.6,8.E-02));
#1326=FACE_BOUND('',#1327,.F.);
#1327=EDGE_LOOP('',(#1328));
#1328=ORIENTED_EDGE('',*,*,#1329,.F.);
#1329=EDGE_CURVE('',#1330,#1330,#1332,.T.);
#1330=VERTEX_POINT('',#1331);
#1331=CARTESIAN_POINT('',(2.122336879396,-1.95,8.E-02));
#1332=CIRCLE('',#1333,0.172336879396);
#1333=AXIS2_PLACEMENT_3D('',#1334,#13,#14);
#1334=CARTESIAN_POINT('',(1.95,-1.95,8.E-02));
#1335=FACE_BOUND('',#1336,.F.);
#1336=EDGE_LOOP('',(#1337));
#1337=ORIENTED_EDGE('',*,*,#1338,.F.);
#1338=EDGE_CURVE('',#1339,#1339,#1341,.T.);
#1339=VERTEX_POINT('',#1340);
#1340=CARTESIAN_POINT('',(2.772336879396,-1.95,8.E-02));
#1341=CIRCLE('',#1342,0.172336879396);
#1342=AXIS2_PLACEMENT_3D('',#1343,#13,#14);
#1343=CARTESIAN_POINT('',(2.6,-1.95,8.E-02));
#1344=FACE_BOUND('',#1345,.F.);
#1345=EDGE_LOOP('',(#1346));
#1346=ORIENTED_EDGE('',*,*,#1347,.F.);
#1347=EDGE_CURVE('',#1348,#1348,#1350,.T.);
#1348=VERTEX_POINT('',#1349);
#1349=CARTESIAN_POINT('',(3.422336879396,-1.95,8.E-02));
#1350=CIRCLE('',#1351,0.172336879396);
#1351=AXIS2_PLACEMENT_3D('',#1352,#13,#14);
#1352=CARTESIAN_POINT('',(3.25,-1.95,8.E-02));
#1353=FACE_BOUND('',#1354,.F.);
#1354=EDGE_LOOP('',(#1355));
#1355=ORIENTED_EDGE('',*,*,#1356,.F.);
#1356=EDGE_CURVE('',#1357,#1357,#1359,.T.);
#1357=VERTEX_POINT('',#1358);
#1358=CARTESIAN_POINT('',(0.172336879396,-1.3,8.E-02));
#1359=CIRCLE('',#1360,0.172336879396);
#1360=AXIS2_PLACEMENT_3D('',#1361,#13,#14);
#1361=CARTESIAN_POINT('',(0.,-1.3,8.E-02));
#1362=FACE_BOUND('',#1363,.F.);
#1363=EDGE_LOOP('',(#1364));
#1364=ORIENTED_EDGE('',*,*,#1365,.F.);
#1365=EDGE_CURVE('',#1366,#1366,#1368,.T.);
#1366=VERTEX_POINT('',#1367);
#1367=CARTESIAN_POINT('',(0.822336879396,-1.3,8.E-02));
#1368=CIRCLE('',#1369,0.172336879396);
#1369=AXIS2_PLACEMENT_3D('',#1370,#13,#14);
#1370=CARTESIAN_POINT('',(0.65,-1.3,8.E-02));
#1371=FACE_BOUND('',#1372,.F.);
#1372=EDGE_LOOP('',(#1373));
#1373=ORIENTED_EDGE('',*,*,#1374,.F.);
#1374=EDGE_CURVE('',#1375,#1375,#1377,.T.);
#1375=VERTEX_POINT('',#1376);
#1376=CARTESIAN_POINT('',(1.472336879396,-1.3,8.E-02));
#1377=CIRCLE('',#1378,0.172336879396);
#1378=AXIS2_PLACEMENT_3D('',#1379,#13,#14);
#1379=CARTESIAN_POINT('',(1.3,-1.3,8.E-02));
#1380=FACE_BOUND('',#1381,.F.);
#1381=EDGE_LOOP('',(#1382));
#1382=ORIENTED_EDGE('',*,*,#1383,.F.);
#1383=EDGE_CURVE('',#1384,#1384,#1386,.T.);
#1384=VERTEX_POINT('',#1385);
#1385=CARTESIAN_POINT('',(0.172336879396,-0.65,8.E-02));
#1386=CIRCLE('',#1387,0.172336879396);
#1387=AXIS2_PLACEMENT_3D('',#1388,#13,#14);
#1388=CARTESIAN_POINT('',(0.,-0.65,8.E-02));
#1389=FACE_BOUND('',#1390,.F.);
#1390=EDGE_LOOP('',(#1391));
#1391=ORIENTED_EDGE('',*,*,#1392,.F.);
#1392=EDGE_CURVE('',#1393,#1393,#1395,.T.);
#1393=VERTEX_POINT('',#1394);
#1394=CARTESIAN_POINT('',(0.822336879396,-0.65,8.E-02));
#1395=CIRCLE('',#1396,0.172336879396);
#1396=AXIS2_PLACEMENT_3D('',#1397,#13,#14);
#1397=CARTESIAN_POINT('',(0.65,-0.65,8.E-02));
#1398=FACE_BOUND('',#1399,.F.);
#1399=EDGE_LOOP('',(#1400));
#1400=ORIENTED_EDGE('',*,*,#1401,.F.);
#1401=EDGE_CURVE('',#1402,#1402,#1404,.T.);
#1402=VERTEX_POINT('',#1403);
#1403=CARTESIAN_POINT('',(1.472336879396,-0.65,8.E-02));
#1404=CIRCLE('',#1405,0.172336879396);
#1405=AXIS2_PLACEMENT_3D('',#1406,#13,#14);
#1406=CARTESIAN_POINT('',(1.3,-0.65,8.E-02));
#1407=FACE_BOUND('',#1408,.F.);
#1408=EDGE_LOOP('',(#1409));
#1409=ORIENTED_EDGE('',*,*,#1410,.F.);
#1410=EDGE_CURVE('',#1411,#1411,#1413,.T.);
#1411=VERTEX_POINT('',#1412);
#1412=CARTESIAN_POINT('',(2.122336879396,-1.3,8.E-02));
#1413=CIRCLE('',#1414,0.172336879396);
#1414=AXIS2_PLACEMENT_3D('',#1415,#13,#14);
#1415=CARTESIAN_POINT('',(1.95,-1.3,8.E-02));
#1416=FACE_BOUND('',#1417,.F.);
#1417=EDGE_LOOP('',(#1418));
#1418=ORIENTED_EDGE('',*,*,#1419,.F.);
#1419=EDGE_CURVE('',#1420,#1420,#1422,.T.);
#1420=VERTEX_POINT('',#1421);
#1421=CARTESIAN_POINT('',(2.772336879396,-1.3,8.E-02));
#1422=CIRCLE('',#1423,0.172336879396);
#1423=AXIS2_PLACEMENT_3D('',#1424,#13,#14);
#1424=CARTESIAN_POINT('',(2.6,-1.3,8.E-02));
#1425=FACE_BOUND('',#1426,.F.);
#1426=EDGE_LOOP('',(#1427));
#1427=ORIENTED_EDGE('',*,*,#1428,.F.);
#1428=EDGE_CURVE('',#1429,#1429,#1431,.T.);
#1429=VERTEX_POINT('',#1430);
#1430=CARTESIAN_POINT('',(3.422336879396,-1.3,8.E-02));
#1431=CIRCLE('',#1432,0.172336879396);
#1432=AXIS2_PLACEMENT_3D('',#1433,#13,#14);
#1433=CARTESIAN_POINT('',(3.25,-1.3,8.E-02));
#1434=FACE_BOUND('',#1435,.F.);
#1435=EDGE_LOOP('',(#1436));
#1436=ORIENTED_EDGE('',*,*,#1437,.F.);
#1437=EDGE_CURVE('',#1438,#1438,#1440,.T.);
#1438=VERTEX_POINT('',#1439);
#1439=CARTESIAN_POINT('',(2.122336879396,-0.65,8.E-02));
#1440=CIRCLE('',#1441,0.172336879396);
#1441=AXIS2_PLACEMENT_3D('',#1442,#13,#14);
#1442=CARTESIAN_POINT('',(1.95,-0.65,8.E-02));
#1443=FACE_BOUND('',#1444,.F.);
#1444=EDGE_LOOP('',(#1445));
#1445=ORIENTED_EDGE('',*,*,#1446,.F.);
#1446=EDGE_CURVE('',#1447,#1447,#1449,.T.);
#1447=VERTEX_POINT('',#1448);
#1448=CARTESIAN_POINT('',(2.772336879396,-0.65,8.E-02));
#1449=CIRCLE('',#1450,0.172336879396);
#1450=AXIS2_PLACEMENT_3D('',#1451,#13,#14);
#1451=CARTESIAN_POINT('',(2.6,-0.65,8.E-02));
#1452=FACE_BOUND('',#1453,.F.);
#1453=EDGE_LOOP('',(#1454));
#1454=ORIENTED_EDGE('',*,*,#1455,.F.);
#1455=EDGE_CURVE('',#1456,#1456,#1458,.T.);
#1456=VERTEX_POINT('',#1457);
#1457=CARTESIAN_POINT('',(4.072336879396,-3.25,8.E-02));
#1458=CIRCLE('',#1459,0.172336879396);
#1459=AXIS2_PLACEMENT_3D('',#1460,#13,#14);
#1460=CARTESIAN_POINT('',(3.9,-3.25,8.E-02));
#1461=FACE_BOUND('',#1462,.F.);
#1462=EDGE_LOOP('',(#1463));
#1463=ORIENTED_EDGE('',*,*,#1464,.F.);
#1464=EDGE_CURVE('',#1465,#1465,#1467,.T.);
#1465=VERTEX_POINT('',#1466);
#1466=CARTESIAN_POINT('',(4.072336879396,-2.6,8.E-02));
#1467=CIRCLE('',#1468,0.172336879396);
#1468=AXIS2_PLACEMENT_3D('',#1469,#13,#14);
#1469=CARTESIAN_POINT('',(3.9,-2.6,8.E-02));
#1470=FACE_BOUND('',#1471,.F.);
#1471=EDGE_LOOP('',(#1472));
#1472=ORIENTED_EDGE('',*,*,#1473,.F.);
#1473=EDGE_CURVE('',#1474,#1474,#1476,.T.);
#1474=VERTEX_POINT('',#1475);
#1475=CARTESIAN_POINT('',(4.722336879396,-3.25,8.E-02));
#1476=CIRCLE('',#1477,0.172336879396);
#1477=AXIS2_PLACEMENT_3D('',#1478,#13,#14);
#1478=CARTESIAN_POINT('',(4.55,-3.25,8.E-02));
#1479=FACE_BOUND('',#1480,.F.);
#1480=EDGE_LOOP('',(#1481));
#1481=ORIENTED_EDGE('',*,*,#1482,.F.);
#1482=EDGE_CURVE('',#1483,#1483,#1485,.T.);
#1483=VERTEX_POINT('',#1484);
#1484=CARTESIAN_POINT('',(4.722336879396,-2.6,8.E-02));
#1485=CIRCLE('',#1486,0.172336879396);
#1486=AXIS2_PLACEMENT_3D('',#1487,#13,#14);
#1487=CARTESIAN_POINT('',(4.55,-2.6,8.E-02));
#1488=FACE_BOUND('',#1489,.F.);
#1489=EDGE_LOOP('',(#1490));
#1490=ORIENTED_EDGE('',*,*,#1491,.F.);
#1491=EDGE_CURVE('',#1492,#1492,#1494,.T.);
#1492=VERTEX_POINT('',#1493);
#1493=CARTESIAN_POINT('',(4.072336879396,-1.95,8.E-02));
#1494=CIRCLE('',#1495,0.172336879396);
#1495=AXIS2_PLACEMENT_3D('',#1496,#13,#14);
#1496=CARTESIAN_POINT('',(3.9,-1.95,8.E-02));
#1497=FACE_BOUND('',#1498,.F.);
#1498=EDGE_LOOP('',(#1499));
#1499=ORIENTED_EDGE('',*,*,#1500,.F.);
#1500=EDGE_CURVE('',#1501,#1501,#1503,.T.);
#1501=VERTEX_POINT('',#1502);
#1502=CARTESIAN_POINT('',(4.722336879396,-1.95,8.E-02));
#1503=CIRCLE('',#1504,0.172336879396);
#1504=AXIS2_PLACEMENT_3D('',#1505,#13,#14);
#1505=CARTESIAN_POINT('',(4.55,-1.95,8.E-02));
#1506=FACE_BOUND('',#1507,.F.);
#1507=EDGE_LOOP('',(#1508));
#1508=ORIENTED_EDGE('',*,*,#1509,.F.);
#1509=EDGE_CURVE('',#1510,#1510,#1512,.T.);
#1510=VERTEX_POINT('',#1511);
#1511=CARTESIAN_POINT('',(5.372336879396,-3.25,8.E-02));
#1512=CIRCLE('',#1513,0.172336879396);
#1513=AXIS2_PLACEMENT_3D('',#1514,#13,#14);
#1514=CARTESIAN_POINT('',(5.2,-3.25,8.E-02));
#1515=FACE_BOUND('',#1516,.F.);
#1516=EDGE_LOOP('',(#1517));
#1517=ORIENTED_EDGE('',*,*,#1518,.F.);
#1518=EDGE_CURVE('',#1519,#1519,#1521,.T.);
#1519=VERTEX_POINT('',#1520);
#1520=CARTESIAN_POINT('',(5.372336879396,-2.6,8.E-02));
#1521=CIRCLE('',#1522,0.172336879396);
#1522=AXIS2_PLACEMENT_3D('',#1523,#13,#14);
#1523=CARTESIAN_POINT('',(5.2,-2.6,8.E-02));
#1524=FACE_BOUND('',#1525,.F.);
#1525=EDGE_LOOP('',(#1526));
#1526=ORIENTED_EDGE('',*,*,#1527,.F.);
#1527=EDGE_CURVE('',#1528,#1528,#1530,.T.);
#1528=VERTEX_POINT('',#1529);
#1529=CARTESIAN_POINT('',(6.022336879396,-3.25,8.E-02));
#1530=CIRCLE('',#1531,0.172336879396);
#1531=AXIS2_PLACEMENT_3D('',#1532,#13,#14);
#1532=CARTESIAN_POINT('',(5.85,-3.25,8.E-02));
#1533=FACE_BOUND('',#1534,.F.);
#1534=EDGE_LOOP('',(#1535));
#1535=ORIENTED_EDGE('',*,*,#1536,.F.);
#1536=EDGE_CURVE('',#1537,#1537,#1539,.T.);
#1537=VERTEX_POINT('',#1538);
#1538=CARTESIAN_POINT('',(6.672336879396,-3.25,8.E-02));
#1539=CIRCLE('',#1540,0.172336879396);
#1540=AXIS2_PLACEMENT_3D('',#1541,#13,#14);
#1541=CARTESIAN_POINT('',(6.5,-3.25,8.E-02));
#1542=FACE_BOUND('',#1543,.F.);
#1543=EDGE_LOOP('',(#1544));
#1544=ORIENTED_EDGE('',*,*,#1545,.F.);
#1545=EDGE_CURVE('',#1546,#1546,#1548,.T.);
#1546=VERTEX_POINT('',#1547);
#1547=CARTESIAN_POINT('',(6.022336879396,-2.6,8.E-02));
#1548=CIRCLE('',#1549,0.172336879396);
#1549=AXIS2_PLACEMENT_3D('',#1550,#13,#14);
#1550=CARTESIAN_POINT('',(5.85,-2.6,8.E-02));
#1551=FACE_BOUND('',#1552,.F.);
#1552=EDGE_LOOP('',(#1553));
#1553=ORIENTED_EDGE('',*,*,#1554,.F.);
#1554=EDGE_CURVE('',#1555,#1555,#1557,.T.);
#1555=VERTEX_POINT('',#1556);
#1556=CARTESIAN_POINT('',(6.672336879396,-2.6,8.E-02));
#1557=CIRCLE('',#1558,0.172336879396);
#1558=AXIS2_PLACEMENT_3D('',#1559,#13,#14);
#1559=CARTESIAN_POINT('',(6.5,-2.6,8.E-02));
#1560=FACE_BOUND('',#1561,.F.);
#1561=EDGE_LOOP('',(#1562));
#1562=ORIENTED_EDGE('',*,*,#1563,.F.);
#1563=EDGE_CURVE('',#1564,#1564,#1566,.T.);
#1564=VERTEX_POINT('',#1565);
#1565=CARTESIAN_POINT('',(5.372336879396,-1.95,8.E-02));
#1566=CIRCLE('',#1567,0.172336879396);
#1567=AXIS2_PLACEMENT_3D('',#1568,#13,#14);
#1568=CARTESIAN_POINT('',(5.2,-1.95,8.E-02));
#1569=FACE_BOUND('',#1570,.F.);
#1570=EDGE_LOOP('',(#1571));
#1571=ORIENTED_EDGE('',*,*,#1572,.F.);
#1572=EDGE_CURVE('',#1573,#1573,#1575,.T.);
#1573=VERTEX_POINT('',#1574);
#1574=CARTESIAN_POINT('',(6.672336879396,-1.95,8.E-02));
#1575=CIRCLE('',#1576,0.172336879396);
#1576=AXIS2_PLACEMENT_3D('',#1577,#13,#14);
#1577=CARTESIAN_POINT('',(6.5,-1.95,8.E-02));
#1578=FACE_BOUND('',#1579,.F.);
#1579=EDGE_LOOP('',(#1580));
#1580=ORIENTED_EDGE('',*,*,#1581,.F.);
#1581=EDGE_CURVE('',#1582,#1582,#1584,.T.);
#1582=VERTEX_POINT('',#1583);
#1583=CARTESIAN_POINT('',(4.722336879396,-1.3,8.E-02));
#1584=CIRCLE('',#1585,0.172336879396);
#1585=AXIS2_PLACEMENT_3D('',#1586,#13,#14);
#1586=CARTESIAN_POINT('',(4.55,-1.3,8.E-02));
#1587=FACE_BOUND('',#1588,.F.);
#1588=EDGE_LOOP('',(#1589));
#1589=ORIENTED_EDGE('',*,*,#1590,.F.);
#1590=EDGE_CURVE('',#1591,#1591,#1593,.T.);
#1591=VERTEX_POINT('',#1592);
#1592=CARTESIAN_POINT('',(6.022336879396,-1.3,8.E-02));
#1593=CIRCLE('',#1594,0.172336879396);
#1594=AXIS2_PLACEMENT_3D('',#1595,#13,#14);
#1595=CARTESIAN_POINT('',(5.85,-1.3,8.E-02));
#1596=FACE_BOUND('',#1597,.F.);
#1597=EDGE_LOOP('',(#1598));
#1598=ORIENTED_EDGE('',*,*,#1599,.F.);
#1599=EDGE_CURVE('',#1600,#1600,#1602,.T.);
#1600=VERTEX_POINT('',#1601);
#1601=CARTESIAN_POINT('',(6.672336879396,-1.3,8.E-02));
#1602=CIRCLE('',#1603,0.172336879396);
#1603=AXIS2_PLACEMENT_3D('',#1604,#13,#14);
#1604=CARTESIAN_POINT('',(6.5,-1.3,8.E-02));
#1605=FACE_BOUND('',#1606,.F.);
#1606=EDGE_LOOP('',(#1607));
#1607=ORIENTED_EDGE('',*,*,#1608,.F.);
#1608=EDGE_CURVE('',#1609,#1609,#1611,.T.);
#1609=VERTEX_POINT('',#1610);
#1610=CARTESIAN_POINT('',(-6.327663120604,-4.221036154551E-17,8.E-02));
#1611=CIRCLE('',#1612,0.172336879396);
#1612=AXIS2_PLACEMENT_3D('',#1613,#13,#14);
#1613=CARTESIAN_POINT('',(-6.5,0.,8.E-02));
#1614=FACE_BOUND('',#1615,.F.);
#1615=EDGE_LOOP('',(#1616));
#1616=ORIENTED_EDGE('',*,*,#1617,.F.);
#1617=EDGE_CURVE('',#1618,#1618,#1620,.T.);
#1618=VERTEX_POINT('',#1619);
#1619=CARTESIAN_POINT('',(-5.027663120604,-4.221036154551E-17,8.E-02));
#1620=CIRCLE('',#1621,0.172336879396);
#1621=AXIS2_PLACEMENT_3D('',#1622,#13,#14);
#1622=CARTESIAN_POINT('',(-5.2,0.,8.E-02));
#1623=FACE_BOUND('',#1624,.F.);
#1624=EDGE_LOOP('',(#1625));
#1625=ORIENTED_EDGE('',*,*,#1626,.F.);
#1626=EDGE_CURVE('',#1627,#1627,#1629,.T.);
#1627=VERTEX_POINT('',#1628);
#1628=CARTESIAN_POINT('',(-6.327663120604,1.3,8.E-02));
#1629=CIRCLE('',#1630,0.172336879396);
#1630=AXIS2_PLACEMENT_3D('',#1631,#13,#14);
#1631=CARTESIAN_POINT('',(-6.5,1.3,8.E-02));
#1632=FACE_BOUND('',#1633,.F.);
#1633=EDGE_LOOP('',(#1634));
#1634=ORIENTED_EDGE('',*,*,#1635,.F.);
#1635=EDGE_CURVE('',#1636,#1636,#1638,.T.);
#1636=VERTEX_POINT('',#1637);
#1637=CARTESIAN_POINT('',(-5.677663120604,1.3,8.E-02));
#1638=CIRCLE('',#1639,0.172336879396);
#1639=AXIS2_PLACEMENT_3D('',#1640,#13,#14);
#1640=CARTESIAN_POINT('',(-5.85,1.3,8.E-02));
#1641=FACE_BOUND('',#1642,.F.);
#1642=EDGE_LOOP('',(#1643));
#1643=ORIENTED_EDGE('',*,*,#1644,.F.);
#1644=EDGE_CURVE('',#1645,#1645,#1647,.T.);
#1645=VERTEX_POINT('',#1646);
#1646=CARTESIAN_POINT('',(-4.377663120604,1.3,8.E-02));
#1647=CIRCLE('',#1648,0.172336879396);
#1648=AXIS2_PLACEMENT_3D('',#1649,#13,#14);
#1649=CARTESIAN_POINT('',(-4.55,1.3,8.E-02));
#1650=FACE_BOUND('',#1651,.F.);
#1651=EDGE_LOOP('',(#1652));
#1652=ORIENTED_EDGE('',*,*,#1653,.F.);
#1653=EDGE_CURVE('',#1654,#1654,#1656,.T.);
#1654=VERTEX_POINT('',#1655);
#1655=CARTESIAN_POINT('',(-6.327663120604,1.95,8.E-02));
#1656=CIRCLE('',#1657,0.172336879396);
#1657=AXIS2_PLACEMENT_3D('',#1658,#13,#14);
#1658=CARTESIAN_POINT('',(-6.5,1.95,8.E-02));
#1659=FACE_BOUND('',#1660,.F.);
#1660=EDGE_LOOP('',(#1661));
#1661=ORIENTED_EDGE('',*,*,#1662,.F.);
#1662=EDGE_CURVE('',#1663,#1663,#1665,.T.);
#1663=VERTEX_POINT('',#1664);
#1664=CARTESIAN_POINT('',(-5.027663120604,1.95,8.E-02));
#1665=CIRCLE('',#1666,0.172336879396);
#1666=AXIS2_PLACEMENT_3D('',#1667,#13,#14);
#1667=CARTESIAN_POINT('',(-5.2,1.95,8.E-02));
#1668=FACE_BOUND('',#1669,.F.);
#1669=EDGE_LOOP('',(#1670));
#1670=ORIENTED_EDGE('',*,*,#1671,.F.);
#1671=EDGE_CURVE('',#1672,#1672,#1674,.T.);
#1672=VERTEX_POINT('',#1673);
#1673=CARTESIAN_POINT('',(-6.327663120604,2.6,8.E-02));
#1674=CIRCLE('',#1675,0.172336879396);
#1675=AXIS2_PLACEMENT_3D('',#1676,#13,#14);
#1676=CARTESIAN_POINT('',(-6.5,2.6,8.E-02));
#1677=FACE_BOUND('',#1678,.F.);
#1678=EDGE_LOOP('',(#1679));
#1679=ORIENTED_EDGE('',*,*,#1680,.F.);
#1680=EDGE_CURVE('',#1681,#1681,#1683,.T.);
#1681=VERTEX_POINT('',#1682);
#1682=CARTESIAN_POINT('',(-5.677663120604,2.6,8.E-02));
#1683=CIRCLE('',#1684,0.172336879396);
#1684=AXIS2_PLACEMENT_3D('',#1685,#13,#14);
#1685=CARTESIAN_POINT('',(-5.85,2.6,8.E-02));
#1686=FACE_BOUND('',#1687,.F.);
#1687=EDGE_LOOP('',(#1688));
#1688=ORIENTED_EDGE('',*,*,#1689,.F.);
#1689=EDGE_CURVE('',#1690,#1690,#1692,.T.);
#1690=VERTEX_POINT('',#1691);
#1691=CARTESIAN_POINT('',(-6.327663120604,3.25,8.E-02));
#1692=CIRCLE('',#1693,0.172336879396);
#1693=AXIS2_PLACEMENT_3D('',#1694,#13,#14);
#1694=CARTESIAN_POINT('',(-6.5,3.25,8.E-02));
#1695=FACE_BOUND('',#1696,.F.);
#1696=EDGE_LOOP('',(#1697));
#1697=ORIENTED_EDGE('',*,*,#1698,.F.);
#1698=EDGE_CURVE('',#1699,#1699,#1701,.T.);
#1699=VERTEX_POINT('',#1700);
#1700=CARTESIAN_POINT('',(-5.677663120604,3.25,8.E-02));
#1701=CIRCLE('',#1702,0.172336879396);
#1702=AXIS2_PLACEMENT_3D('',#1703,#13,#14);
#1703=CARTESIAN_POINT('',(-5.85,3.25,8.E-02));
#1704=FACE_BOUND('',#1705,.F.);
#1705=EDGE_LOOP('',(#1706));
#1706=ORIENTED_EDGE('',*,*,#1707,.F.);
#1707=EDGE_CURVE('',#1708,#1708,#1710,.T.);
#1708=VERTEX_POINT('',#1709);
#1709=CARTESIAN_POINT('',(-5.027663120604,2.6,8.E-02));
#1710=CIRCLE('',#1711,0.172336879396);
#1711=AXIS2_PLACEMENT_3D('',#1712,#13,#14);
#1712=CARTESIAN_POINT('',(-5.2,2.6,8.E-02));
#1713=FACE_BOUND('',#1714,.F.);
#1714=EDGE_LOOP('',(#1715));
#1715=ORIENTED_EDGE('',*,*,#1716,.F.);
#1716=EDGE_CURVE('',#1717,#1717,#1719,.T.);
#1717=VERTEX_POINT('',#1718);
#1718=CARTESIAN_POINT('',(-5.027663120604,3.25,8.E-02));
#1719=CIRCLE('',#1720,0.172336879396);
#1720=AXIS2_PLACEMENT_3D('',#1721,#13,#14);
#1721=CARTESIAN_POINT('',(-5.2,3.25,8.E-02));
#1722=FACE_BOUND('',#1723,.F.);
#1723=EDGE_LOOP('',(#1724));
#1724=ORIENTED_EDGE('',*,*,#1725,.F.);
#1725=EDGE_CURVE('',#1726,#1726,#1728,.T.);
#1726=VERTEX_POINT('',#1727);
#1727=CARTESIAN_POINT('',(-4.377663120604,1.95,8.E-02));
#1728=CIRCLE('',#1729,0.172336879396);
#1729=AXIS2_PLACEMENT_3D('',#1730,#13,#14);
#1730=CARTESIAN_POINT('',(-4.55,1.95,8.E-02));
#1731=FACE_BOUND('',#1732,.F.);
#1732=EDGE_LOOP('',(#1733));
#1733=ORIENTED_EDGE('',*,*,#1734,.F.);
#1734=EDGE_CURVE('',#1735,#1735,#1737,.T.);
#1735=VERTEX_POINT('',#1736);
#1736=CARTESIAN_POINT('',(-3.727663120604,1.95,8.E-02));
#1737=CIRCLE('',#1738,0.172336879396);
#1738=AXIS2_PLACEMENT_3D('',#1739,#13,#14);
#1739=CARTESIAN_POINT('',(-3.9,1.95,8.E-02));
#1740=FACE_BOUND('',#1741,.F.);
#1741=EDGE_LOOP('',(#1742));
#1742=ORIENTED_EDGE('',*,*,#1743,.F.);
#1743=EDGE_CURVE('',#1744,#1744,#1746,.T.);
#1744=VERTEX_POINT('',#1745);
#1745=CARTESIAN_POINT('',(-4.377663120604,2.6,8.E-02));
#1746=CIRCLE('',#1747,0.172336879396);
#1747=AXIS2_PLACEMENT_3D('',#1748,#13,#14);
#1748=CARTESIAN_POINT('',(-4.55,2.6,8.E-02));
#1749=FACE_BOUND('',#1750,.F.);
#1750=EDGE_LOOP('',(#1751));
#1751=ORIENTED_EDGE('',*,*,#1752,.F.);
#1752=EDGE_CURVE('',#1753,#1753,#1755,.T.);
#1753=VERTEX_POINT('',#1754);
#1754=CARTESIAN_POINT('',(-4.377663120604,3.25,8.E-02));
#1755=CIRCLE('',#1756,0.172336879396);
#1756=AXIS2_PLACEMENT_3D('',#1757,#13,#14);
#1757=CARTESIAN_POINT('',(-4.55,3.25,8.E-02));
#1758=FACE_BOUND('',#1759,.F.);
#1759=EDGE_LOOP('',(#1760));
#1760=ORIENTED_EDGE('',*,*,#1761,.F.);
#1761=EDGE_CURVE('',#1762,#1762,#1764,.T.);
#1762=VERTEX_POINT('',#1763);
#1763=CARTESIAN_POINT('',(-3.727663120604,2.6,8.E-02));
#1764=CIRCLE('',#1765,0.172336879396);
#1765=AXIS2_PLACEMENT_3D('',#1766,#13,#14);
#1766=CARTESIAN_POINT('',(-3.9,2.6,8.E-02));
#1767=FACE_BOUND('',#1768,.F.);
#1768=EDGE_LOOP('',(#1769));
#1769=ORIENTED_EDGE('',*,*,#1770,.F.);
#1770=EDGE_CURVE('',#1771,#1771,#1773,.T.);
#1771=VERTEX_POINT('',#1772);
#1772=CARTESIAN_POINT('',(-3.727663120604,3.25,8.E-02));
#1773=CIRCLE('',#1774,0.172336879396);
#1774=AXIS2_PLACEMENT_3D('',#1775,#13,#14);
#1775=CARTESIAN_POINT('',(-3.9,3.25,8.E-02));
#1776=FACE_BOUND('',#1777,.F.);
#1777=EDGE_LOOP('',(#1778));
#1778=ORIENTED_EDGE('',*,*,#1779,.F.);
#1779=EDGE_CURVE('',#1780,#1780,#1782,.T.);
#1780=VERTEX_POINT('',#1781);
#1781=CARTESIAN_POINT('',(-2.427663120604,-4.221036154551E-17,8.E-02));
#1782=CIRCLE('',#1783,0.172336879396);
#1783=AXIS2_PLACEMENT_3D('',#1784,#13,#14);
#1784=CARTESIAN_POINT('',(-2.6,0.,8.E-02));
#1785=FACE_BOUND('',#1786,.F.);
#1786=EDGE_LOOP('',(#1787));
#1787=ORIENTED_EDGE('',*,*,#1788,.F.);
#1788=EDGE_CURVE('',#1789,#1789,#1791,.T.);
#1789=VERTEX_POINT('',#1790);
#1790=CARTESIAN_POINT('',(-2.427663120604,0.65,8.E-02));
#1791=CIRCLE('',#1792,0.172336879396);
#1792=AXIS2_PLACEMENT_3D('',#1793,#13,#14);
#1793=CARTESIAN_POINT('',(-2.6,0.65,8.E-02));
#1794=FACE_BOUND('',#1795,.F.);
#1795=EDGE_LOOP('',(#1796));
#1796=ORIENTED_EDGE('',*,*,#1797,.F.);
#1797=EDGE_CURVE('',#1798,#1798,#1800,.T.);
#1798=VERTEX_POINT('',#1799);
#1799=CARTESIAN_POINT('',(-1.777663120604,-4.221036154551E-17,8.E-02));
#1800=CIRCLE('',#1801,0.172336879396);
#1801=AXIS2_PLACEMENT_3D('',#1802,#13,#14);
#1802=CARTESIAN_POINT('',(-1.95,0.,8.E-02));
#1803=FACE_BOUND('',#1804,.F.);
#1804=EDGE_LOOP('',(#1805));
#1805=ORIENTED_EDGE('',*,*,#1806,.F.);
#1806=EDGE_CURVE('',#1807,#1807,#1809,.T.);
#1807=VERTEX_POINT('',#1808);
#1808=CARTESIAN_POINT('',(-1.777663120604,0.65,8.E-02));
#1809=CIRCLE('',#1810,0.172336879396);
#1810=AXIS2_PLACEMENT_3D('',#1811,#13,#14);
#1811=CARTESIAN_POINT('',(-1.95,0.65,8.E-02));
#1812=FACE_BOUND('',#1813,.F.);
#1813=EDGE_LOOP('',(#1814));
#1814=ORIENTED_EDGE('',*,*,#1815,.F.);
#1815=EDGE_CURVE('',#1816,#1816,#1818,.T.);
#1816=VERTEX_POINT('',#1817);
#1817=CARTESIAN_POINT('',(-3.077663120604,1.3,8.E-02));
#1818=CIRCLE('',#1819,0.172336879396);
#1819=AXIS2_PLACEMENT_3D('',#1820,#13,#14);
#1820=CARTESIAN_POINT('',(-3.25,1.3,8.E-02));
#1821=FACE_BOUND('',#1822,.F.);
#1822=EDGE_LOOP('',(#1823));
#1823=ORIENTED_EDGE('',*,*,#1824,.F.);
#1824=EDGE_CURVE('',#1825,#1825,#1827,.T.);
#1825=VERTEX_POINT('',#1826);
#1826=CARTESIAN_POINT('',(-2.427663120604,1.3,8.E-02));
#1827=CIRCLE('',#1828,0.172336879396);
#1828=AXIS2_PLACEMENT_3D('',#1829,#13,#14);
#1829=CARTESIAN_POINT('',(-2.6,1.3,8.E-02));
#1830=FACE_BOUND('',#1831,.F.);
#1831=EDGE_LOOP('',(#1832));
#1832=ORIENTED_EDGE('',*,*,#1833,.F.);
#1833=EDGE_CURVE('',#1834,#1834,#1836,.T.);
#1834=VERTEX_POINT('',#1835);
#1835=CARTESIAN_POINT('',(-1.777663120604,1.3,8.E-02));
#1836=CIRCLE('',#1837,0.172336879396);
#1837=AXIS2_PLACEMENT_3D('',#1838,#13,#14);
#1838=CARTESIAN_POINT('',(-1.95,1.3,8.E-02));
#1839=FACE_BOUND('',#1840,.F.);
#1840=EDGE_LOOP('',(#1841));
#1841=ORIENTED_EDGE('',*,*,#1842,.F.);
#1842=EDGE_CURVE('',#1843,#1843,#1845,.T.);
#1843=VERTEX_POINT('',#1844);
#1844=CARTESIAN_POINT('',(-1.127663120604,-4.221036154551E-17,8.E-02));
#1845=CIRCLE('',#1846,0.172336879396);
#1846=AXIS2_PLACEMENT_3D('',#1847,#13,#14);
#1847=CARTESIAN_POINT('',(-1.3,0.,8.E-02));
#1848=FACE_BOUND('',#1849,.F.);
#1849=EDGE_LOOP('',(#1850));
#1850=ORIENTED_EDGE('',*,*,#1851,.F.);
#1851=EDGE_CURVE('',#1852,#1852,#1854,.T.);
#1852=VERTEX_POINT('',#1853);
#1853=CARTESIAN_POINT('',(-1.127663120604,0.65,8.E-02));
#1854=CIRCLE('',#1855,0.172336879396);
#1855=AXIS2_PLACEMENT_3D('',#1856,#13,#14);
#1856=CARTESIAN_POINT('',(-1.3,0.65,8.E-02));
#1857=FACE_BOUND('',#1858,.F.);
#1858=EDGE_LOOP('',(#1859));
#1859=ORIENTED_EDGE('',*,*,#1860,.F.);
#1860=EDGE_CURVE('',#1861,#1861,#1863,.T.);
#1861=VERTEX_POINT('',#1862);
#1862=CARTESIAN_POINT('',(-0.477663120604,0.65,8.E-02));
#1863=CIRCLE('',#1864,0.172336879396);
#1864=AXIS2_PLACEMENT_3D('',#1865,#13,#14);
#1865=CARTESIAN_POINT('',(-0.65,0.65,8.E-02));
#1866=FACE_BOUND('',#1867,.F.);
#1867=EDGE_LOOP('',(#1868));
#1868=ORIENTED_EDGE('',*,*,#1869,.F.);
#1869=EDGE_CURVE('',#1870,#1870,#1872,.T.);
#1870=VERTEX_POINT('',#1871);
#1871=CARTESIAN_POINT('',(-1.127663120604,1.3,8.E-02));
#1872=CIRCLE('',#1873,0.172336879396);
#1873=AXIS2_PLACEMENT_3D('',#1874,#13,#14);
#1874=CARTESIAN_POINT('',(-1.3,1.3,8.E-02));
#1875=FACE_BOUND('',#1876,.F.);
#1876=EDGE_LOOP('',(#1877));
#1877=ORIENTED_EDGE('',*,*,#1878,.F.);
#1878=EDGE_CURVE('',#1879,#1879,#1881,.T.);
#1879=VERTEX_POINT('',#1880);
#1880=CARTESIAN_POINT('',(-0.477663120604,1.3,8.E-02));
#1881=CIRCLE('',#1882,0.172336879396);
#1882=AXIS2_PLACEMENT_3D('',#1883,#13,#14);
#1883=CARTESIAN_POINT('',(-0.65,1.3,8.E-02));
#1884=FACE_BOUND('',#1885,.F.);
#1885=EDGE_LOOP('',(#1886));
#1886=ORIENTED_EDGE('',*,*,#1887,.F.);
#1887=EDGE_CURVE('',#1888,#1888,#1890,.T.);
#1888=VERTEX_POINT('',#1889);
#1889=CARTESIAN_POINT('',(-3.077663120604,1.95,8.E-02));
#1890=CIRCLE('',#1891,0.172336879396);
#1891=AXIS2_PLACEMENT_3D('',#1892,#13,#14);
#1892=CARTESIAN_POINT('',(-3.25,1.95,8.E-02));
#1893=FACE_BOUND('',#1894,.F.);
#1894=EDGE_LOOP('',(#1895));
#1895=ORIENTED_EDGE('',*,*,#1896,.F.);
#1896=EDGE_CURVE('',#1897,#1897,#1899,.T.);
#1897=VERTEX_POINT('',#1898);
#1898=CARTESIAN_POINT('',(-2.427663120604,1.95,8.E-02));
#1899=CIRCLE('',#1900,0.172336879396);
#1900=AXIS2_PLACEMENT_3D('',#1901,#13,#14);
#1901=CARTESIAN_POINT('',(-2.6,1.95,8.E-02));
#1902=FACE_BOUND('',#1903,.F.);
#1903=EDGE_LOOP('',(#1904));
#1904=ORIENTED_EDGE('',*,*,#1905,.F.);
#1905=EDGE_CURVE('',#1906,#1906,#1908,.T.);
#1906=VERTEX_POINT('',#1907);
#1907=CARTESIAN_POINT('',(-1.777663120604,1.95,8.E-02));
#1908=CIRCLE('',#1909,0.172336879396);
#1909=AXIS2_PLACEMENT_3D('',#1910,#13,#14);
#1910=CARTESIAN_POINT('',(-1.95,1.95,8.E-02));
#1911=FACE_BOUND('',#1912,.F.);
#1912=EDGE_LOOP('',(#1913));
#1913=ORIENTED_EDGE('',*,*,#1914,.F.);
#1914=EDGE_CURVE('',#1915,#1915,#1917,.T.);
#1915=VERTEX_POINT('',#1916);
#1916=CARTESIAN_POINT('',(-3.077663120604,2.6,8.E-02));
#1917=CIRCLE('',#1918,0.172336879396);
#1918=AXIS2_PLACEMENT_3D('',#1919,#13,#14);
#1919=CARTESIAN_POINT('',(-3.25,2.6,8.E-02));
#1920=FACE_BOUND('',#1921,.F.);
#1921=EDGE_LOOP('',(#1922));
#1922=ORIENTED_EDGE('',*,*,#1923,.F.);
#1923=EDGE_CURVE('',#1924,#1924,#1926,.T.);
#1924=VERTEX_POINT('',#1925);
#1925=CARTESIAN_POINT('',(-2.427663120604,2.6,8.E-02));
#1926=CIRCLE('',#1927,0.172336879396);
#1927=AXIS2_PLACEMENT_3D('',#1928,#13,#14);
#1928=CARTESIAN_POINT('',(-2.6,2.6,8.E-02));
#1929=FACE_BOUND('',#1930,.F.);
#1930=EDGE_LOOP('',(#1931));
#1931=ORIENTED_EDGE('',*,*,#1932,.F.);
#1932=EDGE_CURVE('',#1933,#1933,#1935,.T.);
#1933=VERTEX_POINT('',#1934);
#1934=CARTESIAN_POINT('',(-3.077663120604,3.25,8.E-02));
#1935=CIRCLE('',#1936,0.172336879396);
#1936=AXIS2_PLACEMENT_3D('',#1937,#13,#14);
#1937=CARTESIAN_POINT('',(-3.25,3.25,8.E-02));
#1938=FACE_BOUND('',#1939,.F.);
#1939=EDGE_LOOP('',(#1940));
#1940=ORIENTED_EDGE('',*,*,#1941,.F.);
#1941=EDGE_CURVE('',#1942,#1942,#1944,.T.);
#1942=VERTEX_POINT('',#1943);
#1943=CARTESIAN_POINT('',(-2.427663120604,3.25,8.E-02));
#1944=CIRCLE('',#1945,0.172336879396);
#1945=AXIS2_PLACEMENT_3D('',#1946,#13,#14);
#1946=CARTESIAN_POINT('',(-2.6,3.25,8.E-02));
#1947=FACE_BOUND('',#1948,.F.);
#1948=EDGE_LOOP('',(#1949));
#1949=ORIENTED_EDGE('',*,*,#1950,.F.);
#1950=EDGE_CURVE('',#1951,#1951,#1953,.T.);
#1951=VERTEX_POINT('',#1952);
#1952=CARTESIAN_POINT('',(-1.777663120604,2.6,8.E-02));
#1953=CIRCLE('',#1954,0.172336879396);
#1954=AXIS2_PLACEMENT_3D('',#1955,#13,#14);
#1955=CARTESIAN_POINT('',(-1.95,2.6,8.E-02));
#1956=FACE_BOUND('',#1957,.F.);
#1957=EDGE_LOOP('',(#1958));
#1958=ORIENTED_EDGE('',*,*,#1959,.F.);
#1959=EDGE_CURVE('',#1960,#1960,#1962,.T.);
#1960=VERTEX_POINT('',#1961);
#1961=CARTESIAN_POINT('',(-1.777663120604,3.25,8.E-02));
#1962=CIRCLE('',#1963,0.172336879396);
#1963=AXIS2_PLACEMENT_3D('',#1964,#13,#14);
#1964=CARTESIAN_POINT('',(-1.95,3.25,8.E-02));
#1965=FACE_BOUND('',#1966,.F.);
#1966=EDGE_LOOP('',(#1967));
#1967=ORIENTED_EDGE('',*,*,#1968,.F.);
#1968=EDGE_CURVE('',#1969,#1969,#1971,.T.);
#1969=VERTEX_POINT('',#1970);
#1970=CARTESIAN_POINT('',(-1.127663120604,1.95,8.E-02));
#1971=CIRCLE('',#1972,0.172336879396);
#1972=AXIS2_PLACEMENT_3D('',#1973,#13,#14);
#1973=CARTESIAN_POINT('',(-1.3,1.95,8.E-02));
#1974=FACE_BOUND('',#1975,.F.);
#1975=EDGE_LOOP('',(#1976));
#1976=ORIENTED_EDGE('',*,*,#1977,.F.);
#1977=EDGE_CURVE('',#1978,#1978,#1980,.T.);
#1978=VERTEX_POINT('',#1979);
#1979=CARTESIAN_POINT('',(-0.477663120604,1.95,8.E-02));
#1980=CIRCLE('',#1981,0.172336879396);
#1981=AXIS2_PLACEMENT_3D('',#1982,#13,#14);
#1982=CARTESIAN_POINT('',(-0.65,1.95,8.E-02));
#1983=FACE_BOUND('',#1984,.F.);
#1984=EDGE_LOOP('',(#1985));
#1985=ORIENTED_EDGE('',*,*,#1986,.F.);
#1986=EDGE_CURVE('',#1987,#1987,#1989,.T.);
#1987=VERTEX_POINT('',#1988);
#1988=CARTESIAN_POINT('',(-1.127663120604,2.6,8.E-02));
#1989=CIRCLE('',#1990,0.172336879396);
#1990=AXIS2_PLACEMENT_3D('',#1991,#13,#14);
#1991=CARTESIAN_POINT('',(-1.3,2.6,8.E-02));
#1992=FACE_BOUND('',#1993,.F.);
#1993=EDGE_LOOP('',(#1994));
#1994=ORIENTED_EDGE('',*,*,#1995,.F.);
#1995=EDGE_CURVE('',#1996,#1996,#1998,.T.);
#1996=VERTEX_POINT('',#1997);
#1997=CARTESIAN_POINT('',(-1.127663120604,3.25,8.E-02));
#1998=CIRCLE('',#1999,0.172336879396);
#1999=AXIS2_PLACEMENT_3D('',#2000,#13,#14);
#2000=CARTESIAN_POINT('',(-1.3,3.25,8.E-02));
#2001=FACE_BOUND('',#2002,.F.);
#2002=EDGE_LOOP('',(#2003));
#2003=ORIENTED_EDGE('',*,*,#2004,.F.);
#2004=EDGE_CURVE('',#2005,#2005,#2007,.T.);
#2005=VERTEX_POINT('',#2006);
#2006=CARTESIAN_POINT('',(-0.477663120604,2.6,8.E-02));
#2007=CIRCLE('',#2008,0.172336879396);
#2008=AXIS2_PLACEMENT_3D('',#2009,#13,#14);
#2009=CARTESIAN_POINT('',(-0.65,2.6,8.E-02));
#2010=FACE_BOUND('',#2011,.F.);
#2011=EDGE_LOOP('',(#2012));
#2012=ORIENTED_EDGE('',*,*,#2013,.F.);
#2013=EDGE_CURVE('',#2014,#2014,#2016,.T.);
#2014=VERTEX_POINT('',#2015);
#2015=CARTESIAN_POINT('',(-6.327663120604,3.9,8.E-02));
#2016=CIRCLE('',#2017,0.172336879396);
#2017=AXIS2_PLACEMENT_3D('',#2018,#13,#14);
#2018=CARTESIAN_POINT('',(-6.5,3.9,8.E-02));
#2019=FACE_BOUND('',#2020,.F.);
#2020=EDGE_LOOP('',(#2021));
#2021=ORIENTED_EDGE('',*,*,#2022,.F.);
#2022=EDGE_CURVE('',#2023,#2023,#2025,.T.);
#2023=VERTEX_POINT('',#2024);
#2024=CARTESIAN_POINT('',(-5.027663120604,3.9,8.E-02));
#2025=CIRCLE('',#2026,0.172336879396);
#2026=AXIS2_PLACEMENT_3D('',#2027,#13,#14);
#2027=CARTESIAN_POINT('',(-5.2,3.9,8.E-02));
#2028=FACE_BOUND('',#2029,.F.);
#2029=EDGE_LOOP('',(#2030));
#2030=ORIENTED_EDGE('',*,*,#2031,.F.);
#2031=EDGE_CURVE('',#2032,#2032,#2034,.T.);
#2032=VERTEX_POINT('',#2033);
#2033=CARTESIAN_POINT('',(-6.327663120604,4.55,8.E-02));
#2034=CIRCLE('',#2035,0.172336879396);
#2035=AXIS2_PLACEMENT_3D('',#2036,#13,#14);
#2036=CARTESIAN_POINT('',(-6.5,4.55,8.E-02));
#2037=FACE_BOUND('',#2038,.F.);
#2038=EDGE_LOOP('',(#2039));
#2039=ORIENTED_EDGE('',*,*,#2040,.F.);
#2040=EDGE_CURVE('',#2041,#2041,#2043,.T.);
#2041=VERTEX_POINT('',#2042);
#2042=CARTESIAN_POINT('',(-5.677663120604,4.55,8.E-02));
#2043=CIRCLE('',#2044,0.172336879396);
#2044=AXIS2_PLACEMENT_3D('',#2045,#13,#14);
#2045=CARTESIAN_POINT('',(-5.85,4.55,8.E-02));
#2046=FACE_BOUND('',#2047,.F.);
#2047=EDGE_LOOP('',(#2048));
#2048=ORIENTED_EDGE('',*,*,#2049,.F.);
#2049=EDGE_CURVE('',#2050,#2050,#2052,.T.);
#2050=VERTEX_POINT('',#2051);
#2051=CARTESIAN_POINT('',(-5.027663120604,4.55,8.E-02));
#2052=CIRCLE('',#2053,0.172336879396);
#2053=AXIS2_PLACEMENT_3D('',#2054,#13,#14);
#2054=CARTESIAN_POINT('',(-5.2,4.55,8.E-02));
#2055=FACE_BOUND('',#2056,.F.);
#2056=EDGE_LOOP('',(#2057));
#2057=ORIENTED_EDGE('',*,*,#2058,.F.);
#2058=EDGE_CURVE('',#2059,#2059,#2061,.T.);
#2059=VERTEX_POINT('',#2060);
#2060=CARTESIAN_POINT('',(-4.377663120604,3.9,8.E-02));
#2061=CIRCLE('',#2062,0.172336879396);
#2062=AXIS2_PLACEMENT_3D('',#2063,#13,#14);
#2063=CARTESIAN_POINT('',(-4.55,3.9,8.E-02));
#2064=FACE_BOUND('',#2065,.F.);
#2065=EDGE_LOOP('',(#2066));
#2066=ORIENTED_EDGE('',*,*,#2067,.F.);
#2067=EDGE_CURVE('',#2068,#2068,#2070,.T.);
#2068=VERTEX_POINT('',#2069);
#2069=CARTESIAN_POINT('',(-3.727663120604,3.9,8.E-02));
#2070=CIRCLE('',#2071,0.172336879396);
#2071=AXIS2_PLACEMENT_3D('',#2072,#13,#14);
#2072=CARTESIAN_POINT('',(-3.9,3.9,8.E-02));
#2073=FACE_BOUND('',#2074,.F.);
#2074=EDGE_LOOP('',(#2075));
#2075=ORIENTED_EDGE('',*,*,#2076,.F.);
#2076=EDGE_CURVE('',#2077,#2077,#2079,.T.);
#2077=VERTEX_POINT('',#2078);
#2078=CARTESIAN_POINT('',(-4.377663120604,4.55,8.E-02));
#2079=CIRCLE('',#2080,0.172336879396);
#2080=AXIS2_PLACEMENT_3D('',#2081,#13,#14);
#2081=CARTESIAN_POINT('',(-4.55,4.55,8.E-02));
#2082=FACE_BOUND('',#2083,.F.);
#2083=EDGE_LOOP('',(#2084));
#2084=ORIENTED_EDGE('',*,*,#2085,.F.);
#2085=EDGE_CURVE('',#2086,#2086,#2088,.T.);
#2086=VERTEX_POINT('',#2087);
#2087=CARTESIAN_POINT('',(-3.727663120604,4.55,8.E-02));
#2088=CIRCLE('',#2089,0.172336879396);
#2089=AXIS2_PLACEMENT_3D('',#2090,#13,#14);
#2090=CARTESIAN_POINT('',(-3.9,4.55,8.E-02));
#2091=FACE_BOUND('',#2092,.F.);
#2092=EDGE_LOOP('',(#2093));
#2093=ORIENTED_EDGE('',*,*,#2094,.F.);
#2094=EDGE_CURVE('',#2095,#2095,#2097,.T.);
#2095=VERTEX_POINT('',#2096);
#2096=CARTESIAN_POINT('',(-6.327663120604,5.2,8.E-02));
#2097=CIRCLE('',#2098,0.172336879396);
#2098=AXIS2_PLACEMENT_3D('',#2099,#13,#14);
#2099=CARTESIAN_POINT('',(-6.5,5.2,8.E-02));
#2100=FACE_BOUND('',#2101,.F.);
#2101=EDGE_LOOP('',(#2102));
#2102=ORIENTED_EDGE('',*,*,#2103,.F.);
#2103=EDGE_CURVE('',#2104,#2104,#2106,.T.);
#2104=VERTEX_POINT('',#2105);
#2105=CARTESIAN_POINT('',(-5.677663120604,5.2,8.E-02));
#2106=CIRCLE('',#2107,0.172336879396);
#2107=AXIS2_PLACEMENT_3D('',#2108,#13,#14);
#2108=CARTESIAN_POINT('',(-5.85,5.2,8.E-02));
#2109=FACE_BOUND('',#2110,.F.);
#2110=EDGE_LOOP('',(#2111));
#2111=ORIENTED_EDGE('',*,*,#2112,.F.);
#2112=EDGE_CURVE('',#2113,#2113,#2115,.T.);
#2113=VERTEX_POINT('',#2114);
#2114=CARTESIAN_POINT('',(-5.027663120604,5.2,8.E-02));
#2115=CIRCLE('',#2116,0.172336879396);
#2116=AXIS2_PLACEMENT_3D('',#2117,#13,#14);
#2117=CARTESIAN_POINT('',(-5.2,5.2,8.E-02));
#2118=FACE_BOUND('',#2119,.F.);
#2119=EDGE_LOOP('',(#2120));
#2120=ORIENTED_EDGE('',*,*,#2121,.F.);
#2121=EDGE_CURVE('',#2122,#2122,#2124,.T.);
#2122=VERTEX_POINT('',#2123);
#2123=CARTESIAN_POINT('',(-6.327663120604,5.85,8.E-02));
#2124=CIRCLE('',#2125,0.172336879396);
#2125=AXIS2_PLACEMENT_3D('',#2126,#13,#14);
#2126=CARTESIAN_POINT('',(-6.5,5.85,8.E-02));
#2127=FACE_BOUND('',#2128,.F.);
#2128=EDGE_LOOP('',(#2129));
#2129=ORIENTED_EDGE('',*,*,#2130,.F.);
#2130=EDGE_CURVE('',#2131,#2131,#2133,.T.);
#2131=VERTEX_POINT('',#2132);
#2132=CARTESIAN_POINT('',(-5.677663120604,5.85,8.E-02));
#2133=CIRCLE('',#2134,0.172336879396);
#2134=AXIS2_PLACEMENT_3D('',#2135,#13,#14);
#2135=CARTESIAN_POINT('',(-5.85,5.85,8.E-02));
#2136=FACE_BOUND('',#2137,.F.);
#2137=EDGE_LOOP('',(#2138));
#2138=ORIENTED_EDGE('',*,*,#2139,.F.);
#2139=EDGE_CURVE('',#2140,#2140,#2142,.T.);
#2140=VERTEX_POINT('',#2141);
#2141=CARTESIAN_POINT('',(-6.327663120604,6.5,8.E-02));
#2142=CIRCLE('',#2143,0.172336879396);
#2143=AXIS2_PLACEMENT_3D('',#2144,#13,#14);
#2144=CARTESIAN_POINT('',(-6.5,6.5,8.E-02));
#2145=FACE_BOUND('',#2146,.F.);
#2146=EDGE_LOOP('',(#2147));
#2147=ORIENTED_EDGE('',*,*,#2148,.F.);
#2148=EDGE_CURVE('',#2149,#2149,#2151,.T.);
#2149=VERTEX_POINT('',#2150);
#2150=CARTESIAN_POINT('',(-5.677663120604,6.5,8.E-02));
#2151=CIRCLE('',#2152,0.172336879396);
#2152=AXIS2_PLACEMENT_3D('',#2153,#13,#14);
#2153=CARTESIAN_POINT('',(-5.85,6.5,8.E-02));
#2154=FACE_BOUND('',#2155,.F.);
#2155=EDGE_LOOP('',(#2156));
#2156=ORIENTED_EDGE('',*,*,#2157,.F.);
#2157=EDGE_CURVE('',#2158,#2158,#2160,.T.);
#2158=VERTEX_POINT('',#2159);
#2159=CARTESIAN_POINT('',(-5.027663120604,5.85,8.E-02));
#2160=CIRCLE('',#2161,0.172336879396);
#2161=AXIS2_PLACEMENT_3D('',#2162,#13,#14);
#2162=CARTESIAN_POINT('',(-5.2,5.85,8.E-02));
#2163=FACE_BOUND('',#2164,.F.);
#2164=EDGE_LOOP('',(#2165));
#2165=ORIENTED_EDGE('',*,*,#2166,.F.);
#2166=EDGE_CURVE('',#2167,#2167,#2169,.T.);
#2167=VERTEX_POINT('',#2168);
#2168=CARTESIAN_POINT('',(-5.027663120604,6.5,8.E-02));
#2169=CIRCLE('',#2170,0.172336879396);
#2170=AXIS2_PLACEMENT_3D('',#2171,#13,#14);
#2171=CARTESIAN_POINT('',(-5.2,6.5,8.E-02));
#2172=FACE_BOUND('',#2173,.F.);
#2173=EDGE_LOOP('',(#2174));
#2174=ORIENTED_EDGE('',*,*,#2175,.F.);
#2175=EDGE_CURVE('',#2176,#2176,#2178,.T.);
#2176=VERTEX_POINT('',#2177);
#2177=CARTESIAN_POINT('',(-4.377663120604,5.2,8.E-02));
#2178=CIRCLE('',#2179,0.172336879396);
#2179=AXIS2_PLACEMENT_3D('',#2180,#13,#14);
#2180=CARTESIAN_POINT('',(-4.55,5.2,8.E-02));
#2181=FACE_BOUND('',#2182,.F.);
#2182=EDGE_LOOP('',(#2183));
#2183=ORIENTED_EDGE('',*,*,#2184,.F.);
#2184=EDGE_CURVE('',#2185,#2185,#2187,.T.);
#2185=VERTEX_POINT('',#2186);
#2186=CARTESIAN_POINT('',(-3.727663120604,5.2,8.E-02));
#2187=CIRCLE('',#2188,0.172336879396);
#2188=AXIS2_PLACEMENT_3D('',#2189,#13,#14);
#2189=CARTESIAN_POINT('',(-3.9,5.2,8.E-02));
#2190=FACE_BOUND('',#2191,.F.);
#2191=EDGE_LOOP('',(#2192));
#2192=ORIENTED_EDGE('',*,*,#2193,.F.);
#2193=EDGE_CURVE('',#2194,#2194,#2196,.T.);
#2194=VERTEX_POINT('',#2195);
#2195=CARTESIAN_POINT('',(-4.377663120604,5.85,8.E-02));
#2196=CIRCLE('',#2197,0.172336879396);
#2197=AXIS2_PLACEMENT_3D('',#2198,#13,#14);
#2198=CARTESIAN_POINT('',(-4.55,5.85,8.E-02));
#2199=FACE_BOUND('',#2200,.F.);
#2200=EDGE_LOOP('',(#2201));
#2201=ORIENTED_EDGE('',*,*,#2202,.F.);
#2202=EDGE_CURVE('',#2203,#2203,#2205,.T.);
#2203=VERTEX_POINT('',#2204);
#2204=CARTESIAN_POINT('',(-4.377663120604,6.5,8.E-02));
#2205=CIRCLE('',#2206,0.172336879396);
#2206=AXIS2_PLACEMENT_3D('',#2207,#13,#14);
#2207=CARTESIAN_POINT('',(-4.55,6.5,8.E-02));
#2208=FACE_BOUND('',#2209,.F.);
#2209=EDGE_LOOP('',(#2210));
#2210=ORIENTED_EDGE('',*,*,#2211,.F.);
#2211=EDGE_CURVE('',#2212,#2212,#2214,.T.);
#2212=VERTEX_POINT('',#2213);
#2213=CARTESIAN_POINT('',(-3.727663120604,6.5,8.E-02));
#2214=CIRCLE('',#2215,0.172336879396);
#2215=AXIS2_PLACEMENT_3D('',#2216,#13,#14);
#2216=CARTESIAN_POINT('',(-3.9,6.5,8.E-02));
#2217=FACE_BOUND('',#2218,.F.);
#2218=EDGE_LOOP('',(#2219));
#2219=ORIENTED_EDGE('',*,*,#2220,.F.);
#2220=EDGE_CURVE('',#2221,#2221,#2223,.T.);
#2221=VERTEX_POINT('',#2222);
#2222=CARTESIAN_POINT('',(-3.077663120604,3.9,8.E-02));
#2223=CIRCLE('',#2224,0.172336879396);
#2224=AXIS2_PLACEMENT_3D('',#2225,#13,#14);
#2225=CARTESIAN_POINT('',(-3.25,3.9,8.E-02));
#2226=FACE_BOUND('',#2227,.F.);
#2227=EDGE_LOOP('',(#2228));
#2228=ORIENTED_EDGE('',*,*,#2229,.F.);
#2229=EDGE_CURVE('',#2230,#2230,#2232,.T.);
#2230=VERTEX_POINT('',#2231);
#2231=CARTESIAN_POINT('',(-2.427663120604,3.9,8.E-02));
#2232=CIRCLE('',#2233,0.172336879396);
#2233=AXIS2_PLACEMENT_3D('',#2234,#13,#14);
#2234=CARTESIAN_POINT('',(-2.6,3.9,8.E-02));
#2235=FACE_BOUND('',#2236,.F.);
#2236=EDGE_LOOP('',(#2237));
#2237=ORIENTED_EDGE('',*,*,#2238,.F.);
#2238=EDGE_CURVE('',#2239,#2239,#2241,.T.);
#2239=VERTEX_POINT('',#2240);
#2240=CARTESIAN_POINT('',(-1.777663120604,3.9,8.E-02));
#2241=CIRCLE('',#2242,0.172336879396);
#2242=AXIS2_PLACEMENT_3D('',#2243,#13,#14);
#2243=CARTESIAN_POINT('',(-1.95,3.9,8.E-02));
#2244=FACE_BOUND('',#2245,.F.);
#2245=EDGE_LOOP('',(#2246));
#2246=ORIENTED_EDGE('',*,*,#2247,.F.);
#2247=EDGE_CURVE('',#2248,#2248,#2250,.T.);
#2248=VERTEX_POINT('',#2249);
#2249=CARTESIAN_POINT('',(-3.077663120604,4.55,8.E-02));
#2250=CIRCLE('',#2251,0.172336879396);
#2251=AXIS2_PLACEMENT_3D('',#2252,#13,#14);
#2252=CARTESIAN_POINT('',(-3.25,4.55,8.E-02));
#2253=FACE_BOUND('',#2254,.F.);
#2254=EDGE_LOOP('',(#2255));
#2255=ORIENTED_EDGE('',*,*,#2256,.F.);
#2256=EDGE_CURVE('',#2257,#2257,#2259,.T.);
#2257=VERTEX_POINT('',#2258);
#2258=CARTESIAN_POINT('',(-2.427663120604,4.55,8.E-02));
#2259=CIRCLE('',#2260,0.172336879396);
#2260=AXIS2_PLACEMENT_3D('',#2261,#13,#14);
#2261=CARTESIAN_POINT('',(-2.6,4.55,8.E-02));
#2262=FACE_BOUND('',#2263,.F.);
#2263=EDGE_LOOP('',(#2264));
#2264=ORIENTED_EDGE('',*,*,#2265,.F.);
#2265=EDGE_CURVE('',#2266,#2266,#2268,.T.);
#2266=VERTEX_POINT('',#2267);
#2267=CARTESIAN_POINT('',(-1.777663120604,4.55,8.E-02));
#2268=CIRCLE('',#2269,0.172336879396);
#2269=AXIS2_PLACEMENT_3D('',#2270,#13,#14);
#2270=CARTESIAN_POINT('',(-1.95,4.55,8.E-02));
#2271=FACE_BOUND('',#2272,.F.);
#2272=EDGE_LOOP('',(#2273));
#2273=ORIENTED_EDGE('',*,*,#2274,.F.);
#2274=EDGE_CURVE('',#2275,#2275,#2277,.T.);
#2275=VERTEX_POINT('',#2276);
#2276=CARTESIAN_POINT('',(-1.127663120604,4.55,8.E-02));
#2277=CIRCLE('',#2278,0.172336879396);
#2278=AXIS2_PLACEMENT_3D('',#2279,#13,#14);
#2279=CARTESIAN_POINT('',(-1.3,4.55,8.E-02));
#2280=FACE_BOUND('',#2281,.F.);
#2281=EDGE_LOOP('',(#2282));
#2282=ORIENTED_EDGE('',*,*,#2283,.F.);
#2283=EDGE_CURVE('',#2284,#2284,#2286,.T.);
#2284=VERTEX_POINT('',#2285);
#2285=CARTESIAN_POINT('',(-3.077663120604,5.2,8.E-02));
#2286=CIRCLE('',#2287,0.172336879396);
#2287=AXIS2_PLACEMENT_3D('',#2288,#13,#14);
#2288=CARTESIAN_POINT('',(-3.25,5.2,8.E-02));
#2289=FACE_BOUND('',#2290,.F.);
#2290=EDGE_LOOP('',(#2291));
#2291=ORIENTED_EDGE('',*,*,#2292,.F.);
#2292=EDGE_CURVE('',#2293,#2293,#2295,.T.);
#2293=VERTEX_POINT('',#2294);
#2294=CARTESIAN_POINT('',(-2.427663120604,5.2,8.E-02));
#2295=CIRCLE('',#2296,0.172336879396);
#2296=AXIS2_PLACEMENT_3D('',#2297,#13,#14);
#2297=CARTESIAN_POINT('',(-2.6,5.2,8.E-02));
#2298=FACE_BOUND('',#2299,.F.);
#2299=EDGE_LOOP('',(#2300));
#2300=ORIENTED_EDGE('',*,*,#2301,.F.);
#2301=EDGE_CURVE('',#2302,#2302,#2304,.T.);
#2302=VERTEX_POINT('',#2303);
#2303=CARTESIAN_POINT('',(-1.777663120604,5.2,8.E-02));
#2304=CIRCLE('',#2305,0.172336879396);
#2305=AXIS2_PLACEMENT_3D('',#2306,#13,#14);
#2306=CARTESIAN_POINT('',(-1.95,5.2,8.E-02));
#2307=FACE_BOUND('',#2308,.F.);
#2308=EDGE_LOOP('',(#2309));
#2309=ORIENTED_EDGE('',*,*,#2310,.F.);
#2310=EDGE_CURVE('',#2311,#2311,#2313,.T.);
#2311=VERTEX_POINT('',#2312);
#2312=CARTESIAN_POINT('',(-3.077663120604,5.85,8.E-02));
#2313=CIRCLE('',#2314,0.172336879396);
#2314=AXIS2_PLACEMENT_3D('',#2315,#13,#14);
#2315=CARTESIAN_POINT('',(-3.25,5.85,8.E-02));
#2316=FACE_BOUND('',#2317,.F.);
#2317=EDGE_LOOP('',(#2318));
#2318=ORIENTED_EDGE('',*,*,#2319,.F.);
#2319=EDGE_CURVE('',#2320,#2320,#2322,.T.);
#2320=VERTEX_POINT('',#2321);
#2321=CARTESIAN_POINT('',(-2.427663120604,5.85,8.E-02));
#2322=CIRCLE('',#2323,0.172336879396);
#2323=AXIS2_PLACEMENT_3D('',#2324,#13,#14);
#2324=CARTESIAN_POINT('',(-2.6,5.85,8.E-02));
#2325=FACE_BOUND('',#2326,.F.);
#2326=EDGE_LOOP('',(#2327));
#2327=ORIENTED_EDGE('',*,*,#2328,.F.);
#2328=EDGE_CURVE('',#2329,#2329,#2331,.T.);
#2329=VERTEX_POINT('',#2330);
#2330=CARTESIAN_POINT('',(-3.077663120604,6.5,8.E-02));
#2331=CIRCLE('',#2332,0.172336879396);
#2332=AXIS2_PLACEMENT_3D('',#2333,#13,#14);
#2333=CARTESIAN_POINT('',(-3.25,6.5,8.E-02));
#2334=FACE_BOUND('',#2335,.F.);
#2335=EDGE_LOOP('',(#2336));
#2336=ORIENTED_EDGE('',*,*,#2337,.F.);
#2337=EDGE_CURVE('',#2338,#2338,#2340,.T.);
#2338=VERTEX_POINT('',#2339);
#2339=CARTESIAN_POINT('',(-2.427663120604,6.5,8.E-02));
#2340=CIRCLE('',#2341,0.172336879396);
#2341=AXIS2_PLACEMENT_3D('',#2342,#13,#14);
#2342=CARTESIAN_POINT('',(-2.6,6.5,8.E-02));
#2343=FACE_BOUND('',#2344,.F.);
#2344=EDGE_LOOP('',(#2345));
#2345=ORIENTED_EDGE('',*,*,#2346,.F.);
#2346=EDGE_CURVE('',#2347,#2347,#2349,.T.);
#2347=VERTEX_POINT('',#2348);
#2348=CARTESIAN_POINT('',(-1.777663120604,6.5,8.E-02));
#2349=CIRCLE('',#2350,0.172336879396);
#2350=AXIS2_PLACEMENT_3D('',#2351,#13,#14);
#2351=CARTESIAN_POINT('',(-1.95,6.5,8.E-02));
#2352=FACE_BOUND('',#2353,.F.);
#2353=EDGE_LOOP('',(#2354));
#2354=ORIENTED_EDGE('',*,*,#2355,.F.);
#2355=EDGE_CURVE('',#2356,#2356,#2358,.T.);
#2356=VERTEX_POINT('',#2357);
#2357=CARTESIAN_POINT('',(-1.127663120604,5.85,8.E-02));
#2358=CIRCLE('',#2359,0.172336879396);
#2359=AXIS2_PLACEMENT_3D('',#2360,#13,#14);
#2360=CARTESIAN_POINT('',(-1.3,5.85,8.E-02));
#2361=FACE_BOUND('',#2362,.F.);
#2362=EDGE_LOOP('',(#2363));
#2363=ORIENTED_EDGE('',*,*,#2364,.F.);
#2364=EDGE_CURVE('',#2365,#2365,#2367,.T.);
#2365=VERTEX_POINT('',#2366);
#2366=CARTESIAN_POINT('',(-1.127663120604,6.5,8.E-02));
#2367=CIRCLE('',#2368,0.172336879396);
#2368=AXIS2_PLACEMENT_3D('',#2369,#13,#14);
#2369=CARTESIAN_POINT('',(-1.3,6.5,8.E-02));
#2370=FACE_BOUND('',#2371,.F.);
#2371=EDGE_LOOP('',(#2372));
#2372=ORIENTED_EDGE('',*,*,#2373,.F.);
#2373=EDGE_CURVE('',#2374,#2374,#2376,.T.);
#2374=VERTEX_POINT('',#2375);
#2375=CARTESIAN_POINT('',(0.172336879396,-4.221036154551E-17,8.E-02));
#2376=CIRCLE('',#2377,0.172336879396);
#2377=AXIS2_PLACEMENT_3D('',#2378,#13,#14);
#2378=CARTESIAN_POINT('',(0.,0.,8.E-02));
#2379=FACE_BOUND('',#2380,.F.);
#2380=EDGE_LOOP('',(#2381));
#2381=ORIENTED_EDGE('',*,*,#2382,.F.);
#2382=EDGE_CURVE('',#2383,#2383,#2385,.T.);
#2383=VERTEX_POINT('',#2384);
#2384=CARTESIAN_POINT('',(0.172336879396,0.65,8.E-02));
#2385=CIRCLE('',#2386,0.172336879396);
#2386=AXIS2_PLACEMENT_3D('',#2387,#13,#14);
#2387=CARTESIAN_POINT('',(0.,0.65,8.E-02));
#2388=FACE_BOUND('',#2389,.F.);
#2389=EDGE_LOOP('',(#2390));
#2390=ORIENTED_EDGE('',*,*,#2391,.F.);
#2391=EDGE_CURVE('',#2392,#2392,#2394,.T.);
#2392=VERTEX_POINT('',#2393);
#2393=CARTESIAN_POINT('',(0.822336879396,0.65,8.E-02));
#2394=CIRCLE('',#2395,0.172336879396);
#2395=AXIS2_PLACEMENT_3D('',#2396,#13,#14);
#2396=CARTESIAN_POINT('',(0.65,0.65,8.E-02));
#2397=FACE_BOUND('',#2398,.F.);
#2398=EDGE_LOOP('',(#2399));
#2399=ORIENTED_EDGE('',*,*,#2400,.F.);
#2400=EDGE_CURVE('',#2401,#2401,#2403,.T.);
#2401=VERTEX_POINT('',#2402);
#2402=CARTESIAN_POINT('',(1.472336879396,-4.221036154551E-17,8.E-02));
#2403=CIRCLE('',#2404,0.172336879396);
#2404=AXIS2_PLACEMENT_3D('',#2405,#13,#14);
#2405=CARTESIAN_POINT('',(1.3,0.,8.E-02));
#2406=FACE_BOUND('',#2407,.F.);
#2407=EDGE_LOOP('',(#2408));
#2408=ORIENTED_EDGE('',*,*,#2409,.F.);
#2409=EDGE_CURVE('',#2410,#2410,#2412,.T.);
#2410=VERTEX_POINT('',#2411);
#2411=CARTESIAN_POINT('',(1.472336879396,0.65,8.E-02));
#2412=CIRCLE('',#2413,0.172336879396);
#2413=AXIS2_PLACEMENT_3D('',#2414,#13,#14);
#2414=CARTESIAN_POINT('',(1.3,0.65,8.E-02));
#2415=FACE_BOUND('',#2416,.F.);
#2416=EDGE_LOOP('',(#2417));
#2417=ORIENTED_EDGE('',*,*,#2418,.F.);
#2418=EDGE_CURVE('',#2419,#2419,#2421,.T.);
#2419=VERTEX_POINT('',#2420);
#2420=CARTESIAN_POINT('',(0.172336879396,1.3,8.E-02));
#2421=CIRCLE('',#2422,0.172336879396);
#2422=AXIS2_PLACEMENT_3D('',#2423,#13,#14);
#2423=CARTESIAN_POINT('',(0.,1.3,8.E-02));
#2424=FACE_BOUND('',#2425,.F.);
#2425=EDGE_LOOP('',(#2426));
#2426=ORIENTED_EDGE('',*,*,#2427,.F.);
#2427=EDGE_CURVE('',#2428,#2428,#2430,.T.);
#2428=VERTEX_POINT('',#2429);
#2429=CARTESIAN_POINT('',(0.822336879396,1.3,8.E-02));
#2430=CIRCLE('',#2431,0.172336879396);
#2431=AXIS2_PLACEMENT_3D('',#2432,#13,#14);
#2432=CARTESIAN_POINT('',(0.65,1.3,8.E-02));
#2433=FACE_BOUND('',#2434,.F.);
#2434=EDGE_LOOP('',(#2435));
#2435=ORIENTED_EDGE('',*,*,#2436,.F.);
#2436=EDGE_CURVE('',#2437,#2437,#2439,.T.);
#2437=VERTEX_POINT('',#2438);
#2438=CARTESIAN_POINT('',(1.472336879396,1.3,8.E-02));
#2439=CIRCLE('',#2440,0.172336879396);
#2440=AXIS2_PLACEMENT_3D('',#2441,#13,#14);
#2441=CARTESIAN_POINT('',(1.3,1.3,8.E-02));
#2442=FACE_BOUND('',#2443,.F.);
#2443=EDGE_LOOP('',(#2444));
#2444=ORIENTED_EDGE('',*,*,#2445,.F.);
#2445=EDGE_CURVE('',#2446,#2446,#2448,.T.);
#2446=VERTEX_POINT('',#2447);
#2447=CARTESIAN_POINT('',(2.122336879396,-4.221036154551E-17,8.E-02));
#2448=CIRCLE('',#2449,0.172336879396);
#2449=AXIS2_PLACEMENT_3D('',#2450,#13,#14);
#2450=CARTESIAN_POINT('',(1.95,0.,8.E-02));
#2451=FACE_BOUND('',#2452,.F.);
#2452=EDGE_LOOP('',(#2453));
#2453=ORIENTED_EDGE('',*,*,#2454,.F.);
#2454=EDGE_CURVE('',#2455,#2455,#2457,.T.);
#2455=VERTEX_POINT('',#2456);
#2456=CARTESIAN_POINT('',(2.122336879396,0.65,8.E-02));
#2457=CIRCLE('',#2458,0.172336879396);
#2458=AXIS2_PLACEMENT_3D('',#2459,#13,#14);
#2459=CARTESIAN_POINT('',(1.95,0.65,8.E-02));
#2460=FACE_BOUND('',#2461,.F.);
#2461=EDGE_LOOP('',(#2462));
#2462=ORIENTED_EDGE('',*,*,#2463,.F.);
#2463=EDGE_CURVE('',#2464,#2464,#2466,.T.);
#2464=VERTEX_POINT('',#2465);
#2465=CARTESIAN_POINT('',(2.772336879396,-4.221036154551E-17,8.E-02));
#2466=CIRCLE('',#2467,0.172336879396);
#2467=AXIS2_PLACEMENT_3D('',#2468,#13,#14);
#2468=CARTESIAN_POINT('',(2.6,0.,8.E-02));
#2469=FACE_BOUND('',#2470,.F.);
#2470=EDGE_LOOP('',(#2471));
#2471=ORIENTED_EDGE('',*,*,#2472,.F.);
#2472=EDGE_CURVE('',#2473,#2473,#2475,.T.);
#2473=VERTEX_POINT('',#2474);
#2474=CARTESIAN_POINT('',(2.772336879396,0.65,8.E-02));
#2475=CIRCLE('',#2476,0.172336879396);
#2476=AXIS2_PLACEMENT_3D('',#2477,#13,#14);
#2477=CARTESIAN_POINT('',(2.6,0.65,8.E-02));
#2478=FACE_BOUND('',#2479,.F.);
#2479=EDGE_LOOP('',(#2480));
#2480=ORIENTED_EDGE('',*,*,#2481,.F.);
#2481=EDGE_CURVE('',#2482,#2482,#2484,.T.);
#2482=VERTEX_POINT('',#2483);
#2483=CARTESIAN_POINT('',(2.122336879396,1.3,8.E-02));
#2484=CIRCLE('',#2485,0.172336879396);
#2485=AXIS2_PLACEMENT_3D('',#2486,#13,#14);
#2486=CARTESIAN_POINT('',(1.95,1.3,8.E-02));
#2487=FACE_BOUND('',#2488,.F.);
#2488=EDGE_LOOP('',(#2489));
#2489=ORIENTED_EDGE('',*,*,#2490,.F.);
#2490=EDGE_CURVE('',#2491,#2491,#2493,.T.);
#2491=VERTEX_POINT('',#2492);
#2492=CARTESIAN_POINT('',(2.772336879396,1.3,8.E-02));
#2493=CIRCLE('',#2494,0.172336879396);
#2494=AXIS2_PLACEMENT_3D('',#2495,#13,#14);
#2495=CARTESIAN_POINT('',(2.6,1.3,8.E-02));
#2496=FACE_BOUND('',#2497,.F.);
#2497=EDGE_LOOP('',(#2498));
#2498=ORIENTED_EDGE('',*,*,#2499,.F.);
#2499=EDGE_CURVE('',#2500,#2500,#2502,.T.);
#2500=VERTEX_POINT('',#2501);
#2501=CARTESIAN_POINT('',(3.422336879396,1.3,8.E-02));
#2502=CIRCLE('',#2503,0.172336879396);
#2503=AXIS2_PLACEMENT_3D('',#2504,#13,#14);
#2504=CARTESIAN_POINT('',(3.25,1.3,8.E-02));
#2505=FACE_BOUND('',#2506,.F.);
#2506=EDGE_LOOP('',(#2507));
#2507=ORIENTED_EDGE('',*,*,#2508,.F.);
#2508=EDGE_CURVE('',#2509,#2509,#2511,.T.);
#2509=VERTEX_POINT('',#2510);
#2510=CARTESIAN_POINT('',(0.172336879396,1.95,8.E-02));
#2511=CIRCLE('',#2512,0.172336879396);
#2512=AXIS2_PLACEMENT_3D('',#2513,#13,#14);
#2513=CARTESIAN_POINT('',(0.,1.95,8.E-02));
#2514=FACE_BOUND('',#2515,.F.);
#2515=EDGE_LOOP('',(#2516));
#2516=ORIENTED_EDGE('',*,*,#2517,.F.);
#2517=EDGE_CURVE('',#2518,#2518,#2520,.T.);
#2518=VERTEX_POINT('',#2519);
#2519=CARTESIAN_POINT('',(0.822336879396,1.95,8.E-02));
#2520=CIRCLE('',#2521,0.172336879396);
#2521=AXIS2_PLACEMENT_3D('',#2522,#13,#14);
#2522=CARTESIAN_POINT('',(0.65,1.95,8.E-02));
#2523=FACE_BOUND('',#2524,.F.);
#2524=EDGE_LOOP('',(#2525));
#2525=ORIENTED_EDGE('',*,*,#2526,.F.);
#2526=EDGE_CURVE('',#2527,#2527,#2529,.T.);
#2527=VERTEX_POINT('',#2528);
#2528=CARTESIAN_POINT('',(1.472336879396,1.95,8.E-02));
#2529=CIRCLE('',#2530,0.172336879396);
#2530=AXIS2_PLACEMENT_3D('',#2531,#13,#14);
#2531=CARTESIAN_POINT('',(1.3,1.95,8.E-02));
#2532=FACE_BOUND('',#2533,.F.);
#2533=EDGE_LOOP('',(#2534));
#2534=ORIENTED_EDGE('',*,*,#2535,.F.);
#2535=EDGE_CURVE('',#2536,#2536,#2538,.T.);
#2536=VERTEX_POINT('',#2537);
#2537=CARTESIAN_POINT('',(0.172336879396,2.6,8.E-02));
#2538=CIRCLE('',#2539,0.172336879396);
#2539=AXIS2_PLACEMENT_3D('',#2540,#13,#14);
#2540=CARTESIAN_POINT('',(0.,2.6,8.E-02));
#2541=FACE_BOUND('',#2542,.F.);
#2542=EDGE_LOOP('',(#2543));
#2543=ORIENTED_EDGE('',*,*,#2544,.F.);
#2544=EDGE_CURVE('',#2545,#2545,#2547,.T.);
#2545=VERTEX_POINT('',#2546);
#2546=CARTESIAN_POINT('',(0.822336879396,2.6,8.E-02));
#2547=CIRCLE('',#2548,0.172336879396);
#2548=AXIS2_PLACEMENT_3D('',#2549,#13,#14);
#2549=CARTESIAN_POINT('',(0.65,2.6,8.E-02));
#2550=FACE_BOUND('',#2551,.F.);
#2551=EDGE_LOOP('',(#2552));
#2552=ORIENTED_EDGE('',*,*,#2553,.F.);
#2553=EDGE_CURVE('',#2554,#2554,#2556,.T.);
#2554=VERTEX_POINT('',#2555);
#2555=CARTESIAN_POINT('',(1.472336879396,2.6,8.E-02));
#2556=CIRCLE('',#2557,0.172336879396);
#2557=AXIS2_PLACEMENT_3D('',#2558,#13,#14);
#2558=CARTESIAN_POINT('',(1.3,2.6,8.E-02));
#2559=FACE_BOUND('',#2560,.F.);
#2560=EDGE_LOOP('',(#2561));
#2561=ORIENTED_EDGE('',*,*,#2562,.F.);
#2562=EDGE_CURVE('',#2563,#2563,#2565,.T.);
#2563=VERTEX_POINT('',#2564);
#2564=CARTESIAN_POINT('',(1.472336879396,3.25,8.E-02));
#2565=CIRCLE('',#2566,0.172336879396);
#2566=AXIS2_PLACEMENT_3D('',#2567,#13,#14);
#2567=CARTESIAN_POINT('',(1.3,3.25,8.E-02));
#2568=FACE_BOUND('',#2569,.F.);
#2569=EDGE_LOOP('',(#2570));
#2570=ORIENTED_EDGE('',*,*,#2571,.F.);
#2571=EDGE_CURVE('',#2572,#2572,#2574,.T.);
#2572=VERTEX_POINT('',#2573);
#2573=CARTESIAN_POINT('',(2.122336879396,1.95,8.E-02));
#2574=CIRCLE('',#2575,0.172336879396);
#2575=AXIS2_PLACEMENT_3D('',#2576,#13,#14);
#2576=CARTESIAN_POINT('',(1.95,1.95,8.E-02));
#2577=FACE_BOUND('',#2578,.F.);
#2578=EDGE_LOOP('',(#2579));
#2579=ORIENTED_EDGE('',*,*,#2580,.F.);
#2580=EDGE_CURVE('',#2581,#2581,#2583,.T.);
#2581=VERTEX_POINT('',#2582);
#2582=CARTESIAN_POINT('',(2.772336879396,1.95,8.E-02));
#2583=CIRCLE('',#2584,0.172336879396);
#2584=AXIS2_PLACEMENT_3D('',#2585,#13,#14);
#2585=CARTESIAN_POINT('',(2.6,1.95,8.E-02));
#2586=FACE_BOUND('',#2587,.F.);
#2587=EDGE_LOOP('',(#2588));
#2588=ORIENTED_EDGE('',*,*,#2589,.F.);
#2589=EDGE_CURVE('',#2590,#2590,#2592,.T.);
#2590=VERTEX_POINT('',#2591);
#2591=CARTESIAN_POINT('',(3.422336879396,1.95,8.E-02));
#2592=CIRCLE('',#2593,0.172336879396);
#2593=AXIS2_PLACEMENT_3D('',#2594,#13,#14);
#2594=CARTESIAN_POINT('',(3.25,1.95,8.E-02));
#2595=FACE_BOUND('',#2596,.F.);
#2596=EDGE_LOOP('',(#2597));
#2597=ORIENTED_EDGE('',*,*,#2598,.F.);
#2598=EDGE_CURVE('',#2599,#2599,#2601,.T.);
#2599=VERTEX_POINT('',#2600);
#2600=CARTESIAN_POINT('',(2.122336879396,2.6,8.E-02));
#2601=CIRCLE('',#2602,0.172336879396);
#2602=AXIS2_PLACEMENT_3D('',#2603,#13,#14);
#2603=CARTESIAN_POINT('',(1.95,2.6,8.E-02));
#2604=FACE_BOUND('',#2605,.F.);
#2605=EDGE_LOOP('',(#2606));
#2606=ORIENTED_EDGE('',*,*,#2607,.F.);
#2607=EDGE_CURVE('',#2608,#2608,#2610,.T.);
#2608=VERTEX_POINT('',#2609);
#2609=CARTESIAN_POINT('',(2.122336879396,3.25,8.E-02));
#2610=CIRCLE('',#2611,0.172336879396);
#2611=AXIS2_PLACEMENT_3D('',#2612,#13,#14);
#2612=CARTESIAN_POINT('',(1.95,3.25,8.E-02));
#2613=FACE_BOUND('',#2614,.F.);
#2614=EDGE_LOOP('',(#2615));
#2615=ORIENTED_EDGE('',*,*,#2616,.F.);
#2616=EDGE_CURVE('',#2617,#2617,#2619,.T.);
#2617=VERTEX_POINT('',#2618);
#2618=CARTESIAN_POINT('',(2.772336879396,2.6,8.E-02));
#2619=CIRCLE('',#2620,0.172336879396);
#2620=AXIS2_PLACEMENT_3D('',#2621,#13,#14);
#2621=CARTESIAN_POINT('',(2.6,2.6,8.E-02));
#2622=FACE_BOUND('',#2623,.F.);
#2623=EDGE_LOOP('',(#2624));
#2624=ORIENTED_EDGE('',*,*,#2625,.F.);
#2625=EDGE_CURVE('',#2626,#2626,#2628,.T.);
#2626=VERTEX_POINT('',#2627);
#2627=CARTESIAN_POINT('',(3.422336879396,2.6,8.E-02));
#2628=CIRCLE('',#2629,0.172336879396);
#2629=AXIS2_PLACEMENT_3D('',#2630,#13,#14);
#2630=CARTESIAN_POINT('',(3.25,2.6,8.E-02));
#2631=FACE_BOUND('',#2632,.F.);
#2632=EDGE_LOOP('',(#2633));
#2633=ORIENTED_EDGE('',*,*,#2634,.F.);
#2634=EDGE_CURVE('',#2635,#2635,#2637,.T.);
#2635=VERTEX_POINT('',#2636);
#2636=CARTESIAN_POINT('',(2.772336879396,3.25,8.E-02));
#2637=CIRCLE('',#2638,0.172336879396);
#2638=AXIS2_PLACEMENT_3D('',#2639,#13,#14);
#2639=CARTESIAN_POINT('',(2.6,3.25,8.E-02));
#2640=FACE_BOUND('',#2641,.F.);
#2641=EDGE_LOOP('',(#2642));
#2642=ORIENTED_EDGE('',*,*,#2643,.F.);
#2643=EDGE_CURVE('',#2644,#2644,#2646,.T.);
#2644=VERTEX_POINT('',#2645);
#2645=CARTESIAN_POINT('',(3.422336879396,3.25,8.E-02));
#2646=CIRCLE('',#2647,0.172336879396);
#2647=AXIS2_PLACEMENT_3D('',#2648,#13,#14);
#2648=CARTESIAN_POINT('',(3.25,3.25,8.E-02));
#2649=FACE_BOUND('',#2650,.F.);
#2650=EDGE_LOOP('',(#2651));
#2651=ORIENTED_EDGE('',*,*,#2652,.F.);
#2652=EDGE_CURVE('',#2653,#2653,#2655,.T.);
#2653=VERTEX_POINT('',#2654);
#2654=CARTESIAN_POINT('',(4.722336879396,1.3,8.E-02));
#2655=CIRCLE('',#2656,0.172336879396);
#2656=AXIS2_PLACEMENT_3D('',#2657,#13,#14);
#2657=CARTESIAN_POINT('',(4.55,1.3,8.E-02));
#2658=FACE_BOUND('',#2659,.F.);
#2659=EDGE_LOOP('',(#2660));
#2660=ORIENTED_EDGE('',*,*,#2661,.F.);
#2661=EDGE_CURVE('',#2662,#2662,#2664,.T.);
#2662=VERTEX_POINT('',#2663);
#2663=CARTESIAN_POINT('',(5.372336879396,-4.221036154551E-17,8.E-02));
#2664=CIRCLE('',#2665,0.172336879396);
#2665=AXIS2_PLACEMENT_3D('',#2666,#13,#14);
#2666=CARTESIAN_POINT('',(5.2,0.,8.E-02));
#2667=FACE_BOUND('',#2668,.F.);
#2668=EDGE_LOOP('',(#2669));
#2669=ORIENTED_EDGE('',*,*,#2670,.F.);
#2670=EDGE_CURVE('',#2671,#2671,#2673,.T.);
#2671=VERTEX_POINT('',#2672);
#2672=CARTESIAN_POINT('',(6.672336879396,-4.221036154551E-17,8.E-02));
#2673=CIRCLE('',#2674,0.172336879396);
#2674=AXIS2_PLACEMENT_3D('',#2675,#13,#14);
#2675=CARTESIAN_POINT('',(6.5,0.,8.E-02));
#2676=FACE_BOUND('',#2677,.F.);
#2677=EDGE_LOOP('',(#2678));
#2678=ORIENTED_EDGE('',*,*,#2679,.F.);
#2679=EDGE_CURVE('',#2680,#2680,#2682,.T.);
#2680=VERTEX_POINT('',#2681);
#2681=CARTESIAN_POINT('',(6.022336879396,1.3,8.E-02));
#2682=CIRCLE('',#2683,0.172336879396);
#2683=AXIS2_PLACEMENT_3D('',#2684,#13,#14);
#2684=CARTESIAN_POINT('',(5.85,1.3,8.E-02));
#2685=FACE_BOUND('',#2686,.F.);
#2686=EDGE_LOOP('',(#2687));
#2687=ORIENTED_EDGE('',*,*,#2688,.F.);
#2688=EDGE_CURVE('',#2689,#2689,#2691,.T.);
#2689=VERTEX_POINT('',#2690);
#2690=CARTESIAN_POINT('',(6.672336879396,1.3,8.E-02));
#2691=CIRCLE('',#2692,0.172336879396);
#2692=AXIS2_PLACEMENT_3D('',#2693,#13,#14);
#2693=CARTESIAN_POINT('',(6.5,1.3,8.E-02));
#2694=FACE_BOUND('',#2695,.F.);
#2695=EDGE_LOOP('',(#2696));
#2696=ORIENTED_EDGE('',*,*,#2697,.F.);
#2697=EDGE_CURVE('',#2698,#2698,#2700,.T.);
#2698=VERTEX_POINT('',#2699);
#2699=CARTESIAN_POINT('',(4.072336879396,1.95,8.E-02));
#2700=CIRCLE('',#2701,0.172336879396);
#2701=AXIS2_PLACEMENT_3D('',#2702,#13,#14);
#2702=CARTESIAN_POINT('',(3.9,1.95,8.E-02));
#2703=FACE_BOUND('',#2704,.F.);
#2704=EDGE_LOOP('',(#2705));
#2705=ORIENTED_EDGE('',*,*,#2706,.F.);
#2706=EDGE_CURVE('',#2707,#2707,#2709,.T.);
#2707=VERTEX_POINT('',#2708);
#2708=CARTESIAN_POINT('',(4.722336879396,1.95,8.E-02));
#2709=CIRCLE('',#2710,0.172336879396);
#2710=AXIS2_PLACEMENT_3D('',#2711,#13,#14);
#2711=CARTESIAN_POINT('',(4.55,1.95,8.E-02));
#2712=FACE_BOUND('',#2713,.F.);
#2713=EDGE_LOOP('',(#2714));
#2714=ORIENTED_EDGE('',*,*,#2715,.F.);
#2715=EDGE_CURVE('',#2716,#2716,#2718,.T.);
#2716=VERTEX_POINT('',#2717);
#2717=CARTESIAN_POINT('',(4.072336879396,2.6,8.E-02));
#2718=CIRCLE('',#2719,0.172336879396);
#2719=AXIS2_PLACEMENT_3D('',#2720,#13,#14);
#2720=CARTESIAN_POINT('',(3.9,2.6,8.E-02));
#2721=FACE_BOUND('',#2722,.F.);
#2722=EDGE_LOOP('',(#2723));
#2723=ORIENTED_EDGE('',*,*,#2724,.F.);
#2724=EDGE_CURVE('',#2725,#2725,#2727,.T.);
#2725=VERTEX_POINT('',#2726);
#2726=CARTESIAN_POINT('',(4.072336879396,3.25,8.E-02));
#2727=CIRCLE('',#2728,0.172336879396);
#2728=AXIS2_PLACEMENT_3D('',#2729,#13,#14);
#2729=CARTESIAN_POINT('',(3.9,3.25,8.E-02));
#2730=FACE_BOUND('',#2731,.F.);
#2731=EDGE_LOOP('',(#2732));
#2732=ORIENTED_EDGE('',*,*,#2733,.F.);
#2733=EDGE_CURVE('',#2734,#2734,#2736,.T.);
#2734=VERTEX_POINT('',#2735);
#2735=CARTESIAN_POINT('',(4.722336879396,2.6,8.E-02));
#2736=CIRCLE('',#2737,0.172336879396);
#2737=AXIS2_PLACEMENT_3D('',#2738,#13,#14);
#2738=CARTESIAN_POINT('',(4.55,2.6,8.E-02));
#2739=FACE_BOUND('',#2740,.F.);
#2740=EDGE_LOOP('',(#2741));
#2741=ORIENTED_EDGE('',*,*,#2742,.F.);
#2742=EDGE_CURVE('',#2743,#2743,#2745,.T.);
#2743=VERTEX_POINT('',#2744);
#2744=CARTESIAN_POINT('',(4.722336879396,3.25,8.E-02));
#2745=CIRCLE('',#2746,0.172336879396);
#2746=AXIS2_PLACEMENT_3D('',#2747,#13,#14);
#2747=CARTESIAN_POINT('',(4.55,3.25,8.E-02));
#2748=FACE_BOUND('',#2749,.F.);
#2749=EDGE_LOOP('',(#2750));
#2750=ORIENTED_EDGE('',*,*,#2751,.F.);
#2751=EDGE_CURVE('',#2752,#2752,#2754,.T.);
#2752=VERTEX_POINT('',#2753);
#2753=CARTESIAN_POINT('',(5.372336879396,1.95,8.E-02));
#2754=CIRCLE('',#2755,0.172336879396);
#2755=AXIS2_PLACEMENT_3D('',#2756,#13,#14);
#2756=CARTESIAN_POINT('',(5.2,1.95,8.E-02));
#2757=FACE_BOUND('',#2758,.F.);
#2758=EDGE_LOOP('',(#2759));
#2759=ORIENTED_EDGE('',*,*,#2760,.F.);
#2760=EDGE_CURVE('',#2761,#2761,#2763,.T.);
#2761=VERTEX_POINT('',#2762);
#2762=CARTESIAN_POINT('',(6.672336879396,1.95,8.E-02));
#2763=CIRCLE('',#2764,0.172336879396);
#2764=AXIS2_PLACEMENT_3D('',#2765,#13,#14);
#2765=CARTESIAN_POINT('',(6.5,1.95,8.E-02));
#2766=FACE_BOUND('',#2767,.F.);
#2767=EDGE_LOOP('',(#2768));
#2768=ORIENTED_EDGE('',*,*,#2769,.F.);
#2769=EDGE_CURVE('',#2770,#2770,#2772,.T.);
#2770=VERTEX_POINT('',#2771);
#2771=CARTESIAN_POINT('',(5.372336879396,2.6,8.E-02));
#2772=CIRCLE('',#2773,0.172336879396);
#2773=AXIS2_PLACEMENT_3D('',#2774,#13,#14);
#2774=CARTESIAN_POINT('',(5.2,2.6,8.E-02));
#2775=FACE_BOUND('',#2776,.F.);
#2776=EDGE_LOOP('',(#2777));
#2777=ORIENTED_EDGE('',*,*,#2778,.F.);
#2778=EDGE_CURVE('',#2779,#2779,#2781,.T.);
#2779=VERTEX_POINT('',#2780);
#2780=CARTESIAN_POINT('',(5.372336879396,3.25,8.E-02));
#2781=CIRCLE('',#2782,0.172336879396);
#2782=AXIS2_PLACEMENT_3D('',#2783,#13,#14);
#2783=CARTESIAN_POINT('',(5.2,3.25,8.E-02));
#2784=FACE_BOUND('',#2785,.F.);
#2785=EDGE_LOOP('',(#2786));
#2786=ORIENTED_EDGE('',*,*,#2787,.F.);
#2787=EDGE_CURVE('',#2788,#2788,#2790,.T.);
#2788=VERTEX_POINT('',#2789);
#2789=CARTESIAN_POINT('',(6.022336879396,2.6,8.E-02));
#2790=CIRCLE('',#2791,0.172336879396);
#2791=AXIS2_PLACEMENT_3D('',#2792,#13,#14);
#2792=CARTESIAN_POINT('',(5.85,2.6,8.E-02));
#2793=FACE_BOUND('',#2794,.F.);
#2794=EDGE_LOOP('',(#2795));
#2795=ORIENTED_EDGE('',*,*,#2796,.F.);
#2796=EDGE_CURVE('',#2797,#2797,#2799,.T.);
#2797=VERTEX_POINT('',#2798);
#2798=CARTESIAN_POINT('',(6.672336879396,2.6,8.E-02));
#2799=CIRCLE('',#2800,0.172336879396);
#2800=AXIS2_PLACEMENT_3D('',#2801,#13,#14);
#2801=CARTESIAN_POINT('',(6.5,2.6,8.E-02));
#2802=FACE_BOUND('',#2803,.F.);
#2803=EDGE_LOOP('',(#2804));
#2804=ORIENTED_EDGE('',*,*,#2805,.F.);
#2805=EDGE_CURVE('',#2806,#2806,#2808,.T.);
#2806=VERTEX_POINT('',#2807);
#2807=CARTESIAN_POINT('',(6.022336879396,3.25,8.E-02));
#2808=CIRCLE('',#2809,0.172336879396);
#2809=AXIS2_PLACEMENT_3D('',#2810,#13,#14);
#2810=CARTESIAN_POINT('',(5.85,3.25,8.E-02));
#2811=FACE_BOUND('',#2812,.F.);
#2812=EDGE_LOOP('',(#2813));
#2813=ORIENTED_EDGE('',*,*,#2814,.F.);
#2814=EDGE_CURVE('',#2815,#2815,#2817,.T.);
#2815=VERTEX_POINT('',#2816);
#2816=CARTESIAN_POINT('',(6.672336879396,3.25,8.E-02));
#2817=CIRCLE('',#2818,0.172336879396);
#2818=AXIS2_PLACEMENT_3D('',#2819,#13,#14);
#2819=CARTESIAN_POINT('',(6.5,3.25,8.E-02));
#2820=FACE_BOUND('',#2821,.F.);
#2821=EDGE_LOOP('',(#2822));
#2822=ORIENTED_EDGE('',*,*,#2823,.F.);
#2823=EDGE_CURVE('',#2824,#2824,#2826,.T.);
#2824=VERTEX_POINT('',#2825);
#2825=CARTESIAN_POINT('',(1.472336879396,4.55,8.E-02));
#2826=CIRCLE('',#2827,0.172336879396);
#2827=AXIS2_PLACEMENT_3D('',#2828,#13,#14);
#2828=CARTESIAN_POINT('',(1.3,4.55,8.E-02));
#2829=FACE_BOUND('',#2830,.F.);
#2830=EDGE_LOOP('',(#2831));
#2831=ORIENTED_EDGE('',*,*,#2832,.F.);
#2832=EDGE_CURVE('',#2833,#2833,#2835,.T.);
#2833=VERTEX_POINT('',#2834);
#2834=CARTESIAN_POINT('',(2.122336879396,3.9,8.E-02));
#2835=CIRCLE('',#2836,0.172336879396);
#2836=AXIS2_PLACEMENT_3D('',#2837,#13,#14);
#2837=CARTESIAN_POINT('',(1.95,3.9,8.E-02));
#2838=FACE_BOUND('',#2839,.F.);
#2839=EDGE_LOOP('',(#2840));
#2840=ORIENTED_EDGE('',*,*,#2841,.F.);
#2841=EDGE_CURVE('',#2842,#2842,#2844,.T.);
#2842=VERTEX_POINT('',#2843);
#2843=CARTESIAN_POINT('',(2.772336879396,3.9,8.E-02));
#2844=CIRCLE('',#2845,0.172336879396);
#2845=AXIS2_PLACEMENT_3D('',#2846,#13,#14);
#2846=CARTESIAN_POINT('',(2.6,3.9,8.E-02));
#2847=FACE_BOUND('',#2848,.F.);
#2848=EDGE_LOOP('',(#2849));
#2849=ORIENTED_EDGE('',*,*,#2850,.F.);
#2850=EDGE_CURVE('',#2851,#2851,#2853,.T.);
#2851=VERTEX_POINT('',#2852);
#2852=CARTESIAN_POINT('',(3.422336879396,3.9,8.E-02));
#2853=CIRCLE('',#2854,0.172336879396);
#2854=AXIS2_PLACEMENT_3D('',#2855,#13,#14);
#2855=CARTESIAN_POINT('',(3.25,3.9,8.E-02));
#2856=FACE_BOUND('',#2857,.F.);
#2857=EDGE_LOOP('',(#2858));
#2858=ORIENTED_EDGE('',*,*,#2859,.F.);
#2859=EDGE_CURVE('',#2860,#2860,#2862,.T.);
#2860=VERTEX_POINT('',#2861);
#2861=CARTESIAN_POINT('',(2.122336879396,4.55,8.E-02));
#2862=CIRCLE('',#2863,0.172336879396);
#2863=AXIS2_PLACEMENT_3D('',#2864,#13,#14);
#2864=CARTESIAN_POINT('',(1.95,4.55,8.E-02));
#2865=FACE_BOUND('',#2866,.F.);
#2866=EDGE_LOOP('',(#2867));
#2867=ORIENTED_EDGE('',*,*,#2868,.F.);
#2868=EDGE_CURVE('',#2869,#2869,#2871,.T.);
#2869=VERTEX_POINT('',#2870);
#2870=CARTESIAN_POINT('',(2.772336879396,4.55,8.E-02));
#2871=CIRCLE('',#2872,0.172336879396);
#2872=AXIS2_PLACEMENT_3D('',#2873,#13,#14);
#2873=CARTESIAN_POINT('',(2.6,4.55,8.E-02));
#2874=FACE_BOUND('',#2875,.F.);
#2875=EDGE_LOOP('',(#2876));
#2876=ORIENTED_EDGE('',*,*,#2877,.F.);
#2877=EDGE_CURVE('',#2878,#2878,#2880,.T.);
#2878=VERTEX_POINT('',#2879);
#2879=CARTESIAN_POINT('',(3.422336879396,4.55,8.E-02));
#2880=CIRCLE('',#2881,0.172336879396);
#2881=AXIS2_PLACEMENT_3D('',#2882,#13,#14);
#2882=CARTESIAN_POINT('',(3.25,4.55,8.E-02));
#2883=FACE_BOUND('',#2884,.F.);
#2884=EDGE_LOOP('',(#2885));
#2885=ORIENTED_EDGE('',*,*,#2886,.F.);
#2886=EDGE_CURVE('',#2887,#2887,#2889,.T.);
#2887=VERTEX_POINT('',#2888);
#2888=CARTESIAN_POINT('',(0.172336879396,5.2,8.E-02));
#2889=CIRCLE('',#2890,0.172336879396);
#2890=AXIS2_PLACEMENT_3D('',#2891,#13,#14);
#2891=CARTESIAN_POINT('',(0.,5.2,8.E-02));
#2892=FACE_BOUND('',#2893,.F.);
#2893=EDGE_LOOP('',(#2894));
#2894=ORIENTED_EDGE('',*,*,#2895,.F.);
#2895=EDGE_CURVE('',#2896,#2896,#2898,.T.);
#2896=VERTEX_POINT('',#2897);
#2897=CARTESIAN_POINT('',(0.172336879396,6.5,8.E-02));
#2898=CIRCLE('',#2899,0.172336879396);
#2899=AXIS2_PLACEMENT_3D('',#2900,#13,#14);
#2900=CARTESIAN_POINT('',(0.,6.5,8.E-02));
#2901=FACE_BOUND('',#2902,.F.);
#2902=EDGE_LOOP('',(#2903));
#2903=ORIENTED_EDGE('',*,*,#2904,.F.);
#2904=EDGE_CURVE('',#2905,#2905,#2907,.T.);
#2905=VERTEX_POINT('',#2906);
#2906=CARTESIAN_POINT('',(1.472336879396,5.85,8.E-02));
#2907=CIRCLE('',#2908,0.172336879396);
#2908=AXIS2_PLACEMENT_3D('',#2909,#13,#14);
#2909=CARTESIAN_POINT('',(1.3,5.85,8.E-02));
#2910=FACE_BOUND('',#2911,.F.);
#2911=EDGE_LOOP('',(#2912));
#2912=ORIENTED_EDGE('',*,*,#2913,.F.);
#2913=EDGE_CURVE('',#2914,#2914,#2916,.T.);
#2914=VERTEX_POINT('',#2915);
#2915=CARTESIAN_POINT('',(1.472336879396,6.5,8.E-02));
#2916=CIRCLE('',#2917,0.172336879396);
#2917=AXIS2_PLACEMENT_3D('',#2918,#13,#14);
#2918=CARTESIAN_POINT('',(1.3,6.5,8.E-02));
#2919=FACE_BOUND('',#2920,.F.);
#2920=EDGE_LOOP('',(#2921));
#2921=ORIENTED_EDGE('',*,*,#2922,.F.);
#2922=EDGE_CURVE('',#2923,#2923,#2925,.T.);
#2923=VERTEX_POINT('',#2924);
#2924=CARTESIAN_POINT('',(2.122336879396,5.2,8.E-02));
#2925=CIRCLE('',#2926,0.172336879396);
#2926=AXIS2_PLACEMENT_3D('',#2927,#13,#14);
#2927=CARTESIAN_POINT('',(1.95,5.2,8.E-02));
#2928=FACE_BOUND('',#2929,.F.);
#2929=EDGE_LOOP('',(#2930));
#2930=ORIENTED_EDGE('',*,*,#2931,.F.);
#2931=EDGE_CURVE('',#2932,#2932,#2934,.T.);
#2932=VERTEX_POINT('',#2933);
#2933=CARTESIAN_POINT('',(2.772336879396,5.2,8.E-02));
#2934=CIRCLE('',#2935,0.172336879396);
#2935=AXIS2_PLACEMENT_3D('',#2936,#13,#14);
#2936=CARTESIAN_POINT('',(2.6,5.2,8.E-02));
#2937=FACE_BOUND('',#2938,.F.);
#2938=EDGE_LOOP('',(#2939));
#2939=ORIENTED_EDGE('',*,*,#2940,.F.);
#2940=EDGE_CURVE('',#2941,#2941,#2943,.T.);
#2941=VERTEX_POINT('',#2942);
#2942=CARTESIAN_POINT('',(3.422336879396,5.2,8.E-02));
#2943=CIRCLE('',#2944,0.172336879396);
#2944=AXIS2_PLACEMENT_3D('',#2945,#13,#14);
#2945=CARTESIAN_POINT('',(3.25,5.2,8.E-02));
#2946=FACE_BOUND('',#2947,.F.);
#2947=EDGE_LOOP('',(#2948));
#2948=ORIENTED_EDGE('',*,*,#2949,.F.);
#2949=EDGE_CURVE('',#2950,#2950,#2952,.T.);
#2950=VERTEX_POINT('',#2951);
#2951=CARTESIAN_POINT('',(2.122336879396,6.5,8.E-02));
#2952=CIRCLE('',#2953,0.172336879396);
#2953=AXIS2_PLACEMENT_3D('',#2954,#13,#14);
#2954=CARTESIAN_POINT('',(1.95,6.5,8.E-02));
#2955=FACE_BOUND('',#2956,.F.);
#2956=EDGE_LOOP('',(#2957));
#2957=ORIENTED_EDGE('',*,*,#2958,.F.);
#2958=EDGE_CURVE('',#2959,#2959,#2961,.T.);
#2959=VERTEX_POINT('',#2960);
#2960=CARTESIAN_POINT('',(2.772336879396,5.85,8.E-02));
#2961=CIRCLE('',#2962,0.172336879396);
#2962=AXIS2_PLACEMENT_3D('',#2963,#13,#14);
#2963=CARTESIAN_POINT('',(2.6,5.85,8.E-02));
#2964=FACE_BOUND('',#2965,.F.);
#2965=EDGE_LOOP('',(#2966));
#2966=ORIENTED_EDGE('',*,*,#2967,.F.);
#2967=EDGE_CURVE('',#2968,#2968,#2970,.T.);
#2968=VERTEX_POINT('',#2969);
#2969=CARTESIAN_POINT('',(3.422336879396,5.85,8.E-02));
#2970=CIRCLE('',#2971,0.172336879396);
#2971=AXIS2_PLACEMENT_3D('',#2972,#13,#14);
#2972=CARTESIAN_POINT('',(3.25,5.85,8.E-02));
#2973=FACE_BOUND('',#2974,.F.);
#2974=EDGE_LOOP('',(#2975));
#2975=ORIENTED_EDGE('',*,*,#2976,.F.);
#2976=EDGE_CURVE('',#2977,#2977,#2979,.T.);
#2977=VERTEX_POINT('',#2978);
#2978=CARTESIAN_POINT('',(2.772336879396,6.5,8.E-02));
#2979=CIRCLE('',#2980,0.172336879396);
#2980=AXIS2_PLACEMENT_3D('',#2981,#13,#14);
#2981=CARTESIAN_POINT('',(2.6,6.5,8.E-02));
#2982=FACE_BOUND('',#2983,.F.);
#2983=EDGE_LOOP('',(#2984));
#2984=ORIENTED_EDGE('',*,*,#2985,.F.);
#2985=EDGE_CURVE('',#2986,#2986,#2988,.T.);
#2986=VERTEX_POINT('',#2987);
#2987=CARTESIAN_POINT('',(3.422336879396,6.5,8.E-02));
#2988=CIRCLE('',#2989,0.172336879396);
#2989=AXIS2_PLACEMENT_3D('',#2990,#13,#14);
#2990=CARTESIAN_POINT('',(3.25,6.5,8.E-02));
#2991=FACE_BOUND('',#2992,.F.);
#2992=EDGE_LOOP('',(#2993));
#2993=ORIENTED_EDGE('',*,*,#2994,.F.);
#2994=EDGE_CURVE('',#2995,#2995,#2997,.T.);
#2995=VERTEX_POINT('',#2996);
#2996=CARTESIAN_POINT('',(4.072336879396,3.9,8.E-02));
#2997=CIRCLE('',#2998,0.172336879396);
#2998=AXIS2_PLACEMENT_3D('',#2999,#13,#14);
#2999=CARTESIAN_POINT('',(3.9,3.9,8.E-02));
#3000=FACE_BOUND('',#3001,.F.);
#3001=EDGE_LOOP('',(#3002));
#3002=ORIENTED_EDGE('',*,*,#3003,.F.);
#3003=EDGE_CURVE('',#3004,#3004,#3006,.T.);
#3004=VERTEX_POINT('',#3005);
#3005=CARTESIAN_POINT('',(4.722336879396,3.9,8.E-02));
#3006=CIRCLE('',#3007,0.172336879396);
#3007=AXIS2_PLACEMENT_3D('',#3008,#13,#14);
#3008=CARTESIAN_POINT('',(4.55,3.9,8.E-02));
#3009=FACE_BOUND('',#3010,.F.);
#3010=EDGE_LOOP('',(#3011));
#3011=ORIENTED_EDGE('',*,*,#3012,.F.);
#3012=EDGE_CURVE('',#3013,#3013,#3015,.T.);
#3013=VERTEX_POINT('',#3014);
#3014=CARTESIAN_POINT('',(4.072336879396,4.55,8.E-02));
#3015=CIRCLE('',#3016,0.172336879396);
#3016=AXIS2_PLACEMENT_3D('',#3017,#13,#14);
#3017=CARTESIAN_POINT('',(3.9,4.55,8.E-02));
#3018=FACE_BOUND('',#3019,.F.);
#3019=EDGE_LOOP('',(#3020));
#3020=ORIENTED_EDGE('',*,*,#3021,.F.);
#3021=EDGE_CURVE('',#3022,#3022,#3024,.T.);
#3022=VERTEX_POINT('',#3023);
#3023=CARTESIAN_POINT('',(4.722336879396,4.55,8.E-02));
#3024=CIRCLE('',#3025,0.172336879396);
#3025=AXIS2_PLACEMENT_3D('',#3026,#13,#14);
#3026=CARTESIAN_POINT('',(4.55,4.55,8.E-02));
#3027=FACE_BOUND('',#3028,.F.);
#3028=EDGE_LOOP('',(#3029));
#3029=ORIENTED_EDGE('',*,*,#3030,.F.);
#3030=EDGE_CURVE('',#3031,#3031,#3033,.T.);
#3031=VERTEX_POINT('',#3032);
#3032=CARTESIAN_POINT('',(5.372336879396,3.9,8.E-02));
#3033=CIRCLE('',#3034,0.172336879396);
#3034=AXIS2_PLACEMENT_3D('',#3035,#13,#14);
#3035=CARTESIAN_POINT('',(5.2,3.9,8.E-02));
#3036=FACE_BOUND('',#3037,.F.);
#3037=EDGE_LOOP('',(#3038));
#3038=ORIENTED_EDGE('',*,*,#3039,.F.);
#3039=EDGE_CURVE('',#3040,#3040,#3042,.T.);
#3040=VERTEX_POINT('',#3041);
#3041=CARTESIAN_POINT('',(6.672336879396,3.9,8.E-02));
#3042=CIRCLE('',#3043,0.172336879396);
#3043=AXIS2_PLACEMENT_3D('',#3044,#13,#14);
#3044=CARTESIAN_POINT('',(6.5,3.9,8.E-02));
#3045=FACE_BOUND('',#3046,.F.);
#3046=EDGE_LOOP('',(#3047));
#3047=ORIENTED_EDGE('',*,*,#3048,.F.);
#3048=EDGE_CURVE('',#3049,#3049,#3051,.T.);
#3049=VERTEX_POINT('',#3050);
#3050=CARTESIAN_POINT('',(5.372336879396,4.55,8.E-02));
#3051=CIRCLE('',#3052,0.172336879396);
#3052=AXIS2_PLACEMENT_3D('',#3053,#13,#14);
#3053=CARTESIAN_POINT('',(5.2,4.55,8.E-02));
#3054=FACE_BOUND('',#3055,.F.);
#3055=EDGE_LOOP('',(#3056));
#3056=ORIENTED_EDGE('',*,*,#3057,.F.);
#3057=EDGE_CURVE('',#3058,#3058,#3060,.T.);
#3058=VERTEX_POINT('',#3059);
#3059=CARTESIAN_POINT('',(6.022336879396,4.55,8.E-02));
#3060=CIRCLE('',#3061,0.172336879396);
#3061=AXIS2_PLACEMENT_3D('',#3062,#13,#14);
#3062=CARTESIAN_POINT('',(5.85,4.55,8.E-02));
#3063=FACE_BOUND('',#3064,.F.);
#3064=EDGE_LOOP('',(#3065));
#3065=ORIENTED_EDGE('',*,*,#3066,.F.);
#3066=EDGE_CURVE('',#3067,#3067,#3069,.T.);
#3067=VERTEX_POINT('',#3068);
#3068=CARTESIAN_POINT('',(6.672336879396,4.55,8.E-02));
#3069=CIRCLE('',#3070,0.172336879396);
#3070=AXIS2_PLACEMENT_3D('',#3071,#13,#14);
#3071=CARTESIAN_POINT('',(6.5,4.55,8.E-02));
#3072=FACE_BOUND('',#3073,.F.);
#3073=EDGE_LOOP('',(#3074));
#3074=ORIENTED_EDGE('',*,*,#3075,.F.);
#3075=EDGE_CURVE('',#3076,#3076,#3078,.T.);
#3076=VERTEX_POINT('',#3077);
#3077=CARTESIAN_POINT('',(4.072336879396,5.2,8.E-02));
#3078=CIRCLE('',#3079,0.172336879396);
#3079=AXIS2_PLACEMENT_3D('',#3080,#13,#14);
#3080=CARTESIAN_POINT('',(3.9,5.2,8.E-02));
#3081=FACE_BOUND('',#3082,.F.);
#3082=EDGE_LOOP('',(#3083));
#3083=ORIENTED_EDGE('',*,*,#3084,.F.);
#3084=EDGE_CURVE('',#3085,#3085,#3087,.T.);
#3085=VERTEX_POINT('',#3086);
#3086=CARTESIAN_POINT('',(4.722336879396,5.2,8.E-02));
#3087=CIRCLE('',#3088,0.172336879396);
#3088=AXIS2_PLACEMENT_3D('',#3089,#13,#14);
#3089=CARTESIAN_POINT('',(4.55,5.2,8.E-02));
#3090=FACE_BOUND('',#3091,.F.);
#3091=EDGE_LOOP('',(#3092));
#3092=ORIENTED_EDGE('',*,*,#3093,.F.);
#3093=EDGE_CURVE('',#3094,#3094,#3096,.T.);
#3094=VERTEX_POINT('',#3095);
#3095=CARTESIAN_POINT('',(4.072336879396,6.5,8.E-02));
#3096=CIRCLE('',#3097,0.172336879396);
#3097=AXIS2_PLACEMENT_3D('',#3098,#13,#14);
#3098=CARTESIAN_POINT('',(3.9,6.5,8.E-02));
#3099=FACE_BOUND('',#3100,.F.);
#3100=EDGE_LOOP('',(#3101));
#3101=ORIENTED_EDGE('',*,*,#3102,.F.);
#3102=EDGE_CURVE('',#3103,#3103,#3105,.T.);
#3103=VERTEX_POINT('',#3104);
#3104=CARTESIAN_POINT('',(4.722336879396,5.85,8.E-02));
#3105=CIRCLE('',#3106,0.172336879396);
#3106=AXIS2_PLACEMENT_3D('',#3107,#13,#14);
#3107=CARTESIAN_POINT('',(4.55,5.85,8.E-02));
#3108=FACE_BOUND('',#3109,.F.);
#3109=EDGE_LOOP('',(#3110));
#3110=ORIENTED_EDGE('',*,*,#3111,.F.);
#3111=EDGE_CURVE('',#3112,#3112,#3114,.T.);
#3112=VERTEX_POINT('',#3113);
#3113=CARTESIAN_POINT('',(4.722336879396,6.5,8.E-02));
#3114=CIRCLE('',#3115,0.172336879396);
#3115=AXIS2_PLACEMENT_3D('',#3116,#13,#14);
#3116=CARTESIAN_POINT('',(4.55,6.5,8.E-02));
#3117=FACE_BOUND('',#3118,.F.);
#3118=EDGE_LOOP('',(#3119));
#3119=ORIENTED_EDGE('',*,*,#3120,.F.);
#3120=EDGE_CURVE('',#3121,#3121,#3123,.T.);
#3121=VERTEX_POINT('',#3122);
#3122=CARTESIAN_POINT('',(5.372336879396,5.2,8.E-02));
#3123=CIRCLE('',#3124,0.172336879396);
#3124=AXIS2_PLACEMENT_3D('',#3125,#13,#14);
#3125=CARTESIAN_POINT('',(5.2,5.2,8.E-02));
#3126=FACE_BOUND('',#3127,.F.);
#3127=EDGE_LOOP('',(#3128));
#3128=ORIENTED_EDGE('',*,*,#3129,.F.);
#3129=EDGE_CURVE('',#3130,#3130,#3132,.T.);
#3130=VERTEX_POINT('',#3131);
#3131=CARTESIAN_POINT('',(6.022336879396,5.2,8.E-02));
#3132=CIRCLE('',#3133,0.172336879396);
#3133=AXIS2_PLACEMENT_3D('',#3134,#13,#14);
#3134=CARTESIAN_POINT('',(5.85,5.2,8.E-02));
#3135=FACE_BOUND('',#3136,.F.);
#3136=EDGE_LOOP('',(#3137));
#3137=ORIENTED_EDGE('',*,*,#3138,.F.);
#3138=EDGE_CURVE('',#3139,#3139,#3141,.T.);
#3139=VERTEX_POINT('',#3140);
#3140=CARTESIAN_POINT('',(6.672336879396,5.2,8.E-02));
#3141=CIRCLE('',#3142,0.172336879396);
#3142=AXIS2_PLACEMENT_3D('',#3143,#13,#14);
#3143=CARTESIAN_POINT('',(6.5,5.2,8.E-02));
#3144=FACE_BOUND('',#3145,.F.);
#3145=EDGE_LOOP('',(#3146));
#3146=ORIENTED_EDGE('',*,*,#3147,.F.);
#3147=EDGE_CURVE('',#3148,#3148,#3150,.T.);
#3148=VERTEX_POINT('',#3149);
#3149=CARTESIAN_POINT('',(5.372336879396,5.85,8.E-02));
#3150=CIRCLE('',#3151,0.172336879396);
#3151=AXIS2_PLACEMENT_3D('',#3152,#13,#14);
#3152=CARTESIAN_POINT('',(5.2,5.85,8.E-02));
#3153=FACE_BOUND('',#3154,.F.);
#3154=EDGE_LOOP('',(#3155));
#3155=ORIENTED_EDGE('',*,*,#3156,.F.);
#3156=EDGE_CURVE('',#3157,#3157,#3159,.T.);
#3157=VERTEX_POINT('',#3158);
#3158=CARTESIAN_POINT('',(5.372336879396,6.5,8.E-02));
#3159=CIRCLE('',#3160,0.172336879396);
#3160=AXIS2_PLACEMENT_3D('',#3161,#13,#14);
#3161=CARTESIAN_POINT('',(5.2,6.5,8.E-02));
#3162=FACE_BOUND('',#3163,.F.);
#3163=EDGE_LOOP('',(#3164));
#3164=ORIENTED_EDGE('',*,*,#3165,.F.);
#3165=EDGE_CURVE('',#3166,#3166,#3168,.T.);
#3166=VERTEX_POINT('',#3167);
#3167=CARTESIAN_POINT('',(6.022336879396,5.85,8.E-02));
#3168=CIRCLE('',#3169,0.172336879396);
#3169=AXIS2_PLACEMENT_3D('',#3170,#13,#14);
#3170=CARTESIAN_POINT('',(5.85,5.85,8.E-02));
#3171=FACE_BOUND('',#3172,.F.);
#3172=EDGE_LOOP('',(#3173));
#3173=ORIENTED_EDGE('',*,*,#3174,.F.);
#3174=EDGE_CURVE('',#3175,#3175,#3177,.T.);
#3175=VERTEX_POINT('',#3176);
#3176=CARTESIAN_POINT('',(6.672336879396,5.85,8.E-02));
#3177=CIRCLE('',#3178,0.172336879396);
#3178=AXIS2_PLACEMENT_3D('',#3179,#13,#14);
#3179=CARTESIAN_POINT('',(6.5,5.85,8.E-02));
#3180=FACE_BOUND('',#3181,.F.);
#3181=EDGE_LOOP('',(#3182));
#3182=ORIENTED_EDGE('',*,*,#3183,.F.);
#3183=EDGE_CURVE('',#3184,#3184,#3186,.T.);
#3184=VERTEX_POINT('',#3185);
#3185=CARTESIAN_POINT('',(6.022336879396,6.5,8.E-02));
#3186=CIRCLE('',#3187,0.172336879396);
#3187=AXIS2_PLACEMENT_3D('',#3188,#13,#14);
#3188=CARTESIAN_POINT('',(5.85,6.5,8.E-02));
#3189=FACE_BOUND('',#3190,.F.);
#3190=EDGE_LOOP('',(#3191));
#3191=ORIENTED_EDGE('',*,*,#3192,.F.);
#3192=EDGE_CURVE('',#3193,#3193,#3195,.T.);
#3193=VERTEX_POINT('',#3194);
#3194=CARTESIAN_POINT('',(6.672336879396,6.5,8.E-02));
#3195=CIRCLE('',#3196,0.172336879396);
#3196=AXIS2_PLACEMENT_3D('',#3197,#13,#14);
#3197=CARTESIAN_POINT('',(6.5,6.5,8.E-02));
#3198=PLANE('',#3199);
#3199=AXIS2_PLACEMENT_3D('',#23,#13,#45);
#3200=ADVANCED_FACE('',(#3201),#3205,.T.);
#3201=FACE_BOUND('',#3202,.T.);
#3202=EDGE_LOOP('',(#61,#108,#3203,#3204));
#3203=ORIENTED_EDGE('',*,*,#99,.T.);
#3204=ORIENTED_EDGE('',*,*,#70,.F.);
#3205=PLANE('',#3206);
#3206=AXIS2_PLACEMENT_3D('',#52,#45,#13);
#3207=ADVANCED_FACE('',(#3208),#3222,.T.);
#3208=FACE_BOUND('',#3209,.F.);
#3209=EDGE_LOOP('',(#3210,#3216,#3221,#79));
#3210=ORIENTED_EDGE('',*,*,#3211,.F.);
#3211=EDGE_CURVE('',#3212,#81,#3214,.T.);
#3212=VERTEX_POINT('',#3213);
#3213=CARTESIAN_POINT('',(-4.9,5.6,1.202));
#3214=LINE('',#3213,#3215);
#3215=VECTOR('',#86,1.);
#3216=ORIENTED_EDGE('',*,*,#3217,.T.);
#3217=EDGE_CURVE('',#3212,#3212,#3218,.T.);
#3218=CIRCLE('',#3219,0.7);
#3219=AXIS2_PLACEMENT_3D('',#3220,#13,#14);
#3220=CARTESIAN_POINT('',(-5.6,5.6,1.202));
#3221=ORIENTED_EDGE('',*,*,#3211,.T.);
#3222=CYLINDRICAL_SURFACE('',#3223,0.7);
#3223=AXIS2_PLACEMENT_3D('',#3220,#3224,#45);
#3224=DIRECTION('',(-0.,-0.,-1.));
#3225=ADVANCED_FACE('',(#3226),#3238,.T.);
#3226=FACE_BOUND('',#3227,.T.);
#3227=EDGE_LOOP('',(#113,#3228,#3237));
#3228=ORIENTED_EDGE('',*,*,#3229,.F.);
#3229=EDGE_CURVE('',#3230,#115,#3232,.T.);
#3230=VERTEX_POINT('',#3231);
#3231=CARTESIAN_POINT('',(-6.5,-6.5,-1.E-02));
#3232=CIRCLE('',#3233,0.21);
#3233=AXIS2_PLACEMENT_3D('',#3234,#3235,#3236);
#3234=CARTESIAN_POINT('',(-6.5,-6.5,0.2));
#3235=DIRECTION('',(-2.449293598295E-16,-1.,0.));
#3236=DIRECTION('',(1.,-2.449293598295E-16,0.));
#3237=ORIENTED_EDGE('',*,*,#3229,.T.);
#3238=SPHERICAL_SURFACE('',#3239,0.21);
#3239=AXIS2_PLACEMENT_3D('',#3234,#13,#45);
#3240=ADVANCED_FACE('',(#3241),#3251,.T.);
#3241=FACE_BOUND('',#3242,.T.);
#3242=EDGE_LOOP('',(#122,#3243,#3250));
#3243=ORIENTED_EDGE('',*,*,#3244,.F.);
#3244=EDGE_CURVE('',#3245,#124,#3247,.T.);
#3245=VERTEX_POINT('',#3246);
#3246=CARTESIAN_POINT('',(-5.85,-6.5,-1.E-02));
#3247=CIRCLE('',#3248,0.21);
#3248=AXIS2_PLACEMENT_3D('',#3249,#3235,#3236);
#3249=CARTESIAN_POINT('',(-5.85,-6.5,0.2));
#3250=ORIENTED_EDGE('',*,*,#3244,.T.);
#3251=SPHERICAL_SURFACE('',#3252,0.21);
#3252=AXIS2_PLACEMENT_3D('',#3249,#13,#45);
#3253=ADVANCED_FACE('',(#3254),#3264,.T.);
#3254=FACE_BOUND('',#3255,.T.);
#3255=EDGE_LOOP('',(#131,#3256,#3263));
#3256=ORIENTED_EDGE('',*,*,#3257,.F.);
#3257=EDGE_CURVE('',#3258,#133,#3260,.T.);
#3258=VERTEX_POINT('',#3259);
#3259=CARTESIAN_POINT('',(-6.5,-5.85,-1.E-02));
#3260=CIRCLE('',#3261,0.21);
#3261=AXIS2_PLACEMENT_3D('',#3262,#3235,#3236);
#3262=CARTESIAN_POINT('',(-6.5,-5.85,0.2));
#3263=ORIENTED_EDGE('',*,*,#3257,.T.);
#3264=SPHERICAL_SURFACE('',#3265,0.21);
#3265=AXIS2_PLACEMENT_3D('',#3262,#13,#45);
#3266=ADVANCED_FACE('',(#3267),#3277,.T.);
#3267=FACE_BOUND('',#3268,.T.);
#3268=EDGE_LOOP('',(#140,#3269,#3276));
#3269=ORIENTED_EDGE('',*,*,#3270,.F.);
#3270=EDGE_CURVE('',#3271,#142,#3273,.T.);
#3271=VERTEX_POINT('',#3272);
#3272=CARTESIAN_POINT('',(-5.85,-5.85,-1.E-02));
#3273=CIRCLE('',#3274,0.21);
#3274=AXIS2_PLACEMENT_3D('',#3275,#3235,#3236);
#3275=CARTESIAN_POINT('',(-5.85,-5.85,0.2));
#3276=ORIENTED_EDGE('',*,*,#3270,.T.);
#3277=SPHERICAL_SURFACE('',#3278,0.21);
#3278=AXIS2_PLACEMENT_3D('',#3275,#13,#45);
#3279=ADVANCED_FACE('',(#3280),#3290,.T.);
#3280=FACE_BOUND('',#3281,.T.);
#3281=EDGE_LOOP('',(#149,#3282,#3289));
#3282=ORIENTED_EDGE('',*,*,#3283,.F.);
#3283=EDGE_CURVE('',#3284,#151,#3286,.T.);
#3284=VERTEX_POINT('',#3285);
#3285=CARTESIAN_POINT('',(-5.2,-6.5,-1.E-02));
#3286=CIRCLE('',#3287,0.21);
#3287=AXIS2_PLACEMENT_3D('',#3288,#3235,#3236);
#3288=CARTESIAN_POINT('',(-5.2,-6.5,0.2));
#3289=ORIENTED_EDGE('',*,*,#3283,.T.);
#3290=SPHERICAL_SURFACE('',#3291,0.21);
#3291=AXIS2_PLACEMENT_3D('',#3288,#13,#45);
#3292=ADVANCED_FACE('',(#3293),#3303,.T.);
#3293=FACE_BOUND('',#3294,.T.);
#3294=EDGE_LOOP('',(#158,#3295,#3302));
#3295=ORIENTED_EDGE('',*,*,#3296,.F.);
#3296=EDGE_CURVE('',#3297,#160,#3299,.T.);
#3297=VERTEX_POINT('',#3298);
#3298=CARTESIAN_POINT('',(-5.2,-5.85,-1.E-02));
#3299=CIRCLE('',#3300,0.21);
#3300=AXIS2_PLACEMENT_3D('',#3301,#3235,#3236);
#3301=CARTESIAN_POINT('',(-5.2,-5.85,0.2));
#3302=ORIENTED_EDGE('',*,*,#3296,.T.);
#3303=SPHERICAL_SURFACE('',#3304,0.21);
#3304=AXIS2_PLACEMENT_3D('',#3301,#13,#45);
#3305=ADVANCED_FACE('',(#3306),#3316,.T.);
#3306=FACE_BOUND('',#3307,.T.);
#3307=EDGE_LOOP('',(#167,#3308,#3315));
#3308=ORIENTED_EDGE('',*,*,#3309,.F.);
#3309=EDGE_CURVE('',#3310,#169,#3312,.T.);
#3310=VERTEX_POINT('',#3311);
#3311=CARTESIAN_POINT('',(-6.5,-5.2,-1.E-02));
#3312=CIRCLE('',#3313,0.21);
#3313=AXIS2_PLACEMENT_3D('',#3314,#3235,#3236);
#3314=CARTESIAN_POINT('',(-6.5,-5.2,0.2));
#3315=ORIENTED_EDGE('',*,*,#3309,.T.);
#3316=SPHERICAL_SURFACE('',#3317,0.21);
#3317=AXIS2_PLACEMENT_3D('',#3314,#13,#45);
#3318=ADVANCED_FACE('',(#3319),#3329,.T.);
#3319=FACE_BOUND('',#3320,.T.);
#3320=EDGE_LOOP('',(#176,#3321,#3328));
#3321=ORIENTED_EDGE('',*,*,#3322,.F.);
#3322=EDGE_CURVE('',#3323,#178,#3325,.T.);
#3323=VERTEX_POINT('',#3324);
#3324=CARTESIAN_POINT('',(-5.85,-5.2,-1.E-02));
#3325=CIRCLE('',#3326,0.21);
#3326=AXIS2_PLACEMENT_3D('',#3327,#3235,#3236);
#3327=CARTESIAN_POINT('',(-5.85,-5.2,0.2));
#3328=ORIENTED_EDGE('',*,*,#3322,.T.);
#3329=SPHERICAL_SURFACE('',#3330,0.21);
#3330=AXIS2_PLACEMENT_3D('',#3327,#13,#45);
#3331=ADVANCED_FACE('',(#3332),#3342,.T.);
#3332=FACE_BOUND('',#3333,.T.);
#3333=EDGE_LOOP('',(#185,#3334,#3341));
#3334=ORIENTED_EDGE('',*,*,#3335,.F.);
#3335=EDGE_CURVE('',#3336,#187,#3338,.T.);
#3336=VERTEX_POINT('',#3337);
#3337=CARTESIAN_POINT('',(-5.2,-5.2,-1.E-02));
#3338=CIRCLE('',#3339,0.21);
#3339=AXIS2_PLACEMENT_3D('',#3340,#3235,#3236);
#3340=CARTESIAN_POINT('',(-5.2,-5.2,0.2));
#3341=ORIENTED_EDGE('',*,*,#3335,.T.);
#3342=SPHERICAL_SURFACE('',#3343,0.21);
#3343=AXIS2_PLACEMENT_3D('',#3340,#13,#45);
#3344=ADVANCED_FACE('',(#3345),#3355,.T.);
#3345=FACE_BOUND('',#3346,.T.);
#3346=EDGE_LOOP('',(#194,#3347,#3354));
#3347=ORIENTED_EDGE('',*,*,#3348,.F.);
#3348=EDGE_CURVE('',#3349,#196,#3351,.T.);
#3349=VERTEX_POINT('',#3350);
#3350=CARTESIAN_POINT('',(-4.55,-6.5,-1.E-02));
#3351=CIRCLE('',#3352,0.21);
#3352=AXIS2_PLACEMENT_3D('',#3353,#3235,#3236);
#3353=CARTESIAN_POINT('',(-4.55,-6.5,0.2));
#3354=ORIENTED_EDGE('',*,*,#3348,.T.);
#3355=SPHERICAL_SURFACE('',#3356,0.21);
#3356=AXIS2_PLACEMENT_3D('',#3353,#13,#45);
#3357=ADVANCED_FACE('',(#3358),#3368,.T.);
#3358=FACE_BOUND('',#3359,.T.);
#3359=EDGE_LOOP('',(#203,#3360,#3367));
#3360=ORIENTED_EDGE('',*,*,#3361,.F.);
#3361=EDGE_CURVE('',#3362,#205,#3364,.T.);
#3362=VERTEX_POINT('',#3363);
#3363=CARTESIAN_POINT('',(-4.55,-5.85,-1.E-02));
#3364=CIRCLE('',#3365,0.21);
#3365=AXIS2_PLACEMENT_3D('',#3366,#3235,#3236);
#3366=CARTESIAN_POINT('',(-4.55,-5.85,0.2));
#3367=ORIENTED_EDGE('',*,*,#3361,.T.);
#3368=SPHERICAL_SURFACE('',#3369,0.21);
#3369=AXIS2_PLACEMENT_3D('',#3366,#13,#45);
#3370=ADVANCED_FACE('',(#3371),#3381,.T.);
#3371=FACE_BOUND('',#3372,.T.);
#3372=EDGE_LOOP('',(#212,#3373,#3380));
#3373=ORIENTED_EDGE('',*,*,#3374,.F.);
#3374=EDGE_CURVE('',#3375,#214,#3377,.T.);
#3375=VERTEX_POINT('',#3376);
#3376=CARTESIAN_POINT('',(-3.9,-6.5,-1.E-02));
#3377=CIRCLE('',#3378,0.21);
#3378=AXIS2_PLACEMENT_3D('',#3379,#3235,#3236);
#3379=CARTESIAN_POINT('',(-3.9,-6.5,0.2));
#3380=ORIENTED_EDGE('',*,*,#3374,.T.);
#3381=SPHERICAL_SURFACE('',#3382,0.21);
#3382=AXIS2_PLACEMENT_3D('',#3379,#13,#45);
#3383=ADVANCED_FACE('',(#3384),#3394,.T.);
#3384=FACE_BOUND('',#3385,.T.);
#3385=EDGE_LOOP('',(#221,#3386,#3393));
#3386=ORIENTED_EDGE('',*,*,#3387,.F.);
#3387=EDGE_CURVE('',#3388,#223,#3390,.T.);
#3388=VERTEX_POINT('',#3389);
#3389=CARTESIAN_POINT('',(-4.55,-5.2,-1.E-02));
#3390=CIRCLE('',#3391,0.21);
#3391=AXIS2_PLACEMENT_3D('',#3392,#3235,#3236);
#3392=CARTESIAN_POINT('',(-4.55,-5.2,0.2));
#3393=ORIENTED_EDGE('',*,*,#3387,.T.);
#3394=SPHERICAL_SURFACE('',#3395,0.21);
#3395=AXIS2_PLACEMENT_3D('',#3392,#13,#45);
#3396=ADVANCED_FACE('',(#3397),#3407,.T.);
#3397=FACE_BOUND('',#3398,.T.);
#3398=EDGE_LOOP('',(#230,#3399,#3406));
#3399=ORIENTED_EDGE('',*,*,#3400,.F.);
#3400=EDGE_CURVE('',#3401,#232,#3403,.T.);
#3401=VERTEX_POINT('',#3402);
#3402=CARTESIAN_POINT('',(-3.9,-5.2,-1.E-02));
#3403=CIRCLE('',#3404,0.21);
#3404=AXIS2_PLACEMENT_3D('',#3405,#3235,#3236);
#3405=CARTESIAN_POINT('',(-3.9,-5.2,0.2));
#3406=ORIENTED_EDGE('',*,*,#3400,.T.);
#3407=SPHERICAL_SURFACE('',#3408,0.21);
#3408=AXIS2_PLACEMENT_3D('',#3405,#13,#45);
#3409=ADVANCED_FACE('',(#3410),#3420,.T.);
#3410=FACE_BOUND('',#3411,.T.);
#3411=EDGE_LOOP('',(#239,#3412,#3419));
#3412=ORIENTED_EDGE('',*,*,#3413,.F.);
#3413=EDGE_CURVE('',#3414,#241,#3416,.T.);
#3414=VERTEX_POINT('',#3415);
#3415=CARTESIAN_POINT('',(-6.5,-4.55,-1.E-02));
#3416=CIRCLE('',#3417,0.21);
#3417=AXIS2_PLACEMENT_3D('',#3418,#3235,#3236);
#3418=CARTESIAN_POINT('',(-6.5,-4.55,0.2));
#3419=ORIENTED_EDGE('',*,*,#3413,.T.);
#3420=SPHERICAL_SURFACE('',#3421,0.21);
#3421=AXIS2_PLACEMENT_3D('',#3418,#13,#45);
#3422=ADVANCED_FACE('',(#3423),#3433,.T.);
#3423=FACE_BOUND('',#3424,.T.);
#3424=EDGE_LOOP('',(#248,#3425,#3432));
#3425=ORIENTED_EDGE('',*,*,#3426,.F.);
#3426=EDGE_CURVE('',#3427,#250,#3429,.T.);
#3427=VERTEX_POINT('',#3428);
#3428=CARTESIAN_POINT('',(-5.85,-4.55,-1.E-02));
#3429=CIRCLE('',#3430,0.21);
#3430=AXIS2_PLACEMENT_3D('',#3431,#3235,#3236);
#3431=CARTESIAN_POINT('',(-5.85,-4.55,0.2));
#3432=ORIENTED_EDGE('',*,*,#3426,.T.);
#3433=SPHERICAL_SURFACE('',#3434,0.21);
#3434=AXIS2_PLACEMENT_3D('',#3431,#13,#45);
#3435=ADVANCED_FACE('',(#3436),#3446,.T.);
#3436=FACE_BOUND('',#3437,.T.);
#3437=EDGE_LOOP('',(#257,#3438,#3445));
#3438=ORIENTED_EDGE('',*,*,#3439,.F.);
#3439=EDGE_CURVE('',#3440,#259,#3442,.T.);
#3440=VERTEX_POINT('',#3441);
#3441=CARTESIAN_POINT('',(-5.2,-4.55,-1.E-02));
#3442=CIRCLE('',#3443,0.21);
#3443=AXIS2_PLACEMENT_3D('',#3444,#3235,#3236);
#3444=CARTESIAN_POINT('',(-5.2,-4.55,0.2));
#3445=ORIENTED_EDGE('',*,*,#3439,.T.);
#3446=SPHERICAL_SURFACE('',#3447,0.21);
#3447=AXIS2_PLACEMENT_3D('',#3444,#13,#45);
#3448=ADVANCED_FACE('',(#3449),#3459,.T.);
#3449=FACE_BOUND('',#3450,.T.);
#3450=EDGE_LOOP('',(#266,#3451,#3458));
#3451=ORIENTED_EDGE('',*,*,#3452,.F.);
#3452=EDGE_CURVE('',#3453,#268,#3455,.T.);
#3453=VERTEX_POINT('',#3454);
#3454=CARTESIAN_POINT('',(-6.5,-3.9,-1.E-02));
#3455=CIRCLE('',#3456,0.21);
#3456=AXIS2_PLACEMENT_3D('',#3457,#3235,#3236);
#3457=CARTESIAN_POINT('',(-6.5,-3.9,0.2));
#3458=ORIENTED_EDGE('',*,*,#3452,.T.);
#3459=SPHERICAL_SURFACE('',#3460,0.21);
#3460=AXIS2_PLACEMENT_3D('',#3457,#13,#45);
#3461=ADVANCED_FACE('',(#3462),#3472,.T.);
#3462=FACE_BOUND('',#3463,.T.);
#3463=EDGE_LOOP('',(#275,#3464,#3471));
#3464=ORIENTED_EDGE('',*,*,#3465,.F.);
#3465=EDGE_CURVE('',#3466,#277,#3468,.T.);
#3466=VERTEX_POINT('',#3467);
#3467=CARTESIAN_POINT('',(-5.2,-3.9,-1.E-02));
#3468=CIRCLE('',#3469,0.21);
#3469=AXIS2_PLACEMENT_3D('',#3470,#3235,#3236);
#3470=CARTESIAN_POINT('',(-5.2,-3.9,0.2));
#3471=ORIENTED_EDGE('',*,*,#3465,.T.);
#3472=SPHERICAL_SURFACE('',#3473,0.21);
#3473=AXIS2_PLACEMENT_3D('',#3470,#13,#45);
#3474=ADVANCED_FACE('',(#3475),#3485,.T.);
#3475=FACE_BOUND('',#3476,.T.);
#3476=EDGE_LOOP('',(#284,#3477,#3484));
#3477=ORIENTED_EDGE('',*,*,#3478,.F.);
#3478=EDGE_CURVE('',#3479,#286,#3481,.T.);
#3479=VERTEX_POINT('',#3480);
#3480=CARTESIAN_POINT('',(-4.55,-4.55,-1.E-02));
#3481=CIRCLE('',#3482,0.21);
#3482=AXIS2_PLACEMENT_3D('',#3483,#3235,#3236);
#3483=CARTESIAN_POINT('',(-4.55,-4.55,0.2));
#3484=ORIENTED_EDGE('',*,*,#3478,.T.);
#3485=SPHERICAL_SURFACE('',#3486,0.21);
#3486=AXIS2_PLACEMENT_3D('',#3483,#13,#45);
#3487=ADVANCED_FACE('',(#3488),#3498,.T.);
#3488=FACE_BOUND('',#3489,.T.);
#3489=EDGE_LOOP('',(#293,#3490,#3497));
#3490=ORIENTED_EDGE('',*,*,#3491,.F.);
#3491=EDGE_CURVE('',#3492,#295,#3494,.T.);
#3492=VERTEX_POINT('',#3493);
#3493=CARTESIAN_POINT('',(-3.9,-4.55,-1.E-02));
#3494=CIRCLE('',#3495,0.21);
#3495=AXIS2_PLACEMENT_3D('',#3496,#3235,#3236);
#3496=CARTESIAN_POINT('',(-3.9,-4.55,0.2));
#3497=ORIENTED_EDGE('',*,*,#3491,.T.);
#3498=SPHERICAL_SURFACE('',#3499,0.21);
#3499=AXIS2_PLACEMENT_3D('',#3496,#13,#45);
#3500=ADVANCED_FACE('',(#3501),#3511,.T.);
#3501=FACE_BOUND('',#3502,.T.);
#3502=EDGE_LOOP('',(#302,#3503,#3510));
#3503=ORIENTED_EDGE('',*,*,#3504,.F.);
#3504=EDGE_CURVE('',#3505,#304,#3507,.T.);
#3505=VERTEX_POINT('',#3506);
#3506=CARTESIAN_POINT('',(-4.55,-3.9,-1.E-02));
#3507=CIRCLE('',#3508,0.21);
#3508=AXIS2_PLACEMENT_3D('',#3509,#3235,#3236);
#3509=CARTESIAN_POINT('',(-4.55,-3.9,0.2));
#3510=ORIENTED_EDGE('',*,*,#3504,.T.);
#3511=SPHERICAL_SURFACE('',#3512,0.21);
#3512=AXIS2_PLACEMENT_3D('',#3509,#13,#45);
#3513=ADVANCED_FACE('',(#3514),#3524,.T.);
#3514=FACE_BOUND('',#3515,.T.);
#3515=EDGE_LOOP('',(#311,#3516,#3523));
#3516=ORIENTED_EDGE('',*,*,#3517,.F.);
#3517=EDGE_CURVE('',#3518,#313,#3520,.T.);
#3518=VERTEX_POINT('',#3519);
#3519=CARTESIAN_POINT('',(-3.9,-3.9,-1.E-02));
#3520=CIRCLE('',#3521,0.21);
#3521=AXIS2_PLACEMENT_3D('',#3522,#3235,#3236);
#3522=CARTESIAN_POINT('',(-3.9,-3.9,0.2));
#3523=ORIENTED_EDGE('',*,*,#3517,.T.);
#3524=SPHERICAL_SURFACE('',#3525,0.21);
#3525=AXIS2_PLACEMENT_3D('',#3522,#13,#45);
#3526=ADVANCED_FACE('',(#3527),#3537,.T.);
#3527=FACE_BOUND('',#3528,.T.);
#3528=EDGE_LOOP('',(#320,#3529,#3536));
#3529=ORIENTED_EDGE('',*,*,#3530,.F.);
#3530=EDGE_CURVE('',#3531,#322,#3533,.T.);
#3531=VERTEX_POINT('',#3532);
#3532=CARTESIAN_POINT('',(-3.25,-6.5,-1.E-02));
#3533=CIRCLE('',#3534,0.21);
#3534=AXIS2_PLACEMENT_3D('',#3535,#3235,#3236);
#3535=CARTESIAN_POINT('',(-3.25,-6.5,0.2));
#3536=ORIENTED_EDGE('',*,*,#3530,.T.);
#3537=SPHERICAL_SURFACE('',#3538,0.21);
#3538=AXIS2_PLACEMENT_3D('',#3535,#13,#45);
#3539=ADVANCED_FACE('',(#3540),#3550,.T.);
#3540=FACE_BOUND('',#3541,.T.);
#3541=EDGE_LOOP('',(#329,#3542,#3549));
#3542=ORIENTED_EDGE('',*,*,#3543,.F.);
#3543=EDGE_CURVE('',#3544,#331,#3546,.T.);
#3544=VERTEX_POINT('',#3545);
#3545=CARTESIAN_POINT('',(-2.6,-6.5,-1.E-02));
#3546=CIRCLE('',#3547,0.21);
#3547=AXIS2_PLACEMENT_3D('',#3548,#3235,#3236);
#3548=CARTESIAN_POINT('',(-2.6,-6.5,0.2));
#3549=ORIENTED_EDGE('',*,*,#3543,.T.);
#3550=SPHERICAL_SURFACE('',#3551,0.21);
#3551=AXIS2_PLACEMENT_3D('',#3548,#13,#45);
#3552=ADVANCED_FACE('',(#3553),#3563,.T.);
#3553=FACE_BOUND('',#3554,.T.);
#3554=EDGE_LOOP('',(#338,#3555,#3562));
#3555=ORIENTED_EDGE('',*,*,#3556,.F.);
#3556=EDGE_CURVE('',#3557,#340,#3559,.T.);
#3557=VERTEX_POINT('',#3558);
#3558=CARTESIAN_POINT('',(-3.25,-5.85,-1.E-02));
#3559=CIRCLE('',#3560,0.21);
#3560=AXIS2_PLACEMENT_3D('',#3561,#3235,#3236);
#3561=CARTESIAN_POINT('',(-3.25,-5.85,0.2));
#3562=ORIENTED_EDGE('',*,*,#3556,.T.);
#3563=SPHERICAL_SURFACE('',#3564,0.21);
#3564=AXIS2_PLACEMENT_3D('',#3561,#13,#45);
#3565=ADVANCED_FACE('',(#3566),#3576,.T.);
#3566=FACE_BOUND('',#3567,.T.);
#3567=EDGE_LOOP('',(#347,#3568,#3575));
#3568=ORIENTED_EDGE('',*,*,#3569,.F.);
#3569=EDGE_CURVE('',#3570,#349,#3572,.T.);
#3570=VERTEX_POINT('',#3571);
#3571=CARTESIAN_POINT('',(-2.6,-5.85,-1.E-02));
#3572=CIRCLE('',#3573,0.21);
#3573=AXIS2_PLACEMENT_3D('',#3574,#3235,#3236);
#3574=CARTESIAN_POINT('',(-2.6,-5.85,0.2));
#3575=ORIENTED_EDGE('',*,*,#3569,.T.);
#3576=SPHERICAL_SURFACE('',#3577,0.21);
#3577=AXIS2_PLACEMENT_3D('',#3574,#13,#45);
#3578=ADVANCED_FACE('',(#3579),#3589,.T.);
#3579=FACE_BOUND('',#3580,.T.);
#3580=EDGE_LOOP('',(#356,#3581,#3588));
#3581=ORIENTED_EDGE('',*,*,#3582,.F.);
#3582=EDGE_CURVE('',#3583,#358,#3585,.T.);
#3583=VERTEX_POINT('',#3584);
#3584=CARTESIAN_POINT('',(-1.95,-6.5,-1.E-02));
#3585=CIRCLE('',#3586,0.21);
#3586=AXIS2_PLACEMENT_3D('',#3587,#3235,#3236);
#3587=CARTESIAN_POINT('',(-1.95,-6.5,0.2));
#3588=ORIENTED_EDGE('',*,*,#3582,.T.);
#3589=SPHERICAL_SURFACE('',#3590,0.21);
#3590=AXIS2_PLACEMENT_3D('',#3587,#13,#45);
#3591=ADVANCED_FACE('',(#3592),#3602,.T.);
#3592=FACE_BOUND('',#3593,.T.);
#3593=EDGE_LOOP('',(#365,#3594,#3601));
#3594=ORIENTED_EDGE('',*,*,#3595,.F.);
#3595=EDGE_CURVE('',#3596,#367,#3598,.T.);
#3596=VERTEX_POINT('',#3597);
#3597=CARTESIAN_POINT('',(-3.25,-5.2,-1.E-02));
#3598=CIRCLE('',#3599,0.21);
#3599=AXIS2_PLACEMENT_3D('',#3600,#3235,#3236);
#3600=CARTESIAN_POINT('',(-3.25,-5.2,0.2));
#3601=ORIENTED_EDGE('',*,*,#3595,.T.);
#3602=SPHERICAL_SURFACE('',#3603,0.21);
#3603=AXIS2_PLACEMENT_3D('',#3600,#13,#45);
#3604=ADVANCED_FACE('',(#3605),#3615,.T.);
#3605=FACE_BOUND('',#3606,.T.);
#3606=EDGE_LOOP('',(#374,#3607,#3614));
#3607=ORIENTED_EDGE('',*,*,#3608,.F.);
#3608=EDGE_CURVE('',#3609,#376,#3611,.T.);
#3609=VERTEX_POINT('',#3610);
#3610=CARTESIAN_POINT('',(-2.6,-5.2,-1.E-02));
#3611=CIRCLE('',#3612,0.21);
#3612=AXIS2_PLACEMENT_3D('',#3613,#3235,#3236);
#3613=CARTESIAN_POINT('',(-2.6,-5.2,0.2));
#3614=ORIENTED_EDGE('',*,*,#3608,.T.);
#3615=SPHERICAL_SURFACE('',#3616,0.21);
#3616=AXIS2_PLACEMENT_3D('',#3613,#13,#45);
#3617=ADVANCED_FACE('',(#3618),#3628,.T.);
#3618=FACE_BOUND('',#3619,.T.);
#3619=EDGE_LOOP('',(#383,#3620,#3627));
#3620=ORIENTED_EDGE('',*,*,#3621,.F.);
#3621=EDGE_CURVE('',#3622,#385,#3624,.T.);
#3622=VERTEX_POINT('',#3623);
#3623=CARTESIAN_POINT('',(-1.95,-5.2,-1.E-02));
#3624=CIRCLE('',#3625,0.21);
#3625=AXIS2_PLACEMENT_3D('',#3626,#3235,#3236);
#3626=CARTESIAN_POINT('',(-1.95,-5.2,0.2));
#3627=ORIENTED_EDGE('',*,*,#3621,.T.);
#3628=SPHERICAL_SURFACE('',#3629,0.21);
#3629=AXIS2_PLACEMENT_3D('',#3626,#13,#45);
#3630=ADVANCED_FACE('',(#3631),#3641,.T.);
#3631=FACE_BOUND('',#3632,.T.);
#3632=EDGE_LOOP('',(#392,#3633,#3640));
#3633=ORIENTED_EDGE('',*,*,#3634,.F.);
#3634=EDGE_CURVE('',#3635,#394,#3637,.T.);
#3635=VERTEX_POINT('',#3636);
#3636=CARTESIAN_POINT('',(-1.3,-6.5,-1.E-02));
#3637=CIRCLE('',#3638,0.21);
#3638=AXIS2_PLACEMENT_3D('',#3639,#3235,#3236);
#3639=CARTESIAN_POINT('',(-1.3,-6.5,0.2));
#3640=ORIENTED_EDGE('',*,*,#3634,.T.);
#3641=SPHERICAL_SURFACE('',#3642,0.21);
#3642=AXIS2_PLACEMENT_3D('',#3639,#13,#45);
#3643=ADVANCED_FACE('',(#3644),#3654,.T.);
#3644=FACE_BOUND('',#3645,.T.);
#3645=EDGE_LOOP('',(#401,#3646,#3653));
#3646=ORIENTED_EDGE('',*,*,#3647,.F.);
#3647=EDGE_CURVE('',#3648,#403,#3650,.T.);
#3648=VERTEX_POINT('',#3649);
#3649=CARTESIAN_POINT('',(-1.3,-5.85,-1.E-02));
#3650=CIRCLE('',#3651,0.21);
#3651=AXIS2_PLACEMENT_3D('',#3652,#3235,#3236);
#3652=CARTESIAN_POINT('',(-1.3,-5.85,0.2));
#3653=ORIENTED_EDGE('',*,*,#3647,.T.);
#3654=SPHERICAL_SURFACE('',#3655,0.21);
#3655=AXIS2_PLACEMENT_3D('',#3652,#13,#45);
#3656=ADVANCED_FACE('',(#3657),#3667,.T.);
#3657=FACE_BOUND('',#3658,.T.);
#3658=EDGE_LOOP('',(#410,#3659,#3666));
#3659=ORIENTED_EDGE('',*,*,#3660,.F.);
#3660=EDGE_CURVE('',#3661,#412,#3663,.T.);
#3661=VERTEX_POINT('',#3662);
#3662=CARTESIAN_POINT('',(-3.25,-4.55,-1.E-02));
#3663=CIRCLE('',#3664,0.21);
#3664=AXIS2_PLACEMENT_3D('',#3665,#3235,#3236);
#3665=CARTESIAN_POINT('',(-3.25,-4.55,0.2));
#3666=ORIENTED_EDGE('',*,*,#3660,.T.);
#3667=SPHERICAL_SURFACE('',#3668,0.21);
#3668=AXIS2_PLACEMENT_3D('',#3665,#13,#45);
#3669=ADVANCED_FACE('',(#3670),#3680,.T.);
#3670=FACE_BOUND('',#3671,.T.);
#3671=EDGE_LOOP('',(#419,#3672,#3679));
#3672=ORIENTED_EDGE('',*,*,#3673,.F.);
#3673=EDGE_CURVE('',#3674,#421,#3676,.T.);
#3674=VERTEX_POINT('',#3675);
#3675=CARTESIAN_POINT('',(-2.6,-4.55,-1.E-02));
#3676=CIRCLE('',#3677,0.21);
#3677=AXIS2_PLACEMENT_3D('',#3678,#3235,#3236);
#3678=CARTESIAN_POINT('',(-2.6,-4.55,0.2));
#3679=ORIENTED_EDGE('',*,*,#3673,.T.);
#3680=SPHERICAL_SURFACE('',#3681,0.21);
#3681=AXIS2_PLACEMENT_3D('',#3678,#13,#45);
#3682=ADVANCED_FACE('',(#3683),#3693,.T.);
#3683=FACE_BOUND('',#3684,.T.);
#3684=EDGE_LOOP('',(#428,#3685,#3692));
#3685=ORIENTED_EDGE('',*,*,#3686,.F.);
#3686=EDGE_CURVE('',#3687,#430,#3689,.T.);
#3687=VERTEX_POINT('',#3688);
#3688=CARTESIAN_POINT('',(-1.95,-4.55,-1.E-02));
#3689=CIRCLE('',#3690,0.21);
#3690=AXIS2_PLACEMENT_3D('',#3691,#3235,#3236);
#3691=CARTESIAN_POINT('',(-1.95,-4.55,0.2));
#3692=ORIENTED_EDGE('',*,*,#3686,.T.);
#3693=SPHERICAL_SURFACE('',#3694,0.21);
#3694=AXIS2_PLACEMENT_3D('',#3691,#13,#45);
#3695=ADVANCED_FACE('',(#3696),#3706,.T.);
#3696=FACE_BOUND('',#3697,.T.);
#3697=EDGE_LOOP('',(#437,#3698,#3705));
#3698=ORIENTED_EDGE('',*,*,#3699,.F.);
#3699=EDGE_CURVE('',#3700,#439,#3702,.T.);
#3700=VERTEX_POINT('',#3701);
#3701=CARTESIAN_POINT('',(-3.25,-3.9,-1.E-02));
#3702=CIRCLE('',#3703,0.21);
#3703=AXIS2_PLACEMENT_3D('',#3704,#3235,#3236);
#3704=CARTESIAN_POINT('',(-3.25,-3.9,0.2));
#3705=ORIENTED_EDGE('',*,*,#3699,.T.);
#3706=SPHERICAL_SURFACE('',#3707,0.21);
#3707=AXIS2_PLACEMENT_3D('',#3704,#13,#45);
#3708=ADVANCED_FACE('',(#3709),#3719,.T.);
#3709=FACE_BOUND('',#3710,.T.);
#3710=EDGE_LOOP('',(#446,#3711,#3718));
#3711=ORIENTED_EDGE('',*,*,#3712,.F.);
#3712=EDGE_CURVE('',#3713,#448,#3715,.T.);
#3713=VERTEX_POINT('',#3714);
#3714=CARTESIAN_POINT('',(-2.6,-3.9,-1.E-02));
#3715=CIRCLE('',#3716,0.21);
#3716=AXIS2_PLACEMENT_3D('',#3717,#3235,#3236);
#3717=CARTESIAN_POINT('',(-2.6,-3.9,0.2));
#3718=ORIENTED_EDGE('',*,*,#3712,.T.);
#3719=SPHERICAL_SURFACE('',#3720,0.21);
#3720=AXIS2_PLACEMENT_3D('',#3717,#13,#45);
#3721=ADVANCED_FACE('',(#3722),#3732,.T.);
#3722=FACE_BOUND('',#3723,.T.);
#3723=EDGE_LOOP('',(#455,#3724,#3731));
#3724=ORIENTED_EDGE('',*,*,#3725,.F.);
#3725=EDGE_CURVE('',#3726,#457,#3728,.T.);
#3726=VERTEX_POINT('',#3727);
#3727=CARTESIAN_POINT('',(-1.95,-3.9,-1.E-02));
#3728=CIRCLE('',#3729,0.21);
#3729=AXIS2_PLACEMENT_3D('',#3730,#3235,#3236);
#3730=CARTESIAN_POINT('',(-1.95,-3.9,0.2));
#3731=ORIENTED_EDGE('',*,*,#3725,.T.);
#3732=SPHERICAL_SURFACE('',#3733,0.21);
#3733=AXIS2_PLACEMENT_3D('',#3730,#13,#45);
#3734=ADVANCED_FACE('',(#3735),#3745,.T.);
#3735=FACE_BOUND('',#3736,.T.);
#3736=EDGE_LOOP('',(#464,#3737,#3744));
#3737=ORIENTED_EDGE('',*,*,#3738,.F.);
#3738=EDGE_CURVE('',#3739,#466,#3741,.T.);
#3739=VERTEX_POINT('',#3740);
#3740=CARTESIAN_POINT('',(-1.3,-4.55,-1.E-02));
#3741=CIRCLE('',#3742,0.21);
#3742=AXIS2_PLACEMENT_3D('',#3743,#3235,#3236);
#3743=CARTESIAN_POINT('',(-1.3,-4.55,0.2));
#3744=ORIENTED_EDGE('',*,*,#3738,.T.);
#3745=SPHERICAL_SURFACE('',#3746,0.21);
#3746=AXIS2_PLACEMENT_3D('',#3743,#13,#45);
#3747=ADVANCED_FACE('',(#3748),#3758,.T.);
#3748=FACE_BOUND('',#3749,.T.);
#3749=EDGE_LOOP('',(#473,#3750,#3757));
#3750=ORIENTED_EDGE('',*,*,#3751,.F.);
#3751=EDGE_CURVE('',#3752,#475,#3754,.T.);
#3752=VERTEX_POINT('',#3753);
#3753=CARTESIAN_POINT('',(-6.5,-3.25,-1.E-02));
#3754=CIRCLE('',#3755,0.21);
#3755=AXIS2_PLACEMENT_3D('',#3756,#3235,#3236);
#3756=CARTESIAN_POINT('',(-6.5,-3.25,0.2));
#3757=ORIENTED_EDGE('',*,*,#3751,.T.);
#3758=SPHERICAL_SURFACE('',#3759,0.21);
#3759=AXIS2_PLACEMENT_3D('',#3756,#13,#45);
#3760=ADVANCED_FACE('',(#3761),#3771,.T.);
#3761=FACE_BOUND('',#3762,.T.);
#3762=EDGE_LOOP('',(#482,#3763,#3770));
#3763=ORIENTED_EDGE('',*,*,#3764,.F.);
#3764=EDGE_CURVE('',#3765,#484,#3767,.T.);
#3765=VERTEX_POINT('',#3766);
#3766=CARTESIAN_POINT('',(-5.85,-3.25,-1.E-02));
#3767=CIRCLE('',#3768,0.21);
#3768=AXIS2_PLACEMENT_3D('',#3769,#3235,#3236);
#3769=CARTESIAN_POINT('',(-5.85,-3.25,0.2));
#3770=ORIENTED_EDGE('',*,*,#3764,.T.);
#3771=SPHERICAL_SURFACE('',#3772,0.21);
#3772=AXIS2_PLACEMENT_3D('',#3769,#13,#45);
#3773=ADVANCED_FACE('',(#3774),#3784,.T.);
#3774=FACE_BOUND('',#3775,.T.);
#3775=EDGE_LOOP('',(#491,#3776,#3783));
#3776=ORIENTED_EDGE('',*,*,#3777,.F.);
#3777=EDGE_CURVE('',#3778,#493,#3780,.T.);
#3778=VERTEX_POINT('',#3779);
#3779=CARTESIAN_POINT('',(-6.5,-2.6,-1.E-02));
#3780=CIRCLE('',#3781,0.21);
#3781=AXIS2_PLACEMENT_3D('',#3782,#3235,#3236);
#3782=CARTESIAN_POINT('',(-6.5,-2.6,0.2));
#3783=ORIENTED_EDGE('',*,*,#3777,.T.);
#3784=SPHERICAL_SURFACE('',#3785,0.21);
#3785=AXIS2_PLACEMENT_3D('',#3782,#13,#45);
#3786=ADVANCED_FACE('',(#3787),#3797,.T.);
#3787=FACE_BOUND('',#3788,.T.);
#3788=EDGE_LOOP('',(#500,#3789,#3796));
#3789=ORIENTED_EDGE('',*,*,#3790,.F.);
#3790=EDGE_CURVE('',#3791,#502,#3793,.T.);
#3791=VERTEX_POINT('',#3792);
#3792=CARTESIAN_POINT('',(-5.85,-2.6,-1.E-02));
#3793=CIRCLE('',#3794,0.21);
#3794=AXIS2_PLACEMENT_3D('',#3795,#3235,#3236);
#3795=CARTESIAN_POINT('',(-5.85,-2.6,0.2));
#3796=ORIENTED_EDGE('',*,*,#3790,.T.);
#3797=SPHERICAL_SURFACE('',#3798,0.21);
#3798=AXIS2_PLACEMENT_3D('',#3795,#13,#45);
#3799=ADVANCED_FACE('',(#3800),#3810,.T.);
#3800=FACE_BOUND('',#3801,.T.);
#3801=EDGE_LOOP('',(#509,#3802,#3809));
#3802=ORIENTED_EDGE('',*,*,#3803,.F.);
#3803=EDGE_CURVE('',#3804,#511,#3806,.T.);
#3804=VERTEX_POINT('',#3805);
#3805=CARTESIAN_POINT('',(-5.2,-3.25,-1.E-02));
#3806=CIRCLE('',#3807,0.21);
#3807=AXIS2_PLACEMENT_3D('',#3808,#3235,#3236);
#3808=CARTESIAN_POINT('',(-5.2,-3.25,0.2));
#3809=ORIENTED_EDGE('',*,*,#3803,.T.);
#3810=SPHERICAL_SURFACE('',#3811,0.21);
#3811=AXIS2_PLACEMENT_3D('',#3808,#13,#45);
#3812=ADVANCED_FACE('',(#3813),#3823,.T.);
#3813=FACE_BOUND('',#3814,.T.);
#3814=EDGE_LOOP('',(#518,#3815,#3822));
#3815=ORIENTED_EDGE('',*,*,#3816,.F.);
#3816=EDGE_CURVE('',#3817,#520,#3819,.T.);
#3817=VERTEX_POINT('',#3818);
#3818=CARTESIAN_POINT('',(-5.2,-2.6,-1.E-02));
#3819=CIRCLE('',#3820,0.21);
#3820=AXIS2_PLACEMENT_3D('',#3821,#3235,#3236);
#3821=CARTESIAN_POINT('',(-5.2,-2.6,0.2));
#3822=ORIENTED_EDGE('',*,*,#3816,.T.);
#3823=SPHERICAL_SURFACE('',#3824,0.21);
#3824=AXIS2_PLACEMENT_3D('',#3821,#13,#45);
#3825=ADVANCED_FACE('',(#3826),#3836,.T.);
#3826=FACE_BOUND('',#3827,.T.);
#3827=EDGE_LOOP('',(#527,#3828,#3835));
#3828=ORIENTED_EDGE('',*,*,#3829,.F.);
#3829=EDGE_CURVE('',#3830,#529,#3832,.T.);
#3830=VERTEX_POINT('',#3831);
#3831=CARTESIAN_POINT('',(-6.5,-1.95,-1.E-02));
#3832=CIRCLE('',#3833,0.21);
#3833=AXIS2_PLACEMENT_3D('',#3834,#3235,#3236);
#3834=CARTESIAN_POINT('',(-6.5,-1.95,0.2));
#3835=ORIENTED_EDGE('',*,*,#3829,.T.);
#3836=SPHERICAL_SURFACE('',#3837,0.21);
#3837=AXIS2_PLACEMENT_3D('',#3834,#13,#45);
#3838=ADVANCED_FACE('',(#3839),#3849,.T.);
#3839=FACE_BOUND('',#3840,.T.);
#3840=EDGE_LOOP('',(#536,#3841,#3848));
#3841=ORIENTED_EDGE('',*,*,#3842,.F.);
#3842=EDGE_CURVE('',#3843,#538,#3845,.T.);
#3843=VERTEX_POINT('',#3844);
#3844=CARTESIAN_POINT('',(-5.2,-1.95,-1.E-02));
#3845=CIRCLE('',#3846,0.21);
#3846=AXIS2_PLACEMENT_3D('',#3847,#3235,#3236);
#3847=CARTESIAN_POINT('',(-5.2,-1.95,0.2));
#3848=ORIENTED_EDGE('',*,*,#3842,.T.);
#3849=SPHERICAL_SURFACE('',#3850,0.21);
#3850=AXIS2_PLACEMENT_3D('',#3847,#13,#45);
#3851=ADVANCED_FACE('',(#3852),#3862,.T.);
#3852=FACE_BOUND('',#3853,.T.);
#3853=EDGE_LOOP('',(#545,#3854,#3861));
#3854=ORIENTED_EDGE('',*,*,#3855,.F.);
#3855=EDGE_CURVE('',#3856,#547,#3858,.T.);
#3856=VERTEX_POINT('',#3857);
#3857=CARTESIAN_POINT('',(-4.55,-3.25,-1.E-02));
#3858=CIRCLE('',#3859,0.21);
#3859=AXIS2_PLACEMENT_3D('',#3860,#3235,#3236);
#3860=CARTESIAN_POINT('',(-4.55,-3.25,0.2));
#3861=ORIENTED_EDGE('',*,*,#3855,.T.);
#3862=SPHERICAL_SURFACE('',#3863,0.21);
#3863=AXIS2_PLACEMENT_3D('',#3860,#13,#45);
#3864=ADVANCED_FACE('',(#3865),#3875,.T.);
#3865=FACE_BOUND('',#3866,.T.);
#3866=EDGE_LOOP('',(#554,#3867,#3874));
#3867=ORIENTED_EDGE('',*,*,#3868,.F.);
#3868=EDGE_CURVE('',#3869,#556,#3871,.T.);
#3869=VERTEX_POINT('',#3870);
#3870=CARTESIAN_POINT('',(-4.55,-2.6,-1.E-02));
#3871=CIRCLE('',#3872,0.21);
#3872=AXIS2_PLACEMENT_3D('',#3873,#3235,#3236);
#3873=CARTESIAN_POINT('',(-4.55,-2.6,0.2));
#3874=ORIENTED_EDGE('',*,*,#3868,.T.);
#3875=SPHERICAL_SURFACE('',#3876,0.21);
#3876=AXIS2_PLACEMENT_3D('',#3873,#13,#45);
#3877=ADVANCED_FACE('',(#3878),#3888,.T.);
#3878=FACE_BOUND('',#3879,.T.);
#3879=EDGE_LOOP('',(#563,#3880,#3887));
#3880=ORIENTED_EDGE('',*,*,#3881,.F.);
#3881=EDGE_CURVE('',#3882,#565,#3884,.T.);
#3882=VERTEX_POINT('',#3883);
#3883=CARTESIAN_POINT('',(-3.9,-3.25,-1.E-02));
#3884=CIRCLE('',#3885,0.21);
#3885=AXIS2_PLACEMENT_3D('',#3886,#3235,#3236);
#3886=CARTESIAN_POINT('',(-3.9,-3.25,0.2));
#3887=ORIENTED_EDGE('',*,*,#3881,.T.);
#3888=SPHERICAL_SURFACE('',#3889,0.21);
#3889=AXIS2_PLACEMENT_3D('',#3886,#13,#45);
#3890=ADVANCED_FACE('',(#3891),#3901,.T.);
#3891=FACE_BOUND('',#3892,.T.);
#3892=EDGE_LOOP('',(#572,#3893,#3900));
#3893=ORIENTED_EDGE('',*,*,#3894,.F.);
#3894=EDGE_CURVE('',#3895,#574,#3897,.T.);
#3895=VERTEX_POINT('',#3896);
#3896=CARTESIAN_POINT('',(-3.9,-2.6,-1.E-02));
#3897=CIRCLE('',#3898,0.21);
#3898=AXIS2_PLACEMENT_3D('',#3899,#3235,#3236);
#3899=CARTESIAN_POINT('',(-3.9,-2.6,0.2));
#3900=ORIENTED_EDGE('',*,*,#3894,.T.);
#3901=SPHERICAL_SURFACE('',#3902,0.21);
#3902=AXIS2_PLACEMENT_3D('',#3899,#13,#45);
#3903=ADVANCED_FACE('',(#3904),#3914,.T.);
#3904=FACE_BOUND('',#3905,.T.);
#3905=EDGE_LOOP('',(#581,#3906,#3913));
#3906=ORIENTED_EDGE('',*,*,#3907,.F.);
#3907=EDGE_CURVE('',#3908,#583,#3910,.T.);
#3908=VERTEX_POINT('',#3909);
#3909=CARTESIAN_POINT('',(-4.55,-1.95,-1.E-02));
#3910=CIRCLE('',#3911,0.21);
#3911=AXIS2_PLACEMENT_3D('',#3912,#3235,#3236);
#3912=CARTESIAN_POINT('',(-4.55,-1.95,0.2));
#3913=ORIENTED_EDGE('',*,*,#3907,.T.);
#3914=SPHERICAL_SURFACE('',#3915,0.21);
#3915=AXIS2_PLACEMENT_3D('',#3912,#13,#45);
#3916=ADVANCED_FACE('',(#3917),#3927,.T.);
#3917=FACE_BOUND('',#3918,.T.);
#3918=EDGE_LOOP('',(#590,#3919,#3926));
#3919=ORIENTED_EDGE('',*,*,#3920,.F.);
#3920=EDGE_CURVE('',#3921,#592,#3923,.T.);
#3921=VERTEX_POINT('',#3922);
#3922=CARTESIAN_POINT('',(-3.9,-1.95,-1.E-02));
#3923=CIRCLE('',#3924,0.21);
#3924=AXIS2_PLACEMENT_3D('',#3925,#3235,#3236);
#3925=CARTESIAN_POINT('',(-3.9,-1.95,0.2));
#3926=ORIENTED_EDGE('',*,*,#3920,.T.);
#3927=SPHERICAL_SURFACE('',#3928,0.21);
#3928=AXIS2_PLACEMENT_3D('',#3925,#13,#45);
#3929=ADVANCED_FACE('',(#3930),#3940,.T.);
#3930=FACE_BOUND('',#3931,.T.);
#3931=EDGE_LOOP('',(#599,#3932,#3939));
#3932=ORIENTED_EDGE('',*,*,#3933,.F.);
#3933=EDGE_CURVE('',#3934,#601,#3936,.T.);
#3934=VERTEX_POINT('',#3935);
#3935=CARTESIAN_POINT('',(-6.5,-1.3,-1.E-02));
#3936=CIRCLE('',#3937,0.21);
#3937=AXIS2_PLACEMENT_3D('',#3938,#3235,#3236);
#3938=CARTESIAN_POINT('',(-6.5,-1.3,0.2));
#3939=ORIENTED_EDGE('',*,*,#3933,.T.);
#3940=SPHERICAL_SURFACE('',#3941,0.21);
#3941=AXIS2_PLACEMENT_3D('',#3938,#13,#45);
#3942=ADVANCED_FACE('',(#3943),#3953,.T.);
#3943=FACE_BOUND('',#3944,.T.);
#3944=EDGE_LOOP('',(#608,#3945,#3952));
#3945=ORIENTED_EDGE('',*,*,#3946,.F.);
#3946=EDGE_CURVE('',#3947,#610,#3949,.T.);
#3947=VERTEX_POINT('',#3948);
#3948=CARTESIAN_POINT('',(-5.85,-1.3,-1.E-02));
#3949=CIRCLE('',#3950,0.21);
#3950=AXIS2_PLACEMENT_3D('',#3951,#3235,#3236);
#3951=CARTESIAN_POINT('',(-5.85,-1.3,0.2));
#3952=ORIENTED_EDGE('',*,*,#3946,.T.);
#3953=SPHERICAL_SURFACE('',#3954,0.21);
#3954=AXIS2_PLACEMENT_3D('',#3951,#13,#45);
#3955=ADVANCED_FACE('',(#3956),#3966,.T.);
#3956=FACE_BOUND('',#3957,.T.);
#3957=EDGE_LOOP('',(#617,#3958,#3965));
#3958=ORIENTED_EDGE('',*,*,#3959,.F.);
#3959=EDGE_CURVE('',#3960,#619,#3962,.T.);
#3960=VERTEX_POINT('',#3961);
#3961=CARTESIAN_POINT('',(-4.55,-1.3,-1.E-02));
#3962=CIRCLE('',#3963,0.21);
#3963=AXIS2_PLACEMENT_3D('',#3964,#3235,#3236);
#3964=CARTESIAN_POINT('',(-4.55,-1.3,0.2));
#3965=ORIENTED_EDGE('',*,*,#3959,.T.);
#3966=SPHERICAL_SURFACE('',#3967,0.21);
#3967=AXIS2_PLACEMENT_3D('',#3964,#13,#45);
#3968=ADVANCED_FACE('',(#3969),#3979,.T.);
#3969=FACE_BOUND('',#3970,.T.);
#3970=EDGE_LOOP('',(#626,#3971,#3978));
#3971=ORIENTED_EDGE('',*,*,#3972,.F.);
#3972=EDGE_CURVE('',#3973,#628,#3975,.T.);
#3973=VERTEX_POINT('',#3974);
#3974=CARTESIAN_POINT('',(-3.25,-3.25,-1.E-02));
#3975=CIRCLE('',#3976,0.21);
#3976=AXIS2_PLACEMENT_3D('',#3977,#3235,#3236);
#3977=CARTESIAN_POINT('',(-3.25,-3.25,0.2));
#3978=ORIENTED_EDGE('',*,*,#3972,.T.);
#3979=SPHERICAL_SURFACE('',#3980,0.21);
#3980=AXIS2_PLACEMENT_3D('',#3977,#13,#45);
#3981=ADVANCED_FACE('',(#3982),#3992,.T.);
#3982=FACE_BOUND('',#3983,.T.);
#3983=EDGE_LOOP('',(#635,#3984,#3991));
#3984=ORIENTED_EDGE('',*,*,#3985,.F.);
#3985=EDGE_CURVE('',#3986,#637,#3988,.T.);
#3986=VERTEX_POINT('',#3987);
#3987=CARTESIAN_POINT('',(-2.6,-3.25,-1.E-02));
#3988=CIRCLE('',#3989,0.21);
#3989=AXIS2_PLACEMENT_3D('',#3990,#3235,#3236);
#3990=CARTESIAN_POINT('',(-2.6,-3.25,0.2));
#3991=ORIENTED_EDGE('',*,*,#3985,.T.);
#3992=SPHERICAL_SURFACE('',#3993,0.21);
#3993=AXIS2_PLACEMENT_3D('',#3990,#13,#45);
#3994=ADVANCED_FACE('',(#3995),#4005,.T.);
#3995=FACE_BOUND('',#3996,.T.);
#3996=EDGE_LOOP('',(#644,#3997,#4004));
#3997=ORIENTED_EDGE('',*,*,#3998,.F.);
#3998=EDGE_CURVE('',#3999,#646,#4001,.T.);
#3999=VERTEX_POINT('',#4000);
#4000=CARTESIAN_POINT('',(-3.25,-2.6,-1.E-02));
#4001=CIRCLE('',#4002,0.21);
#4002=AXIS2_PLACEMENT_3D('',#4003,#3235,#3236);
#4003=CARTESIAN_POINT('',(-3.25,-2.6,0.2));
#4004=ORIENTED_EDGE('',*,*,#3998,.T.);
#4005=SPHERICAL_SURFACE('',#4006,0.21);
#4006=AXIS2_PLACEMENT_3D('',#4003,#13,#45);
#4007=ADVANCED_FACE('',(#4008),#4018,.T.);
#4008=FACE_BOUND('',#4009,.T.);
#4009=EDGE_LOOP('',(#653,#4010,#4017));
#4010=ORIENTED_EDGE('',*,*,#4011,.F.);
#4011=EDGE_CURVE('',#4012,#655,#4014,.T.);
#4012=VERTEX_POINT('',#4013);
#4013=CARTESIAN_POINT('',(-2.6,-2.6,-1.E-02));
#4014=CIRCLE('',#4015,0.21);
#4015=AXIS2_PLACEMENT_3D('',#4016,#3235,#3236);
#4016=CARTESIAN_POINT('',(-2.6,-2.6,0.2));
#4017=ORIENTED_EDGE('',*,*,#4011,.T.);
#4018=SPHERICAL_SURFACE('',#4019,0.21);
#4019=AXIS2_PLACEMENT_3D('',#4016,#13,#45);
#4020=ADVANCED_FACE('',(#4021),#4031,.T.);
#4021=FACE_BOUND('',#4022,.T.);
#4022=EDGE_LOOP('',(#662,#4023,#4030));
#4023=ORIENTED_EDGE('',*,*,#4024,.F.);
#4024=EDGE_CURVE('',#4025,#664,#4027,.T.);
#4025=VERTEX_POINT('',#4026);
#4026=CARTESIAN_POINT('',(-1.95,-3.25,-1.E-02));
#4027=CIRCLE('',#4028,0.21);
#4028=AXIS2_PLACEMENT_3D('',#4029,#3235,#3236);
#4029=CARTESIAN_POINT('',(-1.95,-3.25,0.2));
#4030=ORIENTED_EDGE('',*,*,#4024,.T.);
#4031=SPHERICAL_SURFACE('',#4032,0.21);
#4032=AXIS2_PLACEMENT_3D('',#4029,#13,#45);
#4033=ADVANCED_FACE('',(#4034),#4044,.T.);
#4034=FACE_BOUND('',#4035,.T.);
#4035=EDGE_LOOP('',(#671,#4036,#4043));
#4036=ORIENTED_EDGE('',*,*,#4037,.F.);
#4037=EDGE_CURVE('',#4038,#673,#4040,.T.);
#4038=VERTEX_POINT('',#4039);
#4039=CARTESIAN_POINT('',(-1.95,-2.6,-1.E-02));
#4040=CIRCLE('',#4041,0.21);
#4041=AXIS2_PLACEMENT_3D('',#4042,#3235,#3236);
#4042=CARTESIAN_POINT('',(-1.95,-2.6,0.2));
#4043=ORIENTED_EDGE('',*,*,#4037,.T.);
#4044=SPHERICAL_SURFACE('',#4045,0.21);
#4045=AXIS2_PLACEMENT_3D('',#4042,#13,#45);
#4046=ADVANCED_FACE('',(#4047),#4057,.T.);
#4047=FACE_BOUND('',#4048,.T.);
#4048=EDGE_LOOP('',(#680,#4049,#4056));
#4049=ORIENTED_EDGE('',*,*,#4050,.F.);
#4050=EDGE_CURVE('',#4051,#682,#4053,.T.);
#4051=VERTEX_POINT('',#4052);
#4052=CARTESIAN_POINT('',(-3.25,-1.95,-1.E-02));
#4053=CIRCLE('',#4054,0.21);
#4054=AXIS2_PLACEMENT_3D('',#4055,#3235,#3236);
#4055=CARTESIAN_POINT('',(-3.25,-1.95,0.2));
#4056=ORIENTED_EDGE('',*,*,#4050,.T.);
#4057=SPHERICAL_SURFACE('',#4058,0.21);
#4058=AXIS2_PLACEMENT_3D('',#4055,#13,#45);
#4059=ADVANCED_FACE('',(#4060),#4070,.T.);
#4060=FACE_BOUND('',#4061,.T.);
#4061=EDGE_LOOP('',(#689,#4062,#4069));
#4062=ORIENTED_EDGE('',*,*,#4063,.F.);
#4063=EDGE_CURVE('',#4064,#691,#4066,.T.);
#4064=VERTEX_POINT('',#4065);
#4065=CARTESIAN_POINT('',(-2.6,-1.95,-1.E-02));
#4066=CIRCLE('',#4067,0.21);
#4067=AXIS2_PLACEMENT_3D('',#4068,#3235,#3236);
#4068=CARTESIAN_POINT('',(-2.6,-1.95,0.2));
#4069=ORIENTED_EDGE('',*,*,#4063,.T.);
#4070=SPHERICAL_SURFACE('',#4071,0.21);
#4071=AXIS2_PLACEMENT_3D('',#4068,#13,#45);
#4072=ADVANCED_FACE('',(#4073),#4083,.T.);
#4073=FACE_BOUND('',#4074,.T.);
#4074=EDGE_LOOP('',(#698,#4075,#4082));
#4075=ORIENTED_EDGE('',*,*,#4076,.F.);
#4076=EDGE_CURVE('',#4077,#700,#4079,.T.);
#4077=VERTEX_POINT('',#4078);
#4078=CARTESIAN_POINT('',(-1.95,-1.95,-1.E-02));
#4079=CIRCLE('',#4080,0.21);
#4080=AXIS2_PLACEMENT_3D('',#4081,#3235,#3236);
#4081=CARTESIAN_POINT('',(-1.95,-1.95,0.2));
#4082=ORIENTED_EDGE('',*,*,#4076,.T.);
#4083=SPHERICAL_SURFACE('',#4084,0.21);
#4084=AXIS2_PLACEMENT_3D('',#4081,#13,#45);
#4085=ADVANCED_FACE('',(#4086),#4096,.T.);
#4086=FACE_BOUND('',#4087,.T.);
#4087=EDGE_LOOP('',(#707,#4088,#4095));
#4088=ORIENTED_EDGE('',*,*,#4089,.F.);
#4089=EDGE_CURVE('',#4090,#709,#4092,.T.);
#4090=VERTEX_POINT('',#4091);
#4091=CARTESIAN_POINT('',(-1.3,-3.25,-1.E-02));
#4092=CIRCLE('',#4093,0.21);
#4093=AXIS2_PLACEMENT_3D('',#4094,#3235,#3236);
#4094=CARTESIAN_POINT('',(-1.3,-3.25,0.2));
#4095=ORIENTED_EDGE('',*,*,#4089,.T.);
#4096=SPHERICAL_SURFACE('',#4097,0.21);
#4097=AXIS2_PLACEMENT_3D('',#4094,#13,#45);
#4098=ADVANCED_FACE('',(#4099),#4109,.T.);
#4099=FACE_BOUND('',#4100,.T.);
#4100=EDGE_LOOP('',(#716,#4101,#4108));
#4101=ORIENTED_EDGE('',*,*,#4102,.F.);
#4102=EDGE_CURVE('',#4103,#718,#4105,.T.);
#4103=VERTEX_POINT('',#4104);
#4104=CARTESIAN_POINT('',(-1.3,-2.6,-1.E-02));
#4105=CIRCLE('',#4106,0.21);
#4106=AXIS2_PLACEMENT_3D('',#4107,#3235,#3236);
#4107=CARTESIAN_POINT('',(-1.3,-2.6,0.2));
#4108=ORIENTED_EDGE('',*,*,#4102,.T.);
#4109=SPHERICAL_SURFACE('',#4110,0.21);
#4110=AXIS2_PLACEMENT_3D('',#4107,#13,#45);
#4111=ADVANCED_FACE('',(#4112),#4122,.T.);
#4112=FACE_BOUND('',#4113,.T.);
#4113=EDGE_LOOP('',(#725,#4114,#4121));
#4114=ORIENTED_EDGE('',*,*,#4115,.F.);
#4115=EDGE_CURVE('',#4116,#727,#4118,.T.);
#4116=VERTEX_POINT('',#4117);
#4117=CARTESIAN_POINT('',(-0.65,-2.6,-1.E-02));
#4118=CIRCLE('',#4119,0.21);
#4119=AXIS2_PLACEMENT_3D('',#4120,#3235,#3236);
#4120=CARTESIAN_POINT('',(-0.65,-2.6,0.2));
#4121=ORIENTED_EDGE('',*,*,#4115,.T.);
#4122=SPHERICAL_SURFACE('',#4123,0.21);
#4123=AXIS2_PLACEMENT_3D('',#4120,#13,#45);
#4124=ADVANCED_FACE('',(#4125),#4135,.T.);
#4125=FACE_BOUND('',#4126,.T.);
#4126=EDGE_LOOP('',(#734,#4127,#4134));
#4127=ORIENTED_EDGE('',*,*,#4128,.F.);
#4128=EDGE_CURVE('',#4129,#736,#4131,.T.);
#4129=VERTEX_POINT('',#4130);
#4130=CARTESIAN_POINT('',(-1.3,-1.95,-1.E-02));
#4131=CIRCLE('',#4132,0.21);
#4132=AXIS2_PLACEMENT_3D('',#4133,#3235,#3236);
#4133=CARTESIAN_POINT('',(-1.3,-1.95,0.2));
#4134=ORIENTED_EDGE('',*,*,#4128,.T.);
#4135=SPHERICAL_SURFACE('',#4136,0.21);
#4136=AXIS2_PLACEMENT_3D('',#4133,#13,#45);
#4137=ADVANCED_FACE('',(#4138),#4148,.T.);
#4138=FACE_BOUND('',#4139,.T.);
#4139=EDGE_LOOP('',(#743,#4140,#4147));
#4140=ORIENTED_EDGE('',*,*,#4141,.F.);
#4141=EDGE_CURVE('',#4142,#745,#4144,.T.);
#4142=VERTEX_POINT('',#4143);
#4143=CARTESIAN_POINT('',(-0.65,-1.95,-1.E-02));
#4144=CIRCLE('',#4145,0.21);
#4145=AXIS2_PLACEMENT_3D('',#4146,#3235,#3236);
#4146=CARTESIAN_POINT('',(-0.65,-1.95,0.2));
#4147=ORIENTED_EDGE('',*,*,#4141,.T.);
#4148=SPHERICAL_SURFACE('',#4149,0.21);
#4149=AXIS2_PLACEMENT_3D('',#4146,#13,#45);
#4150=ADVANCED_FACE('',(#4151),#4161,.T.);
#4151=FACE_BOUND('',#4152,.T.);
#4152=EDGE_LOOP('',(#752,#4153,#4160));
#4153=ORIENTED_EDGE('',*,*,#4154,.F.);
#4154=EDGE_CURVE('',#4155,#754,#4157,.T.);
#4155=VERTEX_POINT('',#4156);
#4156=CARTESIAN_POINT('',(-3.25,-1.3,-1.E-02));
#4157=CIRCLE('',#4158,0.21);
#4158=AXIS2_PLACEMENT_3D('',#4159,#3235,#3236);
#4159=CARTESIAN_POINT('',(-3.25,-1.3,0.2));
#4160=ORIENTED_EDGE('',*,*,#4154,.T.);
#4161=SPHERICAL_SURFACE('',#4162,0.21);
#4162=AXIS2_PLACEMENT_3D('',#4159,#13,#45);
#4163=ADVANCED_FACE('',(#4164),#4174,.T.);
#4164=FACE_BOUND('',#4165,.T.);
#4165=EDGE_LOOP('',(#761,#4166,#4173));
#4166=ORIENTED_EDGE('',*,*,#4167,.F.);
#4167=EDGE_CURVE('',#4168,#763,#4170,.T.);
#4168=VERTEX_POINT('',#4169);
#4169=CARTESIAN_POINT('',(-2.6,-1.3,-1.E-02));
#4170=CIRCLE('',#4171,0.21);
#4171=AXIS2_PLACEMENT_3D('',#4172,#3235,#3236);
#4172=CARTESIAN_POINT('',(-2.6,-1.3,0.2));
#4173=ORIENTED_EDGE('',*,*,#4167,.T.);
#4174=SPHERICAL_SURFACE('',#4175,0.21);
#4175=AXIS2_PLACEMENT_3D('',#4172,#13,#45);
#4176=ADVANCED_FACE('',(#4177),#4187,.T.);
#4177=FACE_BOUND('',#4178,.T.);
#4178=EDGE_LOOP('',(#770,#4179,#4186));
#4179=ORIENTED_EDGE('',*,*,#4180,.F.);
#4180=EDGE_CURVE('',#4181,#772,#4183,.T.);
#4181=VERTEX_POINT('',#4182);
#4182=CARTESIAN_POINT('',(-1.95,-1.3,-1.E-02));
#4183=CIRCLE('',#4184,0.21);
#4184=AXIS2_PLACEMENT_3D('',#4185,#3235,#3236);
#4185=CARTESIAN_POINT('',(-1.95,-1.3,0.2));
#4186=ORIENTED_EDGE('',*,*,#4180,.T.);
#4187=SPHERICAL_SURFACE('',#4188,0.21);
#4188=AXIS2_PLACEMENT_3D('',#4185,#13,#45);
#4189=ADVANCED_FACE('',(#4190),#4200,.T.);
#4190=FACE_BOUND('',#4191,.T.);
#4191=EDGE_LOOP('',(#779,#4192,#4199));
#4192=ORIENTED_EDGE('',*,*,#4193,.F.);
#4193=EDGE_CURVE('',#4194,#781,#4196,.T.);
#4194=VERTEX_POINT('',#4195);
#4195=CARTESIAN_POINT('',(-2.6,-0.65,-1.E-02));
#4196=CIRCLE('',#4197,0.21);
#4197=AXIS2_PLACEMENT_3D('',#4198,#3235,#3236);
#4198=CARTESIAN_POINT('',(-2.6,-0.65,0.2));
#4199=ORIENTED_EDGE('',*,*,#4193,.T.);
#4200=SPHERICAL_SURFACE('',#4201,0.21);
#4201=AXIS2_PLACEMENT_3D('',#4198,#13,#45);
#4202=ADVANCED_FACE('',(#4203),#4213,.T.);
#4203=FACE_BOUND('',#4204,.T.);
#4204=EDGE_LOOP('',(#788,#4205,#4212));
#4205=ORIENTED_EDGE('',*,*,#4206,.F.);
#4206=EDGE_CURVE('',#4207,#790,#4209,.T.);
#4207=VERTEX_POINT('',#4208);
#4208=CARTESIAN_POINT('',(-1.95,-0.65,-1.E-02));
#4209=CIRCLE('',#4210,0.21);
#4210=AXIS2_PLACEMENT_3D('',#4211,#3235,#3236);
#4211=CARTESIAN_POINT('',(-1.95,-0.65,0.2));
#4212=ORIENTED_EDGE('',*,*,#4206,.T.);
#4213=SPHERICAL_SURFACE('',#4214,0.21);
#4214=AXIS2_PLACEMENT_3D('',#4211,#13,#45);
#4215=ADVANCED_FACE('',(#4216),#4226,.T.);
#4216=FACE_BOUND('',#4217,.T.);
#4217=EDGE_LOOP('',(#797,#4218,#4225));
#4218=ORIENTED_EDGE('',*,*,#4219,.F.);
#4219=EDGE_CURVE('',#4220,#799,#4222,.T.);
#4220=VERTEX_POINT('',#4221);
#4221=CARTESIAN_POINT('',(-1.3,-1.3,-1.E-02));
#4222=CIRCLE('',#4223,0.21);
#4223=AXIS2_PLACEMENT_3D('',#4224,#3235,#3236);
#4224=CARTESIAN_POINT('',(-1.3,-1.3,0.2));
#4225=ORIENTED_EDGE('',*,*,#4219,.T.);
#4226=SPHERICAL_SURFACE('',#4227,0.21);
#4227=AXIS2_PLACEMENT_3D('',#4224,#13,#45);
#4228=ADVANCED_FACE('',(#4229),#4239,.T.);
#4229=FACE_BOUND('',#4230,.T.);
#4230=EDGE_LOOP('',(#806,#4231,#4238));
#4231=ORIENTED_EDGE('',*,*,#4232,.F.);
#4232=EDGE_CURVE('',#4233,#808,#4235,.T.);
#4233=VERTEX_POINT('',#4234);
#4234=CARTESIAN_POINT('',(-0.65,-1.3,-1.E-02));
#4235=CIRCLE('',#4236,0.21);
#4236=AXIS2_PLACEMENT_3D('',#4237,#3235,#3236);
#4237=CARTESIAN_POINT('',(-0.65,-1.3,0.2));
#4238=ORIENTED_EDGE('',*,*,#4232,.T.);
#4239=SPHERICAL_SURFACE('',#4240,0.21);
#4240=AXIS2_PLACEMENT_3D('',#4237,#13,#45);
#4241=ADVANCED_FACE('',(#4242),#4252,.T.);
#4242=FACE_BOUND('',#4243,.T.);
#4243=EDGE_LOOP('',(#815,#4244,#4251));
#4244=ORIENTED_EDGE('',*,*,#4245,.F.);
#4245=EDGE_CURVE('',#4246,#817,#4248,.T.);
#4246=VERTEX_POINT('',#4247);
#4247=CARTESIAN_POINT('',(-1.3,-0.65,-1.E-02));
#4248=CIRCLE('',#4249,0.21);
#4249=AXIS2_PLACEMENT_3D('',#4250,#3235,#3236);
#4250=CARTESIAN_POINT('',(-1.3,-0.65,0.2));
#4251=ORIENTED_EDGE('',*,*,#4245,.T.);
#4252=SPHERICAL_SURFACE('',#4253,0.21);
#4253=AXIS2_PLACEMENT_3D('',#4250,#13,#45);
#4254=ADVANCED_FACE('',(#4255),#4265,.T.);
#4255=FACE_BOUND('',#4256,.T.);
#4256=EDGE_LOOP('',(#824,#4257,#4264));
#4257=ORIENTED_EDGE('',*,*,#4258,.F.);
#4258=EDGE_CURVE('',#4259,#826,#4261,.T.);
#4259=VERTEX_POINT('',#4260);
#4260=CARTESIAN_POINT('',(-0.65,-0.65,-1.E-02));
#4261=CIRCLE('',#4262,0.21);
#4262=AXIS2_PLACEMENT_3D('',#4263,#3235,#3236);
#4263=CARTESIAN_POINT('',(-0.65,-0.65,0.2));
#4264=ORIENTED_EDGE('',*,*,#4258,.T.);
#4265=SPHERICAL_SURFACE('',#4266,0.21);
#4266=AXIS2_PLACEMENT_3D('',#4263,#13,#45);
#4267=ADVANCED_FACE('',(#4268),#4278,.T.);
#4268=FACE_BOUND('',#4269,.T.);
#4269=EDGE_LOOP('',(#833,#4270,#4277));
#4270=ORIENTED_EDGE('',*,*,#4271,.F.);
#4271=EDGE_CURVE('',#4272,#835,#4274,.T.);
#4272=VERTEX_POINT('',#4273);
#4273=CARTESIAN_POINT('',(1.285879139105E-17,-6.5,-1.E-02));
#4274=CIRCLE('',#4275,0.21);
#4275=AXIS2_PLACEMENT_3D('',#4276,#3235,#3236);
#4276=CARTESIAN_POINT('',(0.,-6.5,0.2));
#4277=ORIENTED_EDGE('',*,*,#4271,.T.);
#4278=SPHERICAL_SURFACE('',#4279,0.21);
#4279=AXIS2_PLACEMENT_3D('',#4276,#13,#45);
#4280=ADVANCED_FACE('',(#4281),#4291,.T.);
#4281=FACE_BOUND('',#4282,.T.);
#4282=EDGE_LOOP('',(#842,#4283,#4290));
#4283=ORIENTED_EDGE('',*,*,#4284,.F.);
#4284=EDGE_CURVE('',#4285,#844,#4287,.T.);
#4285=VERTEX_POINT('',#4286);
#4286=CARTESIAN_POINT('',(1.3,-6.5,-1.E-02));
#4287=CIRCLE('',#4288,0.21);
#4288=AXIS2_PLACEMENT_3D('',#4289,#3235,#3236);
#4289=CARTESIAN_POINT('',(1.3,-6.5,0.2));
#4290=ORIENTED_EDGE('',*,*,#4284,.T.);
#4291=SPHERICAL_SURFACE('',#4292,0.21);
#4292=AXIS2_PLACEMENT_3D('',#4289,#13,#45);
#4293=ADVANCED_FACE('',(#4294),#4304,.T.);
#4294=FACE_BOUND('',#4295,.T.);
#4295=EDGE_LOOP('',(#851,#4296,#4303));
#4296=ORIENTED_EDGE('',*,*,#4297,.F.);
#4297=EDGE_CURVE('',#4298,#853,#4300,.T.);
#4298=VERTEX_POINT('',#4299);
#4299=CARTESIAN_POINT('',(1.3,-5.85,-1.E-02));
#4300=CIRCLE('',#4301,0.21);
#4301=AXIS2_PLACEMENT_3D('',#4302,#3235,#3236);
#4302=CARTESIAN_POINT('',(1.3,-5.85,0.2));
#4303=ORIENTED_EDGE('',*,*,#4297,.T.);
#4304=SPHERICAL_SURFACE('',#4305,0.21);
#4305=AXIS2_PLACEMENT_3D('',#4302,#13,#45);
#4306=ADVANCED_FACE('',(#4307),#4317,.T.);
#4307=FACE_BOUND('',#4308,.T.);
#4308=EDGE_LOOP('',(#860,#4309,#4316));
#4309=ORIENTED_EDGE('',*,*,#4310,.F.);
#4310=EDGE_CURVE('',#4311,#862,#4313,.T.);
#4311=VERTEX_POINT('',#4312);
#4312=CARTESIAN_POINT('',(1.285879139105E-17,-5.2,-1.E-02));
#4313=CIRCLE('',#4314,0.21);
#4314=AXIS2_PLACEMENT_3D('',#4315,#3235,#3236);
#4315=CARTESIAN_POINT('',(0.,-5.2,0.2));
#4316=ORIENTED_EDGE('',*,*,#4310,.T.);
#4317=SPHERICAL_SURFACE('',#4318,0.21);
#4318=AXIS2_PLACEMENT_3D('',#4315,#13,#45);
#4319=ADVANCED_FACE('',(#4320),#4330,.T.);
#4320=FACE_BOUND('',#4321,.T.);
#4321=EDGE_LOOP('',(#869,#4322,#4329));
#4322=ORIENTED_EDGE('',*,*,#4323,.F.);
#4323=EDGE_CURVE('',#4324,#871,#4326,.T.);
#4324=VERTEX_POINT('',#4325);
#4325=CARTESIAN_POINT('',(1.95,-6.5,-1.E-02));
#4326=CIRCLE('',#4327,0.21);
#4327=AXIS2_PLACEMENT_3D('',#4328,#3235,#3236);
#4328=CARTESIAN_POINT('',(1.95,-6.5,0.2));
#4329=ORIENTED_EDGE('',*,*,#4323,.T.);
#4330=SPHERICAL_SURFACE('',#4331,0.21);
#4331=AXIS2_PLACEMENT_3D('',#4328,#13,#45);
#4332=ADVANCED_FACE('',(#4333),#4343,.T.);
#4333=FACE_BOUND('',#4334,.T.);
#4334=EDGE_LOOP('',(#878,#4335,#4342));
#4335=ORIENTED_EDGE('',*,*,#4336,.F.);
#4336=EDGE_CURVE('',#4337,#880,#4339,.T.);
#4337=VERTEX_POINT('',#4338);
#4338=CARTESIAN_POINT('',(2.6,-6.5,-1.E-02));
#4339=CIRCLE('',#4340,0.21);
#4340=AXIS2_PLACEMENT_3D('',#4341,#3235,#3236);
#4341=CARTESIAN_POINT('',(2.6,-6.5,0.2));
#4342=ORIENTED_EDGE('',*,*,#4336,.T.);
#4343=SPHERICAL_SURFACE('',#4344,0.21);
#4344=AXIS2_PLACEMENT_3D('',#4341,#13,#45);
#4345=ADVANCED_FACE('',(#4346),#4356,.T.);
#4346=FACE_BOUND('',#4347,.T.);
#4347=EDGE_LOOP('',(#887,#4348,#4355));
#4348=ORIENTED_EDGE('',*,*,#4349,.F.);
#4349=EDGE_CURVE('',#4350,#889,#4352,.T.);
#4350=VERTEX_POINT('',#4351);
#4351=CARTESIAN_POINT('',(3.25,-6.5,-1.E-02));
#4352=CIRCLE('',#4353,0.21);
#4353=AXIS2_PLACEMENT_3D('',#4354,#3235,#3236);
#4354=CARTESIAN_POINT('',(3.25,-6.5,0.2));
#4355=ORIENTED_EDGE('',*,*,#4349,.T.);
#4356=SPHERICAL_SURFACE('',#4357,0.21);
#4357=AXIS2_PLACEMENT_3D('',#4354,#13,#45);
#4358=ADVANCED_FACE('',(#4359),#4369,.T.);
#4359=FACE_BOUND('',#4360,.T.);
#4360=EDGE_LOOP('',(#896,#4361,#4368));
#4361=ORIENTED_EDGE('',*,*,#4362,.F.);
#4362=EDGE_CURVE('',#4363,#898,#4365,.T.);
#4363=VERTEX_POINT('',#4364);
#4364=CARTESIAN_POINT('',(2.6,-5.85,-1.E-02));
#4365=CIRCLE('',#4366,0.21);
#4366=AXIS2_PLACEMENT_3D('',#4367,#3235,#3236);
#4367=CARTESIAN_POINT('',(2.6,-5.85,0.2));
#4368=ORIENTED_EDGE('',*,*,#4362,.T.);
#4369=SPHERICAL_SURFACE('',#4370,0.21);
#4370=AXIS2_PLACEMENT_3D('',#4367,#13,#45);
#4371=ADVANCED_FACE('',(#4372),#4382,.T.);
#4372=FACE_BOUND('',#4373,.T.);
#4373=EDGE_LOOP('',(#905,#4374,#4381));
#4374=ORIENTED_EDGE('',*,*,#4375,.F.);
#4375=EDGE_CURVE('',#4376,#907,#4378,.T.);
#4376=VERTEX_POINT('',#4377);
#4377=CARTESIAN_POINT('',(3.25,-5.85,-1.E-02));
#4378=CIRCLE('',#4379,0.21);
#4379=AXIS2_PLACEMENT_3D('',#4380,#3235,#3236);
#4380=CARTESIAN_POINT('',(3.25,-5.85,0.2));
#4381=ORIENTED_EDGE('',*,*,#4375,.T.);
#4382=SPHERICAL_SURFACE('',#4383,0.21);
#4383=AXIS2_PLACEMENT_3D('',#4380,#13,#45);
#4384=ADVANCED_FACE('',(#4385),#4395,.T.);
#4385=FACE_BOUND('',#4386,.T.);
#4386=EDGE_LOOP('',(#914,#4387,#4394));
#4387=ORIENTED_EDGE('',*,*,#4388,.F.);
#4388=EDGE_CURVE('',#4389,#916,#4391,.T.);
#4389=VERTEX_POINT('',#4390);
#4390=CARTESIAN_POINT('',(1.95,-5.2,-1.E-02));
#4391=CIRCLE('',#4392,0.21);
#4392=AXIS2_PLACEMENT_3D('',#4393,#3235,#3236);
#4393=CARTESIAN_POINT('',(1.95,-5.2,0.2));
#4394=ORIENTED_EDGE('',*,*,#4388,.T.);
#4395=SPHERICAL_SURFACE('',#4396,0.21);
#4396=AXIS2_PLACEMENT_3D('',#4393,#13,#45);
#4397=ADVANCED_FACE('',(#4398),#4408,.T.);
#4398=FACE_BOUND('',#4399,.T.);
#4399=EDGE_LOOP('',(#923,#4400,#4407));
#4400=ORIENTED_EDGE('',*,*,#4401,.F.);
#4401=EDGE_CURVE('',#4402,#925,#4404,.T.);
#4402=VERTEX_POINT('',#4403);
#4403=CARTESIAN_POINT('',(2.6,-5.2,-1.E-02));
#4404=CIRCLE('',#4405,0.21);
#4405=AXIS2_PLACEMENT_3D('',#4406,#3235,#3236);
#4406=CARTESIAN_POINT('',(2.6,-5.2,0.2));
#4407=ORIENTED_EDGE('',*,*,#4401,.T.);
#4408=SPHERICAL_SURFACE('',#4409,0.21);
#4409=AXIS2_PLACEMENT_3D('',#4406,#13,#45);
#4410=ADVANCED_FACE('',(#4411),#4421,.T.);
#4411=FACE_BOUND('',#4412,.T.);
#4412=EDGE_LOOP('',(#932,#4413,#4420));
#4413=ORIENTED_EDGE('',*,*,#4414,.F.);
#4414=EDGE_CURVE('',#4415,#934,#4417,.T.);
#4415=VERTEX_POINT('',#4416);
#4416=CARTESIAN_POINT('',(3.25,-5.2,-1.E-02));
#4417=CIRCLE('',#4418,0.21);
#4418=AXIS2_PLACEMENT_3D('',#4419,#3235,#3236);
#4419=CARTESIAN_POINT('',(3.25,-5.2,0.2));
#4420=ORIENTED_EDGE('',*,*,#4414,.T.);
#4421=SPHERICAL_SURFACE('',#4422,0.21);
#4422=AXIS2_PLACEMENT_3D('',#4419,#13,#45);
#4423=ADVANCED_FACE('',(#4424),#4434,.T.);
#4424=FACE_BOUND('',#4425,.T.);
#4425=EDGE_LOOP('',(#941,#4426,#4433));
#4426=ORIENTED_EDGE('',*,*,#4427,.F.);
#4427=EDGE_CURVE('',#4428,#943,#4430,.T.);
#4428=VERTEX_POINT('',#4429);
#4429=CARTESIAN_POINT('',(1.3,-4.55,-1.E-02));
#4430=CIRCLE('',#4431,0.21);
#4431=AXIS2_PLACEMENT_3D('',#4432,#3235,#3236);
#4432=CARTESIAN_POINT('',(1.3,-4.55,0.2));
#4433=ORIENTED_EDGE('',*,*,#4427,.T.);
#4434=SPHERICAL_SURFACE('',#4435,0.21);
#4435=AXIS2_PLACEMENT_3D('',#4432,#13,#45);
#4436=ADVANCED_FACE('',(#4437),#4447,.T.);
#4437=FACE_BOUND('',#4438,.T.);
#4438=EDGE_LOOP('',(#950,#4439,#4446));
#4439=ORIENTED_EDGE('',*,*,#4440,.F.);
#4440=EDGE_CURVE('',#4441,#952,#4443,.T.);
#4441=VERTEX_POINT('',#4442);
#4442=CARTESIAN_POINT('',(1.95,-4.55,-1.E-02));
#4443=CIRCLE('',#4444,0.21);
#4444=AXIS2_PLACEMENT_3D('',#4445,#3235,#3236);
#4445=CARTESIAN_POINT('',(1.95,-4.55,0.2));
#4446=ORIENTED_EDGE('',*,*,#4440,.T.);
#4447=SPHERICAL_SURFACE('',#4448,0.21);
#4448=AXIS2_PLACEMENT_3D('',#4445,#13,#45);
#4449=ADVANCED_FACE('',(#4450),#4460,.T.);
#4450=FACE_BOUND('',#4451,.T.);
#4451=EDGE_LOOP('',(#959,#4452,#4459));
#4452=ORIENTED_EDGE('',*,*,#4453,.F.);
#4453=EDGE_CURVE('',#4454,#961,#4456,.T.);
#4454=VERTEX_POINT('',#4455);
#4455=CARTESIAN_POINT('',(2.6,-4.55,-1.E-02));
#4456=CIRCLE('',#4457,0.21);
#4457=AXIS2_PLACEMENT_3D('',#4458,#3235,#3236);
#4458=CARTESIAN_POINT('',(2.6,-4.55,0.2));
#4459=ORIENTED_EDGE('',*,*,#4453,.T.);
#4460=SPHERICAL_SURFACE('',#4461,0.21);
#4461=AXIS2_PLACEMENT_3D('',#4458,#13,#45);
#4462=ADVANCED_FACE('',(#4463),#4473,.T.);
#4463=FACE_BOUND('',#4464,.T.);
#4464=EDGE_LOOP('',(#968,#4465,#4472));
#4465=ORIENTED_EDGE('',*,*,#4466,.F.);
#4466=EDGE_CURVE('',#4467,#970,#4469,.T.);
#4467=VERTEX_POINT('',#4468);
#4468=CARTESIAN_POINT('',(3.25,-4.55,-1.E-02));
#4469=CIRCLE('',#4470,0.21);
#4470=AXIS2_PLACEMENT_3D('',#4471,#3235,#3236);
#4471=CARTESIAN_POINT('',(3.25,-4.55,0.2));
#4472=ORIENTED_EDGE('',*,*,#4466,.T.);
#4473=SPHERICAL_SURFACE('',#4474,0.21);
#4474=AXIS2_PLACEMENT_3D('',#4471,#13,#45);
#4475=ADVANCED_FACE('',(#4476),#4486,.T.);
#4476=FACE_BOUND('',#4477,.T.);
#4477=EDGE_LOOP('',(#977,#4478,#4485));
#4478=ORIENTED_EDGE('',*,*,#4479,.F.);
#4479=EDGE_CURVE('',#4480,#979,#4482,.T.);
#4480=VERTEX_POINT('',#4481);
#4481=CARTESIAN_POINT('',(1.95,-3.9,-1.E-02));
#4482=CIRCLE('',#4483,0.21);
#4483=AXIS2_PLACEMENT_3D('',#4484,#3235,#3236);
#4484=CARTESIAN_POINT('',(1.95,-3.9,0.2));
#4485=ORIENTED_EDGE('',*,*,#4479,.T.);
#4486=SPHERICAL_SURFACE('',#4487,0.21);
#4487=AXIS2_PLACEMENT_3D('',#4484,#13,#45);
#4488=ADVANCED_FACE('',(#4489),#4499,.T.);
#4489=FACE_BOUND('',#4490,.T.);
#4490=EDGE_LOOP('',(#986,#4491,#4498));
#4491=ORIENTED_EDGE('',*,*,#4492,.F.);
#4492=EDGE_CURVE('',#4493,#988,#4495,.T.);
#4493=VERTEX_POINT('',#4494);
#4494=CARTESIAN_POINT('',(2.6,-3.9,-1.E-02));
#4495=CIRCLE('',#4496,0.21);
#4496=AXIS2_PLACEMENT_3D('',#4497,#3235,#3236);
#4497=CARTESIAN_POINT('',(2.6,-3.9,0.2));
#4498=ORIENTED_EDGE('',*,*,#4492,.T.);
#4499=SPHERICAL_SURFACE('',#4500,0.21);
#4500=AXIS2_PLACEMENT_3D('',#4497,#13,#45);
#4501=ADVANCED_FACE('',(#4502),#4512,.T.);
#4502=FACE_BOUND('',#4503,.T.);
#4503=EDGE_LOOP('',(#995,#4504,#4511));
#4504=ORIENTED_EDGE('',*,*,#4505,.F.);
#4505=EDGE_CURVE('',#4506,#997,#4508,.T.);
#4506=VERTEX_POINT('',#4507);
#4507=CARTESIAN_POINT('',(3.25,-3.9,-1.E-02));
#4508=CIRCLE('',#4509,0.21);
#4509=AXIS2_PLACEMENT_3D('',#4510,#3235,#3236);
#4510=CARTESIAN_POINT('',(3.25,-3.9,0.2));
#4511=ORIENTED_EDGE('',*,*,#4505,.T.);
#4512=SPHERICAL_SURFACE('',#4513,0.21);
#4513=AXIS2_PLACEMENT_3D('',#4510,#13,#45);
#4514=ADVANCED_FACE('',(#4515),#4525,.T.);
#4515=FACE_BOUND('',#4516,.T.);
#4516=EDGE_LOOP('',(#1004,#4517,#4524));
#4517=ORIENTED_EDGE('',*,*,#4518,.F.);
#4518=EDGE_CURVE('',#4519,#1006,#4521,.T.);
#4519=VERTEX_POINT('',#4520);
#4520=CARTESIAN_POINT('',(3.9,-6.5,-1.E-02));
#4521=CIRCLE('',#4522,0.21);
#4522=AXIS2_PLACEMENT_3D('',#4523,#3235,#3236);
#4523=CARTESIAN_POINT('',(3.9,-6.5,0.2));
#4524=ORIENTED_EDGE('',*,*,#4518,.T.);
#4525=SPHERICAL_SURFACE('',#4526,0.21);
#4526=AXIS2_PLACEMENT_3D('',#4523,#13,#45);
#4527=ADVANCED_FACE('',(#4528),#4538,.T.);
#4528=FACE_BOUND('',#4529,.T.);
#4529=EDGE_LOOP('',(#1013,#4530,#4537));
#4530=ORIENTED_EDGE('',*,*,#4531,.F.);
#4531=EDGE_CURVE('',#4532,#1015,#4534,.T.);
#4532=VERTEX_POINT('',#4533);
#4533=CARTESIAN_POINT('',(4.55,-6.5,-1.E-02));
#4534=CIRCLE('',#4535,0.21);
#4535=AXIS2_PLACEMENT_3D('',#4536,#3235,#3236);
#4536=CARTESIAN_POINT('',(4.55,-6.5,0.2));
#4537=ORIENTED_EDGE('',*,*,#4531,.T.);
#4538=SPHERICAL_SURFACE('',#4539,0.21);
#4539=AXIS2_PLACEMENT_3D('',#4536,#13,#45);
#4540=ADVANCED_FACE('',(#4541),#4551,.T.);
#4541=FACE_BOUND('',#4542,.T.);
#4542=EDGE_LOOP('',(#1022,#4543,#4550));
#4543=ORIENTED_EDGE('',*,*,#4544,.F.);
#4544=EDGE_CURVE('',#4545,#1024,#4547,.T.);
#4545=VERTEX_POINT('',#4546);
#4546=CARTESIAN_POINT('',(4.55,-5.85,-1.E-02));
#4547=CIRCLE('',#4548,0.21);
#4548=AXIS2_PLACEMENT_3D('',#4549,#3235,#3236);
#4549=CARTESIAN_POINT('',(4.55,-5.85,0.2));
#4550=ORIENTED_EDGE('',*,*,#4544,.T.);
#4551=SPHERICAL_SURFACE('',#4552,0.21);
#4552=AXIS2_PLACEMENT_3D('',#4549,#13,#45);
#4553=ADVANCED_FACE('',(#4554),#4564,.T.);
#4554=FACE_BOUND('',#4555,.T.);
#4555=EDGE_LOOP('',(#1031,#4556,#4563));
#4556=ORIENTED_EDGE('',*,*,#4557,.F.);
#4557=EDGE_CURVE('',#4558,#1033,#4560,.T.);
#4558=VERTEX_POINT('',#4559);
#4559=CARTESIAN_POINT('',(3.9,-5.2,-1.E-02));
#4560=CIRCLE('',#4561,0.21);
#4561=AXIS2_PLACEMENT_3D('',#4562,#3235,#3236);
#4562=CARTESIAN_POINT('',(3.9,-5.2,0.2));
#4563=ORIENTED_EDGE('',*,*,#4557,.T.);
#4564=SPHERICAL_SURFACE('',#4565,0.21);
#4565=AXIS2_PLACEMENT_3D('',#4562,#13,#45);
#4566=ADVANCED_FACE('',(#4567),#4577,.T.);
#4567=FACE_BOUND('',#4568,.T.);
#4568=EDGE_LOOP('',(#1040,#4569,#4576));
#4569=ORIENTED_EDGE('',*,*,#4570,.F.);
#4570=EDGE_CURVE('',#4571,#1042,#4573,.T.);
#4571=VERTEX_POINT('',#4572);
#4572=CARTESIAN_POINT('',(4.55,-5.2,-1.E-02));
#4573=CIRCLE('',#4574,0.21);
#4574=AXIS2_PLACEMENT_3D('',#4575,#3235,#3236);
#4575=CARTESIAN_POINT('',(4.55,-5.2,0.2));
#4576=ORIENTED_EDGE('',*,*,#4570,.T.);
#4577=SPHERICAL_SURFACE('',#4578,0.21);
#4578=AXIS2_PLACEMENT_3D('',#4575,#13,#45);
#4579=ADVANCED_FACE('',(#4580),#4590,.T.);
#4580=FACE_BOUND('',#4581,.T.);
#4581=EDGE_LOOP('',(#1049,#4582,#4589));
#4582=ORIENTED_EDGE('',*,*,#4583,.F.);
#4583=EDGE_CURVE('',#4584,#1051,#4586,.T.);
#4584=VERTEX_POINT('',#4585);
#4585=CARTESIAN_POINT('',(5.2,-6.5,-1.E-02));
#4586=CIRCLE('',#4587,0.21);
#4587=AXIS2_PLACEMENT_3D('',#4588,#3235,#3236);
#4588=CARTESIAN_POINT('',(5.2,-6.5,0.2));
#4589=ORIENTED_EDGE('',*,*,#4583,.T.);
#4590=SPHERICAL_SURFACE('',#4591,0.21);
#4591=AXIS2_PLACEMENT_3D('',#4588,#13,#45);
#4592=ADVANCED_FACE('',(#4593),#4603,.T.);
#4593=FACE_BOUND('',#4594,.T.);
#4594=EDGE_LOOP('',(#1058,#4595,#4602));
#4595=ORIENTED_EDGE('',*,*,#4596,.F.);
#4596=EDGE_CURVE('',#4597,#1060,#4599,.T.);
#4597=VERTEX_POINT('',#4598);
#4598=CARTESIAN_POINT('',(5.2,-5.85,-1.E-02));
#4599=CIRCLE('',#4600,0.21);
#4600=AXIS2_PLACEMENT_3D('',#4601,#3235,#3236);
#4601=CARTESIAN_POINT('',(5.2,-5.85,0.2));
#4602=ORIENTED_EDGE('',*,*,#4596,.T.);
#4603=SPHERICAL_SURFACE('',#4604,0.21);
#4604=AXIS2_PLACEMENT_3D('',#4601,#13,#45);
#4605=ADVANCED_FACE('',(#4606),#4616,.T.);
#4606=FACE_BOUND('',#4607,.T.);
#4607=EDGE_LOOP('',(#1067,#4608,#4615));
#4608=ORIENTED_EDGE('',*,*,#4609,.F.);
#4609=EDGE_CURVE('',#4610,#1069,#4612,.T.);
#4610=VERTEX_POINT('',#4611);
#4611=CARTESIAN_POINT('',(5.85,-6.5,-1.E-02));
#4612=CIRCLE('',#4613,0.21);
#4613=AXIS2_PLACEMENT_3D('',#4614,#3235,#3236);
#4614=CARTESIAN_POINT('',(5.85,-6.5,0.2));
#4615=ORIENTED_EDGE('',*,*,#4609,.T.);
#4616=SPHERICAL_SURFACE('',#4617,0.21);
#4617=AXIS2_PLACEMENT_3D('',#4614,#13,#45);
#4618=ADVANCED_FACE('',(#4619),#4629,.T.);
#4619=FACE_BOUND('',#4620,.T.);
#4620=EDGE_LOOP('',(#1076,#4621,#4628));
#4621=ORIENTED_EDGE('',*,*,#4622,.F.);
#4622=EDGE_CURVE('',#4623,#1078,#4625,.T.);
#4623=VERTEX_POINT('',#4624);
#4624=CARTESIAN_POINT('',(6.5,-6.5,-1.E-02));
#4625=CIRCLE('',#4626,0.21);
#4626=AXIS2_PLACEMENT_3D('',#4627,#3235,#3236);
#4627=CARTESIAN_POINT('',(6.5,-6.5,0.2));
#4628=ORIENTED_EDGE('',*,*,#4622,.T.);
#4629=SPHERICAL_SURFACE('',#4630,0.21);
#4630=AXIS2_PLACEMENT_3D('',#4627,#13,#45);
#4631=ADVANCED_FACE('',(#4632),#4642,.T.);
#4632=FACE_BOUND('',#4633,.T.);
#4633=EDGE_LOOP('',(#1085,#4634,#4641));
#4634=ORIENTED_EDGE('',*,*,#4635,.F.);
#4635=EDGE_CURVE('',#4636,#1087,#4638,.T.);
#4636=VERTEX_POINT('',#4637);
#4637=CARTESIAN_POINT('',(5.85,-5.85,-1.E-02));
#4638=CIRCLE('',#4639,0.21);
#4639=AXIS2_PLACEMENT_3D('',#4640,#3235,#3236);
#4640=CARTESIAN_POINT('',(5.85,-5.85,0.2));
#4641=ORIENTED_EDGE('',*,*,#4635,.T.);
#4642=SPHERICAL_SURFACE('',#4643,0.21);
#4643=AXIS2_PLACEMENT_3D('',#4640,#13,#45);
#4644=ADVANCED_FACE('',(#4645),#4655,.T.);
#4645=FACE_BOUND('',#4646,.T.);
#4646=EDGE_LOOP('',(#1094,#4647,#4654));
#4647=ORIENTED_EDGE('',*,*,#4648,.F.);
#4648=EDGE_CURVE('',#4649,#1096,#4651,.T.);
#4649=VERTEX_POINT('',#4650);
#4650=CARTESIAN_POINT('',(6.5,-5.85,-1.E-02));
#4651=CIRCLE('',#4652,0.21);
#4652=AXIS2_PLACEMENT_3D('',#4653,#3235,#3236);
#4653=CARTESIAN_POINT('',(6.5,-5.85,0.2));
#4654=ORIENTED_EDGE('',*,*,#4648,.T.);
#4655=SPHERICAL_SURFACE('',#4656,0.21);
#4656=AXIS2_PLACEMENT_3D('',#4653,#13,#45);
#4657=ADVANCED_FACE('',(#4658),#4668,.T.);
#4658=FACE_BOUND('',#4659,.T.);
#4659=EDGE_LOOP('',(#1103,#4660,#4667));
#4660=ORIENTED_EDGE('',*,*,#4661,.F.);
#4661=EDGE_CURVE('',#4662,#1105,#4664,.T.);
#4662=VERTEX_POINT('',#4663);
#4663=CARTESIAN_POINT('',(5.2,-5.2,-1.E-02));
#4664=CIRCLE('',#4665,0.21);
#4665=AXIS2_PLACEMENT_3D('',#4666,#3235,#3236);
#4666=CARTESIAN_POINT('',(5.2,-5.2,0.2));
#4667=ORIENTED_EDGE('',*,*,#4661,.T.);
#4668=SPHERICAL_SURFACE('',#4669,0.21);
#4669=AXIS2_PLACEMENT_3D('',#4666,#13,#45);
#4670=ADVANCED_FACE('',(#4671),#4681,.T.);
#4671=FACE_BOUND('',#4672,.T.);
#4672=EDGE_LOOP('',(#1112,#4673,#4680));
#4673=ORIENTED_EDGE('',*,*,#4674,.F.);
#4674=EDGE_CURVE('',#4675,#1114,#4677,.T.);
#4675=VERTEX_POINT('',#4676);
#4676=CARTESIAN_POINT('',(5.85,-5.2,-1.E-02));
#4677=CIRCLE('',#4678,0.21);
#4678=AXIS2_PLACEMENT_3D('',#4679,#3235,#3236);
#4679=CARTESIAN_POINT('',(5.85,-5.2,0.2));
#4680=ORIENTED_EDGE('',*,*,#4674,.T.);
#4681=SPHERICAL_SURFACE('',#4682,0.21);
#4682=AXIS2_PLACEMENT_3D('',#4679,#13,#45);
#4683=ADVANCED_FACE('',(#4684),#4694,.T.);
#4684=FACE_BOUND('',#4685,.T.);
#4685=EDGE_LOOP('',(#1121,#4686,#4693));
#4686=ORIENTED_EDGE('',*,*,#4687,.F.);
#4687=EDGE_CURVE('',#4688,#1123,#4690,.T.);
#4688=VERTEX_POINT('',#4689);
#4689=CARTESIAN_POINT('',(6.5,-5.2,-1.E-02));
#4690=CIRCLE('',#4691,0.21);
#4691=AXIS2_PLACEMENT_3D('',#4692,#3235,#3236);
#4692=CARTESIAN_POINT('',(6.5,-5.2,0.2));
#4693=ORIENTED_EDGE('',*,*,#4687,.T.);
#4694=SPHERICAL_SURFACE('',#4695,0.21);
#4695=AXIS2_PLACEMENT_3D('',#4692,#13,#45);
#4696=ADVANCED_FACE('',(#4697),#4707,.T.);
#4697=FACE_BOUND('',#4698,.T.);
#4698=EDGE_LOOP('',(#1130,#4699,#4706));
#4699=ORIENTED_EDGE('',*,*,#4700,.F.);
#4700=EDGE_CURVE('',#4701,#1132,#4703,.T.);
#4701=VERTEX_POINT('',#4702);
#4702=CARTESIAN_POINT('',(3.9,-4.55,-1.E-02));
#4703=CIRCLE('',#4704,0.21);
#4704=AXIS2_PLACEMENT_3D('',#4705,#3235,#3236);
#4705=CARTESIAN_POINT('',(3.9,-4.55,0.2));
#4706=ORIENTED_EDGE('',*,*,#4700,.T.);
#4707=SPHERICAL_SURFACE('',#4708,0.21);
#4708=AXIS2_PLACEMENT_3D('',#4705,#13,#45);
#4709=ADVANCED_FACE('',(#4710),#4720,.T.);
#4710=FACE_BOUND('',#4711,.T.);
#4711=EDGE_LOOP('',(#1139,#4712,#4719));
#4712=ORIENTED_EDGE('',*,*,#4713,.F.);
#4713=EDGE_CURVE('',#4714,#1141,#4716,.T.);
#4714=VERTEX_POINT('',#4715);
#4715=CARTESIAN_POINT('',(4.55,-4.55,-1.E-02));
#4716=CIRCLE('',#4717,0.21);
#4717=AXIS2_PLACEMENT_3D('',#4718,#3235,#3236);
#4718=CARTESIAN_POINT('',(4.55,-4.55,0.2));
#4719=ORIENTED_EDGE('',*,*,#4713,.T.);
#4720=SPHERICAL_SURFACE('',#4721,0.21);
#4721=AXIS2_PLACEMENT_3D('',#4718,#13,#45);
#4722=ADVANCED_FACE('',(#4723),#4733,.T.);
#4723=FACE_BOUND('',#4724,.T.);
#4724=EDGE_LOOP('',(#1148,#4725,#4732));
#4725=ORIENTED_EDGE('',*,*,#4726,.F.);
#4726=EDGE_CURVE('',#4727,#1150,#4729,.T.);
#4727=VERTEX_POINT('',#4728);
#4728=CARTESIAN_POINT('',(3.9,-3.9,-1.E-02));
#4729=CIRCLE('',#4730,0.21);
#4730=AXIS2_PLACEMENT_3D('',#4731,#3235,#3236);
#4731=CARTESIAN_POINT('',(3.9,-3.9,0.2));
#4732=ORIENTED_EDGE('',*,*,#4726,.T.);
#4733=SPHERICAL_SURFACE('',#4734,0.21);
#4734=AXIS2_PLACEMENT_3D('',#4731,#13,#45);
#4735=ADVANCED_FACE('',(#4736),#4746,.T.);
#4736=FACE_BOUND('',#4737,.T.);
#4737=EDGE_LOOP('',(#1157,#4738,#4745));
#4738=ORIENTED_EDGE('',*,*,#4739,.F.);
#4739=EDGE_CURVE('',#4740,#1159,#4742,.T.);
#4740=VERTEX_POINT('',#4741);
#4741=CARTESIAN_POINT('',(4.55,-3.9,-1.E-02));
#4742=CIRCLE('',#4743,0.21);
#4743=AXIS2_PLACEMENT_3D('',#4744,#3235,#3236);
#4744=CARTESIAN_POINT('',(4.55,-3.9,0.2));
#4745=ORIENTED_EDGE('',*,*,#4739,.T.);
#4746=SPHERICAL_SURFACE('',#4747,0.21);
#4747=AXIS2_PLACEMENT_3D('',#4744,#13,#45);
#4748=ADVANCED_FACE('',(#4749),#4759,.T.);
#4749=FACE_BOUND('',#4750,.T.);
#4750=EDGE_LOOP('',(#1166,#4751,#4758));
#4751=ORIENTED_EDGE('',*,*,#4752,.F.);
#4752=EDGE_CURVE('',#4753,#1168,#4755,.T.);
#4753=VERTEX_POINT('',#4754);
#4754=CARTESIAN_POINT('',(5.2,-4.55,-1.E-02));
#4755=CIRCLE('',#4756,0.21);
#4756=AXIS2_PLACEMENT_3D('',#4757,#3235,#3236);
#4757=CARTESIAN_POINT('',(5.2,-4.55,0.2));
#4758=ORIENTED_EDGE('',*,*,#4752,.T.);
#4759=SPHERICAL_SURFACE('',#4760,0.21);
#4760=AXIS2_PLACEMENT_3D('',#4757,#13,#45);
#4761=ADVANCED_FACE('',(#4762),#4772,.T.);
#4762=FACE_BOUND('',#4763,.T.);
#4763=EDGE_LOOP('',(#1175,#4764,#4771));
#4764=ORIENTED_EDGE('',*,*,#4765,.F.);
#4765=EDGE_CURVE('',#4766,#1177,#4768,.T.);
#4766=VERTEX_POINT('',#4767);
#4767=CARTESIAN_POINT('',(5.85,-4.55,-1.E-02));
#4768=CIRCLE('',#4769,0.21);
#4769=AXIS2_PLACEMENT_3D('',#4770,#3235,#3236);
#4770=CARTESIAN_POINT('',(5.85,-4.55,0.2));
#4771=ORIENTED_EDGE('',*,*,#4765,.T.);
#4772=SPHERICAL_SURFACE('',#4773,0.21);
#4773=AXIS2_PLACEMENT_3D('',#4770,#13,#45);
#4774=ADVANCED_FACE('',(#4775),#4785,.T.);
#4775=FACE_BOUND('',#4776,.T.);
#4776=EDGE_LOOP('',(#1184,#4777,#4784));
#4777=ORIENTED_EDGE('',*,*,#4778,.F.);
#4778=EDGE_CURVE('',#4779,#1186,#4781,.T.);
#4779=VERTEX_POINT('',#4780);
#4780=CARTESIAN_POINT('',(6.5,-4.55,-1.E-02));
#4781=CIRCLE('',#4782,0.21);
#4782=AXIS2_PLACEMENT_3D('',#4783,#3235,#3236);
#4783=CARTESIAN_POINT('',(6.5,-4.55,0.2));
#4784=ORIENTED_EDGE('',*,*,#4778,.T.);
#4785=SPHERICAL_SURFACE('',#4786,0.21);
#4786=AXIS2_PLACEMENT_3D('',#4783,#13,#45);
#4787=ADVANCED_FACE('',(#4788),#4798,.T.);
#4788=FACE_BOUND('',#4789,.T.);
#4789=EDGE_LOOP('',(#1193,#4790,#4797));
#4790=ORIENTED_EDGE('',*,*,#4791,.F.);
#4791=EDGE_CURVE('',#4792,#1195,#4794,.T.);
#4792=VERTEX_POINT('',#4793);
#4793=CARTESIAN_POINT('',(5.2,-3.9,-1.E-02));
#4794=CIRCLE('',#4795,0.21);
#4795=AXIS2_PLACEMENT_3D('',#4796,#3235,#3236);
#4796=CARTESIAN_POINT('',(5.2,-3.9,0.2));
#4797=ORIENTED_EDGE('',*,*,#4791,.T.);
#4798=SPHERICAL_SURFACE('',#4799,0.21);
#4799=AXIS2_PLACEMENT_3D('',#4796,#13,#45);
#4800=ADVANCED_FACE('',(#4801),#4811,.T.);
#4801=FACE_BOUND('',#4802,.T.);
#4802=EDGE_LOOP('',(#1202,#4803,#4810));
#4803=ORIENTED_EDGE('',*,*,#4804,.F.);
#4804=EDGE_CURVE('',#4805,#1204,#4807,.T.);
#4805=VERTEX_POINT('',#4806);
#4806=CARTESIAN_POINT('',(6.5,-3.9,-1.E-02));
#4807=CIRCLE('',#4808,0.21);
#4808=AXIS2_PLACEMENT_3D('',#4809,#3235,#3236);
#4809=CARTESIAN_POINT('',(6.5,-3.9,0.2));
#4810=ORIENTED_EDGE('',*,*,#4804,.T.);
#4811=SPHERICAL_SURFACE('',#4812,0.21);
#4812=AXIS2_PLACEMENT_3D('',#4809,#13,#45);
#4813=ADVANCED_FACE('',(#4814),#4824,.T.);
#4814=FACE_BOUND('',#4815,.T.);
#4815=EDGE_LOOP('',(#1211,#4816,#4823));
#4816=ORIENTED_EDGE('',*,*,#4817,.F.);
#4817=EDGE_CURVE('',#4818,#1213,#4820,.T.);
#4818=VERTEX_POINT('',#4819);
#4819=CARTESIAN_POINT('',(1.285879139105E-17,-2.6,-1.E-02));
#4820=CIRCLE('',#4821,0.21);
#4821=AXIS2_PLACEMENT_3D('',#4822,#3235,#3236);
#4822=CARTESIAN_POINT('',(0.,-2.6,0.2));
#4823=ORIENTED_EDGE('',*,*,#4817,.T.);
#4824=SPHERICAL_SURFACE('',#4825,0.21);
#4825=AXIS2_PLACEMENT_3D('',#4822,#13,#45);
#4826=ADVANCED_FACE('',(#4827),#4837,.T.);
#4827=FACE_BOUND('',#4828,.T.);
#4828=EDGE_LOOP('',(#1220,#4829,#4836));
#4829=ORIENTED_EDGE('',*,*,#4830,.F.);
#4830=EDGE_CURVE('',#4831,#1222,#4833,.T.);
#4831=VERTEX_POINT('',#4832);
#4832=CARTESIAN_POINT('',(0.65,-2.6,-1.E-02));
#4833=CIRCLE('',#4834,0.21);
#4834=AXIS2_PLACEMENT_3D('',#4835,#3235,#3236);
#4835=CARTESIAN_POINT('',(0.65,-2.6,0.2));
#4836=ORIENTED_EDGE('',*,*,#4830,.T.);
#4837=SPHERICAL_SURFACE('',#4838,0.21);
#4838=AXIS2_PLACEMENT_3D('',#4835,#13,#45);
#4839=ADVANCED_FACE('',(#4840),#4850,.T.);
#4840=FACE_BOUND('',#4841,.T.);
#4841=EDGE_LOOP('',(#1229,#4842,#4849));
#4842=ORIENTED_EDGE('',*,*,#4843,.F.);
#4843=EDGE_CURVE('',#4844,#1231,#4846,.T.);
#4844=VERTEX_POINT('',#4845);
#4845=CARTESIAN_POINT('',(1.3,-3.25,-1.E-02));
#4846=CIRCLE('',#4847,0.21);
#4847=AXIS2_PLACEMENT_3D('',#4848,#3235,#3236);
#4848=CARTESIAN_POINT('',(1.3,-3.25,0.2));
#4849=ORIENTED_EDGE('',*,*,#4843,.T.);
#4850=SPHERICAL_SURFACE('',#4851,0.21);
#4851=AXIS2_PLACEMENT_3D('',#4848,#13,#45);
#4852=ADVANCED_FACE('',(#4853),#4863,.T.);
#4853=FACE_BOUND('',#4854,.T.);
#4854=EDGE_LOOP('',(#1238,#4855,#4862));
#4855=ORIENTED_EDGE('',*,*,#4856,.F.);
#4856=EDGE_CURVE('',#4857,#1240,#4859,.T.);
#4857=VERTEX_POINT('',#4858);
#4858=CARTESIAN_POINT('',(1.3,-2.6,-1.E-02));
#4859=CIRCLE('',#4860,0.21);
#4860=AXIS2_PLACEMENT_3D('',#4861,#3235,#3236);
#4861=CARTESIAN_POINT('',(1.3,-2.6,0.2));
#4862=ORIENTED_EDGE('',*,*,#4856,.T.);
#4863=SPHERICAL_SURFACE('',#4864,0.21);
#4864=AXIS2_PLACEMENT_3D('',#4861,#13,#45);
#4865=ADVANCED_FACE('',(#4866),#4876,.T.);
#4866=FACE_BOUND('',#4867,.T.);
#4867=EDGE_LOOP('',(#1247,#4868,#4875));
#4868=ORIENTED_EDGE('',*,*,#4869,.F.);
#4869=EDGE_CURVE('',#4870,#1249,#4872,.T.);
#4870=VERTEX_POINT('',#4871);
#4871=CARTESIAN_POINT('',(1.285879139105E-17,-1.95,-1.E-02));
#4872=CIRCLE('',#4873,0.21);
#4873=AXIS2_PLACEMENT_3D('',#4874,#3235,#3236);
#4874=CARTESIAN_POINT('',(0.,-1.95,0.2));
#4875=ORIENTED_EDGE('',*,*,#4869,.T.);
#4876=SPHERICAL_SURFACE('',#4877,0.21);
#4877=AXIS2_PLACEMENT_3D('',#4874,#13,#45);
#4878=ADVANCED_FACE('',(#4879),#4889,.T.);
#4879=FACE_BOUND('',#4880,.T.);
#4880=EDGE_LOOP('',(#1256,#4881,#4888));
#4881=ORIENTED_EDGE('',*,*,#4882,.F.);
#4882=EDGE_CURVE('',#4883,#1258,#4885,.T.);
#4883=VERTEX_POINT('',#4884);
#4884=CARTESIAN_POINT('',(0.65,-1.95,-1.E-02));
#4885=CIRCLE('',#4886,0.21);
#4886=AXIS2_PLACEMENT_3D('',#4887,#3235,#3236);
#4887=CARTESIAN_POINT('',(0.65,-1.95,0.2));
#4888=ORIENTED_EDGE('',*,*,#4882,.T.);
#4889=SPHERICAL_SURFACE('',#4890,0.21);
#4890=AXIS2_PLACEMENT_3D('',#4887,#13,#45);
#4891=ADVANCED_FACE('',(#4892),#4902,.T.);
#4892=FACE_BOUND('',#4893,.T.);
#4893=EDGE_LOOP('',(#1265,#4894,#4901));
#4894=ORIENTED_EDGE('',*,*,#4895,.F.);
#4895=EDGE_CURVE('',#4896,#1267,#4898,.T.);
#4896=VERTEX_POINT('',#4897);
#4897=CARTESIAN_POINT('',(1.3,-1.95,-1.E-02));
#4898=CIRCLE('',#4899,0.21);
#4899=AXIS2_PLACEMENT_3D('',#4900,#3235,#3236);
#4900=CARTESIAN_POINT('',(1.3,-1.95,0.2));
#4901=ORIENTED_EDGE('',*,*,#4895,.T.);
#4902=SPHERICAL_SURFACE('',#4903,0.21);
#4903=AXIS2_PLACEMENT_3D('',#4900,#13,#45);
#4904=ADVANCED_FACE('',(#4905),#4915,.T.);
#4905=FACE_BOUND('',#4906,.T.);
#4906=EDGE_LOOP('',(#1274,#4907,#4914));
#4907=ORIENTED_EDGE('',*,*,#4908,.F.);
#4908=EDGE_CURVE('',#4909,#1276,#4911,.T.);
#4909=VERTEX_POINT('',#4910);
#4910=CARTESIAN_POINT('',(1.95,-3.25,-1.E-02));
#4911=CIRCLE('',#4912,0.21);
#4912=AXIS2_PLACEMENT_3D('',#4913,#3235,#3236);
#4913=CARTESIAN_POINT('',(1.95,-3.25,0.2));
#4914=ORIENTED_EDGE('',*,*,#4908,.T.);
#4915=SPHERICAL_SURFACE('',#4916,0.21);
#4916=AXIS2_PLACEMENT_3D('',#4913,#13,#45);
#4917=ADVANCED_FACE('',(#4918),#4928,.T.);
#4918=FACE_BOUND('',#4919,.T.);
#4919=EDGE_LOOP('',(#1283,#4920,#4927));
#4920=ORIENTED_EDGE('',*,*,#4921,.F.);
#4921=EDGE_CURVE('',#4922,#1285,#4924,.T.);
#4922=VERTEX_POINT('',#4923);
#4923=CARTESIAN_POINT('',(1.95,-2.6,-1.E-02));
#4924=CIRCLE('',#4925,0.21);
#4925=AXIS2_PLACEMENT_3D('',#4926,#3235,#3236);
#4926=CARTESIAN_POINT('',(1.95,-2.6,0.2));
#4927=ORIENTED_EDGE('',*,*,#4921,.T.);
#4928=SPHERICAL_SURFACE('',#4929,0.21);
#4929=AXIS2_PLACEMENT_3D('',#4926,#13,#45);
#4930=ADVANCED_FACE('',(#4931),#4941,.T.);
#4931=FACE_BOUND('',#4932,.T.);
#4932=EDGE_LOOP('',(#1292,#4933,#4940));
#4933=ORIENTED_EDGE('',*,*,#4934,.F.);
#4934=EDGE_CURVE('',#4935,#1294,#4937,.T.);
#4935=VERTEX_POINT('',#4936);
#4936=CARTESIAN_POINT('',(2.6,-3.25,-1.E-02));
#4937=CIRCLE('',#4938,0.21);
#4938=AXIS2_PLACEMENT_3D('',#4939,#3235,#3236);
#4939=CARTESIAN_POINT('',(2.6,-3.25,0.2));
#4940=ORIENTED_EDGE('',*,*,#4934,.T.);
#4941=SPHERICAL_SURFACE('',#4942,0.21);
#4942=AXIS2_PLACEMENT_3D('',#4939,#13,#45);
#4943=ADVANCED_FACE('',(#4944),#4954,.T.);
#4944=FACE_BOUND('',#4945,.T.);
#4945=EDGE_LOOP('',(#1301,#4946,#4953));
#4946=ORIENTED_EDGE('',*,*,#4947,.F.);
#4947=EDGE_CURVE('',#4948,#1303,#4950,.T.);
#4948=VERTEX_POINT('',#4949);
#4949=CARTESIAN_POINT('',(3.25,-3.25,-1.E-02));
#4950=CIRCLE('',#4951,0.21);
#4951=AXIS2_PLACEMENT_3D('',#4952,#3235,#3236);
#4952=CARTESIAN_POINT('',(3.25,-3.25,0.2));
#4953=ORIENTED_EDGE('',*,*,#4947,.T.);
#4954=SPHERICAL_SURFACE('',#4955,0.21);
#4955=AXIS2_PLACEMENT_3D('',#4952,#13,#45);
#4956=ADVANCED_FACE('',(#4957),#4967,.T.);
#4957=FACE_BOUND('',#4958,.T.);
#4958=EDGE_LOOP('',(#1310,#4959,#4966));
#4959=ORIENTED_EDGE('',*,*,#4960,.F.);
#4960=EDGE_CURVE('',#4961,#1312,#4963,.T.);
#4961=VERTEX_POINT('',#4962);
#4962=CARTESIAN_POINT('',(2.6,-2.6,-1.E-02));
#4963=CIRCLE('',#4964,0.21);
#4964=AXIS2_PLACEMENT_3D('',#4965,#3235,#3236);
#4965=CARTESIAN_POINT('',(2.6,-2.6,0.2));
#4966=ORIENTED_EDGE('',*,*,#4960,.T.);
#4967=SPHERICAL_SURFACE('',#4968,0.21);
#4968=AXIS2_PLACEMENT_3D('',#4965,#13,#45);
#4969=ADVANCED_FACE('',(#4970),#4980,.T.);
#4970=FACE_BOUND('',#4971,.T.);
#4971=EDGE_LOOP('',(#1319,#4972,#4979));
#4972=ORIENTED_EDGE('',*,*,#4973,.F.);
#4973=EDGE_CURVE('',#4974,#1321,#4976,.T.);
#4974=VERTEX_POINT('',#4975);
#4975=CARTESIAN_POINT('',(3.25,-2.6,-1.E-02));
#4976=CIRCLE('',#4977,0.21);
#4977=AXIS2_PLACEMENT_3D('',#4978,#3235,#3236);
#4978=CARTESIAN_POINT('',(3.25,-2.6,0.2));
#4979=ORIENTED_EDGE('',*,*,#4973,.T.);
#4980=SPHERICAL_SURFACE('',#4981,0.21);
#4981=AXIS2_PLACEMENT_3D('',#4978,#13,#45);
#4982=ADVANCED_FACE('',(#4983),#4993,.T.);
#4983=FACE_BOUND('',#4984,.T.);
#4984=EDGE_LOOP('',(#1328,#4985,#4992));
#4985=ORIENTED_EDGE('',*,*,#4986,.F.);
#4986=EDGE_CURVE('',#4987,#1330,#4989,.T.);
#4987=VERTEX_POINT('',#4988);
#4988=CARTESIAN_POINT('',(1.95,-1.95,-1.E-02));
#4989=CIRCLE('',#4990,0.21);
#4990=AXIS2_PLACEMENT_3D('',#4991,#3235,#3236);
#4991=CARTESIAN_POINT('',(1.95,-1.95,0.2));
#4992=ORIENTED_EDGE('',*,*,#4986,.T.);
#4993=SPHERICAL_SURFACE('',#4994,0.21);
#4994=AXIS2_PLACEMENT_3D('',#4991,#13,#45);
#4995=ADVANCED_FACE('',(#4996),#5006,.T.);
#4996=FACE_BOUND('',#4997,.T.);
#4997=EDGE_LOOP('',(#1337,#4998,#5005));
#4998=ORIENTED_EDGE('',*,*,#4999,.F.);
#4999=EDGE_CURVE('',#5000,#1339,#5002,.T.);
#5000=VERTEX_POINT('',#5001);
#5001=CARTESIAN_POINT('',(2.6,-1.95,-1.E-02));
#5002=CIRCLE('',#5003,0.21);
#5003=AXIS2_PLACEMENT_3D('',#5004,#3235,#3236);
#5004=CARTESIAN_POINT('',(2.6,-1.95,0.2));
#5005=ORIENTED_EDGE('',*,*,#4999,.T.);
#5006=SPHERICAL_SURFACE('',#5007,0.21);
#5007=AXIS2_PLACEMENT_3D('',#5004,#13,#45);
#5008=ADVANCED_FACE('',(#5009),#5019,.T.);
#5009=FACE_BOUND('',#5010,.T.);
#5010=EDGE_LOOP('',(#1346,#5011,#5018));
#5011=ORIENTED_EDGE('',*,*,#5012,.F.);
#5012=EDGE_CURVE('',#5013,#1348,#5015,.T.);
#5013=VERTEX_POINT('',#5014);
#5014=CARTESIAN_POINT('',(3.25,-1.95,-1.E-02));
#5015=CIRCLE('',#5016,0.21);
#5016=AXIS2_PLACEMENT_3D('',#5017,#3235,#3236);
#5017=CARTESIAN_POINT('',(3.25,-1.95,0.2));
#5018=ORIENTED_EDGE('',*,*,#5012,.T.);
#5019=SPHERICAL_SURFACE('',#5020,0.21);
#5020=AXIS2_PLACEMENT_3D('',#5017,#13,#45);
#5021=ADVANCED_FACE('',(#5022),#5032,.T.);
#5022=FACE_BOUND('',#5023,.T.);
#5023=EDGE_LOOP('',(#1355,#5024,#5031));
#5024=ORIENTED_EDGE('',*,*,#5025,.F.);
#5025=EDGE_CURVE('',#5026,#1357,#5028,.T.);
#5026=VERTEX_POINT('',#5027);
#5027=CARTESIAN_POINT('',(1.285879139105E-17,-1.3,-1.E-02));
#5028=CIRCLE('',#5029,0.21);
#5029=AXIS2_PLACEMENT_3D('',#5030,#3235,#3236);
#5030=CARTESIAN_POINT('',(0.,-1.3,0.2));
#5031=ORIENTED_EDGE('',*,*,#5025,.T.);
#5032=SPHERICAL_SURFACE('',#5033,0.21);
#5033=AXIS2_PLACEMENT_3D('',#5030,#13,#45);
#5034=ADVANCED_FACE('',(#5035),#5045,.T.);
#5035=FACE_BOUND('',#5036,.T.);
#5036=EDGE_LOOP('',(#1364,#5037,#5044));
#5037=ORIENTED_EDGE('',*,*,#5038,.F.);
#5038=EDGE_CURVE('',#5039,#1366,#5041,.T.);
#5039=VERTEX_POINT('',#5040);
#5040=CARTESIAN_POINT('',(0.65,-1.3,-1.E-02));
#5041=CIRCLE('',#5042,0.21);
#5042=AXIS2_PLACEMENT_3D('',#5043,#3235,#3236);
#5043=CARTESIAN_POINT('',(0.65,-1.3,0.2));
#5044=ORIENTED_EDGE('',*,*,#5038,.T.);
#5045=SPHERICAL_SURFACE('',#5046,0.21);
#5046=AXIS2_PLACEMENT_3D('',#5043,#13,#45);
#5047=ADVANCED_FACE('',(#5048),#5058,.T.);
#5048=FACE_BOUND('',#5049,.T.);
#5049=EDGE_LOOP('',(#1373,#5050,#5057));
#5050=ORIENTED_EDGE('',*,*,#5051,.F.);
#5051=EDGE_CURVE('',#5052,#1375,#5054,.T.);
#5052=VERTEX_POINT('',#5053);
#5053=CARTESIAN_POINT('',(1.3,-1.3,-1.E-02));
#5054=CIRCLE('',#5055,0.21);
#5055=AXIS2_PLACEMENT_3D('',#5056,#3235,#3236);
#5056=CARTESIAN_POINT('',(1.3,-1.3,0.2));
#5057=ORIENTED_EDGE('',*,*,#5051,.T.);
#5058=SPHERICAL_SURFACE('',#5059,0.21);
#5059=AXIS2_PLACEMENT_3D('',#5056,#13,#45);
#5060=ADVANCED_FACE('',(#5061),#5071,.T.);
#5061=FACE_BOUND('',#5062,.T.);
#5062=EDGE_LOOP('',(#1382,#5063,#5070));
#5063=ORIENTED_EDGE('',*,*,#5064,.F.);
#5064=EDGE_CURVE('',#5065,#1384,#5067,.T.);
#5065=VERTEX_POINT('',#5066);
#5066=CARTESIAN_POINT('',(1.285879139105E-17,-0.65,-1.E-02));
#5067=CIRCLE('',#5068,0.21);
#5068=AXIS2_PLACEMENT_3D('',#5069,#3235,#3236);
#5069=CARTESIAN_POINT('',(0.,-0.65,0.2));
#5070=ORIENTED_EDGE('',*,*,#5064,.T.);
#5071=SPHERICAL_SURFACE('',#5072,0.21);
#5072=AXIS2_PLACEMENT_3D('',#5069,#13,#45);
#5073=ADVANCED_FACE('',(#5074),#5084,.T.);
#5074=FACE_BOUND('',#5075,.T.);
#5075=EDGE_LOOP('',(#1391,#5076,#5083));
#5076=ORIENTED_EDGE('',*,*,#5077,.F.);
#5077=EDGE_CURVE('',#5078,#1393,#5080,.T.);
#5078=VERTEX_POINT('',#5079);
#5079=CARTESIAN_POINT('',(0.65,-0.65,-1.E-02));
#5080=CIRCLE('',#5081,0.21);
#5081=AXIS2_PLACEMENT_3D('',#5082,#3235,#3236);
#5082=CARTESIAN_POINT('',(0.65,-0.65,0.2));
#5083=ORIENTED_EDGE('',*,*,#5077,.T.);
#5084=SPHERICAL_SURFACE('',#5085,0.21);
#5085=AXIS2_PLACEMENT_3D('',#5082,#13,#45);
#5086=ADVANCED_FACE('',(#5087),#5097,.T.);
#5087=FACE_BOUND('',#5088,.T.);
#5088=EDGE_LOOP('',(#1400,#5089,#5096));
#5089=ORIENTED_EDGE('',*,*,#5090,.F.);
#5090=EDGE_CURVE('',#5091,#1402,#5093,.T.);
#5091=VERTEX_POINT('',#5092);
#5092=CARTESIAN_POINT('',(1.3,-0.65,-1.E-02));
#5093=CIRCLE('',#5094,0.21);
#5094=AXIS2_PLACEMENT_3D('',#5095,#3235,#3236);
#5095=CARTESIAN_POINT('',(1.3,-0.65,0.2));
#5096=ORIENTED_EDGE('',*,*,#5090,.T.);
#5097=SPHERICAL_SURFACE('',#5098,0.21);
#5098=AXIS2_PLACEMENT_3D('',#5095,#13,#45);
#5099=ADVANCED_FACE('',(#5100),#5110,.T.);
#5100=FACE_BOUND('',#5101,.T.);
#5101=EDGE_LOOP('',(#1409,#5102,#5109));
#5102=ORIENTED_EDGE('',*,*,#5103,.F.);
#5103=EDGE_CURVE('',#5104,#1411,#5106,.T.);
#5104=VERTEX_POINT('',#5105);
#5105=CARTESIAN_POINT('',(1.95,-1.3,-1.E-02));
#5106=CIRCLE('',#5107,0.21);
#5107=AXIS2_PLACEMENT_3D('',#5108,#3235,#3236);
#5108=CARTESIAN_POINT('',(1.95,-1.3,0.2));
#5109=ORIENTED_EDGE('',*,*,#5103,.T.);
#5110=SPHERICAL_SURFACE('',#5111,0.21);
#5111=AXIS2_PLACEMENT_3D('',#5108,#13,#45);
#5112=ADVANCED_FACE('',(#5113),#5123,.T.);
#5113=FACE_BOUND('',#5114,.T.);
#5114=EDGE_LOOP('',(#1418,#5115,#5122));
#5115=ORIENTED_EDGE('',*,*,#5116,.F.);
#5116=EDGE_CURVE('',#5117,#1420,#5119,.T.);
#5117=VERTEX_POINT('',#5118);
#5118=CARTESIAN_POINT('',(2.6,-1.3,-1.E-02));
#5119=CIRCLE('',#5120,0.21);
#5120=AXIS2_PLACEMENT_3D('',#5121,#3235,#3236);
#5121=CARTESIAN_POINT('',(2.6,-1.3,0.2));
#5122=ORIENTED_EDGE('',*,*,#5116,.T.);
#5123=SPHERICAL_SURFACE('',#5124,0.21);
#5124=AXIS2_PLACEMENT_3D('',#5121,#13,#45);
#5125=ADVANCED_FACE('',(#5126),#5136,.T.);
#5126=FACE_BOUND('',#5127,.T.);
#5127=EDGE_LOOP('',(#1427,#5128,#5135));
#5128=ORIENTED_EDGE('',*,*,#5129,.F.);
#5129=EDGE_CURVE('',#5130,#1429,#5132,.T.);
#5130=VERTEX_POINT('',#5131);
#5131=CARTESIAN_POINT('',(3.25,-1.3,-1.E-02));
#5132=CIRCLE('',#5133,0.21);
#5133=AXIS2_PLACEMENT_3D('',#5134,#3235,#3236);
#5134=CARTESIAN_POINT('',(3.25,-1.3,0.2));
#5135=ORIENTED_EDGE('',*,*,#5129,.T.);
#5136=SPHERICAL_SURFACE('',#5137,0.21);
#5137=AXIS2_PLACEMENT_3D('',#5134,#13,#45);
#5138=ADVANCED_FACE('',(#5139),#5149,.T.);
#5139=FACE_BOUND('',#5140,.T.);
#5140=EDGE_LOOP('',(#1436,#5141,#5148));
#5141=ORIENTED_EDGE('',*,*,#5142,.F.);
#5142=EDGE_CURVE('',#5143,#1438,#5145,.T.);
#5143=VERTEX_POINT('',#5144);
#5144=CARTESIAN_POINT('',(1.95,-0.65,-1.E-02));
#5145=CIRCLE('',#5146,0.21);
#5146=AXIS2_PLACEMENT_3D('',#5147,#3235,#3236);
#5147=CARTESIAN_POINT('',(1.95,-0.65,0.2));
#5148=ORIENTED_EDGE('',*,*,#5142,.T.);
#5149=SPHERICAL_SURFACE('',#5150,0.21);
#5150=AXIS2_PLACEMENT_3D('',#5147,#13,#45);
#5151=ADVANCED_FACE('',(#5152),#5162,.T.);
#5152=FACE_BOUND('',#5153,.T.);
#5153=EDGE_LOOP('',(#1445,#5154,#5161));
#5154=ORIENTED_EDGE('',*,*,#5155,.F.);
#5155=EDGE_CURVE('',#5156,#1447,#5158,.T.);
#5156=VERTEX_POINT('',#5157);
#5157=CARTESIAN_POINT('',(2.6,-0.65,-1.E-02));
#5158=CIRCLE('',#5159,0.21);
#5159=AXIS2_PLACEMENT_3D('',#5160,#3235,#3236);
#5160=CARTESIAN_POINT('',(2.6,-0.65,0.2));
#5161=ORIENTED_EDGE('',*,*,#5155,.T.);
#5162=SPHERICAL_SURFACE('',#5163,0.21);
#5163=AXIS2_PLACEMENT_3D('',#5160,#13,#45);
#5164=ADVANCED_FACE('',(#5165),#5175,.T.);
#5165=FACE_BOUND('',#5166,.T.);
#5166=EDGE_LOOP('',(#1454,#5167,#5174));
#5167=ORIENTED_EDGE('',*,*,#5168,.F.);
#5168=EDGE_CURVE('',#5169,#1456,#5171,.T.);
#5169=VERTEX_POINT('',#5170);
#5170=CARTESIAN_POINT('',(3.9,-3.25,-1.E-02));
#5171=CIRCLE('',#5172,0.21);
#5172=AXIS2_PLACEMENT_3D('',#5173,#3235,#3236);
#5173=CARTESIAN_POINT('',(3.9,-3.25,0.2));
#5174=ORIENTED_EDGE('',*,*,#5168,.T.);
#5175=SPHERICAL_SURFACE('',#5176,0.21);
#5176=AXIS2_PLACEMENT_3D('',#5173,#13,#45);
#5177=ADVANCED_FACE('',(#5178),#5188,.T.);
#5178=FACE_BOUND('',#5179,.T.);
#5179=EDGE_LOOP('',(#1463,#5180,#5187));
#5180=ORIENTED_EDGE('',*,*,#5181,.F.);
#5181=EDGE_CURVE('',#5182,#1465,#5184,.T.);
#5182=VERTEX_POINT('',#5183);
#5183=CARTESIAN_POINT('',(3.9,-2.6,-1.E-02));
#5184=CIRCLE('',#5185,0.21);
#5185=AXIS2_PLACEMENT_3D('',#5186,#3235,#3236);
#5186=CARTESIAN_POINT('',(3.9,-2.6,0.2));
#5187=ORIENTED_EDGE('',*,*,#5181,.T.);
#5188=SPHERICAL_SURFACE('',#5189,0.21);
#5189=AXIS2_PLACEMENT_3D('',#5186,#13,#45);
#5190=ADVANCED_FACE('',(#5191),#5201,.T.);
#5191=FACE_BOUND('',#5192,.T.);
#5192=EDGE_LOOP('',(#1472,#5193,#5200));
#5193=ORIENTED_EDGE('',*,*,#5194,.F.);
#5194=EDGE_CURVE('',#5195,#1474,#5197,.T.);
#5195=VERTEX_POINT('',#5196);
#5196=CARTESIAN_POINT('',(4.55,-3.25,-1.E-02));
#5197=CIRCLE('',#5198,0.21);
#5198=AXIS2_PLACEMENT_3D('',#5199,#3235,#3236);
#5199=CARTESIAN_POINT('',(4.55,-3.25,0.2));
#5200=ORIENTED_EDGE('',*,*,#5194,.T.);
#5201=SPHERICAL_SURFACE('',#5202,0.21);
#5202=AXIS2_PLACEMENT_3D('',#5199,#13,#45);
#5203=ADVANCED_FACE('',(#5204),#5214,.T.);
#5204=FACE_BOUND('',#5205,.T.);
#5205=EDGE_LOOP('',(#1481,#5206,#5213));
#5206=ORIENTED_EDGE('',*,*,#5207,.F.);
#5207=EDGE_CURVE('',#5208,#1483,#5210,.T.);
#5208=VERTEX_POINT('',#5209);
#5209=CARTESIAN_POINT('',(4.55,-2.6,-1.E-02));
#5210=CIRCLE('',#5211,0.21);
#5211=AXIS2_PLACEMENT_3D('',#5212,#3235,#3236);
#5212=CARTESIAN_POINT('',(4.55,-2.6,0.2));
#5213=ORIENTED_EDGE('',*,*,#5207,.T.);
#5214=SPHERICAL_SURFACE('',#5215,0.21);
#5215=AXIS2_PLACEMENT_3D('',#5212,#13,#45);
#5216=ADVANCED_FACE('',(#5217),#5227,.T.);
#5217=FACE_BOUND('',#5218,.T.);
#5218=EDGE_LOOP('',(#1490,#5219,#5226));
#5219=ORIENTED_EDGE('',*,*,#5220,.F.);
#5220=EDGE_CURVE('',#5221,#1492,#5223,.T.);
#5221=VERTEX_POINT('',#5222);
#5222=CARTESIAN_POINT('',(3.9,-1.95,-1.E-02));
#5223=CIRCLE('',#5224,0.21);
#5224=AXIS2_PLACEMENT_3D('',#5225,#3235,#3236);
#5225=CARTESIAN_POINT('',(3.9,-1.95,0.2));
#5226=ORIENTED_EDGE('',*,*,#5220,.T.);
#5227=SPHERICAL_SURFACE('',#5228,0.21);
#5228=AXIS2_PLACEMENT_3D('',#5225,#13,#45);
#5229=ADVANCED_FACE('',(#5230),#5240,.T.);
#5230=FACE_BOUND('',#5231,.T.);
#5231=EDGE_LOOP('',(#1499,#5232,#5239));
#5232=ORIENTED_EDGE('',*,*,#5233,.F.);
#5233=EDGE_CURVE('',#5234,#1501,#5236,.T.);
#5234=VERTEX_POINT('',#5235);
#5235=CARTESIAN_POINT('',(4.55,-1.95,-1.E-02));
#5236=CIRCLE('',#5237,0.21);
#5237=AXIS2_PLACEMENT_3D('',#5238,#3235,#3236);
#5238=CARTESIAN_POINT('',(4.55,-1.95,0.2));
#5239=ORIENTED_EDGE('',*,*,#5233,.T.);
#5240=SPHERICAL_SURFACE('',#5241,0.21);
#5241=AXIS2_PLACEMENT_3D('',#5238,#13,#45);
#5242=ADVANCED_FACE('',(#5243),#5253,.T.);
#5243=FACE_BOUND('',#5244,.T.);
#5244=EDGE_LOOP('',(#1508,#5245,#5252));
#5245=ORIENTED_EDGE('',*,*,#5246,.F.);
#5246=EDGE_CURVE('',#5247,#1510,#5249,.T.);
#5247=VERTEX_POINT('',#5248);
#5248=CARTESIAN_POINT('',(5.2,-3.25,-1.E-02));
#5249=CIRCLE('',#5250,0.21);
#5250=AXIS2_PLACEMENT_3D('',#5251,#3235,#3236);
#5251=CARTESIAN_POINT('',(5.2,-3.25,0.2));
#5252=ORIENTED_EDGE('',*,*,#5246,.T.);
#5253=SPHERICAL_SURFACE('',#5254,0.21);
#5254=AXIS2_PLACEMENT_3D('',#5251,#13,#45);
#5255=ADVANCED_FACE('',(#5256),#5266,.T.);
#5256=FACE_BOUND('',#5257,.T.);
#5257=EDGE_LOOP('',(#1517,#5258,#5265));
#5258=ORIENTED_EDGE('',*,*,#5259,.F.);
#5259=EDGE_CURVE('',#5260,#1519,#5262,.T.);
#5260=VERTEX_POINT('',#5261);
#5261=CARTESIAN_POINT('',(5.2,-2.6,-1.E-02));
#5262=CIRCLE('',#5263,0.21);
#5263=AXIS2_PLACEMENT_3D('',#5264,#3235,#3236);
#5264=CARTESIAN_POINT('',(5.2,-2.6,0.2));
#5265=ORIENTED_EDGE('',*,*,#5259,.T.);
#5266=SPHERICAL_SURFACE('',#5267,0.21);
#5267=AXIS2_PLACEMENT_3D('',#5264,#13,#45);
#5268=ADVANCED_FACE('',(#5269),#5279,.T.);
#5269=FACE_BOUND('',#5270,.T.);
#5270=EDGE_LOOP('',(#1526,#5271,#5278));
#5271=ORIENTED_EDGE('',*,*,#5272,.F.);
#5272=EDGE_CURVE('',#5273,#1528,#5275,.T.);
#5273=VERTEX_POINT('',#5274);
#5274=CARTESIAN_POINT('',(5.85,-3.25,-1.E-02));
#5275=CIRCLE('',#5276,0.21);
#5276=AXIS2_PLACEMENT_3D('',#5277,#3235,#3236);
#5277=CARTESIAN_POINT('',(5.85,-3.25,0.2));
#5278=ORIENTED_EDGE('',*,*,#5272,.T.);
#5279=SPHERICAL_SURFACE('',#5280,0.21);
#5280=AXIS2_PLACEMENT_3D('',#5277,#13,#45);
#5281=ADVANCED_FACE('',(#5282),#5292,.T.);
#5282=FACE_BOUND('',#5283,.T.);
#5283=EDGE_LOOP('',(#1535,#5284,#5291));
#5284=ORIENTED_EDGE('',*,*,#5285,.F.);
#5285=EDGE_CURVE('',#5286,#1537,#5288,.T.);
#5286=VERTEX_POINT('',#5287);
#5287=CARTESIAN_POINT('',(6.5,-3.25,-1.E-02));
#5288=CIRCLE('',#5289,0.21);
#5289=AXIS2_PLACEMENT_3D('',#5290,#3235,#3236);
#5290=CARTESIAN_POINT('',(6.5,-3.25,0.2));
#5291=ORIENTED_EDGE('',*,*,#5285,.T.);
#5292=SPHERICAL_SURFACE('',#5293,0.21);
#5293=AXIS2_PLACEMENT_3D('',#5290,#13,#45);
#5294=ADVANCED_FACE('',(#5295),#5305,.T.);
#5295=FACE_BOUND('',#5296,.T.);
#5296=EDGE_LOOP('',(#1544,#5297,#5304));
#5297=ORIENTED_EDGE('',*,*,#5298,.F.);
#5298=EDGE_CURVE('',#5299,#1546,#5301,.T.);
#5299=VERTEX_POINT('',#5300);
#5300=CARTESIAN_POINT('',(5.85,-2.6,-1.E-02));
#5301=CIRCLE('',#5302,0.21);
#5302=AXIS2_PLACEMENT_3D('',#5303,#3235,#3236);
#5303=CARTESIAN_POINT('',(5.85,-2.6,0.2));
#5304=ORIENTED_EDGE('',*,*,#5298,.T.);
#5305=SPHERICAL_SURFACE('',#5306,0.21);
#5306=AXIS2_PLACEMENT_3D('',#5303,#13,#45);
#5307=ADVANCED_FACE('',(#5308),#5318,.T.);
#5308=FACE_BOUND('',#5309,.T.);
#5309=EDGE_LOOP('',(#1553,#5310,#5317));
#5310=ORIENTED_EDGE('',*,*,#5311,.F.);
#5311=EDGE_CURVE('',#5312,#1555,#5314,.T.);
#5312=VERTEX_POINT('',#5313);
#5313=CARTESIAN_POINT('',(6.5,-2.6,-1.E-02));
#5314=CIRCLE('',#5315,0.21);
#5315=AXIS2_PLACEMENT_3D('',#5316,#3235,#3236);
#5316=CARTESIAN_POINT('',(6.5,-2.6,0.2));
#5317=ORIENTED_EDGE('',*,*,#5311,.T.);
#5318=SPHERICAL_SURFACE('',#5319,0.21);
#5319=AXIS2_PLACEMENT_3D('',#5316,#13,#45);
#5320=ADVANCED_FACE('',(#5321),#5331,.T.);
#5321=FACE_BOUND('',#5322,.T.);
#5322=EDGE_LOOP('',(#1562,#5323,#5330));
#5323=ORIENTED_EDGE('',*,*,#5324,.F.);
#5324=EDGE_CURVE('',#5325,#1564,#5327,.T.);
#5325=VERTEX_POINT('',#5326);
#5326=CARTESIAN_POINT('',(5.2,-1.95,-1.E-02));
#5327=CIRCLE('',#5328,0.21);
#5328=AXIS2_PLACEMENT_3D('',#5329,#3235,#3236);
#5329=CARTESIAN_POINT('',(5.2,-1.95,0.2));
#5330=ORIENTED_EDGE('',*,*,#5324,.T.);
#5331=SPHERICAL_SURFACE('',#5332,0.21);
#5332=AXIS2_PLACEMENT_3D('',#5329,#13,#45);
#5333=ADVANCED_FACE('',(#5334),#5344,.T.);
#5334=FACE_BOUND('',#5335,.T.);
#5335=EDGE_LOOP('',(#1571,#5336,#5343));
#5336=ORIENTED_EDGE('',*,*,#5337,.F.);
#5337=EDGE_CURVE('',#5338,#1573,#5340,.T.);
#5338=VERTEX_POINT('',#5339);
#5339=CARTESIAN_POINT('',(6.5,-1.95,-1.E-02));
#5340=CIRCLE('',#5341,0.21);
#5341=AXIS2_PLACEMENT_3D('',#5342,#3235,#3236);
#5342=CARTESIAN_POINT('',(6.5,-1.95,0.2));
#5343=ORIENTED_EDGE('',*,*,#5337,.T.);
#5344=SPHERICAL_SURFACE('',#5345,0.21);
#5345=AXIS2_PLACEMENT_3D('',#5342,#13,#45);
#5346=ADVANCED_FACE('',(#5347),#5357,.T.);
#5347=FACE_BOUND('',#5348,.T.);
#5348=EDGE_LOOP('',(#1580,#5349,#5356));
#5349=ORIENTED_EDGE('',*,*,#5350,.F.);
#5350=EDGE_CURVE('',#5351,#1582,#5353,.T.);
#5351=VERTEX_POINT('',#5352);
#5352=CARTESIAN_POINT('',(4.55,-1.3,-1.E-02));
#5353=CIRCLE('',#5354,0.21);
#5354=AXIS2_PLACEMENT_3D('',#5355,#3235,#3236);
#5355=CARTESIAN_POINT('',(4.55,-1.3,0.2));
#5356=ORIENTED_EDGE('',*,*,#5350,.T.);
#5357=SPHERICAL_SURFACE('',#5358,0.21);
#5358=AXIS2_PLACEMENT_3D('',#5355,#13,#45);
#5359=ADVANCED_FACE('',(#5360),#5370,.T.);
#5360=FACE_BOUND('',#5361,.T.);
#5361=EDGE_LOOP('',(#1589,#5362,#5369));
#5362=ORIENTED_EDGE('',*,*,#5363,.F.);
#5363=EDGE_CURVE('',#5364,#1591,#5366,.T.);
#5364=VERTEX_POINT('',#5365);
#5365=CARTESIAN_POINT('',(5.85,-1.3,-1.E-02));
#5366=CIRCLE('',#5367,0.21);
#5367=AXIS2_PLACEMENT_3D('',#5368,#3235,#3236);
#5368=CARTESIAN_POINT('',(5.85,-1.3,0.2));
#5369=ORIENTED_EDGE('',*,*,#5363,.T.);
#5370=SPHERICAL_SURFACE('',#5371,0.21);
#5371=AXIS2_PLACEMENT_3D('',#5368,#13,#45);
#5372=ADVANCED_FACE('',(#5373),#5383,.T.);
#5373=FACE_BOUND('',#5374,.T.);
#5374=EDGE_LOOP('',(#1598,#5375,#5382));
#5375=ORIENTED_EDGE('',*,*,#5376,.F.);
#5376=EDGE_CURVE('',#5377,#1600,#5379,.T.);
#5377=VERTEX_POINT('',#5378);
#5378=CARTESIAN_POINT('',(6.5,-1.3,-1.E-02));
#5379=CIRCLE('',#5380,0.21);
#5380=AXIS2_PLACEMENT_3D('',#5381,#3235,#3236);
#5381=CARTESIAN_POINT('',(6.5,-1.3,0.2));
#5382=ORIENTED_EDGE('',*,*,#5376,.T.);
#5383=SPHERICAL_SURFACE('',#5384,0.21);
#5384=AXIS2_PLACEMENT_3D('',#5381,#13,#45);
#5385=ADVANCED_FACE('',(#5386),#5396,.T.);
#5386=FACE_BOUND('',#5387,.T.);
#5387=EDGE_LOOP('',(#1607,#5388,#5395));
#5388=ORIENTED_EDGE('',*,*,#5389,.F.);
#5389=EDGE_CURVE('',#5390,#1609,#5392,.T.);
#5390=VERTEX_POINT('',#5391);
#5391=CARTESIAN_POINT('',(-6.5,-3.14949554359E-33,-1.E-02));
#5392=CIRCLE('',#5393,0.21);
#5393=AXIS2_PLACEMENT_3D('',#5394,#3235,#3236);
#5394=CARTESIAN_POINT('',(-6.5,0.,0.2));
#5395=ORIENTED_EDGE('',*,*,#5389,.T.);
#5396=SPHERICAL_SURFACE('',#5397,0.21);
#5397=AXIS2_PLACEMENT_3D('',#5394,#13,#45);
#5398=ADVANCED_FACE('',(#5399),#5409,.T.);
#5399=FACE_BOUND('',#5400,.T.);
#5400=EDGE_LOOP('',(#1616,#5401,#5408));
#5401=ORIENTED_EDGE('',*,*,#5402,.F.);
#5402=EDGE_CURVE('',#5403,#1618,#5405,.T.);
#5403=VERTEX_POINT('',#5404);
#5404=CARTESIAN_POINT('',(-5.2,-3.14949554359E-33,-1.E-02));
#5405=CIRCLE('',#5406,0.21);
#5406=AXIS2_PLACEMENT_3D('',#5407,#3235,#3236);
#5407=CARTESIAN_POINT('',(-5.2,0.,0.2));
#5408=ORIENTED_EDGE('',*,*,#5402,.T.);
#5409=SPHERICAL_SURFACE('',#5410,0.21);
#5410=AXIS2_PLACEMENT_3D('',#5407,#13,#45);
#5411=ADVANCED_FACE('',(#5412),#5422,.T.);
#5412=FACE_BOUND('',#5413,.T.);
#5413=EDGE_LOOP('',(#1625,#5414,#5421));
#5414=ORIENTED_EDGE('',*,*,#5415,.F.);
#5415=EDGE_CURVE('',#5416,#1627,#5418,.T.);
#5416=VERTEX_POINT('',#5417);
#5417=CARTESIAN_POINT('',(-6.5,1.3,-1.E-02));
#5418=CIRCLE('',#5419,0.21);
#5419=AXIS2_PLACEMENT_3D('',#5420,#3235,#3236);
#5420=CARTESIAN_POINT('',(-6.5,1.3,0.2));
#5421=ORIENTED_EDGE('',*,*,#5415,.T.);
#5422=SPHERICAL_SURFACE('',#5423,0.21);
#5423=AXIS2_PLACEMENT_3D('',#5420,#13,#45);
#5424=ADVANCED_FACE('',(#5425),#5435,.T.);
#5425=FACE_BOUND('',#5426,.T.);
#5426=EDGE_LOOP('',(#1634,#5427,#5434));
#5427=ORIENTED_EDGE('',*,*,#5428,.F.);
#5428=EDGE_CURVE('',#5429,#1636,#5431,.T.);
#5429=VERTEX_POINT('',#5430);
#5430=CARTESIAN_POINT('',(-5.85,1.3,-1.E-02));
#5431=CIRCLE('',#5432,0.21);
#5432=AXIS2_PLACEMENT_3D('',#5433,#3235,#3236);
#5433=CARTESIAN_POINT('',(-5.85,1.3,0.2));
#5434=ORIENTED_EDGE('',*,*,#5428,.T.);
#5435=SPHERICAL_SURFACE('',#5436,0.21);
#5436=AXIS2_PLACEMENT_3D('',#5433,#13,#45);
#5437=ADVANCED_FACE('',(#5438),#5448,.T.);
#5438=FACE_BOUND('',#5439,.T.);
#5439=EDGE_LOOP('',(#1643,#5440,#5447));
#5440=ORIENTED_EDGE('',*,*,#5441,.F.);
#5441=EDGE_CURVE('',#5442,#1645,#5444,.T.);
#5442=VERTEX_POINT('',#5443);
#5443=CARTESIAN_POINT('',(-4.55,1.3,-1.E-02));
#5444=CIRCLE('',#5445,0.21);
#5445=AXIS2_PLACEMENT_3D('',#5446,#3235,#3236);
#5446=CARTESIAN_POINT('',(-4.55,1.3,0.2));
#5447=ORIENTED_EDGE('',*,*,#5441,.T.);
#5448=SPHERICAL_SURFACE('',#5449,0.21);
#5449=AXIS2_PLACEMENT_3D('',#5446,#13,#45);
#5450=ADVANCED_FACE('',(#5451),#5461,.T.);
#5451=FACE_BOUND('',#5452,.T.);
#5452=EDGE_LOOP('',(#1652,#5453,#5460));
#5453=ORIENTED_EDGE('',*,*,#5454,.F.);
#5454=EDGE_CURVE('',#5455,#1654,#5457,.T.);
#5455=VERTEX_POINT('',#5456);
#5456=CARTESIAN_POINT('',(-6.5,1.95,-1.E-02));
#5457=CIRCLE('',#5458,0.21);
#5458=AXIS2_PLACEMENT_3D('',#5459,#3235,#3236);
#5459=CARTESIAN_POINT('',(-6.5,1.95,0.2));
#5460=ORIENTED_EDGE('',*,*,#5454,.T.);
#5461=SPHERICAL_SURFACE('',#5462,0.21);
#5462=AXIS2_PLACEMENT_3D('',#5459,#13,#45);
#5463=ADVANCED_FACE('',(#5464),#5474,.T.);
#5464=FACE_BOUND('',#5465,.T.);
#5465=EDGE_LOOP('',(#1661,#5466,#5473));
#5466=ORIENTED_EDGE('',*,*,#5467,.F.);
#5467=EDGE_CURVE('',#5468,#1663,#5470,.T.);
#5468=VERTEX_POINT('',#5469);
#5469=CARTESIAN_POINT('',(-5.2,1.95,-1.E-02));
#5470=CIRCLE('',#5471,0.21);
#5471=AXIS2_PLACEMENT_3D('',#5472,#3235,#3236);
#5472=CARTESIAN_POINT('',(-5.2,1.95,0.2));
#5473=ORIENTED_EDGE('',*,*,#5467,.T.);
#5474=SPHERICAL_SURFACE('',#5475,0.21);
#5475=AXIS2_PLACEMENT_3D('',#5472,#13,#45);
#5476=ADVANCED_FACE('',(#5477),#5487,.T.);
#5477=FACE_BOUND('',#5478,.T.);
#5478=EDGE_LOOP('',(#1670,#5479,#5486));
#5479=ORIENTED_EDGE('',*,*,#5480,.F.);
#5480=EDGE_CURVE('',#5481,#1672,#5483,.T.);
#5481=VERTEX_POINT('',#5482);
#5482=CARTESIAN_POINT('',(-6.5,2.6,-1.E-02));
#5483=CIRCLE('',#5484,0.21);
#5484=AXIS2_PLACEMENT_3D('',#5485,#3235,#3236);
#5485=CARTESIAN_POINT('',(-6.5,2.6,0.2));
#5486=ORIENTED_EDGE('',*,*,#5480,.T.);
#5487=SPHERICAL_SURFACE('',#5488,0.21);
#5488=AXIS2_PLACEMENT_3D('',#5485,#13,#45);
#5489=ADVANCED_FACE('',(#5490),#5500,.T.);
#5490=FACE_BOUND('',#5491,.T.);
#5491=EDGE_LOOP('',(#1679,#5492,#5499));
#5492=ORIENTED_EDGE('',*,*,#5493,.F.);
#5493=EDGE_CURVE('',#5494,#1681,#5496,.T.);
#5494=VERTEX_POINT('',#5495);
#5495=CARTESIAN_POINT('',(-5.85,2.6,-1.E-02));
#5496=CIRCLE('',#5497,0.21);
#5497=AXIS2_PLACEMENT_3D('',#5498,#3235,#3236);
#5498=CARTESIAN_POINT('',(-5.85,2.6,0.2));
#5499=ORIENTED_EDGE('',*,*,#5493,.T.);
#5500=SPHERICAL_SURFACE('',#5501,0.21);
#5501=AXIS2_PLACEMENT_3D('',#5498,#13,#45);
#5502=ADVANCED_FACE('',(#5503),#5513,.T.);
#5503=FACE_BOUND('',#5504,.T.);
#5504=EDGE_LOOP('',(#1688,#5505,#5512));
#5505=ORIENTED_EDGE('',*,*,#5506,.F.);
#5506=EDGE_CURVE('',#5507,#1690,#5509,.T.);
#5507=VERTEX_POINT('',#5508);
#5508=CARTESIAN_POINT('',(-6.5,3.25,-1.E-02));
#5509=CIRCLE('',#5510,0.21);
#5510=AXIS2_PLACEMENT_3D('',#5511,#3235,#3236);
#5511=CARTESIAN_POINT('',(-6.5,3.25,0.2));
#5512=ORIENTED_EDGE('',*,*,#5506,.T.);
#5513=SPHERICAL_SURFACE('',#5514,0.21);
#5514=AXIS2_PLACEMENT_3D('',#5511,#13,#45);
#5515=ADVANCED_FACE('',(#5516),#5526,.T.);
#5516=FACE_BOUND('',#5517,.T.);
#5517=EDGE_LOOP('',(#1697,#5518,#5525));
#5518=ORIENTED_EDGE('',*,*,#5519,.F.);
#5519=EDGE_CURVE('',#5520,#1699,#5522,.T.);
#5520=VERTEX_POINT('',#5521);
#5521=CARTESIAN_POINT('',(-5.85,3.25,-1.E-02));
#5522=CIRCLE('',#5523,0.21);
#5523=AXIS2_PLACEMENT_3D('',#5524,#3235,#3236);
#5524=CARTESIAN_POINT('',(-5.85,3.25,0.2));
#5525=ORIENTED_EDGE('',*,*,#5519,.T.);
#5526=SPHERICAL_SURFACE('',#5527,0.21);
#5527=AXIS2_PLACEMENT_3D('',#5524,#13,#45);
#5528=ADVANCED_FACE('',(#5529),#5539,.T.);
#5529=FACE_BOUND('',#5530,.T.);
#5530=EDGE_LOOP('',(#1706,#5531,#5538));
#5531=ORIENTED_EDGE('',*,*,#5532,.F.);
#5532=EDGE_CURVE('',#5533,#1708,#5535,.T.);
#5533=VERTEX_POINT('',#5534);
#5534=CARTESIAN_POINT('',(-5.2,2.6,-1.E-02));
#5535=CIRCLE('',#5536,0.21);
#5536=AXIS2_PLACEMENT_3D('',#5537,#3235,#3236);
#5537=CARTESIAN_POINT('',(-5.2,2.6,0.2));
#5538=ORIENTED_EDGE('',*,*,#5532,.T.);
#5539=SPHERICAL_SURFACE('',#5540,0.21);
#5540=AXIS2_PLACEMENT_3D('',#5537,#13,#45);
#5541=ADVANCED_FACE('',(#5542),#5552,.T.);
#5542=FACE_BOUND('',#5543,.T.);
#5543=EDGE_LOOP('',(#1715,#5544,#5551));
#5544=ORIENTED_EDGE('',*,*,#5545,.F.);
#5545=EDGE_CURVE('',#5546,#1717,#5548,.T.);
#5546=VERTEX_POINT('',#5547);
#5547=CARTESIAN_POINT('',(-5.2,3.25,-1.E-02));
#5548=CIRCLE('',#5549,0.21);
#5549=AXIS2_PLACEMENT_3D('',#5550,#3235,#3236);
#5550=CARTESIAN_POINT('',(-5.2,3.25,0.2));
#5551=ORIENTED_EDGE('',*,*,#5545,.T.);
#5552=SPHERICAL_SURFACE('',#5553,0.21);
#5553=AXIS2_PLACEMENT_3D('',#5550,#13,#45);
#5554=ADVANCED_FACE('',(#5555),#5565,.T.);
#5555=FACE_BOUND('',#5556,.T.);
#5556=EDGE_LOOP('',(#1724,#5557,#5564));
#5557=ORIENTED_EDGE('',*,*,#5558,.F.);
#5558=EDGE_CURVE('',#5559,#1726,#5561,.T.);
#5559=VERTEX_POINT('',#5560);
#5560=CARTESIAN_POINT('',(-4.55,1.95,-1.E-02));
#5561=CIRCLE('',#5562,0.21);
#5562=AXIS2_PLACEMENT_3D('',#5563,#3235,#3236);
#5563=CARTESIAN_POINT('',(-4.55,1.95,0.2));
#5564=ORIENTED_EDGE('',*,*,#5558,.T.);
#5565=SPHERICAL_SURFACE('',#5566,0.21);
#5566=AXIS2_PLACEMENT_3D('',#5563,#13,#45);
#5567=ADVANCED_FACE('',(#5568),#5578,.T.);
#5568=FACE_BOUND('',#5569,.T.);
#5569=EDGE_LOOP('',(#1733,#5570,#5577));
#5570=ORIENTED_EDGE('',*,*,#5571,.F.);
#5571=EDGE_CURVE('',#5572,#1735,#5574,.T.);
#5572=VERTEX_POINT('',#5573);
#5573=CARTESIAN_POINT('',(-3.9,1.95,-1.E-02));
#5574=CIRCLE('',#5575,0.21);
#5575=AXIS2_PLACEMENT_3D('',#5576,#3235,#3236);
#5576=CARTESIAN_POINT('',(-3.9,1.95,0.2));
#5577=ORIENTED_EDGE('',*,*,#5571,.T.);
#5578=SPHERICAL_SURFACE('',#5579,0.21);
#5579=AXIS2_PLACEMENT_3D('',#5576,#13,#45);
#5580=ADVANCED_FACE('',(#5581),#5591,.T.);
#5581=FACE_BOUND('',#5582,.T.);
#5582=EDGE_LOOP('',(#1742,#5583,#5590));
#5583=ORIENTED_EDGE('',*,*,#5584,.F.);
#5584=EDGE_CURVE('',#5585,#1744,#5587,.T.);
#5585=VERTEX_POINT('',#5586);
#5586=CARTESIAN_POINT('',(-4.55,2.6,-1.E-02));
#5587=CIRCLE('',#5588,0.21);
#5588=AXIS2_PLACEMENT_3D('',#5589,#3235,#3236);
#5589=CARTESIAN_POINT('',(-4.55,2.6,0.2));
#5590=ORIENTED_EDGE('',*,*,#5584,.T.);
#5591=SPHERICAL_SURFACE('',#5592,0.21);
#5592=AXIS2_PLACEMENT_3D('',#5589,#13,#45);
#5593=ADVANCED_FACE('',(#5594),#5604,.T.);
#5594=FACE_BOUND('',#5595,.T.);
#5595=EDGE_LOOP('',(#1751,#5596,#5603));
#5596=ORIENTED_EDGE('',*,*,#5597,.F.);
#5597=EDGE_CURVE('',#5598,#1753,#5600,.T.);
#5598=VERTEX_POINT('',#5599);
#5599=CARTESIAN_POINT('',(-4.55,3.25,-1.E-02));
#5600=CIRCLE('',#5601,0.21);
#5601=AXIS2_PLACEMENT_3D('',#5602,#3235,#3236);
#5602=CARTESIAN_POINT('',(-4.55,3.25,0.2));
#5603=ORIENTED_EDGE('',*,*,#5597,.T.);
#5604=SPHERICAL_SURFACE('',#5605,0.21);
#5605=AXIS2_PLACEMENT_3D('',#5602,#13,#45);
#5606=ADVANCED_FACE('',(#5607),#5617,.T.);
#5607=FACE_BOUND('',#5608,.T.);
#5608=EDGE_LOOP('',(#1760,#5609,#5616));
#5609=ORIENTED_EDGE('',*,*,#5610,.F.);
#5610=EDGE_CURVE('',#5611,#1762,#5613,.T.);
#5611=VERTEX_POINT('',#5612);
#5612=CARTESIAN_POINT('',(-3.9,2.6,-1.E-02));
#5613=CIRCLE('',#5614,0.21);
#5614=AXIS2_PLACEMENT_3D('',#5615,#3235,#3236);
#5615=CARTESIAN_POINT('',(-3.9,2.6,0.2));
#5616=ORIENTED_EDGE('',*,*,#5610,.T.);
#5617=SPHERICAL_SURFACE('',#5618,0.21);
#5618=AXIS2_PLACEMENT_3D('',#5615,#13,#45);
#5619=ADVANCED_FACE('',(#5620),#5630,.T.);
#5620=FACE_BOUND('',#5621,.T.);
#5621=EDGE_LOOP('',(#1769,#5622,#5629));
#5622=ORIENTED_EDGE('',*,*,#5623,.F.);
#5623=EDGE_CURVE('',#5624,#1771,#5626,.T.);
#5624=VERTEX_POINT('',#5625);
#5625=CARTESIAN_POINT('',(-3.9,3.25,-1.E-02));
#5626=CIRCLE('',#5627,0.21);
#5627=AXIS2_PLACEMENT_3D('',#5628,#3235,#3236);
#5628=CARTESIAN_POINT('',(-3.9,3.25,0.2));
#5629=ORIENTED_EDGE('',*,*,#5623,.T.);
#5630=SPHERICAL_SURFACE('',#5631,0.21);
#5631=AXIS2_PLACEMENT_3D('',#5628,#13,#45);
#5632=ADVANCED_FACE('',(#5633),#5643,.T.);
#5633=FACE_BOUND('',#5634,.T.);
#5634=EDGE_LOOP('',(#1778,#5635,#5642));
#5635=ORIENTED_EDGE('',*,*,#5636,.F.);
#5636=EDGE_CURVE('',#5637,#1780,#5639,.T.);
#5637=VERTEX_POINT('',#5638);
#5638=CARTESIAN_POINT('',(-2.6,-3.14949554359E-33,-1.E-02));
#5639=CIRCLE('',#5640,0.21);
#5640=AXIS2_PLACEMENT_3D('',#5641,#3235,#3236);
#5641=CARTESIAN_POINT('',(-2.6,0.,0.2));
#5642=ORIENTED_EDGE('',*,*,#5636,.T.);
#5643=SPHERICAL_SURFACE('',#5644,0.21);
#5644=AXIS2_PLACEMENT_3D('',#5641,#13,#45);
#5645=ADVANCED_FACE('',(#5646),#5656,.T.);
#5646=FACE_BOUND('',#5647,.T.);
#5647=EDGE_LOOP('',(#1787,#5648,#5655));
#5648=ORIENTED_EDGE('',*,*,#5649,.F.);
#5649=EDGE_CURVE('',#5650,#1789,#5652,.T.);
#5650=VERTEX_POINT('',#5651);
#5651=CARTESIAN_POINT('',(-2.6,0.65,-1.E-02));
#5652=CIRCLE('',#5653,0.21);
#5653=AXIS2_PLACEMENT_3D('',#5654,#3235,#3236);
#5654=CARTESIAN_POINT('',(-2.6,0.65,0.2));
#5655=ORIENTED_EDGE('',*,*,#5649,.T.);
#5656=SPHERICAL_SURFACE('',#5657,0.21);
#5657=AXIS2_PLACEMENT_3D('',#5654,#13,#45);
#5658=ADVANCED_FACE('',(#5659),#5669,.T.);
#5659=FACE_BOUND('',#5660,.T.);
#5660=EDGE_LOOP('',(#1796,#5661,#5668));
#5661=ORIENTED_EDGE('',*,*,#5662,.F.);
#5662=EDGE_CURVE('',#5663,#1798,#5665,.T.);
#5663=VERTEX_POINT('',#5664);
#5664=CARTESIAN_POINT('',(-1.95,-3.14949554359E-33,-1.E-02));
#5665=CIRCLE('',#5666,0.21);
#5666=AXIS2_PLACEMENT_3D('',#5667,#3235,#3236);
#5667=CARTESIAN_POINT('',(-1.95,0.,0.2));
#5668=ORIENTED_EDGE('',*,*,#5662,.T.);
#5669=SPHERICAL_SURFACE('',#5670,0.21);
#5670=AXIS2_PLACEMENT_3D('',#5667,#13,#45);
#5671=ADVANCED_FACE('',(#5672),#5682,.T.);
#5672=FACE_BOUND('',#5673,.T.);
#5673=EDGE_LOOP('',(#1805,#5674,#5681));
#5674=ORIENTED_EDGE('',*,*,#5675,.F.);
#5675=EDGE_CURVE('',#5676,#1807,#5678,.T.);
#5676=VERTEX_POINT('',#5677);
#5677=CARTESIAN_POINT('',(-1.95,0.65,-1.E-02));
#5678=CIRCLE('',#5679,0.21);
#5679=AXIS2_PLACEMENT_3D('',#5680,#3235,#3236);
#5680=CARTESIAN_POINT('',(-1.95,0.65,0.2));
#5681=ORIENTED_EDGE('',*,*,#5675,.T.);
#5682=SPHERICAL_SURFACE('',#5683,0.21);
#5683=AXIS2_PLACEMENT_3D('',#5680,#13,#45);
#5684=ADVANCED_FACE('',(#5685),#5695,.T.);
#5685=FACE_BOUND('',#5686,.T.);
#5686=EDGE_LOOP('',(#1814,#5687,#5694));
#5687=ORIENTED_EDGE('',*,*,#5688,.F.);
#5688=EDGE_CURVE('',#5689,#1816,#5691,.T.);
#5689=VERTEX_POINT('',#5690);
#5690=CARTESIAN_POINT('',(-3.25,1.3,-1.E-02));
#5691=CIRCLE('',#5692,0.21);
#5692=AXIS2_PLACEMENT_3D('',#5693,#3235,#3236);
#5693=CARTESIAN_POINT('',(-3.25,1.3,0.2));
#5694=ORIENTED_EDGE('',*,*,#5688,.T.);
#5695=SPHERICAL_SURFACE('',#5696,0.21);
#5696=AXIS2_PLACEMENT_3D('',#5693,#13,#45);
#5697=ADVANCED_FACE('',(#5698),#5708,.T.);
#5698=FACE_BOUND('',#5699,.T.);
#5699=EDGE_LOOP('',(#1823,#5700,#5707));
#5700=ORIENTED_EDGE('',*,*,#5701,.F.);
#5701=EDGE_CURVE('',#5702,#1825,#5704,.T.);
#5702=VERTEX_POINT('',#5703);
#5703=CARTESIAN_POINT('',(-2.6,1.3,-1.E-02));
#5704=CIRCLE('',#5705,0.21);
#5705=AXIS2_PLACEMENT_3D('',#5706,#3235,#3236);
#5706=CARTESIAN_POINT('',(-2.6,1.3,0.2));
#5707=ORIENTED_EDGE('',*,*,#5701,.T.);
#5708=SPHERICAL_SURFACE('',#5709,0.21);
#5709=AXIS2_PLACEMENT_3D('',#5706,#13,#45);
#5710=ADVANCED_FACE('',(#5711),#5721,.T.);
#5711=FACE_BOUND('',#5712,.T.);
#5712=EDGE_LOOP('',(#1832,#5713,#5720));
#5713=ORIENTED_EDGE('',*,*,#5714,.F.);
#5714=EDGE_CURVE('',#5715,#1834,#5717,.T.);
#5715=VERTEX_POINT('',#5716);
#5716=CARTESIAN_POINT('',(-1.95,1.3,-1.E-02));
#5717=CIRCLE('',#5718,0.21);
#5718=AXIS2_PLACEMENT_3D('',#5719,#3235,#3236);
#5719=CARTESIAN_POINT('',(-1.95,1.3,0.2));
#5720=ORIENTED_EDGE('',*,*,#5714,.T.);
#5721=SPHERICAL_SURFACE('',#5722,0.21);
#5722=AXIS2_PLACEMENT_3D('',#5719,#13,#45);
#5723=ADVANCED_FACE('',(#5724),#5734,.T.);
#5724=FACE_BOUND('',#5725,.T.);
#5725=EDGE_LOOP('',(#1841,#5726,#5733));
#5726=ORIENTED_EDGE('',*,*,#5727,.F.);
#5727=EDGE_CURVE('',#5728,#1843,#5730,.T.);
#5728=VERTEX_POINT('',#5729);
#5729=CARTESIAN_POINT('',(-1.3,-3.14949554359E-33,-1.E-02));
#5730=CIRCLE('',#5731,0.21);
#5731=AXIS2_PLACEMENT_3D('',#5732,#3235,#3236);
#5732=CARTESIAN_POINT('',(-1.3,0.,0.2));
#5733=ORIENTED_EDGE('',*,*,#5727,.T.);
#5734=SPHERICAL_SURFACE('',#5735,0.21);
#5735=AXIS2_PLACEMENT_3D('',#5732,#13,#45);
#5736=ADVANCED_FACE('',(#5737),#5747,.T.);
#5737=FACE_BOUND('',#5738,.T.);
#5738=EDGE_LOOP('',(#1850,#5739,#5746));
#5739=ORIENTED_EDGE('',*,*,#5740,.F.);
#5740=EDGE_CURVE('',#5741,#1852,#5743,.T.);
#5741=VERTEX_POINT('',#5742);
#5742=CARTESIAN_POINT('',(-1.3,0.65,-1.E-02));
#5743=CIRCLE('',#5744,0.21);
#5744=AXIS2_PLACEMENT_3D('',#5745,#3235,#3236);
#5745=CARTESIAN_POINT('',(-1.3,0.65,0.2));
#5746=ORIENTED_EDGE('',*,*,#5740,.T.);
#5747=SPHERICAL_SURFACE('',#5748,0.21);
#5748=AXIS2_PLACEMENT_3D('',#5745,#13,#45);
#5749=ADVANCED_FACE('',(#5750),#5760,.T.);
#5750=FACE_BOUND('',#5751,.T.);
#5751=EDGE_LOOP('',(#1859,#5752,#5759));
#5752=ORIENTED_EDGE('',*,*,#5753,.F.);
#5753=EDGE_CURVE('',#5754,#1861,#5756,.T.);
#5754=VERTEX_POINT('',#5755);
#5755=CARTESIAN_POINT('',(-0.65,0.65,-1.E-02));
#5756=CIRCLE('',#5757,0.21);
#5757=AXIS2_PLACEMENT_3D('',#5758,#3235,#3236);
#5758=CARTESIAN_POINT('',(-0.65,0.65,0.2));
#5759=ORIENTED_EDGE('',*,*,#5753,.T.);
#5760=SPHERICAL_SURFACE('',#5761,0.21);
#5761=AXIS2_PLACEMENT_3D('',#5758,#13,#45);
#5762=ADVANCED_FACE('',(#5763),#5773,.T.);
#5763=FACE_BOUND('',#5764,.T.);
#5764=EDGE_LOOP('',(#1868,#5765,#5772));
#5765=ORIENTED_EDGE('',*,*,#5766,.F.);
#5766=EDGE_CURVE('',#5767,#1870,#5769,.T.);
#5767=VERTEX_POINT('',#5768);
#5768=CARTESIAN_POINT('',(-1.3,1.3,-1.E-02));
#5769=CIRCLE('',#5770,0.21);
#5770=AXIS2_PLACEMENT_3D('',#5771,#3235,#3236);
#5771=CARTESIAN_POINT('',(-1.3,1.3,0.2));
#5772=ORIENTED_EDGE('',*,*,#5766,.T.);
#5773=SPHERICAL_SURFACE('',#5774,0.21);
#5774=AXIS2_PLACEMENT_3D('',#5771,#13,#45);
#5775=ADVANCED_FACE('',(#5776),#5786,.T.);
#5776=FACE_BOUND('',#5777,.T.);
#5777=EDGE_LOOP('',(#1877,#5778,#5785));
#5778=ORIENTED_EDGE('',*,*,#5779,.F.);
#5779=EDGE_CURVE('',#5780,#1879,#5782,.T.);
#5780=VERTEX_POINT('',#5781);
#5781=CARTESIAN_POINT('',(-0.65,1.3,-1.E-02));
#5782=CIRCLE('',#5783,0.21);
#5783=AXIS2_PLACEMENT_3D('',#5784,#3235,#3236);
#5784=CARTESIAN_POINT('',(-0.65,1.3,0.2));
#5785=ORIENTED_EDGE('',*,*,#5779,.T.);
#5786=SPHERICAL_SURFACE('',#5787,0.21);
#5787=AXIS2_PLACEMENT_3D('',#5784,#13,#45);
#5788=ADVANCED_FACE('',(#5789),#5799,.T.);
#5789=FACE_BOUND('',#5790,.T.);
#5790=EDGE_LOOP('',(#1886,#5791,#5798));
#5791=ORIENTED_EDGE('',*,*,#5792,.F.);
#5792=EDGE_CURVE('',#5793,#1888,#5795,.T.);
#5793=VERTEX_POINT('',#5794);
#5794=CARTESIAN_POINT('',(-3.25,1.95,-1.E-02));
#5795=CIRCLE('',#5796,0.21);
#5796=AXIS2_PLACEMENT_3D('',#5797,#3235,#3236);
#5797=CARTESIAN_POINT('',(-3.25,1.95,0.2));
#5798=ORIENTED_EDGE('',*,*,#5792,.T.);
#5799=SPHERICAL_SURFACE('',#5800,0.21);
#5800=AXIS2_PLACEMENT_3D('',#5797,#13,#45);
#5801=ADVANCED_FACE('',(#5802),#5812,.T.);
#5802=FACE_BOUND('',#5803,.T.);
#5803=EDGE_LOOP('',(#1895,#5804,#5811));
#5804=ORIENTED_EDGE('',*,*,#5805,.F.);
#5805=EDGE_CURVE('',#5806,#1897,#5808,.T.);
#5806=VERTEX_POINT('',#5807);
#5807=CARTESIAN_POINT('',(-2.6,1.95,-1.E-02));
#5808=CIRCLE('',#5809,0.21);
#5809=AXIS2_PLACEMENT_3D('',#5810,#3235,#3236);
#5810=CARTESIAN_POINT('',(-2.6,1.95,0.2));
#5811=ORIENTED_EDGE('',*,*,#5805,.T.);
#5812=SPHERICAL_SURFACE('',#5813,0.21);
#5813=AXIS2_PLACEMENT_3D('',#5810,#13,#45);
#5814=ADVANCED_FACE('',(#5815),#5825,.T.);
#5815=FACE_BOUND('',#5816,.T.);
#5816=EDGE_LOOP('',(#1904,#5817,#5824));
#5817=ORIENTED_EDGE('',*,*,#5818,.F.);
#5818=EDGE_CURVE('',#5819,#1906,#5821,.T.);
#5819=VERTEX_POINT('',#5820);
#5820=CARTESIAN_POINT('',(-1.95,1.95,-1.E-02));
#5821=CIRCLE('',#5822,0.21);
#5822=AXIS2_PLACEMENT_3D('',#5823,#3235,#3236);
#5823=CARTESIAN_POINT('',(-1.95,1.95,0.2));
#5824=ORIENTED_EDGE('',*,*,#5818,.T.);
#5825=SPHERICAL_SURFACE('',#5826,0.21);
#5826=AXIS2_PLACEMENT_3D('',#5823,#13,#45);
#5827=ADVANCED_FACE('',(#5828),#5838,.T.);
#5828=FACE_BOUND('',#5829,.T.);
#5829=EDGE_LOOP('',(#1913,#5830,#5837));
#5830=ORIENTED_EDGE('',*,*,#5831,.F.);
#5831=EDGE_CURVE('',#5832,#1915,#5834,.T.);
#5832=VERTEX_POINT('',#5833);
#5833=CARTESIAN_POINT('',(-3.25,2.6,-1.E-02));
#5834=CIRCLE('',#5835,0.21);
#5835=AXIS2_PLACEMENT_3D('',#5836,#3235,#3236);
#5836=CARTESIAN_POINT('',(-3.25,2.6,0.2));
#5837=ORIENTED_EDGE('',*,*,#5831,.T.);
#5838=SPHERICAL_SURFACE('',#5839,0.21);
#5839=AXIS2_PLACEMENT_3D('',#5836,#13,#45);
#5840=ADVANCED_FACE('',(#5841),#5851,.T.);
#5841=FACE_BOUND('',#5842,.T.);
#5842=EDGE_LOOP('',(#1922,#5843,#5850));
#5843=ORIENTED_EDGE('',*,*,#5844,.F.);
#5844=EDGE_CURVE('',#5845,#1924,#5847,.T.);
#5845=VERTEX_POINT('',#5846);
#5846=CARTESIAN_POINT('',(-2.6,2.6,-1.E-02));
#5847=CIRCLE('',#5848,0.21);
#5848=AXIS2_PLACEMENT_3D('',#5849,#3235,#3236);
#5849=CARTESIAN_POINT('',(-2.6,2.6,0.2));
#5850=ORIENTED_EDGE('',*,*,#5844,.T.);
#5851=SPHERICAL_SURFACE('',#5852,0.21);
#5852=AXIS2_PLACEMENT_3D('',#5849,#13,#45);
#5853=ADVANCED_FACE('',(#5854),#5864,.T.);
#5854=FACE_BOUND('',#5855,.T.);
#5855=EDGE_LOOP('',(#1931,#5856,#5863));
#5856=ORIENTED_EDGE('',*,*,#5857,.F.);
#5857=EDGE_CURVE('',#5858,#1933,#5860,.T.);
#5858=VERTEX_POINT('',#5859);
#5859=CARTESIAN_POINT('',(-3.25,3.25,-1.E-02));
#5860=CIRCLE('',#5861,0.21);
#5861=AXIS2_PLACEMENT_3D('',#5862,#3235,#3236);
#5862=CARTESIAN_POINT('',(-3.25,3.25,0.2));
#5863=ORIENTED_EDGE('',*,*,#5857,.T.);
#5864=SPHERICAL_SURFACE('',#5865,0.21);
#5865=AXIS2_PLACEMENT_3D('',#5862,#13,#45);
#5866=ADVANCED_FACE('',(#5867),#5877,.T.);
#5867=FACE_BOUND('',#5868,.T.);
#5868=EDGE_LOOP('',(#1940,#5869,#5876));
#5869=ORIENTED_EDGE('',*,*,#5870,.F.);
#5870=EDGE_CURVE('',#5871,#1942,#5873,.T.);
#5871=VERTEX_POINT('',#5872);
#5872=CARTESIAN_POINT('',(-2.6,3.25,-1.E-02));
#5873=CIRCLE('',#5874,0.21);
#5874=AXIS2_PLACEMENT_3D('',#5875,#3235,#3236);
#5875=CARTESIAN_POINT('',(-2.6,3.25,0.2));
#5876=ORIENTED_EDGE('',*,*,#5870,.T.);
#5877=SPHERICAL_SURFACE('',#5878,0.21);
#5878=AXIS2_PLACEMENT_3D('',#5875,#13,#45);
#5879=ADVANCED_FACE('',(#5880),#5890,.T.);
#5880=FACE_BOUND('',#5881,.T.);
#5881=EDGE_LOOP('',(#1949,#5882,#5889));
#5882=ORIENTED_EDGE('',*,*,#5883,.F.);
#5883=EDGE_CURVE('',#5884,#1951,#5886,.T.);
#5884=VERTEX_POINT('',#5885);
#5885=CARTESIAN_POINT('',(-1.95,2.6,-1.E-02));
#5886=CIRCLE('',#5887,0.21);
#5887=AXIS2_PLACEMENT_3D('',#5888,#3235,#3236);
#5888=CARTESIAN_POINT('',(-1.95,2.6,0.2));
#5889=ORIENTED_EDGE('',*,*,#5883,.T.);
#5890=SPHERICAL_SURFACE('',#5891,0.21);
#5891=AXIS2_PLACEMENT_3D('',#5888,#13,#45);
#5892=ADVANCED_FACE('',(#5893),#5903,.T.);
#5893=FACE_BOUND('',#5894,.T.);
#5894=EDGE_LOOP('',(#1958,#5895,#5902));
#5895=ORIENTED_EDGE('',*,*,#5896,.F.);
#5896=EDGE_CURVE('',#5897,#1960,#5899,.T.);
#5897=VERTEX_POINT('',#5898);
#5898=CARTESIAN_POINT('',(-1.95,3.25,-1.E-02));
#5899=CIRCLE('',#5900,0.21);
#5900=AXIS2_PLACEMENT_3D('',#5901,#3235,#3236);
#5901=CARTESIAN_POINT('',(-1.95,3.25,0.2));
#5902=ORIENTED_EDGE('',*,*,#5896,.T.);
#5903=SPHERICAL_SURFACE('',#5904,0.21);
#5904=AXIS2_PLACEMENT_3D('',#5901,#13,#45);
#5905=ADVANCED_FACE('',(#5906),#5916,.T.);
#5906=FACE_BOUND('',#5907,.T.);
#5907=EDGE_LOOP('',(#1967,#5908,#5915));
#5908=ORIENTED_EDGE('',*,*,#5909,.F.);
#5909=EDGE_CURVE('',#5910,#1969,#5912,.T.);
#5910=VERTEX_POINT('',#5911);
#5911=CARTESIAN_POINT('',(-1.3,1.95,-1.E-02));
#5912=CIRCLE('',#5913,0.21);
#5913=AXIS2_PLACEMENT_3D('',#5914,#3235,#3236);
#5914=CARTESIAN_POINT('',(-1.3,1.95,0.2));
#5915=ORIENTED_EDGE('',*,*,#5909,.T.);
#5916=SPHERICAL_SURFACE('',#5917,0.21);
#5917=AXIS2_PLACEMENT_3D('',#5914,#13,#45);
#5918=ADVANCED_FACE('',(#5919),#5929,.T.);
#5919=FACE_BOUND('',#5920,.T.);
#5920=EDGE_LOOP('',(#1976,#5921,#5928));
#5921=ORIENTED_EDGE('',*,*,#5922,.F.);
#5922=EDGE_CURVE('',#5923,#1978,#5925,.T.);
#5923=VERTEX_POINT('',#5924);
#5924=CARTESIAN_POINT('',(-0.65,1.95,-1.E-02));
#5925=CIRCLE('',#5926,0.21);
#5926=AXIS2_PLACEMENT_3D('',#5927,#3235,#3236);
#5927=CARTESIAN_POINT('',(-0.65,1.95,0.2));
#5928=ORIENTED_EDGE('',*,*,#5922,.T.);
#5929=SPHERICAL_SURFACE('',#5930,0.21);
#5930=AXIS2_PLACEMENT_3D('',#5927,#13,#45);
#5931=ADVANCED_FACE('',(#5932),#5942,.T.);
#5932=FACE_BOUND('',#5933,.T.);
#5933=EDGE_LOOP('',(#1985,#5934,#5941));
#5934=ORIENTED_EDGE('',*,*,#5935,.F.);
#5935=EDGE_CURVE('',#5936,#1987,#5938,.T.);
#5936=VERTEX_POINT('',#5937);
#5937=CARTESIAN_POINT('',(-1.3,2.6,-1.E-02));
#5938=CIRCLE('',#5939,0.21);
#5939=AXIS2_PLACEMENT_3D('',#5940,#3235,#3236);
#5940=CARTESIAN_POINT('',(-1.3,2.6,0.2));
#5941=ORIENTED_EDGE('',*,*,#5935,.T.);
#5942=SPHERICAL_SURFACE('',#5943,0.21);
#5943=AXIS2_PLACEMENT_3D('',#5940,#13,#45);
#5944=ADVANCED_FACE('',(#5945),#5955,.T.);
#5945=FACE_BOUND('',#5946,.T.);
#5946=EDGE_LOOP('',(#1994,#5947,#5954));
#5947=ORIENTED_EDGE('',*,*,#5948,.F.);
#5948=EDGE_CURVE('',#5949,#1996,#5951,.T.);
#5949=VERTEX_POINT('',#5950);
#5950=CARTESIAN_POINT('',(-1.3,3.25,-1.E-02));
#5951=CIRCLE('',#5952,0.21);
#5952=AXIS2_PLACEMENT_3D('',#5953,#3235,#3236);
#5953=CARTESIAN_POINT('',(-1.3,3.25,0.2));
#5954=ORIENTED_EDGE('',*,*,#5948,.T.);
#5955=SPHERICAL_SURFACE('',#5956,0.21);
#5956=AXIS2_PLACEMENT_3D('',#5953,#13,#45);
#5957=ADVANCED_FACE('',(#5958),#5968,.T.);
#5958=FACE_BOUND('',#5959,.T.);
#5959=EDGE_LOOP('',(#2003,#5960,#5967));
#5960=ORIENTED_EDGE('',*,*,#5961,.F.);
#5961=EDGE_CURVE('',#5962,#2005,#5964,.T.);
#5962=VERTEX_POINT('',#5963);
#5963=CARTESIAN_POINT('',(-0.65,2.6,-1.E-02));
#5964=CIRCLE('',#5965,0.21);
#5965=AXIS2_PLACEMENT_3D('',#5966,#3235,#3236);
#5966=CARTESIAN_POINT('',(-0.65,2.6,0.2));
#5967=ORIENTED_EDGE('',*,*,#5961,.T.);
#5968=SPHERICAL_SURFACE('',#5969,0.21);
#5969=AXIS2_PLACEMENT_3D('',#5966,#13,#45);
#5970=ADVANCED_FACE('',(#5971),#5981,.T.);
#5971=FACE_BOUND('',#5972,.T.);
#5972=EDGE_LOOP('',(#2012,#5973,#5980));
#5973=ORIENTED_EDGE('',*,*,#5974,.F.);
#5974=EDGE_CURVE('',#5975,#2014,#5977,.T.);
#5975=VERTEX_POINT('',#5976);
#5976=CARTESIAN_POINT('',(-6.5,3.9,-1.E-02));
#5977=CIRCLE('',#5978,0.21);
#5978=AXIS2_PLACEMENT_3D('',#5979,#3235,#3236);
#5979=CARTESIAN_POINT('',(-6.5,3.9,0.2));
#5980=ORIENTED_EDGE('',*,*,#5974,.T.);
#5981=SPHERICAL_SURFACE('',#5982,0.21);
#5982=AXIS2_PLACEMENT_3D('',#5979,#13,#45);
#5983=ADVANCED_FACE('',(#5984),#5994,.T.);
#5984=FACE_BOUND('',#5985,.T.);
#5985=EDGE_LOOP('',(#2021,#5986,#5993));
#5986=ORIENTED_EDGE('',*,*,#5987,.F.);
#5987=EDGE_CURVE('',#5988,#2023,#5990,.T.);
#5988=VERTEX_POINT('',#5989);
#5989=CARTESIAN_POINT('',(-5.2,3.9,-1.E-02));
#5990=CIRCLE('',#5991,0.21);
#5991=AXIS2_PLACEMENT_3D('',#5992,#3235,#3236);
#5992=CARTESIAN_POINT('',(-5.2,3.9,0.2));
#5993=ORIENTED_EDGE('',*,*,#5987,.T.);
#5994=SPHERICAL_SURFACE('',#5995,0.21);
#5995=AXIS2_PLACEMENT_3D('',#5992,#13,#45);
#5996=ADVANCED_FACE('',(#5997),#6007,.T.);
#5997=FACE_BOUND('',#5998,.T.);
#5998=EDGE_LOOP('',(#2030,#5999,#6006));
#5999=ORIENTED_EDGE('',*,*,#6000,.F.);
#6000=EDGE_CURVE('',#6001,#2032,#6003,.T.);
#6001=VERTEX_POINT('',#6002);
#6002=CARTESIAN_POINT('',(-6.5,4.55,-1.E-02));
#6003=CIRCLE('',#6004,0.21);
#6004=AXIS2_PLACEMENT_3D('',#6005,#3235,#3236);
#6005=CARTESIAN_POINT('',(-6.5,4.55,0.2));
#6006=ORIENTED_EDGE('',*,*,#6000,.T.);
#6007=SPHERICAL_SURFACE('',#6008,0.21);
#6008=AXIS2_PLACEMENT_3D('',#6005,#13,#45);
#6009=ADVANCED_FACE('',(#6010),#6020,.T.);
#6010=FACE_BOUND('',#6011,.T.);
#6011=EDGE_LOOP('',(#2039,#6012,#6019));
#6012=ORIENTED_EDGE('',*,*,#6013,.F.);
#6013=EDGE_CURVE('',#6014,#2041,#6016,.T.);
#6014=VERTEX_POINT('',#6015);
#6015=CARTESIAN_POINT('',(-5.85,4.55,-1.E-02));
#6016=CIRCLE('',#6017,0.21);
#6017=AXIS2_PLACEMENT_3D('',#6018,#3235,#3236);
#6018=CARTESIAN_POINT('',(-5.85,4.55,0.2));
#6019=ORIENTED_EDGE('',*,*,#6013,.T.);
#6020=SPHERICAL_SURFACE('',#6021,0.21);
#6021=AXIS2_PLACEMENT_3D('',#6018,#13,#45);
#6022=ADVANCED_FACE('',(#6023),#6033,.T.);
#6023=FACE_BOUND('',#6024,.T.);
#6024=EDGE_LOOP('',(#2048,#6025,#6032));
#6025=ORIENTED_EDGE('',*,*,#6026,.F.);
#6026=EDGE_CURVE('',#6027,#2050,#6029,.T.);
#6027=VERTEX_POINT('',#6028);
#6028=CARTESIAN_POINT('',(-5.2,4.55,-1.E-02));
#6029=CIRCLE('',#6030,0.21);
#6030=AXIS2_PLACEMENT_3D('',#6031,#3235,#3236);
#6031=CARTESIAN_POINT('',(-5.2,4.55,0.2));
#6032=ORIENTED_EDGE('',*,*,#6026,.T.);
#6033=SPHERICAL_SURFACE('',#6034,0.21);
#6034=AXIS2_PLACEMENT_3D('',#6031,#13,#45);
#6035=ADVANCED_FACE('',(#6036),#6046,.T.);
#6036=FACE_BOUND('',#6037,.T.);
#6037=EDGE_LOOP('',(#2057,#6038,#6045));
#6038=ORIENTED_EDGE('',*,*,#6039,.F.);
#6039=EDGE_CURVE('',#6040,#2059,#6042,.T.);
#6040=VERTEX_POINT('',#6041);
#6041=CARTESIAN_POINT('',(-4.55,3.9,-1.E-02));
#6042=CIRCLE('',#6043,0.21);
#6043=AXIS2_PLACEMENT_3D('',#6044,#3235,#3236);
#6044=CARTESIAN_POINT('',(-4.55,3.9,0.2));
#6045=ORIENTED_EDGE('',*,*,#6039,.T.);
#6046=SPHERICAL_SURFACE('',#6047,0.21);
#6047=AXIS2_PLACEMENT_3D('',#6044,#13,#45);
#6048=ADVANCED_FACE('',(#6049),#6059,.T.);
#6049=FACE_BOUND('',#6050,.T.);
#6050=EDGE_LOOP('',(#2066,#6051,#6058));
#6051=ORIENTED_EDGE('',*,*,#6052,.F.);
#6052=EDGE_CURVE('',#6053,#2068,#6055,.T.);
#6053=VERTEX_POINT('',#6054);
#6054=CARTESIAN_POINT('',(-3.9,3.9,-1.E-02));
#6055=CIRCLE('',#6056,0.21);
#6056=AXIS2_PLACEMENT_3D('',#6057,#3235,#3236);
#6057=CARTESIAN_POINT('',(-3.9,3.9,0.2));
#6058=ORIENTED_EDGE('',*,*,#6052,.T.);
#6059=SPHERICAL_SURFACE('',#6060,0.21);
#6060=AXIS2_PLACEMENT_3D('',#6057,#13,#45);
#6061=ADVANCED_FACE('',(#6062),#6072,.T.);
#6062=FACE_BOUND('',#6063,.T.);
#6063=EDGE_LOOP('',(#2075,#6064,#6071));
#6064=ORIENTED_EDGE('',*,*,#6065,.F.);
#6065=EDGE_CURVE('',#6066,#2077,#6068,.T.);
#6066=VERTEX_POINT('',#6067);
#6067=CARTESIAN_POINT('',(-4.55,4.55,-1.E-02));
#6068=CIRCLE('',#6069,0.21);
#6069=AXIS2_PLACEMENT_3D('',#6070,#3235,#3236);
#6070=CARTESIAN_POINT('',(-4.55,4.55,0.2));
#6071=ORIENTED_EDGE('',*,*,#6065,.T.);
#6072=SPHERICAL_SURFACE('',#6073,0.21);
#6073=AXIS2_PLACEMENT_3D('',#6070,#13,#45);
#6074=ADVANCED_FACE('',(#6075),#6085,.T.);
#6075=FACE_BOUND('',#6076,.T.);
#6076=EDGE_LOOP('',(#2084,#6077,#6084));
#6077=ORIENTED_EDGE('',*,*,#6078,.F.);
#6078=EDGE_CURVE('',#6079,#2086,#6081,.T.);
#6079=VERTEX_POINT('',#6080);
#6080=CARTESIAN_POINT('',(-3.9,4.55,-1.E-02));
#6081=CIRCLE('',#6082,0.21);
#6082=AXIS2_PLACEMENT_3D('',#6083,#3235,#3236);
#6083=CARTESIAN_POINT('',(-3.9,4.55,0.2));
#6084=ORIENTED_EDGE('',*,*,#6078,.T.);
#6085=SPHERICAL_SURFACE('',#6086,0.21);
#6086=AXIS2_PLACEMENT_3D('',#6083,#13,#45);
#6087=ADVANCED_FACE('',(#6088),#6098,.T.);
#6088=FACE_BOUND('',#6089,.T.);
#6089=EDGE_LOOP('',(#2093,#6090,#6097));
#6090=ORIENTED_EDGE('',*,*,#6091,.F.);
#6091=EDGE_CURVE('',#6092,#2095,#6094,.T.);
#6092=VERTEX_POINT('',#6093);
#6093=CARTESIAN_POINT('',(-6.5,5.2,-1.E-02));
#6094=CIRCLE('',#6095,0.21);
#6095=AXIS2_PLACEMENT_3D('',#6096,#3235,#3236);
#6096=CARTESIAN_POINT('',(-6.5,5.2,0.2));
#6097=ORIENTED_EDGE('',*,*,#6091,.T.);
#6098=SPHERICAL_SURFACE('',#6099,0.21);
#6099=AXIS2_PLACEMENT_3D('',#6096,#13,#45);
#6100=ADVANCED_FACE('',(#6101),#6111,.T.);
#6101=FACE_BOUND('',#6102,.T.);
#6102=EDGE_LOOP('',(#2102,#6103,#6110));
#6103=ORIENTED_EDGE('',*,*,#6104,.F.);
#6104=EDGE_CURVE('',#6105,#2104,#6107,.T.);
#6105=VERTEX_POINT('',#6106);
#6106=CARTESIAN_POINT('',(-5.85,5.2,-1.E-02));
#6107=CIRCLE('',#6108,0.21);
#6108=AXIS2_PLACEMENT_3D('',#6109,#3235,#3236);
#6109=CARTESIAN_POINT('',(-5.85,5.2,0.2));
#6110=ORIENTED_EDGE('',*,*,#6104,.T.);
#6111=SPHERICAL_SURFACE('',#6112,0.21);
#6112=AXIS2_PLACEMENT_3D('',#6109,#13,#45);
#6113=ADVANCED_FACE('',(#6114),#6124,.T.);
#6114=FACE_BOUND('',#6115,.T.);
#6115=EDGE_LOOP('',(#2111,#6116,#6123));
#6116=ORIENTED_EDGE('',*,*,#6117,.F.);
#6117=EDGE_CURVE('',#6118,#2113,#6120,.T.);
#6118=VERTEX_POINT('',#6119);
#6119=CARTESIAN_POINT('',(-5.2,5.2,-1.E-02));
#6120=CIRCLE('',#6121,0.21);
#6121=AXIS2_PLACEMENT_3D('',#6122,#3235,#3236);
#6122=CARTESIAN_POINT('',(-5.2,5.2,0.2));
#6123=ORIENTED_EDGE('',*,*,#6117,.T.);
#6124=SPHERICAL_SURFACE('',#6125,0.21);
#6125=AXIS2_PLACEMENT_3D('',#6122,#13,#45);
#6126=ADVANCED_FACE('',(#6127),#6137,.T.);
#6127=FACE_BOUND('',#6128,.T.);
#6128=EDGE_LOOP('',(#2120,#6129,#6136));
#6129=ORIENTED_EDGE('',*,*,#6130,.F.);
#6130=EDGE_CURVE('',#6131,#2122,#6133,.T.);
#6131=VERTEX_POINT('',#6132);
#6132=CARTESIAN_POINT('',(-6.5,5.85,-1.E-02));
#6133=CIRCLE('',#6134,0.21);
#6134=AXIS2_PLACEMENT_3D('',#6135,#3235,#3236);
#6135=CARTESIAN_POINT('',(-6.5,5.85,0.2));
#6136=ORIENTED_EDGE('',*,*,#6130,.T.);
#6137=SPHERICAL_SURFACE('',#6138,0.21);
#6138=AXIS2_PLACEMENT_3D('',#6135,#13,#45);
#6139=ADVANCED_FACE('',(#6140),#6150,.T.);
#6140=FACE_BOUND('',#6141,.T.);
#6141=EDGE_LOOP('',(#2129,#6142,#6149));
#6142=ORIENTED_EDGE('',*,*,#6143,.F.);
#6143=EDGE_CURVE('',#6144,#2131,#6146,.T.);
#6144=VERTEX_POINT('',#6145);
#6145=CARTESIAN_POINT('',(-5.85,5.85,-1.E-02));
#6146=CIRCLE('',#6147,0.21);
#6147=AXIS2_PLACEMENT_3D('',#6148,#3235,#3236);
#6148=CARTESIAN_POINT('',(-5.85,5.85,0.2));
#6149=ORIENTED_EDGE('',*,*,#6143,.T.);
#6150=SPHERICAL_SURFACE('',#6151,0.21);
#6151=AXIS2_PLACEMENT_3D('',#6148,#13,#45);
#6152=ADVANCED_FACE('',(#6153),#6163,.T.);
#6153=FACE_BOUND('',#6154,.T.);
#6154=EDGE_LOOP('',(#2138,#6155,#6162));
#6155=ORIENTED_EDGE('',*,*,#6156,.F.);
#6156=EDGE_CURVE('',#6157,#2140,#6159,.T.);
#6157=VERTEX_POINT('',#6158);
#6158=CARTESIAN_POINT('',(-6.5,6.5,-1.E-02));
#6159=CIRCLE('',#6160,0.21);
#6160=AXIS2_PLACEMENT_3D('',#6161,#3235,#3236);
#6161=CARTESIAN_POINT('',(-6.5,6.5,0.2));
#6162=ORIENTED_EDGE('',*,*,#6156,.T.);
#6163=SPHERICAL_SURFACE('',#6164,0.21);
#6164=AXIS2_PLACEMENT_3D('',#6161,#13,#45);
#6165=ADVANCED_FACE('',(#6166),#6176,.T.);
#6166=FACE_BOUND('',#6167,.T.);
#6167=EDGE_LOOP('',(#2147,#6168,#6175));
#6168=ORIENTED_EDGE('',*,*,#6169,.F.);
#6169=EDGE_CURVE('',#6170,#2149,#6172,.T.);
#6170=VERTEX_POINT('',#6171);
#6171=CARTESIAN_POINT('',(-5.85,6.5,-1.E-02));
#6172=CIRCLE('',#6173,0.21);
#6173=AXIS2_PLACEMENT_3D('',#6174,#3235,#3236);
#6174=CARTESIAN_POINT('',(-5.85,6.5,0.2));
#6175=ORIENTED_EDGE('',*,*,#6169,.T.);
#6176=SPHERICAL_SURFACE('',#6177,0.21);
#6177=AXIS2_PLACEMENT_3D('',#6174,#13,#45);
#6178=ADVANCED_FACE('',(#6179),#6189,.T.);
#6179=FACE_BOUND('',#6180,.T.);
#6180=EDGE_LOOP('',(#2156,#6181,#6188));
#6181=ORIENTED_EDGE('',*,*,#6182,.F.);
#6182=EDGE_CURVE('',#6183,#2158,#6185,.T.);
#6183=VERTEX_POINT('',#6184);
#6184=CARTESIAN_POINT('',(-5.2,5.85,-1.E-02));
#6185=CIRCLE('',#6186,0.21);
#6186=AXIS2_PLACEMENT_3D('',#6187,#3235,#3236);
#6187=CARTESIAN_POINT('',(-5.2,5.85,0.2));
#6188=ORIENTED_EDGE('',*,*,#6182,.T.);
#6189=SPHERICAL_SURFACE('',#6190,0.21);
#6190=AXIS2_PLACEMENT_3D('',#6187,#13,#45);
#6191=ADVANCED_FACE('',(#6192),#6202,.T.);
#6192=FACE_BOUND('',#6193,.T.);
#6193=EDGE_LOOP('',(#2165,#6194,#6201));
#6194=ORIENTED_EDGE('',*,*,#6195,.F.);
#6195=EDGE_CURVE('',#6196,#2167,#6198,.T.);
#6196=VERTEX_POINT('',#6197);
#6197=CARTESIAN_POINT('',(-5.2,6.5,-1.E-02));
#6198=CIRCLE('',#6199,0.21);
#6199=AXIS2_PLACEMENT_3D('',#6200,#3235,#3236);
#6200=CARTESIAN_POINT('',(-5.2,6.5,0.2));
#6201=ORIENTED_EDGE('',*,*,#6195,.T.);
#6202=SPHERICAL_SURFACE('',#6203,0.21);
#6203=AXIS2_PLACEMENT_3D('',#6200,#13,#45);
#6204=ADVANCED_FACE('',(#6205),#6215,.T.);
#6205=FACE_BOUND('',#6206,.T.);
#6206=EDGE_LOOP('',(#2174,#6207,#6214));
#6207=ORIENTED_EDGE('',*,*,#6208,.F.);
#6208=EDGE_CURVE('',#6209,#2176,#6211,.T.);
#6209=VERTEX_POINT('',#6210);
#6210=CARTESIAN_POINT('',(-4.55,5.2,-1.E-02));
#6211=CIRCLE('',#6212,0.21);
#6212=AXIS2_PLACEMENT_3D('',#6213,#3235,#3236);
#6213=CARTESIAN_POINT('',(-4.55,5.2,0.2));
#6214=ORIENTED_EDGE('',*,*,#6208,.T.);
#6215=SPHERICAL_SURFACE('',#6216,0.21);
#6216=AXIS2_PLACEMENT_3D('',#6213,#13,#45);
#6217=ADVANCED_FACE('',(#6218),#6228,.T.);
#6218=FACE_BOUND('',#6219,.T.);
#6219=EDGE_LOOP('',(#2183,#6220,#6227));
#6220=ORIENTED_EDGE('',*,*,#6221,.F.);
#6221=EDGE_CURVE('',#6222,#2185,#6224,.T.);
#6222=VERTEX_POINT('',#6223);
#6223=CARTESIAN_POINT('',(-3.9,5.2,-1.E-02));
#6224=CIRCLE('',#6225,0.21);
#6225=AXIS2_PLACEMENT_3D('',#6226,#3235,#3236);
#6226=CARTESIAN_POINT('',(-3.9,5.2,0.2));
#6227=ORIENTED_EDGE('',*,*,#6221,.T.);
#6228=SPHERICAL_SURFACE('',#6229,0.21);
#6229=AXIS2_PLACEMENT_3D('',#6226,#13,#45);
#6230=ADVANCED_FACE('',(#6231),#6241,.T.);
#6231=FACE_BOUND('',#6232,.T.);
#6232=EDGE_LOOP('',(#2192,#6233,#6240));
#6233=ORIENTED_EDGE('',*,*,#6234,.F.);
#6234=EDGE_CURVE('',#6235,#2194,#6237,.T.);
#6235=VERTEX_POINT('',#6236);
#6236=CARTESIAN_POINT('',(-4.55,5.85,-1.E-02));
#6237=CIRCLE('',#6238,0.21);
#6238=AXIS2_PLACEMENT_3D('',#6239,#3235,#3236);
#6239=CARTESIAN_POINT('',(-4.55,5.85,0.2));
#6240=ORIENTED_EDGE('',*,*,#6234,.T.);
#6241=SPHERICAL_SURFACE('',#6242,0.21);
#6242=AXIS2_PLACEMENT_3D('',#6239,#13,#45);
#6243=ADVANCED_FACE('',(#6244),#6254,.T.);
#6244=FACE_BOUND('',#6245,.T.);
#6245=EDGE_LOOP('',(#2201,#6246,#6253));
#6246=ORIENTED_EDGE('',*,*,#6247,.F.);
#6247=EDGE_CURVE('',#6248,#2203,#6250,.T.);
#6248=VERTEX_POINT('',#6249);
#6249=CARTESIAN_POINT('',(-4.55,6.5,-1.E-02));
#6250=CIRCLE('',#6251,0.21);
#6251=AXIS2_PLACEMENT_3D('',#6252,#3235,#3236);
#6252=CARTESIAN_POINT('',(-4.55,6.5,0.2));
#6253=ORIENTED_EDGE('',*,*,#6247,.T.);
#6254=SPHERICAL_SURFACE('',#6255,0.21);
#6255=AXIS2_PLACEMENT_3D('',#6252,#13,#45);
#6256=ADVANCED_FACE('',(#6257),#6267,.T.);
#6257=FACE_BOUND('',#6258,.T.);
#6258=EDGE_LOOP('',(#2210,#6259,#6266));
#6259=ORIENTED_EDGE('',*,*,#6260,.F.);
#6260=EDGE_CURVE('',#6261,#2212,#6263,.T.);
#6261=VERTEX_POINT('',#6262);
#6262=CARTESIAN_POINT('',(-3.9,6.5,-1.E-02));
#6263=CIRCLE('',#6264,0.21);
#6264=AXIS2_PLACEMENT_3D('',#6265,#3235,#3236);
#6265=CARTESIAN_POINT('',(-3.9,6.5,0.2));
#6266=ORIENTED_EDGE('',*,*,#6260,.T.);
#6267=SPHERICAL_SURFACE('',#6268,0.21);
#6268=AXIS2_PLACEMENT_3D('',#6265,#13,#45);
#6269=ADVANCED_FACE('',(#6270),#6280,.T.);
#6270=FACE_BOUND('',#6271,.T.);
#6271=EDGE_LOOP('',(#2219,#6272,#6279));
#6272=ORIENTED_EDGE('',*,*,#6273,.F.);
#6273=EDGE_CURVE('',#6274,#2221,#6276,.T.);
#6274=VERTEX_POINT('',#6275);
#6275=CARTESIAN_POINT('',(-3.25,3.9,-1.E-02));
#6276=CIRCLE('',#6277,0.21);
#6277=AXIS2_PLACEMENT_3D('',#6278,#3235,#3236);
#6278=CARTESIAN_POINT('',(-3.25,3.9,0.2));
#6279=ORIENTED_EDGE('',*,*,#6273,.T.);
#6280=SPHERICAL_SURFACE('',#6281,0.21);
#6281=AXIS2_PLACEMENT_3D('',#6278,#13,#45);
#6282=ADVANCED_FACE('',(#6283),#6293,.T.);
#6283=FACE_BOUND('',#6284,.T.);
#6284=EDGE_LOOP('',(#2228,#6285,#6292));
#6285=ORIENTED_EDGE('',*,*,#6286,.F.);
#6286=EDGE_CURVE('',#6287,#2230,#6289,.T.);
#6287=VERTEX_POINT('',#6288);
#6288=CARTESIAN_POINT('',(-2.6,3.9,-1.E-02));
#6289=CIRCLE('',#6290,0.21);
#6290=AXIS2_PLACEMENT_3D('',#6291,#3235,#3236);
#6291=CARTESIAN_POINT('',(-2.6,3.9,0.2));
#6292=ORIENTED_EDGE('',*,*,#6286,.T.);
#6293=SPHERICAL_SURFACE('',#6294,0.21);
#6294=AXIS2_PLACEMENT_3D('',#6291,#13,#45);
#6295=ADVANCED_FACE('',(#6296),#6306,.T.);
#6296=FACE_BOUND('',#6297,.T.);
#6297=EDGE_LOOP('',(#2237,#6298,#6305));
#6298=ORIENTED_EDGE('',*,*,#6299,.F.);
#6299=EDGE_CURVE('',#6300,#2239,#6302,.T.);
#6300=VERTEX_POINT('',#6301);
#6301=CARTESIAN_POINT('',(-1.95,3.9,-1.E-02));
#6302=CIRCLE('',#6303,0.21);
#6303=AXIS2_PLACEMENT_3D('',#6304,#3235,#3236);
#6304=CARTESIAN_POINT('',(-1.95,3.9,0.2));
#6305=ORIENTED_EDGE('',*,*,#6299,.T.);
#6306=SPHERICAL_SURFACE('',#6307,0.21);
#6307=AXIS2_PLACEMENT_3D('',#6304,#13,#45);
#6308=ADVANCED_FACE('',(#6309),#6319,.T.);
#6309=FACE_BOUND('',#6310,.T.);
#6310=EDGE_LOOP('',(#2246,#6311,#6318));
#6311=ORIENTED_EDGE('',*,*,#6312,.F.);
#6312=EDGE_CURVE('',#6313,#2248,#6315,.T.);
#6313=VERTEX_POINT('',#6314);
#6314=CARTESIAN_POINT('',(-3.25,4.55,-1.E-02));
#6315=CIRCLE('',#6316,0.21);
#6316=AXIS2_PLACEMENT_3D('',#6317,#3235,#3236);
#6317=CARTESIAN_POINT('',(-3.25,4.55,0.2));
#6318=ORIENTED_EDGE('',*,*,#6312,.T.);
#6319=SPHERICAL_SURFACE('',#6320,0.21);
#6320=AXIS2_PLACEMENT_3D('',#6317,#13,#45);
#6321=ADVANCED_FACE('',(#6322),#6332,.T.);
#6322=FACE_BOUND('',#6323,.T.);
#6323=EDGE_LOOP('',(#2255,#6324,#6331));
#6324=ORIENTED_EDGE('',*,*,#6325,.F.);
#6325=EDGE_CURVE('',#6326,#2257,#6328,.T.);
#6326=VERTEX_POINT('',#6327);
#6327=CARTESIAN_POINT('',(-2.6,4.55,-1.E-02));
#6328=CIRCLE('',#6329,0.21);
#6329=AXIS2_PLACEMENT_3D('',#6330,#3235,#3236);
#6330=CARTESIAN_POINT('',(-2.6,4.55,0.2));
#6331=ORIENTED_EDGE('',*,*,#6325,.T.);
#6332=SPHERICAL_SURFACE('',#6333,0.21);
#6333=AXIS2_PLACEMENT_3D('',#6330,#13,#45);
#6334=ADVANCED_FACE('',(#6335),#6345,.T.);
#6335=FACE_BOUND('',#6336,.T.);
#6336=EDGE_LOOP('',(#2264,#6337,#6344));
#6337=ORIENTED_EDGE('',*,*,#6338,.F.);
#6338=EDGE_CURVE('',#6339,#2266,#6341,.T.);
#6339=VERTEX_POINT('',#6340);
#6340=CARTESIAN_POINT('',(-1.95,4.55,-1.E-02));
#6341=CIRCLE('',#6342,0.21);
#6342=AXIS2_PLACEMENT_3D('',#6343,#3235,#3236);
#6343=CARTESIAN_POINT('',(-1.95,4.55,0.2));
#6344=ORIENTED_EDGE('',*,*,#6338,.T.);
#6345=SPHERICAL_SURFACE('',#6346,0.21);
#6346=AXIS2_PLACEMENT_3D('',#6343,#13,#45);
#6347=ADVANCED_FACE('',(#6348),#6358,.T.);
#6348=FACE_BOUND('',#6349,.T.);
#6349=EDGE_LOOP('',(#2273,#6350,#6357));
#6350=ORIENTED_EDGE('',*,*,#6351,.F.);
#6351=EDGE_CURVE('',#6352,#2275,#6354,.T.);
#6352=VERTEX_POINT('',#6353);
#6353=CARTESIAN_POINT('',(-1.3,4.55,-1.E-02));
#6354=CIRCLE('',#6355,0.21);
#6355=AXIS2_PLACEMENT_3D('',#6356,#3235,#3236);
#6356=CARTESIAN_POINT('',(-1.3,4.55,0.2));
#6357=ORIENTED_EDGE('',*,*,#6351,.T.);
#6358=SPHERICAL_SURFACE('',#6359,0.21);
#6359=AXIS2_PLACEMENT_3D('',#6356,#13,#45);
#6360=ADVANCED_FACE('',(#6361),#6371,.T.);
#6361=FACE_BOUND('',#6362,.T.);
#6362=EDGE_LOOP('',(#2282,#6363,#6370));
#6363=ORIENTED_EDGE('',*,*,#6364,.F.);
#6364=EDGE_CURVE('',#6365,#2284,#6367,.T.);
#6365=VERTEX_POINT('',#6366);
#6366=CARTESIAN_POINT('',(-3.25,5.2,-1.E-02));
#6367=CIRCLE('',#6368,0.21);
#6368=AXIS2_PLACEMENT_3D('',#6369,#3235,#3236);
#6369=CARTESIAN_POINT('',(-3.25,5.2,0.2));
#6370=ORIENTED_EDGE('',*,*,#6364,.T.);
#6371=SPHERICAL_SURFACE('',#6372,0.21);
#6372=AXIS2_PLACEMENT_3D('',#6369,#13,#45);
#6373=ADVANCED_FACE('',(#6374),#6384,.T.);
#6374=FACE_BOUND('',#6375,.T.);
#6375=EDGE_LOOP('',(#2291,#6376,#6383));
#6376=ORIENTED_EDGE('',*,*,#6377,.F.);
#6377=EDGE_CURVE('',#6378,#2293,#6380,.T.);
#6378=VERTEX_POINT('',#6379);
#6379=CARTESIAN_POINT('',(-2.6,5.2,-1.E-02));
#6380=CIRCLE('',#6381,0.21);
#6381=AXIS2_PLACEMENT_3D('',#6382,#3235,#3236);
#6382=CARTESIAN_POINT('',(-2.6,5.2,0.2));
#6383=ORIENTED_EDGE('',*,*,#6377,.T.);
#6384=SPHERICAL_SURFACE('',#6385,0.21);
#6385=AXIS2_PLACEMENT_3D('',#6382,#13,#45);
#6386=ADVANCED_FACE('',(#6387),#6397,.T.);
#6387=FACE_BOUND('',#6388,.T.);
#6388=EDGE_LOOP('',(#2300,#6389,#6396));
#6389=ORIENTED_EDGE('',*,*,#6390,.F.);
#6390=EDGE_CURVE('',#6391,#2302,#6393,.T.);
#6391=VERTEX_POINT('',#6392);
#6392=CARTESIAN_POINT('',(-1.95,5.2,-1.E-02));
#6393=CIRCLE('',#6394,0.21);
#6394=AXIS2_PLACEMENT_3D('',#6395,#3235,#3236);
#6395=CARTESIAN_POINT('',(-1.95,5.2,0.2));
#6396=ORIENTED_EDGE('',*,*,#6390,.T.);
#6397=SPHERICAL_SURFACE('',#6398,0.21);
#6398=AXIS2_PLACEMENT_3D('',#6395,#13,#45);
#6399=ADVANCED_FACE('',(#6400),#6410,.T.);
#6400=FACE_BOUND('',#6401,.T.);
#6401=EDGE_LOOP('',(#2309,#6402,#6409));
#6402=ORIENTED_EDGE('',*,*,#6403,.F.);
#6403=EDGE_CURVE('',#6404,#2311,#6406,.T.);
#6404=VERTEX_POINT('',#6405);
#6405=CARTESIAN_POINT('',(-3.25,5.85,-1.E-02));
#6406=CIRCLE('',#6407,0.21);
#6407=AXIS2_PLACEMENT_3D('',#6408,#3235,#3236);
#6408=CARTESIAN_POINT('',(-3.25,5.85,0.2));
#6409=ORIENTED_EDGE('',*,*,#6403,.T.);
#6410=SPHERICAL_SURFACE('',#6411,0.21);
#6411=AXIS2_PLACEMENT_3D('',#6408,#13,#45);
#6412=ADVANCED_FACE('',(#6413),#6423,.T.);
#6413=FACE_BOUND('',#6414,.T.);
#6414=EDGE_LOOP('',(#2318,#6415,#6422));
#6415=ORIENTED_EDGE('',*,*,#6416,.F.);
#6416=EDGE_CURVE('',#6417,#2320,#6419,.T.);
#6417=VERTEX_POINT('',#6418);
#6418=CARTESIAN_POINT('',(-2.6,5.85,-1.E-02));
#6419=CIRCLE('',#6420,0.21);
#6420=AXIS2_PLACEMENT_3D('',#6421,#3235,#3236);
#6421=CARTESIAN_POINT('',(-2.6,5.85,0.2));
#6422=ORIENTED_EDGE('',*,*,#6416,.T.);
#6423=SPHERICAL_SURFACE('',#6424,0.21);
#6424=AXIS2_PLACEMENT_3D('',#6421,#13,#45);
#6425=ADVANCED_FACE('',(#6426),#6436,.T.);
#6426=FACE_BOUND('',#6427,.T.);
#6427=EDGE_LOOP('',(#2327,#6428,#6435));
#6428=ORIENTED_EDGE('',*,*,#6429,.F.);
#6429=EDGE_CURVE('',#6430,#2329,#6432,.T.);
#6430=VERTEX_POINT('',#6431);
#6431=CARTESIAN_POINT('',(-3.25,6.5,-1.E-02));
#6432=CIRCLE('',#6433,0.21);
#6433=AXIS2_PLACEMENT_3D('',#6434,#3235,#3236);
#6434=CARTESIAN_POINT('',(-3.25,6.5,0.2));
#6435=ORIENTED_EDGE('',*,*,#6429,.T.);
#6436=SPHERICAL_SURFACE('',#6437,0.21);
#6437=AXIS2_PLACEMENT_3D('',#6434,#13,#45);
#6438=ADVANCED_FACE('',(#6439),#6449,.T.);
#6439=FACE_BOUND('',#6440,.T.);
#6440=EDGE_LOOP('',(#2336,#6441,#6448));
#6441=ORIENTED_EDGE('',*,*,#6442,.F.);
#6442=EDGE_CURVE('',#6443,#2338,#6445,.T.);
#6443=VERTEX_POINT('',#6444);
#6444=CARTESIAN_POINT('',(-2.6,6.5,-1.E-02));
#6445=CIRCLE('',#6446,0.21);
#6446=AXIS2_PLACEMENT_3D('',#6447,#3235,#3236);
#6447=CARTESIAN_POINT('',(-2.6,6.5,0.2));
#6448=ORIENTED_EDGE('',*,*,#6442,.T.);
#6449=SPHERICAL_SURFACE('',#6450,0.21);
#6450=AXIS2_PLACEMENT_3D('',#6447,#13,#45);
#6451=ADVANCED_FACE('',(#6452),#6462,.T.);
#6452=FACE_BOUND('',#6453,.T.);
#6453=EDGE_LOOP('',(#2345,#6454,#6461));
#6454=ORIENTED_EDGE('',*,*,#6455,.F.);
#6455=EDGE_CURVE('',#6456,#2347,#6458,.T.);
#6456=VERTEX_POINT('',#6457);
#6457=CARTESIAN_POINT('',(-1.95,6.5,-1.E-02));
#6458=CIRCLE('',#6459,0.21);
#6459=AXIS2_PLACEMENT_3D('',#6460,#3235,#3236);
#6460=CARTESIAN_POINT('',(-1.95,6.5,0.2));
#6461=ORIENTED_EDGE('',*,*,#6455,.T.);
#6462=SPHERICAL_SURFACE('',#6463,0.21);
#6463=AXIS2_PLACEMENT_3D('',#6460,#13,#45);
#6464=ADVANCED_FACE('',(#6465),#6475,.T.);
#6465=FACE_BOUND('',#6466,.T.);
#6466=EDGE_LOOP('',(#2354,#6467,#6474));
#6467=ORIENTED_EDGE('',*,*,#6468,.F.);
#6468=EDGE_CURVE('',#6469,#2356,#6471,.T.);
#6469=VERTEX_POINT('',#6470);
#6470=CARTESIAN_POINT('',(-1.3,5.85,-1.E-02));
#6471=CIRCLE('',#6472,0.21);
#6472=AXIS2_PLACEMENT_3D('',#6473,#3235,#3236);
#6473=CARTESIAN_POINT('',(-1.3,5.85,0.2));
#6474=ORIENTED_EDGE('',*,*,#6468,.T.);
#6475=SPHERICAL_SURFACE('',#6476,0.21);
#6476=AXIS2_PLACEMENT_3D('',#6473,#13,#45);
#6477=ADVANCED_FACE('',(#6478),#6488,.T.);
#6478=FACE_BOUND('',#6479,.T.);
#6479=EDGE_LOOP('',(#2363,#6480,#6487));
#6480=ORIENTED_EDGE('',*,*,#6481,.F.);
#6481=EDGE_CURVE('',#6482,#2365,#6484,.T.);
#6482=VERTEX_POINT('',#6483);
#6483=CARTESIAN_POINT('',(-1.3,6.5,-1.E-02));
#6484=CIRCLE('',#6485,0.21);
#6485=AXIS2_PLACEMENT_3D('',#6486,#3235,#3236);
#6486=CARTESIAN_POINT('',(-1.3,6.5,0.2));
#6487=ORIENTED_EDGE('',*,*,#6481,.T.);
#6488=SPHERICAL_SURFACE('',#6489,0.21);
#6489=AXIS2_PLACEMENT_3D('',#6486,#13,#45);
#6490=ADVANCED_FACE('',(#6491),#6501,.T.);
#6491=FACE_BOUND('',#6492,.T.);
#6492=EDGE_LOOP('',(#2372,#6493,#6500));
#6493=ORIENTED_EDGE('',*,*,#6494,.F.);
#6494=EDGE_CURVE('',#6495,#2374,#6497,.T.);
#6495=VERTEX_POINT('',#6496);
#6496=CARTESIAN_POINT('',(1.285879139105E-17,-3.14949554359E-33,-1.E-02));
#6497=CIRCLE('',#6498,0.21);
#6498=AXIS2_PLACEMENT_3D('',#6499,#3235,#3236);
#6499=CARTESIAN_POINT('',(0.,0.,0.2));
#6500=ORIENTED_EDGE('',*,*,#6494,.T.);
#6501=SPHERICAL_SURFACE('',#6502,0.21);
#6502=AXIS2_PLACEMENT_3D('',#6499,#13,#45);
#6503=ADVANCED_FACE('',(#6504),#6514,.T.);
#6504=FACE_BOUND('',#6505,.T.);
#6505=EDGE_LOOP('',(#2381,#6506,#6513));
#6506=ORIENTED_EDGE('',*,*,#6507,.F.);
#6507=EDGE_CURVE('',#6508,#2383,#6510,.T.);
#6508=VERTEX_POINT('',#6509);
#6509=CARTESIAN_POINT('',(1.285879139105E-17,0.65,-1.E-02));
#6510=CIRCLE('',#6511,0.21);
#6511=AXIS2_PLACEMENT_3D('',#6512,#3235,#3236);
#6512=CARTESIAN_POINT('',(0.,0.65,0.2));
#6513=ORIENTED_EDGE('',*,*,#6507,.T.);
#6514=SPHERICAL_SURFACE('',#6515,0.21);
#6515=AXIS2_PLACEMENT_3D('',#6512,#13,#45);
#6516=ADVANCED_FACE('',(#6517),#6527,.T.);
#6517=FACE_BOUND('',#6518,.T.);
#6518=EDGE_LOOP('',(#2390,#6519,#6526));
#6519=ORIENTED_EDGE('',*,*,#6520,.F.);
#6520=EDGE_CURVE('',#6521,#2392,#6523,.T.);
#6521=VERTEX_POINT('',#6522);
#6522=CARTESIAN_POINT('',(0.65,0.65,-1.E-02));
#6523=CIRCLE('',#6524,0.21);
#6524=AXIS2_PLACEMENT_3D('',#6525,#3235,#3236);
#6525=CARTESIAN_POINT('',(0.65,0.65,0.2));
#6526=ORIENTED_EDGE('',*,*,#6520,.T.);
#6527=SPHERICAL_SURFACE('',#6528,0.21);
#6528=AXIS2_PLACEMENT_3D('',#6525,#13,#45);
#6529=ADVANCED_FACE('',(#6530),#6540,.T.);
#6530=FACE_BOUND('',#6531,.T.);
#6531=EDGE_LOOP('',(#2399,#6532,#6539));
#6532=ORIENTED_EDGE('',*,*,#6533,.F.);
#6533=EDGE_CURVE('',#6534,#2401,#6536,.T.);
#6534=VERTEX_POINT('',#6535);
#6535=CARTESIAN_POINT('',(1.3,-3.14949554359E-33,-1.E-02));
#6536=CIRCLE('',#6537,0.21);
#6537=AXIS2_PLACEMENT_3D('',#6538,#3235,#3236);
#6538=CARTESIAN_POINT('',(1.3,0.,0.2));
#6539=ORIENTED_EDGE('',*,*,#6533,.T.);
#6540=SPHERICAL_SURFACE('',#6541,0.21);
#6541=AXIS2_PLACEMENT_3D('',#6538,#13,#45);
#6542=ADVANCED_FACE('',(#6543),#6553,.T.);
#6543=FACE_BOUND('',#6544,.T.);
#6544=EDGE_LOOP('',(#2408,#6545,#6552));
#6545=ORIENTED_EDGE('',*,*,#6546,.F.);
#6546=EDGE_CURVE('',#6547,#2410,#6549,.T.);
#6547=VERTEX_POINT('',#6548);
#6548=CARTESIAN_POINT('',(1.3,0.65,-1.E-02));
#6549=CIRCLE('',#6550,0.21);
#6550=AXIS2_PLACEMENT_3D('',#6551,#3235,#3236);
#6551=CARTESIAN_POINT('',(1.3,0.65,0.2));
#6552=ORIENTED_EDGE('',*,*,#6546,.T.);
#6553=SPHERICAL_SURFACE('',#6554,0.21);
#6554=AXIS2_PLACEMENT_3D('',#6551,#13,#45);
#6555=ADVANCED_FACE('',(#6556),#6566,.T.);
#6556=FACE_BOUND('',#6557,.T.);
#6557=EDGE_LOOP('',(#2417,#6558,#6565));
#6558=ORIENTED_EDGE('',*,*,#6559,.F.);
#6559=EDGE_CURVE('',#6560,#2419,#6562,.T.);
#6560=VERTEX_POINT('',#6561);
#6561=CARTESIAN_POINT('',(1.285879139105E-17,1.3,-1.E-02));
#6562=CIRCLE('',#6563,0.21);
#6563=AXIS2_PLACEMENT_3D('',#6564,#3235,#3236);
#6564=CARTESIAN_POINT('',(0.,1.3,0.2));
#6565=ORIENTED_EDGE('',*,*,#6559,.T.);
#6566=SPHERICAL_SURFACE('',#6567,0.21);
#6567=AXIS2_PLACEMENT_3D('',#6564,#13,#45);
#6568=ADVANCED_FACE('',(#6569),#6579,.T.);
#6569=FACE_BOUND('',#6570,.T.);
#6570=EDGE_LOOP('',(#2426,#6571,#6578));
#6571=ORIENTED_EDGE('',*,*,#6572,.F.);
#6572=EDGE_CURVE('',#6573,#2428,#6575,.T.);
#6573=VERTEX_POINT('',#6574);
#6574=CARTESIAN_POINT('',(0.65,1.3,-1.E-02));
#6575=CIRCLE('',#6576,0.21);
#6576=AXIS2_PLACEMENT_3D('',#6577,#3235,#3236);
#6577=CARTESIAN_POINT('',(0.65,1.3,0.2));
#6578=ORIENTED_EDGE('',*,*,#6572,.T.);
#6579=SPHERICAL_SURFACE('',#6580,0.21);
#6580=AXIS2_PLACEMENT_3D('',#6577,#13,#45);
#6581=ADVANCED_FACE('',(#6582),#6592,.T.);
#6582=FACE_BOUND('',#6583,.T.);
#6583=EDGE_LOOP('',(#2435,#6584,#6591));
#6584=ORIENTED_EDGE('',*,*,#6585,.F.);
#6585=EDGE_CURVE('',#6586,#2437,#6588,.T.);
#6586=VERTEX_POINT('',#6587);
#6587=CARTESIAN_POINT('',(1.3,1.3,-1.E-02));
#6588=CIRCLE('',#6589,0.21);
#6589=AXIS2_PLACEMENT_3D('',#6590,#3235,#3236);
#6590=CARTESIAN_POINT('',(1.3,1.3,0.2));
#6591=ORIENTED_EDGE('',*,*,#6585,.T.);
#6592=SPHERICAL_SURFACE('',#6593,0.21);
#6593=AXIS2_PLACEMENT_3D('',#6590,#13,#45);
#6594=ADVANCED_FACE('',(#6595),#6605,.T.);
#6595=FACE_BOUND('',#6596,.T.);
#6596=EDGE_LOOP('',(#2444,#6597,#6604));
#6597=ORIENTED_EDGE('',*,*,#6598,.F.);
#6598=EDGE_CURVE('',#6599,#2446,#6601,.T.);
#6599=VERTEX_POINT('',#6600);
#6600=CARTESIAN_POINT('',(1.95,-3.14949554359E-33,-1.E-02));
#6601=CIRCLE('',#6602,0.21);
#6602=AXIS2_PLACEMENT_3D('',#6603,#3235,#3236);
#6603=CARTESIAN_POINT('',(1.95,0.,0.2));
#6604=ORIENTED_EDGE('',*,*,#6598,.T.);
#6605=SPHERICAL_SURFACE('',#6606,0.21);
#6606=AXIS2_PLACEMENT_3D('',#6603,#13,#45);
#6607=ADVANCED_FACE('',(#6608),#6618,.T.);
#6608=FACE_BOUND('',#6609,.T.);
#6609=EDGE_LOOP('',(#2453,#6610,#6617));
#6610=ORIENTED_EDGE('',*,*,#6611,.F.);
#6611=EDGE_CURVE('',#6612,#2455,#6614,.T.);
#6612=VERTEX_POINT('',#6613);
#6613=CARTESIAN_POINT('',(1.95,0.65,-1.E-02));
#6614=CIRCLE('',#6615,0.21);
#6615=AXIS2_PLACEMENT_3D('',#6616,#3235,#3236);
#6616=CARTESIAN_POINT('',(1.95,0.65,0.2));
#6617=ORIENTED_EDGE('',*,*,#6611,.T.);
#6618=SPHERICAL_SURFACE('',#6619,0.21);
#6619=AXIS2_PLACEMENT_3D('',#6616,#13,#45);
#6620=ADVANCED_FACE('',(#6621),#6631,.T.);
#6621=FACE_BOUND('',#6622,.T.);
#6622=EDGE_LOOP('',(#2462,#6623,#6630));
#6623=ORIENTED_EDGE('',*,*,#6624,.F.);
#6624=EDGE_CURVE('',#6625,#2464,#6627,.T.);
#6625=VERTEX_POINT('',#6626);
#6626=CARTESIAN_POINT('',(2.6,-3.14949554359E-33,-1.E-02));
#6627=CIRCLE('',#6628,0.21);
#6628=AXIS2_PLACEMENT_3D('',#6629,#3235,#3236);
#6629=CARTESIAN_POINT('',(2.6,0.,0.2));
#6630=ORIENTED_EDGE('',*,*,#6624,.T.);
#6631=SPHERICAL_SURFACE('',#6632,0.21);
#6632=AXIS2_PLACEMENT_3D('',#6629,#13,#45);
#6633=ADVANCED_FACE('',(#6634),#6644,.T.);
#6634=FACE_BOUND('',#6635,.T.);
#6635=EDGE_LOOP('',(#2471,#6636,#6643));
#6636=ORIENTED_EDGE('',*,*,#6637,.F.);
#6637=EDGE_CURVE('',#6638,#2473,#6640,.T.);
#6638=VERTEX_POINT('',#6639);
#6639=CARTESIAN_POINT('',(2.6,0.65,-1.E-02));
#6640=CIRCLE('',#6641,0.21);
#6641=AXIS2_PLACEMENT_3D('',#6642,#3235,#3236);
#6642=CARTESIAN_POINT('',(2.6,0.65,0.2));
#6643=ORIENTED_EDGE('',*,*,#6637,.T.);
#6644=SPHERICAL_SURFACE('',#6645,0.21);
#6645=AXIS2_PLACEMENT_3D('',#6642,#13,#45);
#6646=ADVANCED_FACE('',(#6647),#6657,.T.);
#6647=FACE_BOUND('',#6648,.T.);
#6648=EDGE_LOOP('',(#2480,#6649,#6656));
#6649=ORIENTED_EDGE('',*,*,#6650,.F.);
#6650=EDGE_CURVE('',#6651,#2482,#6653,.T.);
#6651=VERTEX_POINT('',#6652);
#6652=CARTESIAN_POINT('',(1.95,1.3,-1.E-02));
#6653=CIRCLE('',#6654,0.21);
#6654=AXIS2_PLACEMENT_3D('',#6655,#3235,#3236);
#6655=CARTESIAN_POINT('',(1.95,1.3,0.2));
#6656=ORIENTED_EDGE('',*,*,#6650,.T.);
#6657=SPHERICAL_SURFACE('',#6658,0.21);
#6658=AXIS2_PLACEMENT_3D('',#6655,#13,#45);
#6659=ADVANCED_FACE('',(#6660),#6670,.T.);
#6660=FACE_BOUND('',#6661,.T.);
#6661=EDGE_LOOP('',(#2489,#6662,#6669));
#6662=ORIENTED_EDGE('',*,*,#6663,.F.);
#6663=EDGE_CURVE('',#6664,#2491,#6666,.T.);
#6664=VERTEX_POINT('',#6665);
#6665=CARTESIAN_POINT('',(2.6,1.3,-1.E-02));
#6666=CIRCLE('',#6667,0.21);
#6667=AXIS2_PLACEMENT_3D('',#6668,#3235,#3236);
#6668=CARTESIAN_POINT('',(2.6,1.3,0.2));
#6669=ORIENTED_EDGE('',*,*,#6663,.T.);
#6670=SPHERICAL_SURFACE('',#6671,0.21);
#6671=AXIS2_PLACEMENT_3D('',#6668,#13,#45);
#6672=ADVANCED_FACE('',(#6673),#6683,.T.);
#6673=FACE_BOUND('',#6674,.T.);
#6674=EDGE_LOOP('',(#2498,#6675,#6682));
#6675=ORIENTED_EDGE('',*,*,#6676,.F.);
#6676=EDGE_CURVE('',#6677,#2500,#6679,.T.);
#6677=VERTEX_POINT('',#6678);
#6678=CARTESIAN_POINT('',(3.25,1.3,-1.E-02));
#6679=CIRCLE('',#6680,0.21);
#6680=AXIS2_PLACEMENT_3D('',#6681,#3235,#3236);
#6681=CARTESIAN_POINT('',(3.25,1.3,0.2));
#6682=ORIENTED_EDGE('',*,*,#6676,.T.);
#6683=SPHERICAL_SURFACE('',#6684,0.21);
#6684=AXIS2_PLACEMENT_3D('',#6681,#13,#45);
#6685=ADVANCED_FACE('',(#6686),#6696,.T.);
#6686=FACE_BOUND('',#6687,.T.);
#6687=EDGE_LOOP('',(#2507,#6688,#6695));
#6688=ORIENTED_EDGE('',*,*,#6689,.F.);
#6689=EDGE_CURVE('',#6690,#2509,#6692,.T.);
#6690=VERTEX_POINT('',#6691);
#6691=CARTESIAN_POINT('',(1.285879139105E-17,1.95,-1.E-02));
#6692=CIRCLE('',#6693,0.21);
#6693=AXIS2_PLACEMENT_3D('',#6694,#3235,#3236);
#6694=CARTESIAN_POINT('',(0.,1.95,0.2));
#6695=ORIENTED_EDGE('',*,*,#6689,.T.);
#6696=SPHERICAL_SURFACE('',#6697,0.21);
#6697=AXIS2_PLACEMENT_3D('',#6694,#13,#45);
#6698=ADVANCED_FACE('',(#6699),#6709,.T.);
#6699=FACE_BOUND('',#6700,.T.);
#6700=EDGE_LOOP('',(#2516,#6701,#6708));
#6701=ORIENTED_EDGE('',*,*,#6702,.F.);
#6702=EDGE_CURVE('',#6703,#2518,#6705,.T.);
#6703=VERTEX_POINT('',#6704);
#6704=CARTESIAN_POINT('',(0.65,1.95,-1.E-02));
#6705=CIRCLE('',#6706,0.21);
#6706=AXIS2_PLACEMENT_3D('',#6707,#3235,#3236);
#6707=CARTESIAN_POINT('',(0.65,1.95,0.2));
#6708=ORIENTED_EDGE('',*,*,#6702,.T.);
#6709=SPHERICAL_SURFACE('',#6710,0.21);
#6710=AXIS2_PLACEMENT_3D('',#6707,#13,#45);
#6711=ADVANCED_FACE('',(#6712),#6722,.T.);
#6712=FACE_BOUND('',#6713,.T.);
#6713=EDGE_LOOP('',(#2525,#6714,#6721));
#6714=ORIENTED_EDGE('',*,*,#6715,.F.);
#6715=EDGE_CURVE('',#6716,#2527,#6718,.T.);
#6716=VERTEX_POINT('',#6717);
#6717=CARTESIAN_POINT('',(1.3,1.95,-1.E-02));
#6718=CIRCLE('',#6719,0.21);
#6719=AXIS2_PLACEMENT_3D('',#6720,#3235,#3236);
#6720=CARTESIAN_POINT('',(1.3,1.95,0.2));
#6721=ORIENTED_EDGE('',*,*,#6715,.T.);
#6722=SPHERICAL_SURFACE('',#6723,0.21);
#6723=AXIS2_PLACEMENT_3D('',#6720,#13,#45);
#6724=ADVANCED_FACE('',(#6725),#6735,.T.);
#6725=FACE_BOUND('',#6726,.T.);
#6726=EDGE_LOOP('',(#2534,#6727,#6734));
#6727=ORIENTED_EDGE('',*,*,#6728,.F.);
#6728=EDGE_CURVE('',#6729,#2536,#6731,.T.);
#6729=VERTEX_POINT('',#6730);
#6730=CARTESIAN_POINT('',(1.285879139105E-17,2.6,-1.E-02));
#6731=CIRCLE('',#6732,0.21);
#6732=AXIS2_PLACEMENT_3D('',#6733,#3235,#3236);
#6733=CARTESIAN_POINT('',(0.,2.6,0.2));
#6734=ORIENTED_EDGE('',*,*,#6728,.T.);
#6735=SPHERICAL_SURFACE('',#6736,0.21);
#6736=AXIS2_PLACEMENT_3D('',#6733,#13,#45);
#6737=ADVANCED_FACE('',(#6738),#6748,.T.);
#6738=FACE_BOUND('',#6739,.T.);
#6739=EDGE_LOOP('',(#2543,#6740,#6747));
#6740=ORIENTED_EDGE('',*,*,#6741,.F.);
#6741=EDGE_CURVE('',#6742,#2545,#6744,.T.);
#6742=VERTEX_POINT('',#6743);
#6743=CARTESIAN_POINT('',(0.65,2.6,-1.E-02));
#6744=CIRCLE('',#6745,0.21);
#6745=AXIS2_PLACEMENT_3D('',#6746,#3235,#3236);
#6746=CARTESIAN_POINT('',(0.65,2.6,0.2));
#6747=ORIENTED_EDGE('',*,*,#6741,.T.);
#6748=SPHERICAL_SURFACE('',#6749,0.21);
#6749=AXIS2_PLACEMENT_3D('',#6746,#13,#45);
#6750=ADVANCED_FACE('',(#6751),#6761,.T.);
#6751=FACE_BOUND('',#6752,.T.);
#6752=EDGE_LOOP('',(#2552,#6753,#6760));
#6753=ORIENTED_EDGE('',*,*,#6754,.F.);
#6754=EDGE_CURVE('',#6755,#2554,#6757,.T.);
#6755=VERTEX_POINT('',#6756);
#6756=CARTESIAN_POINT('',(1.3,2.6,-1.E-02));
#6757=CIRCLE('',#6758,0.21);
#6758=AXIS2_PLACEMENT_3D('',#6759,#3235,#3236);
#6759=CARTESIAN_POINT('',(1.3,2.6,0.2));
#6760=ORIENTED_EDGE('',*,*,#6754,.T.);
#6761=SPHERICAL_SURFACE('',#6762,0.21);
#6762=AXIS2_PLACEMENT_3D('',#6759,#13,#45);
#6763=ADVANCED_FACE('',(#6764),#6774,.T.);
#6764=FACE_BOUND('',#6765,.T.);
#6765=EDGE_LOOP('',(#2561,#6766,#6773));
#6766=ORIENTED_EDGE('',*,*,#6767,.F.);
#6767=EDGE_CURVE('',#6768,#2563,#6770,.T.);
#6768=VERTEX_POINT('',#6769);
#6769=CARTESIAN_POINT('',(1.3,3.25,-1.E-02));
#6770=CIRCLE('',#6771,0.21);
#6771=AXIS2_PLACEMENT_3D('',#6772,#3235,#3236);
#6772=CARTESIAN_POINT('',(1.3,3.25,0.2));
#6773=ORIENTED_EDGE('',*,*,#6767,.T.);
#6774=SPHERICAL_SURFACE('',#6775,0.21);
#6775=AXIS2_PLACEMENT_3D('',#6772,#13,#45);
#6776=ADVANCED_FACE('',(#6777),#6787,.T.);
#6777=FACE_BOUND('',#6778,.T.);
#6778=EDGE_LOOP('',(#2570,#6779,#6786));
#6779=ORIENTED_EDGE('',*,*,#6780,.F.);
#6780=EDGE_CURVE('',#6781,#2572,#6783,.T.);
#6781=VERTEX_POINT('',#6782);
#6782=CARTESIAN_POINT('',(1.95,1.95,-1.E-02));
#6783=CIRCLE('',#6784,0.21);
#6784=AXIS2_PLACEMENT_3D('',#6785,#3235,#3236);
#6785=CARTESIAN_POINT('',(1.95,1.95,0.2));
#6786=ORIENTED_EDGE('',*,*,#6780,.T.);
#6787=SPHERICAL_SURFACE('',#6788,0.21);
#6788=AXIS2_PLACEMENT_3D('',#6785,#13,#45);
#6789=ADVANCED_FACE('',(#6790),#6800,.T.);
#6790=FACE_BOUND('',#6791,.T.);
#6791=EDGE_LOOP('',(#2579,#6792,#6799));
#6792=ORIENTED_EDGE('',*,*,#6793,.F.);
#6793=EDGE_CURVE('',#6794,#2581,#6796,.T.);
#6794=VERTEX_POINT('',#6795);
#6795=CARTESIAN_POINT('',(2.6,1.95,-1.E-02));
#6796=CIRCLE('',#6797,0.21);
#6797=AXIS2_PLACEMENT_3D('',#6798,#3235,#3236);
#6798=CARTESIAN_POINT('',(2.6,1.95,0.2));
#6799=ORIENTED_EDGE('',*,*,#6793,.T.);
#6800=SPHERICAL_SURFACE('',#6801,0.21);
#6801=AXIS2_PLACEMENT_3D('',#6798,#13,#45);
#6802=ADVANCED_FACE('',(#6803),#6813,.T.);
#6803=FACE_BOUND('',#6804,.T.);
#6804=EDGE_LOOP('',(#2588,#6805,#6812));
#6805=ORIENTED_EDGE('',*,*,#6806,.F.);
#6806=EDGE_CURVE('',#6807,#2590,#6809,.T.);
#6807=VERTEX_POINT('',#6808);
#6808=CARTESIAN_POINT('',(3.25,1.95,-1.E-02));
#6809=CIRCLE('',#6810,0.21);
#6810=AXIS2_PLACEMENT_3D('',#6811,#3235,#3236);
#6811=CARTESIAN_POINT('',(3.25,1.95,0.2));
#6812=ORIENTED_EDGE('',*,*,#6806,.T.);
#6813=SPHERICAL_SURFACE('',#6814,0.21);
#6814=AXIS2_PLACEMENT_3D('',#6811,#13,#45);
#6815=ADVANCED_FACE('',(#6816),#6826,.T.);
#6816=FACE_BOUND('',#6817,.T.);
#6817=EDGE_LOOP('',(#2597,#6818,#6825));
#6818=ORIENTED_EDGE('',*,*,#6819,.F.);
#6819=EDGE_CURVE('',#6820,#2599,#6822,.T.);
#6820=VERTEX_POINT('',#6821);
#6821=CARTESIAN_POINT('',(1.95,2.6,-1.E-02));
#6822=CIRCLE('',#6823,0.21);
#6823=AXIS2_PLACEMENT_3D('',#6824,#3235,#3236);
#6824=CARTESIAN_POINT('',(1.95,2.6,0.2));
#6825=ORIENTED_EDGE('',*,*,#6819,.T.);
#6826=SPHERICAL_SURFACE('',#6827,0.21);
#6827=AXIS2_PLACEMENT_3D('',#6824,#13,#45);
#6828=ADVANCED_FACE('',(#6829),#6839,.T.);
#6829=FACE_BOUND('',#6830,.T.);
#6830=EDGE_LOOP('',(#2606,#6831,#6838));
#6831=ORIENTED_EDGE('',*,*,#6832,.F.);
#6832=EDGE_CURVE('',#6833,#2608,#6835,.T.);
#6833=VERTEX_POINT('',#6834);
#6834=CARTESIAN_POINT('',(1.95,3.25,-1.E-02));
#6835=CIRCLE('',#6836,0.21);
#6836=AXIS2_PLACEMENT_3D('',#6837,#3235,#3236);
#6837=CARTESIAN_POINT('',(1.95,3.25,0.2));
#6838=ORIENTED_EDGE('',*,*,#6832,.T.);
#6839=SPHERICAL_SURFACE('',#6840,0.21);
#6840=AXIS2_PLACEMENT_3D('',#6837,#13,#45);
#6841=ADVANCED_FACE('',(#6842),#6852,.T.);
#6842=FACE_BOUND('',#6843,.T.);
#6843=EDGE_LOOP('',(#2615,#6844,#6851));
#6844=ORIENTED_EDGE('',*,*,#6845,.F.);
#6845=EDGE_CURVE('',#6846,#2617,#6848,.T.);
#6846=VERTEX_POINT('',#6847);
#6847=CARTESIAN_POINT('',(2.6,2.6,-1.E-02));
#6848=CIRCLE('',#6849,0.21);
#6849=AXIS2_PLACEMENT_3D('',#6850,#3235,#3236);
#6850=CARTESIAN_POINT('',(2.6,2.6,0.2));
#6851=ORIENTED_EDGE('',*,*,#6845,.T.);
#6852=SPHERICAL_SURFACE('',#6853,0.21);
#6853=AXIS2_PLACEMENT_3D('',#6850,#13,#45);
#6854=ADVANCED_FACE('',(#6855),#6865,.T.);
#6855=FACE_BOUND('',#6856,.T.);
#6856=EDGE_LOOP('',(#2624,#6857,#6864));
#6857=ORIENTED_EDGE('',*,*,#6858,.F.);
#6858=EDGE_CURVE('',#6859,#2626,#6861,.T.);
#6859=VERTEX_POINT('',#6860);
#6860=CARTESIAN_POINT('',(3.25,2.6,-1.E-02));
#6861=CIRCLE('',#6862,0.21);
#6862=AXIS2_PLACEMENT_3D('',#6863,#3235,#3236);
#6863=CARTESIAN_POINT('',(3.25,2.6,0.2));
#6864=ORIENTED_EDGE('',*,*,#6858,.T.);
#6865=SPHERICAL_SURFACE('',#6866,0.21);
#6866=AXIS2_PLACEMENT_3D('',#6863,#13,#45);
#6867=ADVANCED_FACE('',(#6868),#6878,.T.);
#6868=FACE_BOUND('',#6869,.T.);
#6869=EDGE_LOOP('',(#2633,#6870,#6877));
#6870=ORIENTED_EDGE('',*,*,#6871,.F.);
#6871=EDGE_CURVE('',#6872,#2635,#6874,.T.);
#6872=VERTEX_POINT('',#6873);
#6873=CARTESIAN_POINT('',(2.6,3.25,-1.E-02));
#6874=CIRCLE('',#6875,0.21);
#6875=AXIS2_PLACEMENT_3D('',#6876,#3235,#3236);
#6876=CARTESIAN_POINT('',(2.6,3.25,0.2));
#6877=ORIENTED_EDGE('',*,*,#6871,.T.);
#6878=SPHERICAL_SURFACE('',#6879,0.21);
#6879=AXIS2_PLACEMENT_3D('',#6876,#13,#45);
#6880=ADVANCED_FACE('',(#6881),#6891,.T.);
#6881=FACE_BOUND('',#6882,.T.);
#6882=EDGE_LOOP('',(#2642,#6883,#6890));
#6883=ORIENTED_EDGE('',*,*,#6884,.F.);
#6884=EDGE_CURVE('',#6885,#2644,#6887,.T.);
#6885=VERTEX_POINT('',#6886);
#6886=CARTESIAN_POINT('',(3.25,3.25,-1.E-02));
#6887=CIRCLE('',#6888,0.21);
#6888=AXIS2_PLACEMENT_3D('',#6889,#3235,#3236);
#6889=CARTESIAN_POINT('',(3.25,3.25,0.2));
#6890=ORIENTED_EDGE('',*,*,#6884,.T.);
#6891=SPHERICAL_SURFACE('',#6892,0.21);
#6892=AXIS2_PLACEMENT_3D('',#6889,#13,#45);
#6893=ADVANCED_FACE('',(#6894),#6904,.T.);
#6894=FACE_BOUND('',#6895,.T.);
#6895=EDGE_LOOP('',(#2651,#6896,#6903));
#6896=ORIENTED_EDGE('',*,*,#6897,.F.);
#6897=EDGE_CURVE('',#6898,#2653,#6900,.T.);
#6898=VERTEX_POINT('',#6899);
#6899=CARTESIAN_POINT('',(4.55,1.3,-1.E-02));
#6900=CIRCLE('',#6901,0.21);
#6901=AXIS2_PLACEMENT_3D('',#6902,#3235,#3236);
#6902=CARTESIAN_POINT('',(4.55,1.3,0.2));
#6903=ORIENTED_EDGE('',*,*,#6897,.T.);
#6904=SPHERICAL_SURFACE('',#6905,0.21);
#6905=AXIS2_PLACEMENT_3D('',#6902,#13,#45);
#6906=ADVANCED_FACE('',(#6907),#6917,.T.);
#6907=FACE_BOUND('',#6908,.T.);
#6908=EDGE_LOOP('',(#2660,#6909,#6916));
#6909=ORIENTED_EDGE('',*,*,#6910,.F.);
#6910=EDGE_CURVE('',#6911,#2662,#6913,.T.);
#6911=VERTEX_POINT('',#6912);
#6912=CARTESIAN_POINT('',(5.2,-3.14949554359E-33,-1.E-02));
#6913=CIRCLE('',#6914,0.21);
#6914=AXIS2_PLACEMENT_3D('',#6915,#3235,#3236);
#6915=CARTESIAN_POINT('',(5.2,0.,0.2));
#6916=ORIENTED_EDGE('',*,*,#6910,.T.);
#6917=SPHERICAL_SURFACE('',#6918,0.21);
#6918=AXIS2_PLACEMENT_3D('',#6915,#13,#45);
#6919=ADVANCED_FACE('',(#6920),#6930,.T.);
#6920=FACE_BOUND('',#6921,.T.);
#6921=EDGE_LOOP('',(#2669,#6922,#6929));
#6922=ORIENTED_EDGE('',*,*,#6923,.F.);
#6923=EDGE_CURVE('',#6924,#2671,#6926,.T.);
#6924=VERTEX_POINT('',#6925);
#6925=CARTESIAN_POINT('',(6.5,-3.14949554359E-33,-1.E-02));
#6926=CIRCLE('',#6927,0.21);
#6927=AXIS2_PLACEMENT_3D('',#6928,#3235,#3236);
#6928=CARTESIAN_POINT('',(6.5,0.,0.2));
#6929=ORIENTED_EDGE('',*,*,#6923,.T.);
#6930=SPHERICAL_SURFACE('',#6931,0.21);
#6931=AXIS2_PLACEMENT_3D('',#6928,#13,#45);
#6932=ADVANCED_FACE('',(#6933),#6943,.T.);
#6933=FACE_BOUND('',#6934,.T.);
#6934=EDGE_LOOP('',(#2678,#6935,#6942));
#6935=ORIENTED_EDGE('',*,*,#6936,.F.);
#6936=EDGE_CURVE('',#6937,#2680,#6939,.T.);
#6937=VERTEX_POINT('',#6938);
#6938=CARTESIAN_POINT('',(5.85,1.3,-1.E-02));
#6939=CIRCLE('',#6940,0.21);
#6940=AXIS2_PLACEMENT_3D('',#6941,#3235,#3236);
#6941=CARTESIAN_POINT('',(5.85,1.3,0.2));
#6942=ORIENTED_EDGE('',*,*,#6936,.T.);
#6943=SPHERICAL_SURFACE('',#6944,0.21);
#6944=AXIS2_PLACEMENT_3D('',#6941,#13,#45);
#6945=ADVANCED_FACE('',(#6946),#6956,.T.);
#6946=FACE_BOUND('',#6947,.T.);
#6947=EDGE_LOOP('',(#2687,#6948,#6955));
#6948=ORIENTED_EDGE('',*,*,#6949,.F.);
#6949=EDGE_CURVE('',#6950,#2689,#6952,.T.);
#6950=VERTEX_POINT('',#6951);
#6951=CARTESIAN_POINT('',(6.5,1.3,-1.E-02));
#6952=CIRCLE('',#6953,0.21);
#6953=AXIS2_PLACEMENT_3D('',#6954,#3235,#3236);
#6954=CARTESIAN_POINT('',(6.5,1.3,0.2));
#6955=ORIENTED_EDGE('',*,*,#6949,.T.);
#6956=SPHERICAL_SURFACE('',#6957,0.21);
#6957=AXIS2_PLACEMENT_3D('',#6954,#13,#45);
#6958=ADVANCED_FACE('',(#6959),#6969,.T.);
#6959=FACE_BOUND('',#6960,.T.);
#6960=EDGE_LOOP('',(#2696,#6961,#6968));
#6961=ORIENTED_EDGE('',*,*,#6962,.F.);
#6962=EDGE_CURVE('',#6963,#2698,#6965,.T.);
#6963=VERTEX_POINT('',#6964);
#6964=CARTESIAN_POINT('',(3.9,1.95,-1.E-02));
#6965=CIRCLE('',#6966,0.21);
#6966=AXIS2_PLACEMENT_3D('',#6967,#3235,#3236);
#6967=CARTESIAN_POINT('',(3.9,1.95,0.2));
#6968=ORIENTED_EDGE('',*,*,#6962,.T.);
#6969=SPHERICAL_SURFACE('',#6970,0.21);
#6970=AXIS2_PLACEMENT_3D('',#6967,#13,#45);
#6971=ADVANCED_FACE('',(#6972),#6982,.T.);
#6972=FACE_BOUND('',#6973,.T.);
#6973=EDGE_LOOP('',(#2705,#6974,#6981));
#6974=ORIENTED_EDGE('',*,*,#6975,.F.);
#6975=EDGE_CURVE('',#6976,#2707,#6978,.T.);
#6976=VERTEX_POINT('',#6977);
#6977=CARTESIAN_POINT('',(4.55,1.95,-1.E-02));
#6978=CIRCLE('',#6979,0.21);
#6979=AXIS2_PLACEMENT_3D('',#6980,#3235,#3236);
#6980=CARTESIAN_POINT('',(4.55,1.95,0.2));
#6981=ORIENTED_EDGE('',*,*,#6975,.T.);
#6982=SPHERICAL_SURFACE('',#6983,0.21);
#6983=AXIS2_PLACEMENT_3D('',#6980,#13,#45);
#6984=ADVANCED_FACE('',(#6985),#6995,.T.);
#6985=FACE_BOUND('',#6986,.T.);
#6986=EDGE_LOOP('',(#2714,#6987,#6994));
#6987=ORIENTED_EDGE('',*,*,#6988,.F.);
#6988=EDGE_CURVE('',#6989,#2716,#6991,.T.);
#6989=VERTEX_POINT('',#6990);
#6990=CARTESIAN_POINT('',(3.9,2.6,-1.E-02));
#6991=CIRCLE('',#6992,0.21);
#6992=AXIS2_PLACEMENT_3D('',#6993,#3235,#3236);
#6993=CARTESIAN_POINT('',(3.9,2.6,0.2));
#6994=ORIENTED_EDGE('',*,*,#6988,.T.);
#6995=SPHERICAL_SURFACE('',#6996,0.21);
#6996=AXIS2_PLACEMENT_3D('',#6993,#13,#45);
#6997=ADVANCED_FACE('',(#6998),#7008,.T.);
#6998=FACE_BOUND('',#6999,.T.);
#6999=EDGE_LOOP('',(#2723,#7000,#7007));
#7000=ORIENTED_EDGE('',*,*,#7001,.F.);
#7001=EDGE_CURVE('',#7002,#2725,#7004,.T.);
#7002=VERTEX_POINT('',#7003);
#7003=CARTESIAN_POINT('',(3.9,3.25,-1.E-02));
#7004=CIRCLE('',#7005,0.21);
#7005=AXIS2_PLACEMENT_3D('',#7006,#3235,#3236);
#7006=CARTESIAN_POINT('',(3.9,3.25,0.2));
#7007=ORIENTED_EDGE('',*,*,#7001,.T.);
#7008=SPHERICAL_SURFACE('',#7009,0.21);
#7009=AXIS2_PLACEMENT_3D('',#7006,#13,#45);
#7010=ADVANCED_FACE('',(#7011),#7021,.T.);
#7011=FACE_BOUND('',#7012,.T.);
#7012=EDGE_LOOP('',(#2732,#7013,#7020));
#7013=ORIENTED_EDGE('',*,*,#7014,.F.);
#7014=EDGE_CURVE('',#7015,#2734,#7017,.T.);
#7015=VERTEX_POINT('',#7016);
#7016=CARTESIAN_POINT('',(4.55,2.6,-1.E-02));
#7017=CIRCLE('',#7018,0.21);
#7018=AXIS2_PLACEMENT_3D('',#7019,#3235,#3236);
#7019=CARTESIAN_POINT('',(4.55,2.6,0.2));
#7020=ORIENTED_EDGE('',*,*,#7014,.T.);
#7021=SPHERICAL_SURFACE('',#7022,0.21);
#7022=AXIS2_PLACEMENT_3D('',#7019,#13,#45);
#7023=ADVANCED_FACE('',(#7024),#7034,.T.);
#7024=FACE_BOUND('',#7025,.T.);
#7025=EDGE_LOOP('',(#2741,#7026,#7033));
#7026=ORIENTED_EDGE('',*,*,#7027,.F.);
#7027=EDGE_CURVE('',#7028,#2743,#7030,.T.);
#7028=VERTEX_POINT('',#7029);
#7029=CARTESIAN_POINT('',(4.55,3.25,-1.E-02));
#7030=CIRCLE('',#7031,0.21);
#7031=AXIS2_PLACEMENT_3D('',#7032,#3235,#3236);
#7032=CARTESIAN_POINT('',(4.55,3.25,0.2));
#7033=ORIENTED_EDGE('',*,*,#7027,.T.);
#7034=SPHERICAL_SURFACE('',#7035,0.21);
#7035=AXIS2_PLACEMENT_3D('',#7032,#13,#45);
#7036=ADVANCED_FACE('',(#7037),#7047,.T.);
#7037=FACE_BOUND('',#7038,.T.);
#7038=EDGE_LOOP('',(#2750,#7039,#7046));
#7039=ORIENTED_EDGE('',*,*,#7040,.F.);
#7040=EDGE_CURVE('',#7041,#2752,#7043,.T.);
#7041=VERTEX_POINT('',#7042);
#7042=CARTESIAN_POINT('',(5.2,1.95,-1.E-02));
#7043=CIRCLE('',#7044,0.21);
#7044=AXIS2_PLACEMENT_3D('',#7045,#3235,#3236);
#7045=CARTESIAN_POINT('',(5.2,1.95,0.2));
#7046=ORIENTED_EDGE('',*,*,#7040,.T.);
#7047=SPHERICAL_SURFACE('',#7048,0.21);
#7048=AXIS2_PLACEMENT_3D('',#7045,#13,#45);
#7049=ADVANCED_FACE('',(#7050),#7060,.T.);
#7050=FACE_BOUND('',#7051,.T.);
#7051=EDGE_LOOP('',(#2759,#7052,#7059));
#7052=ORIENTED_EDGE('',*,*,#7053,.F.);
#7053=EDGE_CURVE('',#7054,#2761,#7056,.T.);
#7054=VERTEX_POINT('',#7055);
#7055=CARTESIAN_POINT('',(6.5,1.95,-1.E-02));
#7056=CIRCLE('',#7057,0.21);
#7057=AXIS2_PLACEMENT_3D('',#7058,#3235,#3236);
#7058=CARTESIAN_POINT('',(6.5,1.95,0.2));
#7059=ORIENTED_EDGE('',*,*,#7053,.T.);
#7060=SPHERICAL_SURFACE('',#7061,0.21);
#7061=AXIS2_PLACEMENT_3D('',#7058,#13,#45);
#7062=ADVANCED_FACE('',(#7063),#7073,.T.);
#7063=FACE_BOUND('',#7064,.T.);
#7064=EDGE_LOOP('',(#2768,#7065,#7072));
#7065=ORIENTED_EDGE('',*,*,#7066,.F.);
#7066=EDGE_CURVE('',#7067,#2770,#7069,.T.);
#7067=VERTEX_POINT('',#7068);
#7068=CARTESIAN_POINT('',(5.2,2.6,-1.E-02));
#7069=CIRCLE('',#7070,0.21);
#7070=AXIS2_PLACEMENT_3D('',#7071,#3235,#3236);
#7071=CARTESIAN_POINT('',(5.2,2.6,0.2));
#7072=ORIENTED_EDGE('',*,*,#7066,.T.);
#7073=SPHERICAL_SURFACE('',#7074,0.21);
#7074=AXIS2_PLACEMENT_3D('',#7071,#13,#45);
#7075=ADVANCED_FACE('',(#7076),#7086,.T.);
#7076=FACE_BOUND('',#7077,.T.);
#7077=EDGE_LOOP('',(#2777,#7078,#7085));
#7078=ORIENTED_EDGE('',*,*,#7079,.F.);
#7079=EDGE_CURVE('',#7080,#2779,#7082,.T.);
#7080=VERTEX_POINT('',#7081);
#7081=CARTESIAN_POINT('',(5.2,3.25,-1.E-02));
#7082=CIRCLE('',#7083,0.21);
#7083=AXIS2_PLACEMENT_3D('',#7084,#3235,#3236);
#7084=CARTESIAN_POINT('',(5.2,3.25,0.2));
#7085=ORIENTED_EDGE('',*,*,#7079,.T.);
#7086=SPHERICAL_SURFACE('',#7087,0.21);
#7087=AXIS2_PLACEMENT_3D('',#7084,#13,#45);
#7088=ADVANCED_FACE('',(#7089),#7099,.T.);
#7089=FACE_BOUND('',#7090,.T.);
#7090=EDGE_LOOP('',(#2786,#7091,#7098));
#7091=ORIENTED_EDGE('',*,*,#7092,.F.);
#7092=EDGE_CURVE('',#7093,#2788,#7095,.T.);
#7093=VERTEX_POINT('',#7094);
#7094=CARTESIAN_POINT('',(5.85,2.6,-1.E-02));
#7095=CIRCLE('',#7096,0.21);
#7096=AXIS2_PLACEMENT_3D('',#7097,#3235,#3236);
#7097=CARTESIAN_POINT('',(5.85,2.6,0.2));
#7098=ORIENTED_EDGE('',*,*,#7092,.T.);
#7099=SPHERICAL_SURFACE('',#7100,0.21);
#7100=AXIS2_PLACEMENT_3D('',#7097,#13,#45);
#7101=ADVANCED_FACE('',(#7102),#7112,.T.);
#7102=FACE_BOUND('',#7103,.T.);
#7103=EDGE_LOOP('',(#2795,#7104,#7111));
#7104=ORIENTED_EDGE('',*,*,#7105,.F.);
#7105=EDGE_CURVE('',#7106,#2797,#7108,.T.);
#7106=VERTEX_POINT('',#7107);
#7107=CARTESIAN_POINT('',(6.5,2.6,-1.E-02));
#7108=CIRCLE('',#7109,0.21);
#7109=AXIS2_PLACEMENT_3D('',#7110,#3235,#3236);
#7110=CARTESIAN_POINT('',(6.5,2.6,0.2));
#7111=ORIENTED_EDGE('',*,*,#7105,.T.);
#7112=SPHERICAL_SURFACE('',#7113,0.21);
#7113=AXIS2_PLACEMENT_3D('',#7110,#13,#45);
#7114=ADVANCED_FACE('',(#7115),#7125,.T.);
#7115=FACE_BOUND('',#7116,.T.);
#7116=EDGE_LOOP('',(#2804,#7117,#7124));
#7117=ORIENTED_EDGE('',*,*,#7118,.F.);
#7118=EDGE_CURVE('',#7119,#2806,#7121,.T.);
#7119=VERTEX_POINT('',#7120);
#7120=CARTESIAN_POINT('',(5.85,3.25,-1.E-02));
#7121=CIRCLE('',#7122,0.21);
#7122=AXIS2_PLACEMENT_3D('',#7123,#3235,#3236);
#7123=CARTESIAN_POINT('',(5.85,3.25,0.2));
#7124=ORIENTED_EDGE('',*,*,#7118,.T.);
#7125=SPHERICAL_SURFACE('',#7126,0.21);
#7126=AXIS2_PLACEMENT_3D('',#7123,#13,#45);
#7127=ADVANCED_FACE('',(#7128),#7138,.T.);
#7128=FACE_BOUND('',#7129,.T.);
#7129=EDGE_LOOP('',(#2813,#7130,#7137));
#7130=ORIENTED_EDGE('',*,*,#7131,.F.);
#7131=EDGE_CURVE('',#7132,#2815,#7134,.T.);
#7132=VERTEX_POINT('',#7133);
#7133=CARTESIAN_POINT('',(6.5,3.25,-1.E-02));
#7134=CIRCLE('',#7135,0.21);
#7135=AXIS2_PLACEMENT_3D('',#7136,#3235,#3236);
#7136=CARTESIAN_POINT('',(6.5,3.25,0.2));
#7137=ORIENTED_EDGE('',*,*,#7131,.T.);
#7138=SPHERICAL_SURFACE('',#7139,0.21);
#7139=AXIS2_PLACEMENT_3D('',#7136,#13,#45);
#7140=ADVANCED_FACE('',(#7141),#7151,.T.);
#7141=FACE_BOUND('',#7142,.T.);
#7142=EDGE_LOOP('',(#2822,#7143,#7150));
#7143=ORIENTED_EDGE('',*,*,#7144,.F.);
#7144=EDGE_CURVE('',#7145,#2824,#7147,.T.);
#7145=VERTEX_POINT('',#7146);
#7146=CARTESIAN_POINT('',(1.3,4.55,-1.E-02));
#7147=CIRCLE('',#7148,0.21);
#7148=AXIS2_PLACEMENT_3D('',#7149,#3235,#3236);
#7149=CARTESIAN_POINT('',(1.3,4.55,0.2));
#7150=ORIENTED_EDGE('',*,*,#7144,.T.);
#7151=SPHERICAL_SURFACE('',#7152,0.21);
#7152=AXIS2_PLACEMENT_3D('',#7149,#13,#45);
#7153=ADVANCED_FACE('',(#7154),#7164,.T.);
#7154=FACE_BOUND('',#7155,.T.);
#7155=EDGE_LOOP('',(#2831,#7156,#7163));
#7156=ORIENTED_EDGE('',*,*,#7157,.F.);
#7157=EDGE_CURVE('',#7158,#2833,#7160,.T.);
#7158=VERTEX_POINT('',#7159);
#7159=CARTESIAN_POINT('',(1.95,3.9,-1.E-02));
#7160=CIRCLE('',#7161,0.21);
#7161=AXIS2_PLACEMENT_3D('',#7162,#3235,#3236);
#7162=CARTESIAN_POINT('',(1.95,3.9,0.2));
#7163=ORIENTED_EDGE('',*,*,#7157,.T.);
#7164=SPHERICAL_SURFACE('',#7165,0.21);
#7165=AXIS2_PLACEMENT_3D('',#7162,#13,#45);
#7166=ADVANCED_FACE('',(#7167),#7177,.T.);
#7167=FACE_BOUND('',#7168,.T.);
#7168=EDGE_LOOP('',(#2840,#7169,#7176));
#7169=ORIENTED_EDGE('',*,*,#7170,.F.);
#7170=EDGE_CURVE('',#7171,#2842,#7173,.T.);
#7171=VERTEX_POINT('',#7172);
#7172=CARTESIAN_POINT('',(2.6,3.9,-1.E-02));
#7173=CIRCLE('',#7174,0.21);
#7174=AXIS2_PLACEMENT_3D('',#7175,#3235,#3236);
#7175=CARTESIAN_POINT('',(2.6,3.9,0.2));
#7176=ORIENTED_EDGE('',*,*,#7170,.T.);
#7177=SPHERICAL_SURFACE('',#7178,0.21);
#7178=AXIS2_PLACEMENT_3D('',#7175,#13,#45);
#7179=ADVANCED_FACE('',(#7180),#7190,.T.);
#7180=FACE_BOUND('',#7181,.T.);
#7181=EDGE_LOOP('',(#2849,#7182,#7189));
#7182=ORIENTED_EDGE('',*,*,#7183,.F.);
#7183=EDGE_CURVE('',#7184,#2851,#7186,.T.);
#7184=VERTEX_POINT('',#7185);
#7185=CARTESIAN_POINT('',(3.25,3.9,-1.E-02));
#7186=CIRCLE('',#7187,0.21);
#7187=AXIS2_PLACEMENT_3D('',#7188,#3235,#3236);
#7188=CARTESIAN_POINT('',(3.25,3.9,0.2));
#7189=ORIENTED_EDGE('',*,*,#7183,.T.);
#7190=SPHERICAL_SURFACE('',#7191,0.21);
#7191=AXIS2_PLACEMENT_3D('',#7188,#13,#45);
#7192=ADVANCED_FACE('',(#7193),#7203,.T.);
#7193=FACE_BOUND('',#7194,.T.);
#7194=EDGE_LOOP('',(#2858,#7195,#7202));
#7195=ORIENTED_EDGE('',*,*,#7196,.F.);
#7196=EDGE_CURVE('',#7197,#2860,#7199,.T.);
#7197=VERTEX_POINT('',#7198);
#7198=CARTESIAN_POINT('',(1.95,4.55,-1.E-02));
#7199=CIRCLE('',#7200,0.21);
#7200=AXIS2_PLACEMENT_3D('',#7201,#3235,#3236);
#7201=CARTESIAN_POINT('',(1.95,4.55,0.2));
#7202=ORIENTED_EDGE('',*,*,#7196,.T.);
#7203=SPHERICAL_SURFACE('',#7204,0.21);
#7204=AXIS2_PLACEMENT_3D('',#7201,#13,#45);
#7205=ADVANCED_FACE('',(#7206),#7216,.T.);
#7206=FACE_BOUND('',#7207,.T.);
#7207=EDGE_LOOP('',(#2867,#7208,#7215));
#7208=ORIENTED_EDGE('',*,*,#7209,.F.);
#7209=EDGE_CURVE('',#7210,#2869,#7212,.T.);
#7210=VERTEX_POINT('',#7211);
#7211=CARTESIAN_POINT('',(2.6,4.55,-1.E-02));
#7212=CIRCLE('',#7213,0.21);
#7213=AXIS2_PLACEMENT_3D('',#7214,#3235,#3236);
#7214=CARTESIAN_POINT('',(2.6,4.55,0.2));
#7215=ORIENTED_EDGE('',*,*,#7209,.T.);
#7216=SPHERICAL_SURFACE('',#7217,0.21);
#7217=AXIS2_PLACEMENT_3D('',#7214,#13,#45);
#7218=ADVANCED_FACE('',(#7219),#7229,.T.);
#7219=FACE_BOUND('',#7220,.T.);
#7220=EDGE_LOOP('',(#2876,#7221,#7228));
#7221=ORIENTED_EDGE('',*,*,#7222,.F.);
#7222=EDGE_CURVE('',#7223,#2878,#7225,.T.);
#7223=VERTEX_POINT('',#7224);
#7224=CARTESIAN_POINT('',(3.25,4.55,-1.E-02));
#7225=CIRCLE('',#7226,0.21);
#7226=AXIS2_PLACEMENT_3D('',#7227,#3235,#3236);
#7227=CARTESIAN_POINT('',(3.25,4.55,0.2));
#7228=ORIENTED_EDGE('',*,*,#7222,.T.);
#7229=SPHERICAL_SURFACE('',#7230,0.21);
#7230=AXIS2_PLACEMENT_3D('',#7227,#13,#45);
#7231=ADVANCED_FACE('',(#7232),#7242,.T.);
#7232=FACE_BOUND('',#7233,.T.);
#7233=EDGE_LOOP('',(#2885,#7234,#7241));
#7234=ORIENTED_EDGE('',*,*,#7235,.F.);
#7235=EDGE_CURVE('',#7236,#2887,#7238,.T.);
#7236=VERTEX_POINT('',#7237);
#7237=CARTESIAN_POINT('',(1.285879139105E-17,5.2,-1.E-02));
#7238=CIRCLE('',#7239,0.21);
#7239=AXIS2_PLACEMENT_3D('',#7240,#3235,#3236);
#7240=CARTESIAN_POINT('',(0.,5.2,0.2));
#7241=ORIENTED_EDGE('',*,*,#7235,.T.);
#7242=SPHERICAL_SURFACE('',#7243,0.21);
#7243=AXIS2_PLACEMENT_3D('',#7240,#13,#45);
#7244=ADVANCED_FACE('',(#7245),#7255,.T.);
#7245=FACE_BOUND('',#7246,.T.);
#7246=EDGE_LOOP('',(#2894,#7247,#7254));
#7247=ORIENTED_EDGE('',*,*,#7248,.F.);
#7248=EDGE_CURVE('',#7249,#2896,#7251,.T.);
#7249=VERTEX_POINT('',#7250);
#7250=CARTESIAN_POINT('',(1.285879139105E-17,6.5,-1.E-02));
#7251=CIRCLE('',#7252,0.21);
#7252=AXIS2_PLACEMENT_3D('',#7253,#3235,#3236);
#7253=CARTESIAN_POINT('',(0.,6.5,0.2));
#7254=ORIENTED_EDGE('',*,*,#7248,.T.);
#7255=SPHERICAL_SURFACE('',#7256,0.21);
#7256=AXIS2_PLACEMENT_3D('',#7253,#13,#45);
#7257=ADVANCED_FACE('',(#7258),#7268,.T.);
#7258=FACE_BOUND('',#7259,.T.);
#7259=EDGE_LOOP('',(#2903,#7260,#7267));
#7260=ORIENTED_EDGE('',*,*,#7261,.F.);
#7261=EDGE_CURVE('',#7262,#2905,#7264,.T.);
#7262=VERTEX_POINT('',#7263);
#7263=CARTESIAN_POINT('',(1.3,5.85,-1.E-02));
#7264=CIRCLE('',#7265,0.21);
#7265=AXIS2_PLACEMENT_3D('',#7266,#3235,#3236);
#7266=CARTESIAN_POINT('',(1.3,5.85,0.2));
#7267=ORIENTED_EDGE('',*,*,#7261,.T.);
#7268=SPHERICAL_SURFACE('',#7269,0.21);
#7269=AXIS2_PLACEMENT_3D('',#7266,#13,#45);
#7270=ADVANCED_FACE('',(#7271),#7281,.T.);
#7271=FACE_BOUND('',#7272,.T.);
#7272=EDGE_LOOP('',(#2912,#7273,#7280));
#7273=ORIENTED_EDGE('',*,*,#7274,.F.);
#7274=EDGE_CURVE('',#7275,#2914,#7277,.T.);
#7275=VERTEX_POINT('',#7276);
#7276=CARTESIAN_POINT('',(1.3,6.5,-1.E-02));
#7277=CIRCLE('',#7278,0.21);
#7278=AXIS2_PLACEMENT_3D('',#7279,#3235,#3236);
#7279=CARTESIAN_POINT('',(1.3,6.5,0.2));
#7280=ORIENTED_EDGE('',*,*,#7274,.T.);
#7281=SPHERICAL_SURFACE('',#7282,0.21);
#7282=AXIS2_PLACEMENT_3D('',#7279,#13,#45);
#7283=ADVANCED_FACE('',(#7284),#7294,.T.);
#7284=FACE_BOUND('',#7285,.T.);
#7285=EDGE_LOOP('',(#2921,#7286,#7293));
#7286=ORIENTED_EDGE('',*,*,#7287,.F.);
#7287=EDGE_CURVE('',#7288,#2923,#7290,.T.);
#7288=VERTEX_POINT('',#7289);
#7289=CARTESIAN_POINT('',(1.95,5.2,-1.E-02));
#7290=CIRCLE('',#7291,0.21);
#7291=AXIS2_PLACEMENT_3D('',#7292,#3235,#3236);
#7292=CARTESIAN_POINT('',(1.95,5.2,0.2));
#7293=ORIENTED_EDGE('',*,*,#7287,.T.);
#7294=SPHERICAL_SURFACE('',#7295,0.21);
#7295=AXIS2_PLACEMENT_3D('',#7292,#13,#45);
#7296=ADVANCED_FACE('',(#7297),#7307,.T.);
#7297=FACE_BOUND('',#7298,.T.);
#7298=EDGE_LOOP('',(#2930,#7299,#7306));
#7299=ORIENTED_EDGE('',*,*,#7300,.F.);
#7300=EDGE_CURVE('',#7301,#2932,#7303,.T.);
#7301=VERTEX_POINT('',#7302);
#7302=CARTESIAN_POINT('',(2.6,5.2,-1.E-02));
#7303=CIRCLE('',#7304,0.21);
#7304=AXIS2_PLACEMENT_3D('',#7305,#3235,#3236);
#7305=CARTESIAN_POINT('',(2.6,5.2,0.2));
#7306=ORIENTED_EDGE('',*,*,#7300,.T.);
#7307=SPHERICAL_SURFACE('',#7308,0.21);
#7308=AXIS2_PLACEMENT_3D('',#7305,#13,#45);
#7309=ADVANCED_FACE('',(#7310),#7320,.T.);
#7310=FACE_BOUND('',#7311,.T.);
#7311=EDGE_LOOP('',(#2939,#7312,#7319));
#7312=ORIENTED_EDGE('',*,*,#7313,.F.);
#7313=EDGE_CURVE('',#7314,#2941,#7316,.T.);
#7314=VERTEX_POINT('',#7315);
#7315=CARTESIAN_POINT('',(3.25,5.2,-1.E-02));
#7316=CIRCLE('',#7317,0.21);
#7317=AXIS2_PLACEMENT_3D('',#7318,#3235,#3236);
#7318=CARTESIAN_POINT('',(3.25,5.2,0.2));
#7319=ORIENTED_EDGE('',*,*,#7313,.T.);
#7320=SPHERICAL_SURFACE('',#7321,0.21);
#7321=AXIS2_PLACEMENT_3D('',#7318,#13,#45);
#7322=ADVANCED_FACE('',(#7323),#7333,.T.);
#7323=FACE_BOUND('',#7324,.T.);
#7324=EDGE_LOOP('',(#2948,#7325,#7332));
#7325=ORIENTED_EDGE('',*,*,#7326,.F.);
#7326=EDGE_CURVE('',#7327,#2950,#7329,.T.);
#7327=VERTEX_POINT('',#7328);
#7328=CARTESIAN_POINT('',(1.95,6.5,-1.E-02));
#7329=CIRCLE('',#7330,0.21);
#7330=AXIS2_PLACEMENT_3D('',#7331,#3235,#3236);
#7331=CARTESIAN_POINT('',(1.95,6.5,0.2));
#7332=ORIENTED_EDGE('',*,*,#7326,.T.);
#7333=SPHERICAL_SURFACE('',#7334,0.21);
#7334=AXIS2_PLACEMENT_3D('',#7331,#13,#45);
#7335=ADVANCED_FACE('',(#7336),#7346,.T.);
#7336=FACE_BOUND('',#7337,.T.);
#7337=EDGE_LOOP('',(#2957,#7338,#7345));
#7338=ORIENTED_EDGE('',*,*,#7339,.F.);
#7339=EDGE_CURVE('',#7340,#2959,#7342,.T.);
#7340=VERTEX_POINT('',#7341);
#7341=CARTESIAN_POINT('',(2.6,5.85,-1.E-02));
#7342=CIRCLE('',#7343,0.21);
#7343=AXIS2_PLACEMENT_3D('',#7344,#3235,#3236);
#7344=CARTESIAN_POINT('',(2.6,5.85,0.2));
#7345=ORIENTED_EDGE('',*,*,#7339,.T.);
#7346=SPHERICAL_SURFACE('',#7347,0.21);
#7347=AXIS2_PLACEMENT_3D('',#7344,#13,#45);
#7348=ADVANCED_FACE('',(#7349),#7359,.T.);
#7349=FACE_BOUND('',#7350,.T.);
#7350=EDGE_LOOP('',(#2966,#7351,#7358));
#7351=ORIENTED_EDGE('',*,*,#7352,.F.);
#7352=EDGE_CURVE('',#7353,#2968,#7355,.T.);
#7353=VERTEX_POINT('',#7354);
#7354=CARTESIAN_POINT('',(3.25,5.85,-1.E-02));
#7355=CIRCLE('',#7356,0.21);
#7356=AXIS2_PLACEMENT_3D('',#7357,#3235,#3236);
#7357=CARTESIAN_POINT('',(3.25,5.85,0.2));
#7358=ORIENTED_EDGE('',*,*,#7352,.T.);
#7359=SPHERICAL_SURFACE('',#7360,0.21);
#7360=AXIS2_PLACEMENT_3D('',#7357,#13,#45);
#7361=ADVANCED_FACE('',(#7362),#7372,.T.);
#7362=FACE_BOUND('',#7363,.T.);
#7363=EDGE_LOOP('',(#2975,#7364,#7371));
#7364=ORIENTED_EDGE('',*,*,#7365,.F.);
#7365=EDGE_CURVE('',#7366,#2977,#7368,.T.);
#7366=VERTEX_POINT('',#7367);
#7367=CARTESIAN_POINT('',(2.6,6.5,-1.E-02));
#7368=CIRCLE('',#7369,0.21);
#7369=AXIS2_PLACEMENT_3D('',#7370,#3235,#3236);
#7370=CARTESIAN_POINT('',(2.6,6.5,0.2));
#7371=ORIENTED_EDGE('',*,*,#7365,.T.);
#7372=SPHERICAL_SURFACE('',#7373,0.21);
#7373=AXIS2_PLACEMENT_3D('',#7370,#13,#45);
#7374=ADVANCED_FACE('',(#7375),#7385,.T.);
#7375=FACE_BOUND('',#7376,.T.);
#7376=EDGE_LOOP('',(#2984,#7377,#7384));
#7377=ORIENTED_EDGE('',*,*,#7378,.F.);
#7378=EDGE_CURVE('',#7379,#2986,#7381,.T.);
#7379=VERTEX_POINT('',#7380);
#7380=CARTESIAN_POINT('',(3.25,6.5,-1.E-02));
#7381=CIRCLE('',#7382,0.21);
#7382=AXIS2_PLACEMENT_3D('',#7383,#3235,#3236);
#7383=CARTESIAN_POINT('',(3.25,6.5,0.2));
#7384=ORIENTED_EDGE('',*,*,#7378,.T.);
#7385=SPHERICAL_SURFACE('',#7386,0.21);
#7386=AXIS2_PLACEMENT_3D('',#7383,#13,#45);
#7387=ADVANCED_FACE('',(#7388),#7398,.T.);
#7388=FACE_BOUND('',#7389,.T.);
#7389=EDGE_LOOP('',(#2993,#7390,#7397));
#7390=ORIENTED_EDGE('',*,*,#7391,.F.);
#7391=EDGE_CURVE('',#7392,#2995,#7394,.T.);
#7392=VERTEX_POINT('',#7393);
#7393=CARTESIAN_POINT('',(3.9,3.9,-1.E-02));
#7394=CIRCLE('',#7395,0.21);
#7395=AXIS2_PLACEMENT_3D('',#7396,#3235,#3236);
#7396=CARTESIAN_POINT('',(3.9,3.9,0.2));
#7397=ORIENTED_EDGE('',*,*,#7391,.T.);
#7398=SPHERICAL_SURFACE('',#7399,0.21);
#7399=AXIS2_PLACEMENT_3D('',#7396,#13,#45);
#7400=ADVANCED_FACE('',(#7401),#7411,.T.);
#7401=FACE_BOUND('',#7402,.T.);
#7402=EDGE_LOOP('',(#3002,#7403,#7410));
#7403=ORIENTED_EDGE('',*,*,#7404,.F.);
#7404=EDGE_CURVE('',#7405,#3004,#7407,.T.);
#7405=VERTEX_POINT('',#7406);
#7406=CARTESIAN_POINT('',(4.55,3.9,-1.E-02));
#7407=CIRCLE('',#7408,0.21);
#7408=AXIS2_PLACEMENT_3D('',#7409,#3235,#3236);
#7409=CARTESIAN_POINT('',(4.55,3.9,0.2));
#7410=ORIENTED_EDGE('',*,*,#7404,.T.);
#7411=SPHERICAL_SURFACE('',#7412,0.21);
#7412=AXIS2_PLACEMENT_3D('',#7409,#13,#45);
#7413=ADVANCED_FACE('',(#7414),#7424,.T.);
#7414=FACE_BOUND('',#7415,.T.);
#7415=EDGE_LOOP('',(#3011,#7416,#7423));
#7416=ORIENTED_EDGE('',*,*,#7417,.F.);
#7417=EDGE_CURVE('',#7418,#3013,#7420,.T.);
#7418=VERTEX_POINT('',#7419);
#7419=CARTESIAN_POINT('',(3.9,4.55,-1.E-02));
#7420=CIRCLE('',#7421,0.21);
#7421=AXIS2_PLACEMENT_3D('',#7422,#3235,#3236);
#7422=CARTESIAN_POINT('',(3.9,4.55,0.2));
#7423=ORIENTED_EDGE('',*,*,#7417,.T.);
#7424=SPHERICAL_SURFACE('',#7425,0.21);
#7425=AXIS2_PLACEMENT_3D('',#7422,#13,#45);
#7426=ADVANCED_FACE('',(#7427),#7437,.T.);
#7427=FACE_BOUND('',#7428,.T.);
#7428=EDGE_LOOP('',(#3020,#7429,#7436));
#7429=ORIENTED_EDGE('',*,*,#7430,.F.);
#7430=EDGE_CURVE('',#7431,#3022,#7433,.T.);
#7431=VERTEX_POINT('',#7432);
#7432=CARTESIAN_POINT('',(4.55,4.55,-1.E-02));
#7433=CIRCLE('',#7434,0.21);
#7434=AXIS2_PLACEMENT_3D('',#7435,#3235,#3236);
#7435=CARTESIAN_POINT('',(4.55,4.55,0.2));
#7436=ORIENTED_EDGE('',*,*,#7430,.T.);
#7437=SPHERICAL_SURFACE('',#7438,0.21);
#7438=AXIS2_PLACEMENT_3D('',#7435,#13,#45);
#7439=ADVANCED_FACE('',(#7440),#7450,.T.);
#7440=FACE_BOUND('',#7441,.T.);
#7441=EDGE_LOOP('',(#3029,#7442,#7449));
#7442=ORIENTED_EDGE('',*,*,#7443,.F.);
#7443=EDGE_CURVE('',#7444,#3031,#7446,.T.);
#7444=VERTEX_POINT('',#7445);
#7445=CARTESIAN_POINT('',(5.2,3.9,-1.E-02));
#7446=CIRCLE('',#7447,0.21);
#7447=AXIS2_PLACEMENT_3D('',#7448,#3235,#3236);
#7448=CARTESIAN_POINT('',(5.2,3.9,0.2));
#7449=ORIENTED_EDGE('',*,*,#7443,.T.);
#7450=SPHERICAL_SURFACE('',#7451,0.21);
#7451=AXIS2_PLACEMENT_3D('',#7448,#13,#45);
#7452=ADVANCED_FACE('',(#7453),#7463,.T.);
#7453=FACE_BOUND('',#7454,.T.);
#7454=EDGE_LOOP('',(#3038,#7455,#7462));
#7455=ORIENTED_EDGE('',*,*,#7456,.F.);
#7456=EDGE_CURVE('',#7457,#3040,#7459,.T.);
#7457=VERTEX_POINT('',#7458);
#7458=CARTESIAN_POINT('',(6.5,3.9,-1.E-02));
#7459=CIRCLE('',#7460,0.21);
#7460=AXIS2_PLACEMENT_3D('',#7461,#3235,#3236);
#7461=CARTESIAN_POINT('',(6.5,3.9,0.2));
#7462=ORIENTED_EDGE('',*,*,#7456,.T.);
#7463=SPHERICAL_SURFACE('',#7464,0.21);
#7464=AXIS2_PLACEMENT_3D('',#7461,#13,#45);
#7465=ADVANCED_FACE('',(#7466),#7476,.T.);
#7466=FACE_BOUND('',#7467,.T.);
#7467=EDGE_LOOP('',(#3047,#7468,#7475));
#7468=ORIENTED_EDGE('',*,*,#7469,.F.);
#7469=EDGE_CURVE('',#7470,#3049,#7472,.T.);
#7470=VERTEX_POINT('',#7471);
#7471=CARTESIAN_POINT('',(5.2,4.55,-1.E-02));
#7472=CIRCLE('',#7473,0.21);
#7473=AXIS2_PLACEMENT_3D('',#7474,#3235,#3236);
#7474=CARTESIAN_POINT('',(5.2,4.55,0.2));
#7475=ORIENTED_EDGE('',*,*,#7469,.T.);
#7476=SPHERICAL_SURFACE('',#7477,0.21);
#7477=AXIS2_PLACEMENT_3D('',#7474,#13,#45);
#7478=ADVANCED_FACE('',(#7479),#7489,.T.);
#7479=FACE_BOUND('',#7480,.T.);
#7480=EDGE_LOOP('',(#3056,#7481,#7488));
#7481=ORIENTED_EDGE('',*,*,#7482,.F.);
#7482=EDGE_CURVE('',#7483,#3058,#7485,.T.);
#7483=VERTEX_POINT('',#7484);
#7484=CARTESIAN_POINT('',(5.85,4.55,-1.E-02));
#7485=CIRCLE('',#7486,0.21);
#7486=AXIS2_PLACEMENT_3D('',#7487,#3235,#3236);
#7487=CARTESIAN_POINT('',(5.85,4.55,0.2));
#7488=ORIENTED_EDGE('',*,*,#7482,.T.);
#7489=SPHERICAL_SURFACE('',#7490,0.21);
#7490=AXIS2_PLACEMENT_3D('',#7487,#13,#45);
#7491=ADVANCED_FACE('',(#7492),#7502,.T.);
#7492=FACE_BOUND('',#7493,.T.);
#7493=EDGE_LOOP('',(#3065,#7494,#7501));
#7494=ORIENTED_EDGE('',*,*,#7495,.F.);
#7495=EDGE_CURVE('',#7496,#3067,#7498,.T.);
#7496=VERTEX_POINT('',#7497);
#7497=CARTESIAN_POINT('',(6.5,4.55,-1.E-02));
#7498=CIRCLE('',#7499,0.21);
#7499=AXIS2_PLACEMENT_3D('',#7500,#3235,#3236);
#7500=CARTESIAN_POINT('',(6.5,4.55,0.2));
#7501=ORIENTED_EDGE('',*,*,#7495,.T.);
#7502=SPHERICAL_SURFACE('',#7503,0.21);
#7503=AXIS2_PLACEMENT_3D('',#7500,#13,#45);
#7504=ADVANCED_FACE('',(#7505),#7515,.T.);
#7505=FACE_BOUND('',#7506,.T.);
#7506=EDGE_LOOP('',(#3074,#7507,#7514));
#7507=ORIENTED_EDGE('',*,*,#7508,.F.);
#7508=EDGE_CURVE('',#7509,#3076,#7511,.T.);
#7509=VERTEX_POINT('',#7510);
#7510=CARTESIAN_POINT('',(3.9,5.2,-1.E-02));
#7511=CIRCLE('',#7512,0.21);
#7512=AXIS2_PLACEMENT_3D('',#7513,#3235,#3236);
#7513=CARTESIAN_POINT('',(3.9,5.2,0.2));
#7514=ORIENTED_EDGE('',*,*,#7508,.T.);
#7515=SPHERICAL_SURFACE('',#7516,0.21);
#7516=AXIS2_PLACEMENT_3D('',#7513,#13,#45);
#7517=ADVANCED_FACE('',(#7518),#7528,.T.);
#7518=FACE_BOUND('',#7519,.T.);
#7519=EDGE_LOOP('',(#3083,#7520,#7527));
#7520=ORIENTED_EDGE('',*,*,#7521,.F.);
#7521=EDGE_CURVE('',#7522,#3085,#7524,.T.);
#7522=VERTEX_POINT('',#7523);
#7523=CARTESIAN_POINT('',(4.55,5.2,-1.E-02));
#7524=CIRCLE('',#7525,0.21);
#7525=AXIS2_PLACEMENT_3D('',#7526,#3235,#3236);
#7526=CARTESIAN_POINT('',(4.55,5.2,0.2));
#7527=ORIENTED_EDGE('',*,*,#7521,.T.);
#7528=SPHERICAL_SURFACE('',#7529,0.21);
#7529=AXIS2_PLACEMENT_3D('',#7526,#13,#45);
#7530=ADVANCED_FACE('',(#7531),#7541,.T.);
#7531=FACE_BOUND('',#7532,.T.);
#7532=EDGE_LOOP('',(#3092,#7533,#7540));
#7533=ORIENTED_EDGE('',*,*,#7534,.F.);
#7534=EDGE_CURVE('',#7535,#3094,#7537,.T.);
#7535=VERTEX_POINT('',#7536);
#7536=CARTESIAN_POINT('',(3.9,6.5,-1.E-02));
#7537=CIRCLE('',#7538,0.21);
#7538=AXIS2_PLACEMENT_3D('',#7539,#3235,#3236);
#7539=CARTESIAN_POINT('',(3.9,6.5,0.2));
#7540=ORIENTED_EDGE('',*,*,#7534,.T.);
#7541=SPHERICAL_SURFACE('',#7542,0.21);
#7542=AXIS2_PLACEMENT_3D('',#7539,#13,#45);
#7543=ADVANCED_FACE('',(#7544),#7554,.T.);
#7544=FACE_BOUND('',#7545,.T.);
#7545=EDGE_LOOP('',(#3101,#7546,#7553));
#7546=ORIENTED_EDGE('',*,*,#7547,.F.);
#7547=EDGE_CURVE('',#7548,#3103,#7550,.T.);
#7548=VERTEX_POINT('',#7549);
#7549=CARTESIAN_POINT('',(4.55,5.85,-1.E-02));
#7550=CIRCLE('',#7551,0.21);
#7551=AXIS2_PLACEMENT_3D('',#7552,#3235,#3236);
#7552=CARTESIAN_POINT('',(4.55,5.85,0.2));
#7553=ORIENTED_EDGE('',*,*,#7547,.T.);
#7554=SPHERICAL_SURFACE('',#7555,0.21);
#7555=AXIS2_PLACEMENT_3D('',#7552,#13,#45);
#7556=ADVANCED_FACE('',(#7557),#7567,.T.);
#7557=FACE_BOUND('',#7558,.T.);
#7558=EDGE_LOOP('',(#3110,#7559,#7566));
#7559=ORIENTED_EDGE('',*,*,#7560,.F.);
#7560=EDGE_CURVE('',#7561,#3112,#7563,.T.);
#7561=VERTEX_POINT('',#7562);
#7562=CARTESIAN_POINT('',(4.55,6.5,-1.E-02));
#7563=CIRCLE('',#7564,0.21);
#7564=AXIS2_PLACEMENT_3D('',#7565,#3235,#3236);
#7565=CARTESIAN_POINT('',(4.55,6.5,0.2));
#7566=ORIENTED_EDGE('',*,*,#7560,.T.);
#7567=SPHERICAL_SURFACE('',#7568,0.21);
#7568=AXIS2_PLACEMENT_3D('',#7565,#13,#45);
#7569=ADVANCED_FACE('',(#7570),#7580,.T.);
#7570=FACE_BOUND('',#7571,.T.);
#7571=EDGE_LOOP('',(#3119,#7572,#7579));
#7572=ORIENTED_EDGE('',*,*,#7573,.F.);
#7573=EDGE_CURVE('',#7574,#3121,#7576,.T.);
#7574=VERTEX_POINT('',#7575);
#7575=CARTESIAN_POINT('',(5.2,5.2,-1.E-02));
#7576=CIRCLE('',#7577,0.21);
#7577=AXIS2_PLACEMENT_3D('',#7578,#3235,#3236);
#7578=CARTESIAN_POINT('',(5.2,5.2,0.2));
#7579=ORIENTED_EDGE('',*,*,#7573,.T.);
#7580=SPHERICAL_SURFACE('',#7581,0.21);
#7581=AXIS2_PLACEMENT_3D('',#7578,#13,#45);
#7582=ADVANCED_FACE('',(#7583),#7593,.T.);
#7583=FACE_BOUND('',#7584,.T.);
#7584=EDGE_LOOP('',(#3128,#7585,#7592));
#7585=ORIENTED_EDGE('',*,*,#7586,.F.);
#7586=EDGE_CURVE('',#7587,#3130,#7589,.T.);
#7587=VERTEX_POINT('',#7588);
#7588=CARTESIAN_POINT('',(5.85,5.2,-1.E-02));
#7589=CIRCLE('',#7590,0.21);
#7590=AXIS2_PLACEMENT_3D('',#7591,#3235,#3236);
#7591=CARTESIAN_POINT('',(5.85,5.2,0.2));
#7592=ORIENTED_EDGE('',*,*,#7586,.T.);
#7593=SPHERICAL_SURFACE('',#7594,0.21);
#7594=AXIS2_PLACEMENT_3D('',#7591,#13,#45);
#7595=ADVANCED_FACE('',(#7596),#7606,.T.);
#7596=FACE_BOUND('',#7597,.T.);
#7597=EDGE_LOOP('',(#3137,#7598,#7605));
#7598=ORIENTED_EDGE('',*,*,#7599,.F.);
#7599=EDGE_CURVE('',#7600,#3139,#7602,.T.);
#7600=VERTEX_POINT('',#7601);
#7601=CARTESIAN_POINT('',(6.5,5.2,-1.E-02));
#7602=CIRCLE('',#7603,0.21);
#7603=AXIS2_PLACEMENT_3D('',#7604,#3235,#3236);
#7604=CARTESIAN_POINT('',(6.5,5.2,0.2));
#7605=ORIENTED_EDGE('',*,*,#7599,.T.);
#7606=SPHERICAL_SURFACE('',#7607,0.21);
#7607=AXIS2_PLACEMENT_3D('',#7604,#13,#45);
#7608=ADVANCED_FACE('',(#7609),#7619,.T.);
#7609=FACE_BOUND('',#7610,.T.);
#7610=EDGE_LOOP('',(#3146,#7611,#7618));
#7611=ORIENTED_EDGE('',*,*,#7612,.F.);
#7612=EDGE_CURVE('',#7613,#3148,#7615,.T.);
#7613=VERTEX_POINT('',#7614);
#7614=CARTESIAN_POINT('',(5.2,5.85,-1.E-02));
#7615=CIRCLE('',#7616,0.21);
#7616=AXIS2_PLACEMENT_3D('',#7617,#3235,#3236);
#7617=CARTESIAN_POINT('',(5.2,5.85,0.2));
#7618=ORIENTED_EDGE('',*,*,#7612,.T.);
#7619=SPHERICAL_SURFACE('',#7620,0.21);
#7620=AXIS2_PLACEMENT_3D('',#7617,#13,#45);
#7621=ADVANCED_FACE('',(#7622),#7632,.T.);
#7622=FACE_BOUND('',#7623,.T.);
#7623=EDGE_LOOP('',(#3155,#7624,#7631));
#7624=ORIENTED_EDGE('',*,*,#7625,.F.);
#7625=EDGE_CURVE('',#7626,#3157,#7628,.T.);
#7626=VERTEX_POINT('',#7627);
#7627=CARTESIAN_POINT('',(5.2,6.5,-1.E-02));
#7628=CIRCLE('',#7629,0.21);
#7629=AXIS2_PLACEMENT_3D('',#7630,#3235,#3236);
#7630=CARTESIAN_POINT('',(5.2,6.5,0.2));
#7631=ORIENTED_EDGE('',*,*,#7625,.T.);
#7632=SPHERICAL_SURFACE('',#7633,0.21);
#7633=AXIS2_PLACEMENT_3D('',#7630,#13,#45);
#7634=ADVANCED_FACE('',(#7635),#7645,.T.);
#7635=FACE_BOUND('',#7636,.T.);
#7636=EDGE_LOOP('',(#3164,#7637,#7644));
#7637=ORIENTED_EDGE('',*,*,#7638,.F.);
#7638=EDGE_CURVE('',#7639,#3166,#7641,.T.);
#7639=VERTEX_POINT('',#7640);
#7640=CARTESIAN_POINT('',(5.85,5.85,-1.E-02));
#7641=CIRCLE('',#7642,0.21);
#7642=AXIS2_PLACEMENT_3D('',#7643,#3235,#3236);
#7643=CARTESIAN_POINT('',(5.85,5.85,0.2));
#7644=ORIENTED_EDGE('',*,*,#7638,.T.);
#7645=SPHERICAL_SURFACE('',#7646,0.21);
#7646=AXIS2_PLACEMENT_3D('',#7643,#13,#45);
#7647=ADVANCED_FACE('',(#7648),#7658,.T.);
#7648=FACE_BOUND('',#7649,.T.);
#7649=EDGE_LOOP('',(#3173,#7650,#7657));
#7650=ORIENTED_EDGE('',*,*,#7651,.F.);
#7651=EDGE_CURVE('',#7652,#3175,#7654,.T.);
#7652=VERTEX_POINT('',#7653);
#7653=CARTESIAN_POINT('',(6.5,5.85,-1.E-02));
#7654=CIRCLE('',#7655,0.21);
#7655=AXIS2_PLACEMENT_3D('',#7656,#3235,#3236);
#7656=CARTESIAN_POINT('',(6.5,5.85,0.2));
#7657=ORIENTED_EDGE('',*,*,#7651,.T.);
#7658=SPHERICAL_SURFACE('',#7659,0.21);
#7659=AXIS2_PLACEMENT_3D('',#7656,#13,#45);
#7660=ADVANCED_FACE('',(#7661),#7671,.T.);
#7661=FACE_BOUND('',#7662,.T.);
#7662=EDGE_LOOP('',(#3182,#7663,#7670));
#7663=ORIENTED_EDGE('',*,*,#7664,.F.);
#7664=EDGE_CURVE('',#7665,#3184,#7667,.T.);
#7665=VERTEX_POINT('',#7666);
#7666=CARTESIAN_POINT('',(5.85,6.5,-1.E-02));
#7667=CIRCLE('',#7668,0.21);
#7668=AXIS2_PLACEMENT_3D('',#7669,#3235,#3236);
#7669=CARTESIAN_POINT('',(5.85,6.5,0.2));
#7670=ORIENTED_EDGE('',*,*,#7664,.T.);
#7671=SPHERICAL_SURFACE('',#7672,0.21);
#7672=AXIS2_PLACEMENT_3D('',#7669,#13,#45);
#7673=ADVANCED_FACE('',(#7674),#7684,.T.);
#7674=FACE_BOUND('',#7675,.T.);
#7675=EDGE_LOOP('',(#3191,#7676,#7683));
#7676=ORIENTED_EDGE('',*,*,#7677,.F.);
#7677=EDGE_CURVE('',#7678,#3193,#7680,.T.);
#7678=VERTEX_POINT('',#7679);
#7679=CARTESIAN_POINT('',(6.5,6.5,-1.E-02));
#7680=CIRCLE('',#7681,0.21);
#7681=AXIS2_PLACEMENT_3D('',#7682,#3235,#3236);
#7682=CARTESIAN_POINT('',(6.5,6.5,0.2));
#7683=ORIENTED_EDGE('',*,*,#7677,.T.);
#7684=SPHERICAL_SURFACE('',#7685,0.21);
#7685=AXIS2_PLACEMENT_3D('',#7682,#13,#45);
#7686=ADVANCED_FACE('',(#7687),#7690,.T.);
#7687=FACE_BOUND('',#7688,.F.);
#7688=EDGE_LOOP('',(#7689));
#7689=ORIENTED_EDGE('',*,*,#3217,.F.);
#7690=PLANE('',#3219);
#7691=( GEOMETRIC_REPRESENTATION_CONTEXT(3) GLOBAL_UNCERTAINTY_ASSIGNED_CONTEXT((#7695)) GLOBAL_UNIT_ASSIGNED_CONTEXT((#7692,#7693,#7694)) REPRESENTATION_CONTEXT('Context #1','3D Context with UNIT and UNCERTAINTY') );
#7692=( LENGTH_UNIT() NAMED_UNIT(*) SI_UNIT(.MILLI.,.METRE.) );
#7693=( NAMED_UNIT(*) PLANE_ANGLE_UNIT() SI_UNIT($,.RADIAN.) );
#7694=( NAMED_UNIT(*) SI_UNIT($,.STERADIAN.) SOLID_ANGLE_UNIT() );
#7695=UNCERTAINTY_MEASURE_WITH_UNIT(LENGTH_MEASURE(1.E-07),#7692,'distance_accuracy_value','confusion accuracy');
#7696=PRODUCT_RELATED_PRODUCT_CATEGORY('part',$,(#7));
#7697=MECHANICAL_DESIGN_GEOMETRIC_PRESENTATION_REPRESENTATION('',(#7698,#7708,#7709,#7710,#7711,#7712,#7721,#7722,#7723,#7724,#7725,#7726,#7727,#7728,#7729,#7730,#7731,#7732,#7733,#7734,#7735,#7736,#7737,#7738,#7739,#7740,#7741,#7742,#7743,#7744,#7745,#7746,#7747,#7748,#7749,#7750,#7751,#7752,#7753,#7754,#7755,#7756,#7757,#7758,#7759,#7760,#7761,#7762,#7763,#7764,#7765,#7766,#7767,#7768,#7769,#7770,#7771,#7772,#7773,#7774,#7775,#7776,#7777,#7778,#7779,#7780,#7781,#7782,#7783,#7784,#7785,#7786,#7787,#7788,#7789,#7790,#7791,#7792,#7793,#7794,#7795,#7796,#7797,#7798,#7799,#7800,#7801,#7802,#7803,#7804,#7805,#7806,#7807,#7808,#7809,#7810,#7811,#7812,#7813,#7814,#7815,#7816,#7817,#7818,#7819,#7820,#7821,#7822,#7823,#7824,#7825,#7826,#7827,#7828,#7829,#7830,#7831,#7832,#7833,#7834,#7835,#7836,#7837,#7838,#7839,#7840,#7841,#7842,#7843,#7844,#7845,#7846,#7847,#7848,#7849,#7850,#7851,#7852,#7853,#7854,#7855,#7856,#7857,#7858,#7859,#7860,#7861,#7862,#7863,#7864,#7865,#7866,#7867,#7868,#7869,#7870,#7871,#7872,#7873,#7874,#7875,#7876,#7877,#7878,#7879,#7880,#7881,#7882,#7883,#7884,#7885,#7886,#7887,#7888,#7889,#7890,#7891,#7892,#7893,#7894,#7895,#7896,#7897,#7898,#7899,#7900,#7901,#7902,#7903,#7904,#7905,#7906,#7907,#7908,#7909,#7910,#7911,#7912,#7913,#7914,#7915,#7916,#7917,#7918,#7919,#7920,#7921,#7922,#7923,#7924,#7925,#7926,#7927,#7928,#7929,#7930,#7931,#7932,#7933,#7934,#7935,#7936,#7937,#7938,#7939,#7940,#7941,#7942,#7943,#7944,#7945,#7946,#7947,#7948,#7949,#7950,#7951,#7952,#7953,#7954,#7955,#7956,#7957,#7958,#7959,#7960,#7961,#7962,#7963,#7964,#7965,#7966,#7967,#7968,#7969,#7970,#7971,#7972,#7973,#7974,#7975,#7976,#7977,#7978,#7979,#7980,#7981,#7982,#7983,#7984,#7985,#7986,#7987,#7988,#7989,#7990,#7991,#7992,#7993,#7994,#7995,#7996,#7997,#7998,#7999,#8000,#8001,#8002,#8003,#8004,#8005,#8006,#8007,#8008,#8009,#8010,#8011,#8012,#8013,#8014,#8015,#8016,#8017,#8018,#8019,#8020,#8021,#8022,#8023,#8024,#8025,#8026,#8027,#8028,#8029,#8030,#8031,#8032,#8033,#8034,#8035,#8036,#8037,#8038,#8039,#8040,#8041,#8042,#8043,#8044,#8045,#8046,#8047,#8048,#8049,#8050,#8051,#8052,#8053,#8054,#8055,#8056,#8057,#8058,#8059,#8060,#8061,#8062,#8063,#8064,#8073,#8074,#8075,#8076,#8077,#8078,#8079,#8080,#8081,#8082,#8083,#8084,#8085,#8086,#8087,#8088,#8089,#8090,#8091,#8092,#8093,#8094,#8095,#8096,#8097,#8098,#8099,#8100,#8101,#8102,#8103,#8104,#8105,#8106,#8107,#8108,#8109,#8110,#8111,#8112,#8113,#8114,#8115,#8116,#8117,#8118,#8119,#8120,#8121,#8122,#8123,#8124,#8125,#8126,#8127,#8128,#8129,#8130,#8131,#8132,#8133,#8134,#8135,#8136,#8137,#8138,#8139,#8140,#8141,#8142,#8143,#8144,#8145,#8146,#8147,#8148,#8149,#8150,#8151,#8152,#8153,#8154,#8155,#8156,#8157,#8158,#8159,#8160,#8161,#8162,#8163,#8164,#8165,#8166,#8167,#8168,#8169,#8170,#8171,#8172,#8173,#8174,#8175,#8176,#8177,#8178,#8179,#8180,#8181,#8182,#8183,#8184,#8185,#8186,#8187,#8188,#8189,#8190,#8191,#8192,#8193,#8194,#8195,#8196,#8197,#8198,#8199,#8200,#8201,#8202,#8203,#8204,#8205,#8206,#8207,#8208,#8209,#8210,#8211,#8212,#8213,#8214,#8215,#8216,#8217,#8218,#8219,#8220,#8221,#8222,#8223,#8224,#8225,#8226,#8227,#8228,#8229,#8230,#8231,#8232,#8233,#8234,#8235,#8236,#8237,#8238,#8239,#8240,#8241,#8242,#8243,#8244,#8245,#8246,#8247,#8248,#8249,#8250,#8251,#8252,#8253,#8254,#8255,#8256,#8257,#8258,#8259,#8260,#8261,#8262,#8263,#8264,#8265,#8266,#8267,#8268,#8269,#8270,#8271,#8272,#8273,#8274,#8275,#8276,#8277,#8278,#8279,#8280,#8281,#8282,#8283,#8284,#8285,#8286,#8287,#8288,#8289,#8290,#8291,#8292,#8293,#8294,#8295,#8296,#8297,#8298,#8299,#8300,#8301,#8302,#8303,#8304,#8305,#8306,#8307,#8308,#8309,#8310,#8311,#8312,#8313,#8314,#8315,#8316,#8317,#8318,#8319,#8320,#8321,#8322,#8323,#8324,#8325,#8326,#8327,#8328,#8329,#8330,#8331,#8332,#8333,#8334,#8335,#8336,#8337,#8338,#8339,#8340,#8341,#8342,#8343,#8344,#8345,#8346,#8347,#8348,#8349,#8350,#8351,#8352,#8353,#8354,#8355,#8356,#8357,#8358,#8359,#8360,#8361,#8362,#8363,#8364,#8365,#8366,#8367,#8368,#8369,#8370,#8371,#8372,#8373,#8374,#8375,#8376,#8377,#8378,#8379,#8380,#8381,#8382,#8383,#8384,#8385,#8386,#8387,#8388,#8389,#8390,#8391,#8392,#8393,#8394,#8395,#8396,#8397,#8398,#8399,#8400,#8401,#8402,#8403,#8404,#8405,#8406,#8407,#8408,#8409,#8410,#8411,#8412,#8413,#8414,#8415,#8416),#7691);
#7698=STYLED_ITEM('color',(#7699),#17);
#7699=PRESENTATION_STYLE_ASSIGNMENT((#7700,#7706));
#7700=SURFACE_STYLE_USAGE(.BOTH.,#7701);
#7701=SURFACE_SIDE_STYLE('',(#7702));
#7702=SURFACE_STYLE_FILL_AREA(#7703);
#7703=FILL_AREA_STYLE('',(#7704));
#7704=FILL_AREA_STYLE_COLOUR('',#7705);
#7705=COLOUR_RGB('',0.147999998088,0.145000001626,0.145000001626);
#7706=CURVE_STYLE('',#7707,POSITIVE_LENGTH_MEASURE(0.1),#7705);
#7707=DRAUGHTING_PRE_DEFINED_CURVE_FONT('continuous');
#7708=STYLED_ITEM('color',(#7699),#46);
#7709=STYLED_ITEM('color',(#7699),#66);
#7710=STYLED_ITEM('color',(#7699),#89);
#7711=STYLED_ITEM('color',(#7699),#103);
#7712=OVER_RIDING_STYLED_ITEM('overriding color',(#7713),#114,#7711);
#7713=PRESENTATION_STYLE_ASSIGNMENT((#7714,#7720));
#7714=SURFACE_STYLE_USAGE(.BOTH.,#7715);
#7715=SURFACE_SIDE_STYLE('',(#7716));
#7716=SURFACE_STYLE_FILL_AREA(#7717);
#7717=FILL_AREA_STYLE('',(#7718));
#7718=FILL_AREA_STYLE_COLOUR('',#7719);
#7719=COLOUR_RGB('',0.823999987314,0.819999987296,0.781000009244);
#7720=CURVE_STYLE('',#7707,POSITIVE_LENGTH_MEASURE(0.1),#7719);
#7721=OVER_RIDING_STYLED_ITEM('overriding color',(#7713),#123,#7711);
#7722=OVER_RIDING_STYLED_ITEM('overriding color',(#7713),#132,#7711);
#7723=OVER_RIDING_STYLED_ITEM('overriding color',(#7713),#141,#7711);
#7724=OVER_RIDING_STYLED_ITEM('overriding color',(#7713),#150,#7711);
#7725=OVER_RIDING_STYLED_ITEM('overriding color',(#7713),#159,#7711);
#7726=OVER_RIDING_STYLED_ITEM('overriding color',(#7713),#168,#7711);
#7727=OVER_RIDING_STYLED_ITEM('overriding color',(#7713),#177,#7711);
#7728=OVER_RIDING_STYLED_ITEM('overriding color',(#7713),#186,#7711);
#7729=OVER_RIDING_STYLED_ITEM('overriding color',(#7713),#195,#7711);
#7730=OVER_RIDING_STYLED_ITEM('overriding color',(#7713),#204,#7711);
#7731=OVER_RIDING_STYLED_ITEM('overriding color',(#7713),#213,#7711);
#7732=OVER_RIDING_STYLED_ITEM('overriding color',(#7713),#222,#7711);
#7733=OVER_RIDING_STYLED_ITEM('overriding color',(#7713),#231,#7711);
#7734=OVER_RIDING_STYLED_ITEM('overriding color',(#7713),#240,#7711);
#7735=OVER_RIDING_STYLED_ITEM('overriding color',(#7713),#249,#7711);
#7736=OVER_RIDING_STYLED_ITEM('overriding color',(#7713),#258,#7711);
#7737=OVER_RIDING_STYLED_ITEM('overriding color',(#7713),#267,#7711);
#7738=OVER_RIDING_STYLED_ITEM('overriding color',(#7713),#276,#7711);
#7739=OVER_RIDING_STYLED_ITEM('overriding color',(#7713),#285,#7711);
#7740=OVER_RIDING_STYLED_ITEM('overriding color',(#7713),#294,#7711);
#7741=OVER_RIDING_STYLED_ITEM('overriding color',(#7713),#303,#7711);
#7742=OVER_RIDING_STYLED_ITEM('overriding color',(#7713),#312,#7711);
#7743=OVER_RIDING_STYLED_ITEM('overriding color',(#7713),#321,#7711);
#7744=OVER_RIDING_STYLED_ITEM('overriding color',(#7713),#330,#7711);
#7745=OVER_RIDING_STYLED_ITEM('overriding color',(#7713),#339,#7711);
#7746=OVER_RIDING_STYLED_ITEM('overriding color',(#7713),#348,#7711);
#7747=OVER_RIDING_STYLED_ITEM('overriding color',(#7713),#357,#7711);
#7748=OVER_RIDING_STYLED_ITEM('overriding color',(#7713),#366,#7711);
#7749=OVER_RIDING_STYLED_ITEM('overriding color',(#7713),#375,#7711);
#7750=OVER_RIDING_STYLED_ITEM('overriding color',(#7713),#384,#7711);
#7751=OVER_RIDING_STYLED_ITEM('overriding color',(#7713),#393,#7711);
#7752=OVER_RIDING_STYLED_ITEM('overriding color',(#7713),#402,#7711);
#7753=OVER_RIDING_STYLED_ITEM('overriding color',(#7713),#411,#7711);
#7754=OVER_RIDING_STYLED_ITEM('overriding color',(#7713),#420,#7711);
#7755=OVER_RIDING_STYLED_ITEM('overriding color',(#7713),#429,#7711);
#7756=OVER_RIDING_STYLED_ITEM('overriding color',(#7713),#438,#7711);
#7757=OVER_RIDING_STYLED_ITEM('overriding color',(#7713),#447,#7711);
#7758=OVER_RIDING_STYLED_ITEM('overriding color',(#7713),#456,#7711);
#7759=OVER_RIDING_STYLED_ITEM('overriding color',(#7713),#465,#7711);
#7760=OVER_RIDING_STYLED_ITEM('overriding color',(#7713),#474,#7711);
#7761=OVER_RIDING_STYLED_ITEM('overriding color',(#7713),#483,#7711);
#7762=OVER_RIDING_STYLED_ITEM('overriding color',(#7713),#492,#7711);
#7763=OVER_RIDING_STYLED_ITEM('overriding color',(#7713),#501,#7711);
#7764=OVER_RIDING_STYLED_ITEM('overriding color',(#7713),#510,#7711);
#7765=OVER_RIDING_STYLED_ITEM('overriding color',(#7713),#519,#7711);
#7766=OVER_RIDING_STYLED_ITEM('overriding color',(#7713),#528,#7711);
#7767=OVER_RIDING_STYLED_ITEM('overriding color',(#7713),#537,#7711);
#7768=OVER_RIDING_STYLED_ITEM('overriding color',(#7713),#546,#7711);
#7769=OVER_RIDING_STYLED_ITEM('overriding color',(#7713),#555,#7711);
#7770=OVER_RIDING_STYLED_ITEM('overriding color',(#7713),#564,#7711);
#7771=OVER_RIDING_STYLED_ITEM('overriding color',(#7713),#573,#7711);
#7772=OVER_RIDING_STYLED_ITEM('overriding color',(#7713),#582,#7711);
#7773=OVER_RIDING_STYLED_ITEM('overriding color',(#7713),#591,#7711);
#7774=OVER_RIDING_STYLED_ITEM('overriding color',(#7713),#600,#7711);
#7775=OVER_RIDING_STYLED_ITEM('overriding color',(#7713),#609,#7711);
#7776=OVER_RIDING_STYLED_ITEM('overriding color',(#7713),#618,#7711);
#7777=OVER_RIDING_STYLED_ITEM('overriding color',(#7713),#627,#7711);
#7778=OVER_RIDING_STYLED_ITEM('overriding color',(#7713),#636,#7711);
#7779=OVER_RIDING_STYLED_ITEM('overriding color',(#7713),#645,#7711);
#7780=OVER_RIDING_STYLED_ITEM('overriding color',(#7713),#654,#7711);
#7781=OVER_RIDING_STYLED_ITEM('overriding color',(#7713),#663,#7711);
#7782=OVER_RIDING_STYLED_ITEM('overriding color',(#7713),#672,#7711);
#7783=OVER_RIDING_STYLED_ITEM('overriding color',(#7713),#681,#7711);
#7784=OVER_RIDING_STYLED_ITEM('overriding color',(#7713),#690,#7711);
#7785=OVER_RIDING_STYLED_ITEM('overriding color',(#7713),#699,#7711);
#7786=OVER_RIDING_STYLED_ITEM('overriding color',(#7713),#708,#7711);
#7787=OVER_RIDING_STYLED_ITEM('overriding color',(#7713),#717,#7711);
#7788=OVER_RIDING_STYLED_ITEM('overriding color',(#7713),#726,#7711);
#7789=OVER_RIDING_STYLED_ITEM('overriding color',(#7713),#735,#7711);
#7790=OVER_RIDING_STYLED_ITEM('overriding color',(#7713),#744,#7711);
#7791=OVER_RIDING_STYLED_ITEM('overriding color',(#7713),#753,#7711);
#7792=OVER_RIDING_STYLED_ITEM('overriding color',(#7713),#762,#7711);
#7793=OVER_RIDING_STYLED_ITEM('overriding color',(#7713),#771,#7711);
#7794=OVER_RIDING_STYLED_ITEM('overriding color',(#7713),#780,#7711);
#7795=OVER_RIDING_STYLED_ITEM('overriding color',(#7713),#789,#7711);
#7796=OVER_RIDING_STYLED_ITEM('overriding color',(#7713),#798,#7711);
#7797=OVER_RIDING_STYLED_ITEM('overriding color',(#7713),#807,#7711);
#7798=OVER_RIDING_STYLED_ITEM('overriding color',(#7713),#816,#7711);
#7799=OVER_RIDING_STYLED_ITEM('overriding color',(#7713),#825,#7711);
#7800=OVER_RIDING_STYLED_ITEM('overriding color',(#7713),#834,#7711);
#7801=OVER_RIDING_STYLED_ITEM('overriding color',(#7713),#843,#7711);
#7802=OVER_RIDING_STYLED_ITEM('overriding color',(#7713),#852,#7711);
#7803=OVER_RIDING_STYLED_ITEM('overriding color',(#7713),#861,#7711);
#7804=OVER_RIDING_STYLED_ITEM('overriding color',(#7713),#870,#7711);
#7805=OVER_RIDING_STYLED_ITEM('overriding color',(#7713),#879,#7711);
#7806=OVER_RIDING_STYLED_ITEM('overriding color',(#7713),#888,#7711);
#7807=OVER_RIDING_STYLED_ITEM('overriding color',(#7713),#897,#7711);
#7808=OVER_RIDING_STYLED_ITEM('overriding color',(#7713),#906,#7711);
#7809=OVER_RIDING_STYLED_ITEM('overriding color',(#7713),#915,#7711);
#7810=OVER_RIDING_STYLED_ITEM('overriding color',(#7713),#924,#7711);
#7811=OVER_RIDING_STYLED_ITEM('overriding color',(#7713),#933,#7711);
#7812=OVER_RIDING_STYLED_ITEM('overriding color',(#7713),#942,#7711);
#7813=OVER_RIDING_STYLED_ITEM('overriding color',(#7713),#951,#7711);
#7814=OVER_RIDING_STYLED_ITEM('overriding color',(#7713),#960,#7711);
#7815=OVER_RIDING_STYLED_ITEM('overriding color',(#7713),#969,#7711);
#7816=OVER_RIDING_STYLED_ITEM('overriding color',(#7713),#978,#7711);
#7817=OVER_RIDING_STYLED_ITEM('overriding color',(#7713),#987,#7711);
#7818=OVER_RIDING_STYLED_ITEM('overriding color',(#7713),#996,#7711);
#7819=OVER_RIDING_STYLED_ITEM('overriding color',(#7713),#1005,#7711);
#7820=OVER_RIDING_STYLED_ITEM('overriding color',(#7713),#1014,#7711);
#7821=OVER_RIDING_STYLED_ITEM('overriding color',(#7713),#1023,#7711);
#7822=OVER_RIDING_STYLED_ITEM('overriding color',(#7713),#1032,#7711);
#7823=OVER_RIDING_STYLED_ITEM('overriding color',(#7713),#1041,#7711);
#7824=OVER_RIDING_STYLED_ITEM('overriding color',(#7713),#1050,#7711);
#7825=OVER_RIDING_STYLED_ITEM('overriding color',(#7713),#1059,#7711);
#7826=OVER_RIDING_STYLED_ITEM('overriding color',(#7713),#1068,#7711);
#7827=OVER_RIDING_STYLED_ITEM('overriding color',(#7713),#1077,#7711);
#7828=OVER_RIDING_STYLED_ITEM('overriding color',(#7713),#1086,#7711);
#7829=OVER_RIDING_STYLED_ITEM('overriding color',(#7713),#1095,#7711);
#7830=OVER_RIDING_STYLED_ITEM('overriding color',(#7713),#1104,#7711);
#7831=OVER_RIDING_STYLED_ITEM('overriding color',(#7713),#1113,#7711);
#7832=OVER_RIDING_STYLED_ITEM('overriding color',(#7713),#1122,#7711);
#7833=OVER_RIDING_STYLED_ITEM('overriding color',(#7713),#1131,#7711);
#7834=OVER_RIDING_STYLED_ITEM('overriding color',(#7713),#1140,#7711);
#7835=OVER_RIDING_STYLED_ITEM('overriding color',(#7713),#1149,#7711);
#7836=OVER_RIDING_STYLED_ITEM('overriding color',(#7713),#1158,#7711);
#7837=OVER_RIDING_STYLED_ITEM('overriding color',(#7713),#1167,#7711);
#7838=OVER_RIDING_STYLED_ITEM('overriding color',(#7713),#1176,#7711);
#7839=OVER_RIDING_STYLED_ITEM('overriding color',(#7713),#1185,#7711);
#7840=OVER_RIDING_STYLED_ITEM('overriding color',(#7713),#1194,#7711);
#7841=OVER_RIDING_STYLED_ITEM('overriding color',(#7713),#1203,#7711);
#7842=OVER_RIDING_STYLED_ITEM('overriding color',(#7713),#1212,#7711);
#7843=OVER_RIDING_STYLED_ITEM('overriding color',(#7713),#1221,#7711);
#7844=OVER_RIDING_STYLED_ITEM('overriding color',(#7713),#1230,#7711);
#7845=OVER_RIDING_STYLED_ITEM('overriding color',(#7713),#1239,#7711);
#7846=OVER_RIDING_STYLED_ITEM('overriding color',(#7713),#1248,#7711);
#7847=OVER_RIDING_STYLED_ITEM('overriding color',(#7713),#1257,#7711);
#7848=OVER_RIDING_STYLED_ITEM('overriding color',(#7713),#1266,#7711);
#7849=OVER_RIDING_STYLED_ITEM('overriding color',(#7713),#1275,#7711);
#7850=OVER_RIDING_STYLED_ITEM('overriding color',(#7713),#1284,#7711);
#7851=OVER_RIDING_STYLED_ITEM('overriding color',(#7713),#1293,#7711);
#7852=OVER_RIDING_STYLED_ITEM('overriding color',(#7713),#1302,#7711);
#7853=OVER_RIDING_STYLED_ITEM('overriding color',(#7713),#1311,#7711);
#7854=OVER_RIDING_STYLED_ITEM('overriding color',(#7713),#1320,#7711);
#7855=OVER_RIDING_STYLED_ITEM('overriding color',(#7713),#1329,#7711);
#7856=OVER_RIDING_STYLED_ITEM('overriding color',(#7713),#1338,#7711);
#7857=OVER_RIDING_STYLED_ITEM('overriding color',(#7713),#1347,#7711);
#7858=OVER_RIDING_STYLED_ITEM('overriding color',(#7713),#1356,#7711);
#7859=OVER_RIDING_STYLED_ITEM('overriding color',(#7713),#1365,#7711);
#7860=OVER_RIDING_STYLED_ITEM('overriding color',(#7713),#1374,#7711);
#7861=OVER_RIDING_STYLED_ITEM('overriding color',(#7713),#1383,#7711);
#7862=OVER_RIDING_STYLED_ITEM('overriding color',(#7713),#1392,#7711);
#7863=OVER_RIDING_STYLED_ITEM('overriding color',(#7713),#1401,#7711);
#7864=OVER_RIDING_STYLED_ITEM('overriding color',(#7713),#1410,#7711);
#7865=OVER_RIDING_STYLED_ITEM('overriding color',(#7713),#1419,#7711);
#7866=OVER_RIDING_STYLED_ITEM('overriding color',(#7713),#1428,#7711);
#7867=OVER_RIDING_STYLED_ITEM('overriding color',(#7713),#1437,#7711);
#7868=OVER_RIDING_STYLED_ITEM('overriding color',(#7713),#1446,#7711);
#7869=OVER_RIDING_STYLED_ITEM('overriding color',(#7713),#1455,#7711);
#7870=OVER_RIDING_STYLED_ITEM('overriding color',(#7713),#1464,#7711);
#7871=OVER_RIDING_STYLED_ITEM('overriding color',(#7713),#1473,#7711);
#7872=OVER_RIDING_STYLED_ITEM('overriding color',(#7713),#1482,#7711);
#7873=OVER_RIDING_STYLED_ITEM('overriding color',(#7713),#1491,#7711);
#7874=OVER_RIDING_STYLED_ITEM('overriding color',(#7713),#1500,#7711);
#7875=OVER_RIDING_STYLED_ITEM('overriding color',(#7713),#1509,#7711);
#7876=OVER_RIDING_STYLED_ITEM('overriding color',(#7713),#1518,#7711);
#7877=OVER_RIDING_STYLED_ITEM('overriding color',(#7713),#1527,#7711);
#7878=OVER_RIDING_STYLED_ITEM('overriding color',(#7713),#1536,#7711);
#7879=OVER_RIDING_STYLED_ITEM('overriding color',(#7713),#1545,#7711);
#7880=OVER_RIDING_STYLED_ITEM('overriding color',(#7713),#1554,#7711);
#7881=OVER_RIDING_STYLED_ITEM('overriding color',(#7713),#1563,#7711);
#7882=OVER_RIDING_STYLED_ITEM('overriding color',(#7713),#1572,#7711);
#7883=OVER_RIDING_STYLED_ITEM('overriding color',(#7713),#1581,#7711);
#7884=OVER_RIDING_STYLED_ITEM('overriding color',(#7713),#1590,#7711);
#7885=OVER_RIDING_STYLED_ITEM('overriding color',(#7713),#1599,#7711);
#7886=OVER_RIDING_STYLED_ITEM('overriding color',(#7713),#1608,#7711);
#7887=OVER_RIDING_STYLED_ITEM('overriding color',(#7713),#1617,#7711);
#7888=OVER_RIDING_STYLED_ITEM('overriding color',(#7713),#1626,#7711);
#7889=OVER_RIDING_STYLED_ITEM('overriding color',(#7713),#1635,#7711);
#7890=OVER_RIDING_STYLED_ITEM('overriding color',(#7713),#1644,#7711);
#7891=OVER_RIDING_STYLED_ITEM('overriding color',(#7713),#1653,#7711);
#7892=OVER_RIDING_STYLED_ITEM('overriding color',(#7713),#1662,#7711);
#7893=OVER_RIDING_STYLED_ITEM('overriding color',(#7713),#1671,#7711);
#7894=OVER_RIDING_STYLED_ITEM('overriding color',(#7713),#1680,#7711);
#7895=OVER_RIDING_STYLED_ITEM('overriding color',(#7713),#1689,#7711);
#7896=OVER_RIDING_STYLED_ITEM('overriding color',(#7713),#1698,#7711);
#7897=OVER_RIDING_STYLED_ITEM('overriding color',(#7713),#1707,#7711);
#7898=OVER_RIDING_STYLED_ITEM('overriding color',(#7713),#1716,#7711);
#7899=OVER_RIDING_STYLED_ITEM('overriding color',(#7713),#1725,#7711);
#7900=OVER_RIDING_STYLED_ITEM('overriding color',(#7713),#1734,#7711);
#7901=OVER_RIDING_STYLED_ITEM('overriding color',(#7713),#1743,#7711);
#7902=OVER_RIDING_STYLED_ITEM('overriding color',(#7713),#1752,#7711);
#7903=OVER_RIDING_STYLED_ITEM('overriding color',(#7713),#1761,#7711);
#7904=OVER_RIDING_STYLED_ITEM('overriding color',(#7713),#1770,#7711);
#7905=OVER_RIDING_STYLED_ITEM('overriding color',(#7713),#1779,#7711);
#7906=OVER_RIDING_STYLED_ITEM('overriding color',(#7713),#1788,#7711);
#7907=OVER_RIDING_STYLED_ITEM('overriding color',(#7713),#1797,#7711);
#7908=OVER_RIDING_STYLED_ITEM('overriding color',(#7713),#1806,#7711);
#7909=OVER_RIDING_STYLED_ITEM('overriding color',(#7713),#1815,#7711);
#7910=OVER_RIDING_STYLED_ITEM('overriding color',(#7713),#1824,#7711);
#7911=OVER_RIDING_STYLED_ITEM('overriding color',(#7713),#1833,#7711);
#7912=OVER_RIDING_STYLED_ITEM('overriding color',(#7713),#1842,#7711);
#7913=OVER_RIDING_STYLED_ITEM('overriding color',(#7713),#1851,#7711);
#7914=OVER_RIDING_STYLED_ITEM('overriding color',(#7713),#1860,#7711);
#7915=OVER_RIDING_STYLED_ITEM('overriding color',(#7713),#1869,#7711);
#7916=OVER_RIDING_STYLED_ITEM('overriding color',(#7713),#1878,#7711);
#7917=OVER_RIDING_STYLED_ITEM('overriding color',(#7713),#1887,#7711);
#7918=OVER_RIDING_STYLED_ITEM('overriding color',(#7713),#1896,#7711);
#7919=OVER_RIDING_STYLED_ITEM('overriding color',(#7713),#1905,#7711);
#7920=OVER_RIDING_STYLED_ITEM('overriding color',(#7713),#1914,#7711);
#7921=OVER_RIDING_STYLED_ITEM('overriding color',(#7713),#1923,#7711);
#7922=OVER_RIDING_STYLED_ITEM('overriding color',(#7713),#1932,#7711);
#7923=OVER_RIDING_STYLED_ITEM('overriding color',(#7713),#1941,#7711);
#7924=OVER_RIDING_STYLED_ITEM('overriding color',(#7713),#1950,#7711);
#7925=OVER_RIDING_STYLED_ITEM('overriding color',(#7713),#1959,#7711);
#7926=OVER_RIDING_STYLED_ITEM('overriding color',(#7713),#1968,#7711);
#7927=OVER_RIDING_STYLED_ITEM('overriding color',(#7713),#1977,#7711);
#7928=OVER_RIDING_STYLED_ITEM('overriding color',(#7713),#1986,#7711);
#7929=OVER_RIDING_STYLED_ITEM('overriding color',(#7713),#1995,#7711);
#7930=OVER_RIDING_STYLED_ITEM('overriding color',(#7713),#2004,#7711);
#7931=OVER_RIDING_STYLED_ITEM('overriding color',(#7713),#2013,#7711);
#7932=OVER_RIDING_STYLED_ITEM('overriding color',(#7713),#2022,#7711);
#7933=OVER_RIDING_STYLED_ITEM('overriding color',(#7713),#2031,#7711);
#7934=OVER_RIDING_STYLED_ITEM('overriding color',(#7713),#2040,#7711);
#7935=OVER_RIDING_STYLED_ITEM('overriding color',(#7713),#2049,#7711);
#7936=OVER_RIDING_STYLED_ITEM('overriding color',(#7713),#2058,#7711);
#7937=OVER_RIDING_STYLED_ITEM('overriding color',(#7713),#2067,#7711);
#7938=OVER_RIDING_STYLED_ITEM('overriding color',(#7713),#2076,#7711);
#7939=OVER_RIDING_STYLED_ITEM('overriding color',(#7713),#2085,#7711);
#7940=OVER_RIDING_STYLED_ITEM('overriding color',(#7713),#2094,#7711);
#7941=OVER_RIDING_STYLED_ITEM('overriding color',(#7713),#2103,#7711);
#7942=OVER_RIDING_STYLED_ITEM('overriding color',(#7713),#2112,#7711);
#7943=OVER_RIDING_STYLED_ITEM('overriding color',(#7713),#2121,#7711);
#7944=OVER_RIDING_STYLED_ITEM('overriding color',(#7713),#2130,#7711);
#7945=OVER_RIDING_STYLED_ITEM('overriding color',(#7713),#2139,#7711);
#7946=OVER_RIDING_STYLED_ITEM('overriding color',(#7713),#2148,#7711);
#7947=OVER_RIDING_STYLED_ITEM('overriding color',(#7713),#2157,#7711);
#7948=OVER_RIDING_STYLED_ITEM('overriding color',(#7713),#2166,#7711);
#7949=OVER_RIDING_STYLED_ITEM('overriding color',(#7713),#2175,#7711);
#7950=OVER_RIDING_STYLED_ITEM('overriding color',(#7713),#2184,#7711);
#7951=OVER_RIDING_STYLED_ITEM('overriding color',(#7713),#2193,#7711);
#7952=OVER_RIDING_STYLED_ITEM('overriding color',(#7713),#2202,#7711);
#7953=OVER_RIDING_STYLED_ITEM('overriding color',(#7713),#2211,#7711);
#7954=OVER_RIDING_STYLED_ITEM('overriding color',(#7713),#2220,#7711);
#7955=OVER_RIDING_STYLED_ITEM('overriding color',(#7713),#2229,#7711);
#7956=OVER_RIDING_STYLED_ITEM('overriding color',(#7713),#2238,#7711);
#7957=OVER_RIDING_STYLED_ITEM('overriding color',(#7713),#2247,#7711);
#7958=OVER_RIDING_STYLED_ITEM('overriding color',(#7713),#2256,#7711);
#7959=OVER_RIDING_STYLED_ITEM('overriding color',(#7713),#2265,#7711);
#7960=OVER_RIDING_STYLED_ITEM('overriding color',(#7713),#2274,#7711);
#7961=OVER_RIDING_STYLED_ITEM('overriding color',(#7713),#2283,#7711);
#7962=OVER_RIDING_STYLED_ITEM('overriding color',(#7713),#2292,#7711);
#7963=OVER_RIDING_STYLED_ITEM('overriding color',(#7713),#2301,#7711);
#7964=OVER_RIDING_STYLED_ITEM('overriding color',(#7713),#2310,#7711);
#7965=OVER_RIDING_STYLED_ITEM('overriding color',(#7713),#2319,#7711);
#7966=OVER_RIDING_STYLED_ITEM('overriding color',(#7713),#2328,#7711);
#7967=OVER_RIDING_STYLED_ITEM('overriding color',(#7713),#2337,#7711);
#7968=OVER_RIDING_STYLED_ITEM('overriding color',(#7713),#2346,#7711);
#7969=OVER_RIDING_STYLED_ITEM('overriding color',(#7713),#2355,#7711);
#7970=OVER_RIDING_STYLED_ITEM('overriding color',(#7713),#2364,#7711);
#7971=OVER_RIDING_STYLED_ITEM('overriding color',(#7713),#2373,#7711);
#7972=OVER_RIDING_STYLED_ITEM('overriding color',(#7713),#2382,#7711);
#7973=OVER_RIDING_STYLED_ITEM('overriding color',(#7713),#2391,#7711);
#7974=OVER_RIDING_STYLED_ITEM('overriding color',(#7713),#2400,#7711);
#7975=OVER_RIDING_STYLED_ITEM('overriding color',(#7713),#2409,#7711);
#7976=OVER_RIDING_STYLED_ITEM('overriding color',(#7713),#2418,#7711);
#7977=OVER_RIDING_STYLED_ITEM('overriding color',(#7713),#2427,#7711);
#7978=OVER_RIDING_STYLED_ITEM('overriding color',(#7713),#2436,#7711);
#7979=OVER_RIDING_STYLED_ITEM('overriding color',(#7713),#2445,#7711);
#7980=OVER_RIDING_STYLED_ITEM('overriding color',(#7713),#2454,#7711);
#7981=OVER_RIDING_STYLED_ITEM('overriding color',(#7713),#2463,#7711);
#7982=OVER_RIDING_STYLED_ITEM('overriding color',(#7713),#2472,#7711);
#7983=OVER_RIDING_STYLED_ITEM('overriding color',(#7713),#2481,#7711);
#7984=OVER_RIDING_STYLED_ITEM('overriding color',(#7713),#2490,#7711);
#7985=OVER_RIDING_STYLED_ITEM('overriding color',(#7713),#2499,#7711);
#7986=OVER_RIDING_STYLED_ITEM('overriding color',(#7713),#2508,#7711);
#7987=OVER_RIDING_STYLED_ITEM('overriding color',(#7713),#2517,#7711);
#7988=OVER_RIDING_STYLED_ITEM('overriding color',(#7713),#2526,#7711);
#7989=OVER_RIDING_STYLED_ITEM('overriding color',(#7713),#2535,#7711);
#7990=OVER_RIDING_STYLED_ITEM('overriding color',(#7713),#2544,#7711);
#7991=OVER_RIDING_STYLED_ITEM('overriding color',(#7713),#2553,#7711);
#7992=OVER_RIDING_STYLED_ITEM('overriding color',(#7713),#2562,#7711);
#7993=OVER_RIDING_STYLED_ITEM('overriding color',(#7713),#2571,#7711);
#7994=OVER_RIDING_STYLED_ITEM('overriding color',(#7713),#2580,#7711);
#7995=OVER_RIDING_STYLED_ITEM('overriding color',(#7713),#2589,#7711);
#7996=OVER_RIDING_STYLED_ITEM('overriding color',(#7713),#2598,#7711);
#7997=OVER_RIDING_STYLED_ITEM('overriding color',(#7713),#2607,#7711);
#7998=OVER_RIDING_STYLED_ITEM('overriding color',(#7713),#2616,#7711);
#7999=OVER_RIDING_STYLED_ITEM('overriding color',(#7713),#2625,#7711);
#8000=OVER_RIDING_STYLED_ITEM('overriding color',(#7713),#2634,#7711);
#8001=OVER_RIDING_STYLED_ITEM('overriding color',(#7713),#2643,#7711);
#8002=OVER_RIDING_STYLED_ITEM('overriding color',(#7713),#2652,#7711);
#8003=OVER_RIDING_STYLED_ITEM('overriding color',(#7713),#2661,#7711);
#8004=OVER_RIDING_STYLED_ITEM('overriding color',(#7713),#2670,#7711);
#8005=OVER_RIDING_STYLED_ITEM('overriding color',(#7713),#2679,#7711);
#8006=OVER_RIDING_STYLED_ITEM('overriding color',(#7713),#2688,#7711);
#8007=OVER_RIDING_STYLED_ITEM('overriding color',(#7713),#2697,#7711);
#8008=OVER_RIDING_STYLED_ITEM('overriding color',(#7713),#2706,#7711);
#8009=OVER_RIDING_STYLED_ITEM('overriding color',(#7713),#2715,#7711);
#8010=OVER_RIDING_STYLED_ITEM('overriding color',(#7713),#2724,#7711);
#8011=OVER_RIDING_STYLED_ITEM('overriding color',(#7713),#2733,#7711);
#8012=OVER_RIDING_STYLED_ITEM('overriding color',(#7713),#2742,#7711);
#8013=OVER_RIDING_STYLED_ITEM('overriding color',(#7713),#2751,#7711);
#8014=OVER_RIDING_STYLED_ITEM('overriding color',(#7713),#2760,#7711);
#8015=OVER_RIDING_STYLED_ITEM('overriding color',(#7713),#2769,#7711);
#8016=OVER_RIDING_STYLED_ITEM('overriding color',(#7713),#2778,#7711);
#8017=OVER_RIDING_STYLED_ITEM('overriding color',(#7713),#2787,#7711);
#8018=OVER_RIDING_STYLED_ITEM('overriding color',(#7713),#2796,#7711);
#8019=OVER_RIDING_STYLED_ITEM('overriding color',(#7713),#2805,#7711);
#8020=OVER_RIDING_STYLED_ITEM('overriding color',(#7713),#2814,#7711);
#8021=OVER_RIDING_STYLED_ITEM('overriding color',(#7713),#2823,#7711);
#8022=OVER_RIDING_STYLED_ITEM('overriding color',(#7713),#2832,#7711);
#8023=OVER_RIDING_STYLED_ITEM('overriding color',(#7713),#2841,#7711);
#8024=OVER_RIDING_STYLED_ITEM('overriding color',(#7713),#2850,#7711);
#8025=OVER_RIDING_STYLED_ITEM('overriding color',(#7713),#2859,#7711);
#8026=OVER_RIDING_STYLED_ITEM('overriding color',(#7713),#2868,#7711);
#8027=OVER_RIDING_STYLED_ITEM('overriding color',(#7713),#2877,#7711);
#8028=OVER_RIDING_STYLED_ITEM('overriding color',(#7713),#2886,#7711);
#8029=OVER_RIDING_STYLED_ITEM('overriding color',(#7713),#2895,#7711);
#8030=OVER_RIDING_STYLED_ITEM('overriding color',(#7713),#2904,#7711);
#8031=OVER_RIDING_STYLED_ITEM('overriding color',(#7713),#2913,#7711);
#8032=OVER_RIDING_STYLED_ITEM('overriding color',(#7713),#2922,#7711);
#8033=OVER_RIDING_STYLED_ITEM('overriding color',(#7713),#2931,#7711);
#8034=OVER_RIDING_STYLED_ITEM('overriding color',(#7713),#2940,#7711);
#8035=OVER_RIDING_STYLED_ITEM('overriding color',(#7713),#2949,#7711);
#8036=OVER_RIDING_STYLED_ITEM('overriding color',(#7713),#2958,#7711);
#8037=OVER_RIDING_STYLED_ITEM('overriding color',(#7713),#2967,#7711);
#8038=OVER_RIDING_STYLED_ITEM('overriding color',(#7713),#2976,#7711);
#8039=OVER_RIDING_STYLED_ITEM('overriding color',(#7713),#2985,#7711);
#8040=OVER_RIDING_STYLED_ITEM('overriding color',(#7713),#2994,#7711);
#8041=OVER_RIDING_STYLED_ITEM('overriding color',(#7713),#3003,#7711);
#8042=OVER_RIDING_STYLED_ITEM('overriding color',(#7713),#3012,#7711);
#8043=OVER_RIDING_STYLED_ITEM('overriding color',(#7713),#3021,#7711);
#8044=OVER_RIDING_STYLED_ITEM('overriding color',(#7713),#3030,#7711);
#8045=OVER_RIDING_STYLED_ITEM('overriding color',(#7713),#3039,#7711);
#8046=OVER_RIDING_STYLED_ITEM('overriding color',(#7713),#3048,#7711);
#8047=OVER_RIDING_STYLED_ITEM('overriding color',(#7713),#3057,#7711);
#8048=OVER_RIDING_STYLED_ITEM('overriding color',(#7713),#3066,#7711);
#8049=OVER_RIDING_STYLED_ITEM('overriding color',(#7713),#3075,#7711);
#8050=OVER_RIDING_STYLED_ITEM('overriding color',(#7713),#3084,#7711);
#8051=OVER_RIDING_STYLED_ITEM('overriding color',(#7713),#3093,#7711);
#8052=OVER_RIDING_STYLED_ITEM('overriding color',(#7713),#3102,#7711);
#8053=OVER_RIDING_STYLED_ITEM('overriding color',(#7713),#3111,#7711);
#8054=OVER_RIDING_STYLED_ITEM('overriding color',(#7713),#3120,#7711);
#8055=OVER_RIDING_STYLED_ITEM('overriding color',(#7713),#3129,#7711);
#8056=OVER_RIDING_STYLED_ITEM('overriding color',(#7713),#3138,#7711);
#8057=OVER_RIDING_STYLED_ITEM('overriding color',(#7713),#3147,#7711);
#8058=OVER_RIDING_STYLED_ITEM('overriding color',(#7713),#3156,#7711);
#8059=OVER_RIDING_STYLED_ITEM('overriding color',(#7713),#3165,#7711);
#8060=OVER_RIDING_STYLED_ITEM('overriding color',(#7713),#3174,#7711);
#8061=OVER_RIDING_STYLED_ITEM('overriding color',(#7713),#3183,#7711);
#8062=OVER_RIDING_STYLED_ITEM('overriding color',(#7713),#3192,#7711);
#8063=STYLED_ITEM('color',(#7699),#3200);
#8064=STYLED_ITEM('color',(#8065),#3207);
#8065=PRESENTATION_STYLE_ASSIGNMENT((#8066,#8072));
#8066=SURFACE_STYLE_USAGE(.BOTH.,#8067);
#8067=SURFACE_SIDE_STYLE('',(#8068));
#8068=SURFACE_STYLE_FILL_AREA(#8069);
#8069=FILL_AREA_STYLE('',(#8070));
#8070=FILL_AREA_STYLE_COLOUR('',#8071);
#8071=COLOUR_RGB('',0.690999998585,0.664000007176,0.597999987832);
#8072=CURVE_STYLE('',#7707,POSITIVE_LENGTH_MEASURE(0.1),#8071);
#8073=STYLED_ITEM('color',(#7713),#3225);
#8074=STYLED_ITEM('color',(#7713),#3240);
#8075=STYLED_ITEM('color',(#7713),#3253);
#8076=STYLED_ITEM('color',(#7713),#3266);
#8077=STYLED_ITEM('color',(#7713),#3279);
#8078=STYLED_ITEM('color',(#7713),#3292);
#8079=STYLED_ITEM('color',(#7713),#3305);
#8080=STYLED_ITEM('color',(#7713),#3318);
#8081=STYLED_ITEM('color',(#7713),#3331);
#8082=STYLED_ITEM('color',(#7713),#3344);
#8083=STYLED_ITEM('color',(#7713),#3357);
#8084=STYLED_ITEM('color',(#7713),#3370);
#8085=STYLED_ITEM('color',(#7713),#3383);
#8086=STYLED_ITEM('color',(#7713),#3396);
#8087=STYLED_ITEM('color',(#7713),#3409);
#8088=STYLED_ITEM('color',(#7713),#3422);
#8089=STYLED_ITEM('color',(#7713),#3435);
#8090=STYLED_ITEM('color',(#7713),#3448);
#8091=STYLED_ITEM('color',(#7713),#3461);
#8092=STYLED_ITEM('color',(#7713),#3474);
#8093=STYLED_ITEM('color',(#7713),#3487);
#8094=STYLED_ITEM('color',(#7713),#3500);
#8095=STYLED_ITEM('color',(#7713),#3513);
#8096=STYLED_ITEM('color',(#7713),#3526);
#8097=STYLED_ITEM('color',(#7713),#3539);
#8098=STYLED_ITEM('color',(#7713),#3552);
#8099=STYLED_ITEM('color',(#7713),#3565);
#8100=STYLED_ITEM('color',(#7713),#3578);
#8101=STYLED_ITEM('color',(#7713),#3591);
#8102=STYLED_ITEM('color',(#7713),#3604);
#8103=STYLED_ITEM('color',(#7713),#3617);
#8104=STYLED_ITEM('color',(#7713),#3630);
#8105=STYLED_ITEM('color',(#7713),#3643);
#8106=STYLED_ITEM('color',(#7713),#3656);
#8107=STYLED_ITEM('color',(#7713),#3669);
#8108=STYLED_ITEM('color',(#7713),#3682);
#8109=STYLED_ITEM('color',(#7713),#3695);
#8110=STYLED_ITEM('color',(#7713),#3708);
#8111=STYLED_ITEM('color',(#7713),#3721);
#8112=STYLED_ITEM('color',(#7713),#3734);
#8113=STYLED_ITEM('color',(#7713),#3747);
#8114=STYLED_ITEM('color',(#7713),#3760);
#8115=STYLED_ITEM('color',(#7713),#3773);
#8116=STYLED_ITEM('color',(#7713),#3786);
#8117=STYLED_ITEM('color',(#7713),#3799);
#8118=STYLED_ITEM('color',(#7713),#3812);
#8119=STYLED_ITEM('color',(#7713),#3825);
#8120=STYLED_ITEM('color',(#7713),#3838);
#8121=STYLED_ITEM('color',(#7713),#3851);
#8122=STYLED_ITEM('color',(#7713),#3864);
#8123=STYLED_ITEM('color',(#7713),#3877);
#8124=STYLED_ITEM('color',(#7713),#3890);
#8125=STYLED_ITEM('color',(#7713),#3903);
#8126=STYLED_ITEM('color',(#7713),#3916);
#8127=STYLED_ITEM('color',(#7713),#3929);
#8128=STYLED_ITEM('color',(#7713),#3942);
#8129=STYLED_ITEM('color',(#7713),#3955);
#8130=STYLED_ITEM('color',(#7713),#3968);
#8131=STYLED_ITEM('color',(#7713),#3981);
#8132=STYLED_ITEM('color',(#7713),#3994);
#8133=STYLED_ITEM('color',(#7713),#4007);
#8134=STYLED_ITEM('color',(#7713),#4020);
#8135=STYLED_ITEM('color',(#7713),#4033);
#8136=STYLED_ITEM('color',(#7713),#4046);
#8137=STYLED_ITEM('color',(#7713),#4059);
#8138=STYLED_ITEM('color',(#7713),#4072);
#8139=STYLED_ITEM('color',(#7713),#4085);
#8140=STYLED_ITEM('color',(#7713),#4098);
#8141=STYLED_ITEM('color',(#7713),#4111);
#8142=STYLED_ITEM('color',(#7713),#4124);
#8143=STYLED_ITEM('color',(#7713),#4137);
#8144=STYLED_ITEM('color',(#7713),#4150);
#8145=STYLED_ITEM('color',(#7713),#4163);
#8146=STYLED_ITEM('color',(#7713),#4176);
#8147=STYLED_ITEM('color',(#7713),#4189);
#8148=STYLED_ITEM('color',(#7713),#4202);
#8149=STYLED_ITEM('color',(#7713),#4215);
#8150=STYLED_ITEM('color',(#7713),#4228);
#8151=STYLED_ITEM('color',(#7713),#4241);
#8152=STYLED_ITEM('color',(#7713),#4254);
#8153=STYLED_ITEM('color',(#7713),#4267);
#8154=STYLED_ITEM('color',(#7713),#4280);
#8155=STYLED_ITEM('color',(#7713),#4293);
#8156=STYLED_ITEM('color',(#7713),#4306);
#8157=STYLED_ITEM('color',(#7713),#4319);
#8158=STYLED_ITEM('color',(#7713),#4332);
#8159=STYLED_ITEM('color',(#7713),#4345);
#8160=STYLED_ITEM('color',(#7713),#4358);
#8161=STYLED_ITEM('color',(#7713),#4371);
#8162=STYLED_ITEM('color',(#7713),#4384);
#8163=STYLED_ITEM('color',(#7713),#4397);
#8164=STYLED_ITEM('color',(#7713),#4410);
#8165=STYLED_ITEM('color',(#7713),#4423);
#8166=STYLED_ITEM('color',(#7713),#4436);
#8167=STYLED_ITEM('color',(#7713),#4449);
#8168=STYLED_ITEM('color',(#7713),#4462);
#8169=STYLED_ITEM('color',(#7713),#4475);
#8170=STYLED_ITEM('color',(#7713),#4488);
#8171=STYLED_ITEM('color',(#7713),#4501);
#8172=STYLED_ITEM('color',(#7713),#4514);
#8173=STYLED_ITEM('color',(#7713),#4527);
#8174=STYLED_ITEM('color',(#7713),#4540);
#8175=STYLED_ITEM('color',(#7713),#4553);
#8176=STYLED_ITEM('color',(#7713),#4566);
#8177=STYLED_ITEM('color',(#7713),#4579);
#8178=STYLED_ITEM('color',(#7713),#4592);
#8179=STYLED_ITEM('color',(#7713),#4605);
#8180=STYLED_ITEM('color',(#7713),#4618);
#8181=STYLED_ITEM('color',(#7713),#4631);
#8182=STYLED_ITEM('color',(#7713),#4644);
#8183=STYLED_ITEM('color',(#7713),#4657);
#8184=STYLED_ITEM('color',(#7713),#4670);
#8185=STYLED_ITEM('color',(#7713),#4683);
#8186=STYLED_ITEM('color',(#7713),#4696);
#8187=STYLED_ITEM('color',(#7713),#4709);
#8188=STYLED_ITEM('color',(#7713),#4722);
#8189=STYLED_ITEM('color',(#7713),#4735);
#8190=STYLED_ITEM('color',(#7713),#4748);
#8191=STYLED_ITEM('color',(#7713),#4761);
#8192=STYLED_ITEM('color',(#7713),#4774);
#8193=STYLED_ITEM('color',(#7713),#4787);
#8194=STYLED_ITEM('color',(#7713),#4800);
#8195=STYLED_ITEM('color',(#7713),#4813);
#8196=STYLED_ITEM('color',(#7713),#4826);
#8197=STYLED_ITEM('color',(#7713),#4839);
#8198=STYLED_ITEM('color',(#7713),#4852);
#8199=STYLED_ITEM('color',(#7713),#4865);
#8200=STYLED_ITEM('color',(#7713),#4878);
#8201=STYLED_ITEM('color',(#7713),#4891);
#8202=STYLED_ITEM('color',(#7713),#4904);
#8203=STYLED_ITEM('color',(#7713),#4917);
#8204=STYLED_ITEM('color',(#7713),#4930);
#8205=STYLED_ITEM('color',(#7713),#4943);
#8206=STYLED_ITEM('color',(#7713),#4956);
#8207=STYLED_ITEM('color',(#7713),#4969);
#8208=STYLED_ITEM('color',(#7713),#4982);
#8209=STYLED_ITEM('color',(#7713),#4995);
#8210=STYLED_ITEM('color',(#7713),#5008);
#8211=STYLED_ITEM('color',(#7713),#5021);
#8212=STYLED_ITEM('color',(#7713),#5034);
#8213=STYLED_ITEM('color',(#7713),#5047);
#8214=STYLED_ITEM('color',(#7713),#5060);
#8215=STYLED_ITEM('color',(#7713),#5073);
#8216=STYLED_ITEM('color',(#7713),#5086);
#8217=STYLED_ITEM('color',(#7713),#5099);
#8218=STYLED_ITEM('color',(#7713),#5112);
#8219=STYLED_ITEM('color',(#7713),#5125);
#8220=STYLED_ITEM('color',(#7713),#5138);
#8221=STYLED_ITEM('color',(#7713),#5151);
#8222=STYLED_ITEM('color',(#7713),#5164);
#8223=STYLED_ITEM('color',(#7713),#5177);
#8224=STYLED_ITEM('color',(#7713),#5190);
#8225=STYLED_ITEM('color',(#7713),#5203);
#8226=STYLED_ITEM('color',(#7713),#5216);
#8227=STYLED_ITEM('color',(#7713),#5229);
#8228=STYLED_ITEM('color',(#7713),#5242);
#8229=STYLED_ITEM('color',(#7713),#5255);
#8230=STYLED_ITEM('color',(#7713),#5268);
#8231=STYLED_ITEM('color',(#7713),#5281);
#8232=STYLED_ITEM('color',(#7713),#5294);
#8233=STYLED_ITEM('color',(#7713),#5307);
#8234=STYLED_ITEM('color',(#7713),#5320);
#8235=STYLED_ITEM('color',(#7713),#5333);
#8236=STYLED_ITEM('color',(#7713),#5346);
#8237=STYLED_ITEM('color',(#7713),#5359);
#8238=STYLED_ITEM('color',(#7713),#5372);
#8239=STYLED_ITEM('color',(#7713),#5385);
#8240=STYLED_ITEM('color',(#7713),#5398);
#8241=STYLED_ITEM('color',(#7713),#5411);
#8242=STYLED_ITEM('color',(#7713),#5424);
#8243=STYLED_ITEM('color',(#7713),#5437);
#8244=STYLED_ITEM('color',(#7713),#5450);
#8245=STYLED_ITEM('color',(#7713),#5463);
#8246=STYLED_ITEM('color',(#7713),#5476);
#8247=STYLED_ITEM('color',(#7713),#5489);
#8248=STYLED_ITEM('color',(#7713),#5502);
#8249=STYLED_ITEM('color',(#7713),#5515);
#8250=STYLED_ITEM('color',(#7713),#5528);
#8251=STYLED_ITEM('color',(#7713),#5541);
#8252=STYLED_ITEM('color',(#7713),#5554);
#8253=STYLED_ITEM('color',(#7713),#5567);
#8254=STYLED_ITEM('color',(#7713),#5580);
#8255=STYLED_ITEM('color',(#7713),#5593);
#8256=STYLED_ITEM('color',(#7713),#5606);
#8257=STYLED_ITEM('color',(#7713),#5619);
#8258=STYLED_ITEM('color',(#7713),#5632);
#8259=STYLED_ITEM('color',(#7713),#5645);
#8260=STYLED_ITEM('color',(#7713),#5658);
#8261=STYLED_ITEM('color',(#7713),#5671);
#8262=STYLED_ITEM('color',(#7713),#5684);
#8263=STYLED_ITEM('color',(#7713),#5697);
#8264=STYLED_ITEM('color',(#7713),#5710);
#8265=STYLED_ITEM('color',(#7713),#5723);
#8266=STYLED_ITEM('color',(#7713),#5736);
#8267=STYLED_ITEM('color',(#7713),#5749);
#8268=STYLED_ITEM('color',(#7713),#5762);
#8269=STYLED_ITEM('color',(#7713),#5775);
#8270=STYLED_ITEM('color',(#7713),#5788);
#8271=STYLED_ITEM('color',(#7713),#5801);
#8272=STYLED_ITEM('color',(#7713),#5814);
#8273=STYLED_ITEM('color',(#7713),#5827);
#8274=STYLED_ITEM('color',(#7713),#5840);
#8275=STYLED_ITEM('color',(#7713),#5853);
#8276=STYLED_ITEM('color',(#7713),#5866);
#8277=STYLED_ITEM('color',(#7713),#5879);
#8278=STYLED_ITEM('color',(#7713),#5892);
#8279=STYLED_ITEM('color',(#7713),#5905);
#8280=STYLED_ITEM('color',(#7713),#5918);
#8281=STYLED_ITEM('color',(#7713),#5931);
#8282=STYLED_ITEM('color',(#7713),#5944);
#8283=STYLED_ITEM('color',(#7713),#5957);
#8284=STYLED_ITEM('color',(#7713),#5970);
#8285=STYLED_ITEM('color',(#7713),#5983);
#8286=STYLED_ITEM('color',(#7713),#5996);
#8287=STYLED_ITEM('color',(#7713),#6009);
#8288=STYLED_ITEM('color',(#7713),#6022);
#8289=STYLED_ITEM('color',(#7713),#6035);
#8290=STYLED_ITEM('color',(#7713),#6048);
#8291=STYLED_ITEM('color',(#7713),#6061);
#8292=STYLED_ITEM('color',(#7713),#6074);
#8293=STYLED_ITEM('color',(#7713),#6087);
#8294=STYLED_ITEM('color',(#7713),#6100);
#8295=STYLED_ITEM('color',(#7713),#6113);
#8296=STYLED_ITEM('color',(#7713),#6126);
#8297=STYLED_ITEM('color',(#7713),#6139);
#8298=STYLED_ITEM('color',(#7713),#6152);
#8299=STYLED_ITEM('color',(#7713),#6165);
#8300=STYLED_ITEM('color',(#7713),#6178);
#8301=STYLED_ITEM('color',(#7713),#6191);
#8302=STYLED_ITEM('color',(#7713),#6204);
#8303=STYLED_ITEM('color',(#7713),#6217);
#8304=STYLED_ITEM('color',(#7713),#6230);
#8305=STYLED_ITEM('color',(#7713),#6243);
#8306=STYLED_ITEM('color',(#7713),#6256);
#8307=STYLED_ITEM('color',(#7713),#6269);
#8308=STYLED_ITEM('color',(#7713),#6282);
#8309=STYLED_ITEM('color',(#7713),#6295);
#8310=STYLED_ITEM('color',(#7713),#6308);
#8311=STYLED_ITEM('color',(#7713),#6321);
#8312=STYLED_ITEM('color',(#7713),#6334);
#8313=STYLED_ITEM('color',(#7713),#6347);
#8314=STYLED_ITEM('color',(#7713),#6360);
#8315=STYLED_ITEM('color',(#7713),#6373);
#8316=STYLED_ITEM('color',(#7713),#6386);
#8317=STYLED_ITEM('color',(#7713),#6399);
#8318=STYLED_ITEM('color',(#7713),#6412);
#8319=STYLED_ITEM('color',(#7713),#6425);
#8320=STYLED_ITEM('color',(#7713),#6438);
#8321=STYLED_ITEM('color',(#7713),#6451);
#8322=STYLED_ITEM('color',(#7713),#6464);
#8323=STYLED_ITEM('color',(#7713),#6477);
#8324=STYLED_ITEM('color',(#7713),#6490);
#8325=STYLED_ITEM('color',(#7713),#6503);
#8326=STYLED_ITEM('color',(#7713),#6516);
#8327=STYLED_ITEM('color',(#7713),#6529);
#8328=STYLED_ITEM('color',(#7713),#6542);
#8329=STYLED_ITEM('color',(#7713),#6555);
#8330=STYLED_ITEM('color',(#7713),#6568);
#8331=STYLED_ITEM('color',(#7713),#6581);
#8332=STYLED_ITEM('color',(#7713),#6594);
#8333=STYLED_ITEM('color',(#7713),#6607);
#8334=STYLED_ITEM('color',(#7713),#6620);
#8335=STYLED_ITEM('color',(#7713),#6633);
#8336=STYLED_ITEM('color',(#7713),#6646);
#8337=STYLED_ITEM('color',(#7713),#6659);
#8338=STYLED_ITEM('color',(#7713),#6672);
#8339=STYLED_ITEM('color',(#7713),#6685);
#8340=STYLED_ITEM('color',(#7713),#6698);
#8341=STYLED_ITEM('color',(#7713),#6711);
#8342=STYLED_ITEM('color',(#7713),#6724);
#8343=STYLED_ITEM('color',(#7713),#6737);
#8344=STYLED_ITEM('color',(#7713),#6750);
#8345=STYLED_ITEM('color',(#7713),#6763);
#8346=STYLED_ITEM('color',(#7713),#6776);
#8347=STYLED_ITEM('color',(#7713),#6789);
#8348=STYLED_ITEM('color',(#7713),#6802);
#8349=STYLED_ITEM('color',(#7713),#6815);
#8350=STYLED_ITEM('color',(#7713),#6828);
#8351=STYLED_ITEM('color',(#7713),#6841);
#8352=STYLED_ITEM('color',(#7713),#6854);
#8353=STYLED_ITEM('color',(#7713),#6867);
#8354=STYLED_ITEM('color',(#7713),#6880);
#8355=STYLED_ITEM('color',(#7713),#6893);
#8356=STYLED_ITEM('color',(#7713),#6906);
#8357=STYLED_ITEM('color',(#7713),#6919);
#8358=STYLED_ITEM('color',(#7713),#6932);
#8359=STYLED_ITEM('color',(#7713),#6945);
#8360=STYLED_ITEM('color',(#7713),#6958);
#8361=STYLED_ITEM('color',(#7713),#6971);
#8362=STYLED_ITEM('color',(#7713),#6984);
#8363=STYLED_ITEM('color',(#7713),#6997);
#8364=STYLED_ITEM('color',(#7713),#7010);
#8365=STYLED_ITEM('color',(#7713),#7023);
#8366=STYLED_ITEM('color',(#7713),#7036);
#8367=STYLED_ITEM('color',(#7713),#7049);
#8368=STYLED_ITEM('color',(#7713),#7062);
#8369=STYLED_ITEM('color',(#7713),#7075);
#8370=STYLED_ITEM('color',(#7713),#7088);
#8371=STYLED_ITEM('color',(#7713),#7101);
#8372=STYLED_ITEM('color',(#7713),#7114);
#8373=STYLED_ITEM('color',(#7713),#7127);
#8374=STYLED_ITEM('color',(#7713),#7140);
#8375=STYLED_ITEM('color',(#7713),#7153);
#8376=STYLED_ITEM('color',(#7713),#7166);
#8377=STYLED_ITEM('color',(#7713),#7179);
#8378=STYLED_ITEM('color',(#7713),#7192);
#8379=STYLED_ITEM('color',(#7713),#7205);
#8380=STYLED_ITEM('color',(#7713),#7218);
#8381=STYLED_ITEM('color',(#7713),#7231);
#8382=STYLED_ITEM('color',(#7713),#7244);
#8383=STYLED_ITEM('color',(#7713),#7257);
#8384=STYLED_ITEM('color',(#7713),#7270);
#8385=STYLED_ITEM('color',(#7713),#7283);
#8386=STYLED_ITEM('color',(#7713),#7296);
#8387=STYLED_ITEM('color',(#7713),#7309);
#8388=STYLED_ITEM('color',(#7713),#7322);
#8389=STYLED_ITEM('color',(#7713),#7335);
#8390=STYLED_ITEM('color',(#7713),#7348);
#8391=STYLED_ITEM('color',(#7713),#7361);
#8392=STYLED_ITEM('color',(#7713),#7374);
#8393=STYLED_ITEM('color',(#7713),#7387);
#8394=STYLED_ITEM('color',(#7713),#7400);
#8395=STYLED_ITEM('color',(#7713),#7413);
#8396=STYLED_ITEM('color',(#7713),#7426);
#8397=STYLED_ITEM('color',(#7713),#7439);
#8398=STYLED_ITEM('color',(#7713),#7452);
#8399=STYLED_ITEM('color',(#7713),#7465);
#8400=STYLED_ITEM('color',(#7713),#7478);
#8401=STYLED_ITEM('color',(#7713),#7491);
#8402=STYLED_ITEM('color',(#7713),#7504);
#8403=STYLED_ITEM('color',(#7713),#7517);
#8404=STYLED_ITEM('color',(#7713),#7530);
#8405=STYLED_ITEM('color',(#7713),#7543);
#8406=STYLED_ITEM('color',(#7713),#7556);
#8407=STYLED_ITEM('color',(#7713),#7569);
#8408=STYLED_ITEM('color',(#7713),#7582);
#8409=STYLED_ITEM('color',(#7713),#7595);
#8410=STYLED_ITEM('color',(#7713),#7608);
#8411=STYLED_ITEM('color',(#7713),#7621);
#8412=STYLED_ITEM('color',(#7713),#7634);
#8413=STYLED_ITEM('color',(#7713),#7647);
#8414=STYLED_ITEM('color',(#7713),#7660);
#8415=STYLED_ITEM('color',(#7713),#7673);
#8416=STYLED_ITEM('color',(#8065),#7686);
ENDSEC;
END-ISO-10303-21;
