#VRML V2.0 utf8
# 3D model generated by easyeda2kicad.py (https://github.com/uPesy/easyeda2kicad.py)

Shape{
    appearance Appearance {
        material  Material 	{
            diffuseColor 0.9686274509803922 0.8784313725490196 0.6
            specularColor 0.6784313725490196 0.615686274509804 0.4196078431372549
            ambientIntensity 0.8737
            transparency 0.0
            shininess 0.5
        }
    }
    geometry IndexedFaceSet {
        ccw TRUE
        solid FALSE
        coord DEF co Coordinate {
            point [
                0.8632 -1.1417 0.6452, 0.8632 -1.4567 0.6452, 0.8742 -1.4567 0.6127, 0.8742 -1.1417 0.6127, 0.878 -1.4567 0.5786, 0.878 -1.1417 0.5786, 0.8145 -1.4567 0.7497, 0.8145 -1.1417 0.7497, 1.2415 -1.2616 0.0787, 1.2283 -1.2598 0.0787, 1.2795 -1.311 0.0787, 0.8858 -1.2598 0.0787, 0.8858 -1.6535 0.0787, 1.2795 -1.6024 0.0787, 1.2283 -1.6535 0.0787, 1.2397 -1.6523 0.0787, 1.2782 -1.6138 0.0787, 1.2505 -1.6485 0.0787, 1.2602 -1.6424 0.0787, 1.2683 -1.6343 0.0787, 1.2744 -1.6246 0.0787, 1.2777 -1.2978 0.0787, 1.2726 -1.2854 0.0787, 1.2539 -1.2667 0.0787, 1.2645 -1.2748 0.0787, 1.2283 -1.2598 0.0, 1.2415 -1.2616 0.0, 1.2539 -1.2667 0.0, 1.2645 -1.2748 0.0, 1.2726 -1.2854 0.0, 1.2777 -1.2978 0.0, 1.2795 -1.311 0.0, 1.2795 -1.6024 0.0, 1.2782 -1.6138 0.0, 1.2744 -1.6246 0.0, 1.2683 -1.6343 0.0, 1.2602 -1.6424 0.0, 1.2505 -1.6485 0.0, 1.2397 -1.6523 0.0, 1.2283 -1.6535 0.0, 0.809 -1.4567 0.7659, 0.809 -1.1417 0.7659, 0.8071 -1.4567 0.7829, 0.8071 -1.1417 0.7829, 0.8071 -1.4567 0.4724, 0.878 -1.4567 0.4724, 0.878 -1.1417 0.4724, 0.8071 -1.1417 0.4724, 0.8682 -1.6535 0.0807, 0.8682 -1.2598 0.0807, 0.8515 -1.6535 0.0866, 0.8515 -1.2598 0.0866, 0.8365 -1.6535 0.0961, 0.8365 -1.2598 0.0961, 0.824 -1.6535 0.1087, 0.824 -1.2598 0.1087, 0.8147 -1.6535 0.1238, 0.8147 -1.2598 0.1238, 0.8089 -1.6535 0.1406, 0.8127 -1.2598 0.1283, 0.8098 -1.2588 0.1373, 0.8072 -1.2507 0.1553, 0.8071 -1.2493 0.1575, 0.8072 -1.6539 0.1531, 0.8071 -1.6549 0.1575, 0.8079 -1.2557 0.1464, 0.8077 -1.2553 0.1476, 0.8076 -1.6535 0.1485, 0.8072 -1.6539 0.153, 0.8095 -1.2587 0.1381, 0.809 -1.2578 0.1406, 0.8088 -1.2573 0.1419, 0.8073 -1.2535 0.1512, 0.8858 -1.2598 0.0, 0.8506 -1.2598 0.004, 0.8171 -1.2598 0.0158, 0.7871 -1.2598 0.0348, 0.7622 -1.2598 0.06, 0.7435 -1.2598 0.0901, 0.7395 -1.2598 0.0992, 0.7283 -1.6549 0.1575, 0.7286 -1.6539 0.1486, 0.7286 -1.6539 0.1485, 0.7294 -1.6535 0.1396, 0.732 -1.6535 0.1237, 0.7435 -1.6535 0.0901, 0.7622 -1.6535 0.06, 0.7871 -1.6535 0.0348, 0.8171 -1.6535 0.0158, 0.8506 -1.6535 0.004, 0.8858 -1.6535 0.0, 0.7992 -1.1417 0.5786, 0.7992 -1.4567 0.5786, 0.7973 -1.1417 0.5956, 0.7973 -1.4567 0.5956, 0.7918 -1.1417 0.6119, 0.7918 -1.4567 0.6119, 0.7431 -1.4567 0.7164, 0.7431 -1.1417 0.7164, 0.7992 -1.1417 0.4724, 0.7992 -1.4567 0.4724, 0.8071 -0.8288 1.1201, 0.8071 -0.8465 1.122, 0.8071 -0.752 0.5999, 0.8071 -0.7606 0.612, 0.8071 -0.6811 0.0331, 0.8071 -0.6811 0.552, 0.8071 -0.7407 0.5904, 0.8071 -1.0729 0.0331, 0.8071 -1.074 0.0363, 0.8071 -1.1058 0.141, 0.8071 -1.752 1.122, 0.8071 -1.7723 1.1194, 0.8071 -1.1621 0.1945, 0.8071 -1.1432 0.1871, 0.8071 -1.1269 0.1752, 0.8071 -1.1141 0.1595, 0.8071 -1.7913 1.1115, 0.8071 -1.8076 1.099, 0.8071 -1.8202 1.0827, 0.8071 -1.8307 0.248, 0.8071 -1.8307 1.0433, 0.8071 -1.828 1.0637, 0.8071 -1.8294 0.2366, 0.8071 -1.8256 0.2258, 0.8071 -1.7795 0.1969, 0.8071 -1.8195 0.2161, 0.8071 -0.766 0.6257, 0.8071 -0.7677 0.6401, 0.8071 -0.7677 1.0192, 0.8071 -1.237 0.1736, 0.8071 -1.221 0.186, 0.8071 -1.2023 0.1939, 0.8071 -1.1823 0.1968, 0.8071 -1.8114 0.208, 0.8071 -1.8017 0.2019, 0.8071 -1.7909 0.1981, 0.8071 -0.7677 1.0215, 0.8071 -0.7677 1.0236, 0.8071 -0.7677 1.0242, 0.8071 -1.7047 0.1969, 0.8071 -1.6934 0.1956, 0.8071 -1.6826 0.1918, 0.8071 -0.7753 1.077, 0.8071 -0.7846 1.0921, 0.8071 -0.7971 1.1047, 0.8071 -0.8121 1.1142, 0.8071 -0.7696 1.0602, 0.8071 -0.7677 1.0433, 0.8071 -1.6588 0.1682, 0.8071 -1.6649 0.1778, 0.8071 -1.673 0.1858, 0.7283 -1.2493 0.1575, 0.7677 -1.2493 0.1575, 0.7284 -1.2508 0.1535, 0.7678 -1.2508 0.1543, 0.7284 -1.2508 0.1532, 0.7681 -1.2536 0.1477, 0.7304 -1.2554 0.1354, 0.7689 -1.2558 0.141, 0.7315 -1.2575 0.1264, 0.7313 -1.2575 0.1272, 0.7323 -1.2577 0.1238, 0.7342 -1.2583 0.1173, 0.7283 -0.7677 1.0433, 0.7283 -0.7696 1.0602, 0.7283 -0.7753 1.077, 0.7283 -0.7846 1.0921, 0.7283 -0.7971 1.1047, 0.7283 -0.8121 1.1142, 0.7283 -0.8288 1.1201, 0.7283 -0.8465 1.122, 0.7283 -1.752 1.122, 0.7283 -1.7723 1.1194, 0.7283 -1.7913 1.1115, 0.7283 -1.8076 1.099, 0.7283 -1.8202 1.0827, 0.7283 -1.828 1.0637, 0.7283 -1.8307 1.0433, 0.7283 -1.8307 0.248, 0.7283 -1.7795 0.1969, 0.7283 -1.7909 0.1981, 0.7283 -1.8017 0.2019, 0.7283 -1.8114 0.208, 0.7283 -1.8195 0.2161, 0.7283 -1.8256 0.2258, 0.7283 -1.8294 0.2366, 0.7283 -1.7047 0.1969, 0.7283 -1.6934 0.1956, 0.7283 -1.6826 0.1918, 0.7283 -1.673 0.1858, 0.7283 -1.6649 0.1778, 0.7283 -1.6588 0.1682, 0.7284 -1.2508 0.1535, 0.7313 -1.2575 0.1272, 0.7283 -0.7407 0.5904, 0.7283 -0.752 0.5999, 0.7283 -0.7606 0.612, 0.7283 -0.766 0.6257, 0.7283 -0.7677 0.6401, 0.7283 -0.7677 1.0192, 0.7283 -0.7677 1.0215, 0.7283 -0.7677 1.0236, 0.7283 -0.7677 1.0242, 0.7283 -1.4567 0.7829, 0.7321 -1.4567 0.7489, 0.7283 -1.4567 0.4724, 0.7283 -1.1417 0.7829, 0.7321 -1.1417 0.7489, 0.7283 -1.1417 0.4724, 0.7283 -0.6811 0.552, 0.7677 -0.6811 0.552, 0.7283 -1.237 0.1736, 0.7283 -1.1058 0.141, 0.7283 -1.1141 0.1595, 0.7283 -1.1269 0.1752, 0.7283 -1.1432 0.1871, 0.7283 -1.1621 0.1945, 0.7283 -1.1823 0.1968, 0.7283 -1.2023 0.1939, 0.7283 -1.221 0.186, 0.7283 -0.6811 0.0331, 0.7283 -1.0729 0.0331, 0.7283 -1.074 0.0363, 0.7809 -0.5941 0.5128, 0.7786 -0.5908 0.5111, 0.7464 -0.6134 0.5111, 0.7918 -0.6134 0.5222, 0.7571 -0.6322 0.5234, 0.7928 -0.616 0.5234, 0.8034 -0.6493 0.5384, 0.8031 -0.6479 0.5377, 0.765 -0.6561 0.5377, 0.8002 -0.6351 0.5321, 0.7939 -0.6188 0.5247, 0.8054 -0.6579 0.5421, 0.7259 -0.6653 0.5384, 0.7258 -0.6646 0.5377, 0.7247 -0.6574 0.5315, 0.7212 -0.6503 0.5247, 0.7205 -0.6489 0.5234, 0.7141 -0.6359 0.5111, 0.3113 0.7485 0.1207, 0.3125 0.7518 0.1255, 0.3099 0.7512 0.1143, 0.3045 0.7485 0.0856, 0.3065 0.7485 0.096, 0.3069 0.753 0.0958, 0.3067 0.7485 0.0969, 0.307 0.7485 0.0985, 0.3105 0.7635 0.1063, 0.3081 0.7485 0.1041, 0.3099 0.7485 0.1134, 0.3035 0.7485 0.0775, 0.3055 0.7557 0.0777, 0.3021 0.7485 0.0671, 0.3035 0.7524 0.0635, 0.3019 0.7485 0.0656, 0.308 0.7593 0.0921, 0.3101 0.7677 0.0708, 0.3084 0.7643 0.0571, 0.3136 0.7753 0.0981, 0.3122 0.7717 0.0873, 0.3119 0.7711 0.0847, 0.3129 0.7675 0.1206, 0.3131 0.7684 0.1199, 0.3131 0.7684 0.1199, 0.3151 0.7794 0.1109, 0.3142 0.7769 0.103, 0.3135 0.7573 0.1283, 0.3135 0.7567 0.1288, 0.3136 0.7551 0.13, 0.8054 -0.6579 0.5421, 0.8038 -0.6493 0.0331, 0.7942 -0.6187 0.0331, 0.7786 -0.5908 0.0331, 0.7918 -0.6134 0.5222, 0.4397 -0.244 0.2024, 0.5042 -0.1988 0.2024, 0.4205 -0.2167 0.1851, 0.485 -0.1715 0.1851, 0.3999 -0.1872 0.1745, 0.4644 -0.142 0.1745, 0.3784 -0.1566 0.1709, 0.4429 -0.1114 0.1709, 0.7141 -0.6359 0.0331, 0.7219 -0.6499 0.0331, 0.7247 -0.6574 0.5315, 0.7267 -0.6652 0.0331, 0.3969 -0.0088 0.1709, 0.3182 -0.0087 0.1709, 0.3969 -0.0146 0.1709, 0.3182 -0.0145 0.1709, 0.399 -0.0345 0.1709, 0.3218 -0.0504 0.1709, 0.405 -0.0536 0.1709, 0.3327 -0.0848 0.1709, 0.4147 -0.0711 0.1709, 0.3502 -0.1163 0.1709, 0.3182 0.0101 0.1732, 0.397 0.01 0.1732, 0.3182 0.0278 0.1799, 0.397 0.0277 0.1799, 0.3183 0.0434 0.1906, 0.397 0.0433 0.1906, 0.397 0.0589 0.2013, 0.3183 0.0589 0.2013, 0.397 0.0766 0.208, 0.3183 0.0766 0.208, 0.397 0.0954 0.2103, 0.3183 0.0954 0.2103, 0.3188 0.6016 0.2103, 0.3975 0.6015 0.2103, 0.3976 0.6536 0.1906, 0.3189 0.6536 0.1906, 0.3188 0.638 0.2013, 0.3976 0.638 0.2013, 0.3188 0.6203 0.208, 0.3976 0.6203 0.208, 0.3976 0.7056 0.1709, 0.3189 0.7057 0.1709, 0.3976 0.6869 0.1732, 0.3189 0.6869 0.1732, 0.3976 0.6692 0.1799, 0.3189 0.6692 0.1799, 0.3977 0.7878 0.1709, 0.319 0.7879 0.1709, 0.3977 0.8009 0.1694, 0.319 0.801 0.1694, 0.3978 0.8134 0.1651, 0.319 0.8135 0.1651, 0.3978 0.8246 0.158, 0.319 0.8247 0.158, 0.3978 0.834 0.1487, 0.319 0.834 0.1487, 0.3978 0.841 0.1375, 0.319 0.8411 0.1375, 0.3978 0.8454 0.125, 0.319 0.8454 0.125, 0.3978 0.8468 0.1119, 0.319 0.8469 0.1119, 0.3978 0.8468 0.0922, 0.319 0.8469 0.0922, 0.3157 0.7623 0.1382, 0.3167 0.7658 0.1421, 0.3173 0.7687 0.1446, 0.3162 0.7765 0.1364, 0.319 0.8037 0.1415, 0.319 0.8036 0.1415, 0.319 0.8035 0.1416, 0.319 0.8007 0.1438, 0.319 0.8025 0.1415, 0.319 0.8013 0.1412, 0.319 0.7977 0.1461, 0.3189 0.8001 0.1409, 0.3189 0.7991 0.1404, 0.319 0.7976 0.1462, 0.3187 0.7973 0.1395, 0.319 0.7929 0.1482, 0.3187 0.7966 0.1389, 0.319 0.7899 0.1495, 0.3184 0.7938 0.1365, 0.319 0.788 0.1498, 0.319 0.7867 0.15, 0.3189 0.7872 0.1494, 0.319 0.7809 0.1511, 0.3179 0.7826 0.1448, 0.319 0.7781 0.1512, 0.319 0.7766 0.1512, 0.317 0.7864 0.1256, 0.3175 0.7882 0.1293, 0.3178 0.7902 0.1319, 0.3179 0.7908 0.1327, 0.3183 0.7936 0.1363, 0.3189 0.7204 0.1512, 0.3174 0.7276 0.145, 0.3162 0.7331 0.1402, 0.313 0.7439 0.1273, 0.3125 0.7518 0.1255, 0.3189 0.6991 0.1458, 0.3188 0.6985 0.144, 0.3189 0.6969 0.1443, 0.3182 0.7045 0.14, 0.3189 0.7096 0.1499, 0.3176 0.708 0.1362, 0.3189 0.7128 0.1503, 0.3183 0.7157 0.1478, 0.3189 0.7181 0.1509, 0.3186 0.7014 0.1424, 0.3189 0.7004 0.1467, 0.3189 0.7036 0.148, 0.3189 0.7081 0.1497, 0.3188 0.6977 0.1405, 0.3189 0.6958 0.1412, 0.3189 0.6959 0.1436, 0.3189 0.6954 0.1413, 0.3189 0.6946 0.1428, 0.3189 0.6933 0.1415, 0.3177 0.707 0.1317, 0.3178 0.7065 0.1326, 0.3183 0.7028 0.1367, 0.3185 0.7016 0.138, 0.3186 0.7001 0.139, 0.3187 0.6982 0.1403, 0.317 0.7102 0.1259, 0.3166 0.7129 0.1288, 0.3159 0.7149 0.1173, 0.3142 0.7213 0.1103, 0.3147 0.7186 0.1082, 0.3164 0.7222 0.1392, 0.3123 0.7322 0.1188, 0.3123 0.731 0.1179, 0.314 0.7223 0.1111, 0.3124 0.7338 0.12, 0.3095 0.7384 0.1069, 0.3043 0.7427 0.0625, 0.3069 0.7424 0.0933, 0.3101 0.7301 0.0858, 0.3117 0.7263 0.0834, 0.3119 0.7257 0.0856, 0.3119 0.7264 0.0988, 0.3141 0.7202 0.1031, 0.3082 0.7361 0.0896, 0.3084 0.7327 0.0571, 0.3068 0.7366 0.0592, 0.3004 0.7485 0.0494, 0.3024 0.7539 0.0331, 0.3009 0.7512 0.0331, 0.2995 0.7485 0.0331, 0.3084 0.7643 0.0331, 0.3178 0.7902 0.0332, 0.3174 0.7879 0.0331, 0.3143 0.7768 0.0331, 0.3175 0.7882 0.1293, 0.319 0.801 0.0346, 0.319 0.8037 0.0353, 0.3978 0.8454 0.079, 0.319 0.8454 0.079, 0.3978 0.841 0.0665, 0.319 0.8411 0.0665, 0.3978 0.834 0.0554, 0.319 0.834 0.0554, 0.3978 0.8246 0.046, 0.319 0.8247 0.046, 0.3978 0.8134 0.039, 0.319 0.8135 0.039, 0.3977 0.8009 0.0346, 0.3977 0.7878 0.0331, 0.3969 -0.0146 0.0331, 0.4147 -0.0711 0.0331, 0.405 -0.0536 0.0331, 0.399 -0.0345 0.0331, 0.3502 -0.1163 0.0331, 0.3327 -0.0848 0.0331, 0.3218 -0.0504 0.0331, 0.3182 -0.0145 0.0331, 0.3189 0.6933 0.0331, 0.3189 0.7081 0.1497, 0.3142 0.7202 0.0331, 0.3084 0.7327 0.0331, 0.3177 0.707 0.0331, 0.3024 0.7431 0.0331, 0.3009 0.7458 0.0331, 0.3004 0.7485 0.0494, 1.2795 -0.1969 0.0, 0.9173 -0.1969 0.0, 1.2795 0.1968 0.0, 0.9173 0.1968 0.0, 1.2795 0.1968 0.0787, 1.2795 -0.1969 0.0787, 0.741 -0.1991 0.16, 0.7402 -0.2055 0.1772, 0.7402 0.1968 0.1772, 0.7422 -0.1974 0.1506, 0.7438 -0.1969 0.1412, 0.7446 0.1968 0.1377, 0.7446 -0.1969 0.1377, 0.7577 0.1968 0.1003, 0.7577 -0.1969 0.1003, 0.7788 0.1968 0.0667, 0.7788 -0.1969 0.0667, 0.8069 0.1968 0.0387, 0.8069 -0.1969 0.0387, 0.8405 0.1968 0.0175, 0.8405 -0.1969 0.0175, 0.8779 0.1968 0.0044, 0.8779 -0.1969 0.0044, 0.9173 -0.1969 0.0787, 0.8954 -0.1969 0.0812, 0.8746 -0.1969 0.0885, 0.856 -0.1969 0.1002, 0.8404 -0.1969 0.1158, 0.8286 -0.1969 0.1345, 0.8257 -0.1969 0.1412, 0.9173 0.1968 0.0787, 0.8954 0.1968 0.0812, 0.8746 0.1968 0.0885, 0.856 0.1968 0.1002, 0.8404 0.1968 0.1158, 0.8286 0.1968 0.1345, 0.8214 0.1968 0.1553, 0.8189 0.1968 0.1772, 0.7402 -0.311 0.5118, 0.7402 -0.2756 0.6693, 0.7402 0.1614 0.631, 0.7402 0.8268 0.4331, 0.7402 0.6186 0.9075, 0.7402 0.6339 0.9055, 0.7402 0.8622 0.4982, 0.7402 0.8622 0.4331, 0.7402 -0.311 0.4331, 0.7402 0.5768 0.9493, 0.7402 0.1417 1.063, 0.7402 0.5748 0.9646, 0.7402 0.5748 1.063, 0.7402 0.8268 0.6693, 0.7402 0.0236 0.9161, 0.7402 0.0426 0.9082, 0.7402 0.8268 0.8661, 0.7402 0.6909 0.9493, 0.7402 0.7969 1.0155, 0.7402 0.6929 0.9646, 0.7402 0.7928 1.0284, 0.7402 0.3313 0.2328, 0.7402 0.4968 0.4762, 0.7402 0.5157 0.484, 0.7402 0.5827 0.935, 0.7402 0.5921 0.9228, 0.7402 0.6043 0.9134, 0.7402 0.6491 0.9075, 0.7402 0.6634 0.9134, 0.7402 0.6756 0.9228, 0.7402 0.685 0.935, 0.7402 0.063 0.9055, 0.7402 0.0834 0.9082, 0.7402 0.2008 0.6991, 0.7402 0.1845 0.6866, 0.7402 0.4764 0.4735, 0.7402 0.1995 0.1975, 0.7402 0.6929 1.063, 0.7402 0.739 1.063, 0.7402 0.7524 1.0615, 0.7402 0.7651 1.0569, 0.7402 -0.2756 0.8661, 0.7402 -0.2457 1.0155, 0.7402 -0.0157 0.9843, 0.7402 -0.0131 0.9639, 0.7402 -0.0052 0.9449, 0.7402 0.0073 0.9286, 0.7402 0.5321 0.4965, 0.7402 0.5446 0.5128, 0.7402 0.3438 0.2165, 0.7402 0.3535 0.2032, 0.7402 0.5524 0.5318, 0.7402 0.5551 0.5522, 0.7402 0.5551 0.631, 0.7402 0.5524 0.6513, 0.7402 0.5446 0.6703, 0.7402 0.5321 0.6866, 0.7402 0.5157 0.6991, 0.7402 0.1417 0.9843, 0.7402 0.2198 0.707, 0.7402 0.1187 0.9286, 0.7402 0.2402 0.7097, 0.7402 0.4764 0.7097, 0.7402 0.172 0.6703, 0.7402 0.1641 0.6513, 0.7402 -0.2432 0.4053, 0.7402 -0.2516 0.4172, 0.7402 0.2074 0.2165, 0.7402 0.7764 1.0496, 0.7402 0.7858 1.0399, 0.7402 0.4968 0.707, 0.7402 0.1312 0.9449, 0.7402 0.139 0.9639, 0.7402 0.315 0.2454, 0.7402 0.296 0.2532, 0.7402 0.2402 0.4735, 0.7402 0.2756 0.2559, 0.7402 0.2226 0.4754, 0.7402 0.2552 0.2532, 0.7402 0.206 0.4813, 0.7402 -0.2756 0.4331, 0.7402 0.1614 0.5522, 0.7402 0.1634 0.5347, 0.7402 -0.2626 0.4266, 0.7402 0.2199 0.2328, 0.7402 0.2362 0.2454, 0.7402 0.1024 0.9161, 0.7402 0.1692 0.518, 0.7402 0.1786 0.5031, 0.7402 0.1911 0.4907, 0.7402 -0.2058 0.1777, 0.7402 -0.2165 0.1933, 0.7402 -0.2273 0.2089, 0.7402 -0.2252 1.0496, 0.7402 -0.2346 1.0399, 0.7402 -0.2416 1.0284, 0.7402 -0.1878 1.063, 0.7402 -0.0748 1.063, 0.7402 -0.0157 1.0039, 0.7402 -0.0617 1.0615, 0.7402 -0.0492 1.0571, 0.7402 0.412 0.1772, 0.7402 0.3956 0.1789, 0.7402 -0.2362 0.3774, 0.7402 -0.238 0.3918, 0.7402 -0.2339 0.2266, 0.7402 -0.2362 0.2454, 0.7402 -0.2139 1.0569, 0.7402 -0.2012 1.0615, 0.7402 0.8268 0.2559, 0.7402 0.8241 0.2355, 0.7402 -0.038 1.0501, 0.7402 -0.0286 1.0408, 0.7402 -0.0172 1.0171, 0.7402 -0.0216 1.0296, 0.7402 0.8162 0.2165, 0.7402 0.8037 0.2002, 0.7402 0.7874 0.1877, 0.7402 0.7684 0.1798, 0.7402 0.748 0.1772, 0.7402 0.3799 0.184, 0.7402 0.3657 0.1922, 0.4484 0.5163 0.4018, 0.4409 0.5027 0.3779, 0.3765 0.5748 0.171, 0.3613 0.5453 0.1222, 0.3641 0.5575 0.1312, 0.4238 0.4404 0.3231, 0.4177 0.3583 0.3033, 0.3589 0.2008 0.1147, 0.4184 0.3867 0.3055, 0.3589 0.5157 0.1147, 0.4204 0.4143 0.3122, 0.3595 0.531 0.1166, 0.3677 0.1496 0.1429, 0.3641 0.159 0.1312, 0.4238 0.2762 0.3231, 0.4285 0.2523 0.338, 0.4342 0.2313 0.3564, 0.3765 0.1417 0.171, 0.4409 0.2138 0.3779, 0.4484 0.2003 0.4018, 0.4342 0.4852 0.3564, 0.4285 0.4642 0.338, 0.3719 0.5728 0.1564, 0.3677 0.5669 0.1429, 0.4184 0.3299 0.3055, 0.4204 0.3022 0.3122, 0.3595 0.1855 0.1166, 0.3613 0.1713 0.1222, 0.5037 0.4852 0.5796, 0.497 0.5027 0.5581, 0.5488 0.5748 0.7243, 0.4896 0.5163 0.5342, 0.4816 0.5255 0.5084, 0.3719 0.1437 0.1564, 0.4564 0.191 0.4276, 0.4647 0.1863 0.4544, 0.5488 0.1417 0.7243, 0.4732 0.1863 0.4816, 0.4816 0.191 0.5084, 0.4896 0.2003 0.5342, 0.497 0.2138 0.5581, 0.5037 0.2313 0.5796, 0.5175 0.4143 0.6238, 0.5141 0.4404 0.6129, 0.5095 0.4642 0.598, 0.4732 0.5302 0.4816, 0.4647 0.5302 0.4544, 0.4564 0.5255 0.4276, 0.5095 0.2523 0.598, 0.5141 0.2762 0.6129, 0.5175 0.3022 0.6238, 0.5196 0.3299 0.6305, 0.5203 0.3583 0.6327, 0.5196 0.3867 0.6305, 0.8189 0.7969 1.0155, 0.8189 0.7928 1.0284, 0.8189 0.7858 1.0399, 0.8189 0.7764 1.0496, 0.8189 0.7651 1.0569, 0.8189 0.7524 1.0615, 0.8189 0.739 1.063, 0.8189 0.6929 1.063, 0.8189 0.6929 0.9646, 0.8189 -0.0157 1.0039, 0.8189 -0.0157 0.9843, 0.8189 -0.0748 1.063, 0.8189 -0.0617 1.0615, 0.8189 -0.0492 1.0571, 0.8189 -0.038 1.0501, 0.8189 -0.0286 1.0408, 0.8189 -0.0216 1.0296, 0.8189 -0.0172 1.0171, 0.8189 -0.1878 1.063, 0.8189 -0.2457 1.0155, 0.8189 -0.2416 1.0284, 0.8189 -0.2346 1.0399, 0.8189 -0.2252 1.0496, 0.8189 -0.2139 1.0569, 0.8189 -0.2012 1.0615, 0.8189 -0.2756 0.8661, 0.8189 -0.2756 0.6693, 0.8189 -0.311 0.5118, 0.8189 -0.311 0.4331, 0.8189 -0.2756 0.4331, 0.8189 -0.2626 0.4266, 0.8189 -0.2516 0.4172, 0.8189 -0.2432 0.4053, 0.8189 -0.238 0.3918, 0.8189 -0.2362 0.3774, 0.8189 -0.2362 0.2454, 0.8189 -0.2165 0.1933, 0.8189 -0.2273 0.2089, 0.8189 -0.2339 0.2266, 0.8189 -0.2058 0.1777, 0.8189 -0.2055 0.1772, 0.8193 -0.2018 0.1687, 0.8206 -0.1994 0.1599, 0.8214 -0.1981 0.1553, 0.8189 0.1995 0.1975, 0.8189 0.2074 0.2165, 0.8189 0.2199 0.2328, 0.8189 0.2362 0.2454, 0.8189 0.2552 0.2532, 0.8189 0.2756 0.2559, 0.8189 0.296 0.2532, 0.8189 0.315 0.2454, 0.8189 0.3313 0.2328, 0.8189 0.3438 0.2165, 0.8189 0.3535 0.2032, 0.8189 0.3657 0.1922, 0.8189 0.3799 0.184, 0.8189 0.3956 0.1789, 0.8189 0.412 0.1772, 0.8189 0.748 0.1772, 0.8189 0.8268 0.2559, 0.8189 0.8241 0.2355, 0.8189 0.8162 0.2165, 0.8189 0.8037 0.2002, 0.8189 0.7874 0.1877, 0.8189 0.7684 0.1798, 0.8189 0.8268 0.4331, 0.8189 0.8622 0.4331, 0.8189 0.8622 0.4982, 0.8189 0.8268 0.6693, 0.8189 0.8268 0.8661, 0.8189 0.1614 0.5522, 0.8189 0.1614 0.631, 0.8189 0.1641 0.6513, 0.8189 0.172 0.6703, 0.8189 0.1845 0.6866, 0.8189 0.2008 0.6991, 0.8189 0.2198 0.707, 0.8189 0.2402 0.7097, 0.8189 0.4764 0.7097, 0.8189 0.4968 0.707, 0.8189 0.5157 0.6991, 0.8189 0.5321 0.6866, 0.8189 0.5446 0.6703, 0.8189 0.5524 0.6513, 0.8189 0.5551 0.631, 0.8189 0.5551 0.5522, 0.8189 0.5524 0.5318, 0.8189 0.5446 0.5128, 0.8189 0.5321 0.4965, 0.8189 0.5157 0.484, 0.8189 0.4968 0.4762, 0.8189 0.4764 0.4735, 0.8189 0.2402 0.4735, 0.8189 0.2226 0.4754, 0.8189 0.206 0.4813, 0.8189 0.1911 0.4907, 0.8189 0.1786 0.5031, 0.8189 0.1692 0.518, 0.8189 0.1634 0.5347, 0.737 0.5748 1.0879, 0.737 0.1417 1.0879, 0.7276 0.5748 1.1111, 0.7276 0.1417 1.1111, 0.7126 0.5748 1.1313, 0.7126 0.1417 1.1313, 0.693 0.5748 1.147, 0.693 0.1417 1.147, 0.6701 0.5748 1.1572, 0.6701 0.1417 1.1572, 0.6454 0.5748 1.1614, 0.6454 0.1417 1.1614, 0.6204 0.5748 1.1591, 0.6204 0.1417 1.1591, 0.5968 0.5748 1.1506, 0.5968 0.1417 1.1506, 0.5761 0.5748 1.1363, 0.5761 0.1417 1.1363, 0.5597 0.5748 1.1174, 0.5597 0.1417 1.1174, 0.5486 0.5748 1.0949, 0.5486 0.1417 1.0949, 0.5436 0.5748 1.0703, 0.5436 0.1417 1.0703, 0.5449 0.5748 1.0452, 0.5449 0.1417 1.0452, 0.5624 0.5748 0.95, 0.5624 0.1417 0.95, 0.5693 0.1417 0.8934, 0.5693 0.5748 0.8934, 0.5693 0.1417 0.8363, 0.5693 0.5748 0.8363, 0.5624 0.1417 0.7797, 0.5624 0.5748 0.7797, 0.2837 0.5157 0.1381, 0.2843 0.531 0.14, 0.2861 0.5453 0.1456, 0.2889 0.5575 0.1546, 0.2925 0.5669 0.1663, 0.2968 0.5728 0.1799, 0.3013 0.5748 0.1945, 0.2837 0.2008 0.1381, 0.3013 0.1417 0.1945, 0.2968 0.1437 0.1799, 0.2925 0.1496 0.1663, 0.2889 0.159 0.1546, 0.2861 0.1713 0.1456, 0.2843 0.1855 0.14, 0.8189 0.0834 0.9082, 0.8189 0.6186 0.9075, 0.8189 0.6339 0.9055, 0.8189 0.6491 0.9075, 0.8189 0.6634 0.9134, 0.8189 0.6756 0.9228, 0.8189 0.1417 0.9843, 0.8189 0.139 0.9639, 0.8189 0.1312 0.9449, 0.8189 0.0073 0.9286, 0.8189 -0.0052 0.9449, 0.8189 -0.0131 0.9639, 0.8189 0.685 0.935, 0.8189 0.6909 0.9493, 0.8189 0.5748 1.063, 0.8189 0.1417 1.063, 0.8189 0.5748 0.9646, 0.8189 0.5768 0.9493, 0.8189 0.5827 0.935, 0.8189 0.1024 0.9161, 0.8189 0.1187 0.9286, 0.8189 0.0236 0.9161, 0.8189 0.0426 0.9082, 0.8189 0.5921 0.9228, 0.8189 0.063 0.9055, 0.8189 0.6043 0.9134, 0.43 0.2259 0.6077, 0.423 0.2077 0.5854, 0.4736 0.1417 0.7477, 0.4408 0.4439 0.6425, 0.4444 0.4167 0.6539, 0.4736 0.5748 0.7477, 0.3894 0.179 0.4772, 0.3982 0.179 0.5056, 0.4466 0.3879 0.6608, 0.4473 0.3583 0.6632, 0.4466 0.3287 0.6608, 0.4444 0.2999 0.6539, 0.4153 0.1935 0.5604, 0.4069 0.1839 0.5336, 0.3807 0.1839 0.4492, 0.3723 0.1935 0.4224, 0.3645 0.2077 0.3975, 0.3467 0.4439 0.3404, 0.3982 0.5375 0.5056, 0.4069 0.5327 0.5336, 0.4153 0.523 0.5604, 0.423 0.5089 0.5854, 0.4408 0.2726 0.6425, 0.436 0.2478 0.6269, 0.3403 0.3583 0.3197, 0.341 0.3287 0.322, 0.3432 0.2999 0.329, 0.3467 0.2726 0.3404, 0.341 0.3879 0.322, 0.3432 0.4167 0.329, 0.3516 0.4688 0.3559, 0.3576 0.4906 0.3751, 0.3894 0.5375 0.4772, 0.3807 0.5327 0.4492, 0.43 0.4906 0.6077, 0.436 0.4688 0.6269, 0.3576 0.2259 0.3751, 0.3516 0.2478 0.3559, 0.3645 0.5089 0.3975, 0.3723 0.523 0.4224, 0.8146 0.1417 1.1019, 0.8018 0.1417 1.1389, 0.7812 0.1417 1.1723, 0.7538 0.1417 1.2002, 0.7209 0.1417 1.2215, 0.6841 0.1417 1.235, 0.6453 0.1417 1.2401, 0.6063 0.1417 1.2366, 0.569 0.1417 1.2245, 0.485 0.1417 0.7938, 0.4907 0.1417 0.8411, 0.4907 0.1417 0.8886, 0.4849 0.1417 0.9358, 0.4675 0.1417 1.031, 0.4647 0.1417 1.0701, 0.4706 0.1417 1.1088, 0.4848 0.1417 1.1453, 0.5068 0.1417 1.1778, 0.5353 0.1417 1.2046, 0.4675 0.5748 1.031, 0.4647 0.5748 1.0701, 0.4706 0.5748 1.1088, 0.4848 0.5748 1.1453, 0.5068 0.5748 1.1778, 0.5353 0.5748 1.2046, 0.569 0.5748 1.2245, 0.6063 0.5748 1.2366, 0.6453 0.5748 1.2401, 0.6841 0.5748 1.235, 0.7209 0.5748 1.2215, 0.7538 0.5748 1.2002, 0.7812 0.5748 1.1723, 0.8018 0.5748 1.1389, 0.8146 0.5748 1.1019, 0.485 0.5748 0.7938, 0.4907 0.5748 0.8411, 0.4907 0.5748 0.8886, 0.4849 0.5748 0.9358, 0.4162 0.3247 0.5493, 0.4161 0.3242 0.5489, 0.4039 0.3241 0.5451, 0.4143 0.315 0.5432, 0.4127 0.3093 0.5382, 0.4076 0.3092 0.5365, 0.4092 0.2993 0.527, 0.4079 0.2968 0.5225, 0.4018 0.2967 0.5189, 0.3812 0.315 0.4371, 0.3795 0.3242 0.4314, 0.3716 0.3241 0.4414, 0.378 0.3354 0.4266, 0.3776 0.3408 0.4253, 0.3667 0.3408 0.4383, 0.3771 0.3467 0.4238, 0.3768 0.3583 0.4229, 0.3651 0.3583 0.4372, 0.3794 0.3247 0.431, 0.3828 0.3093 0.4421, 0.3795 0.3092 0.4465, 0.3836 0.3064 0.4446, 0.3853 0.3021 0.45, 0.3863 0.2993 0.4534, 0.3729 0.3092 0.4603, 0.3877 0.2968 0.4578, 0.3847 0.2967 0.4642, 0.3902 0.2928 0.4658, 0.3894 0.2938 0.4632, 0.3926 0.29 0.4737, 0.3824 0.2967 0.4762, 0.3936 0.2894 0.4769, 0.396 0.2881 0.4846, 0.383 0.2967 0.4884, 0.3965 0.2881 0.4859, 0.3991 0.2881 0.4944, 0.3866 0.2967 0.5, 0.3995 0.2881 0.4957, 0.393 0.2967 0.5104, 0.4019 0.2894 0.5035, 0.4062 0.2938 0.5172, 0.4054 0.2928 0.5145, 0.4029 0.29 0.5067, 0.412 0.3064 0.5357, 0.4103 0.3021 0.5304, 0.3943 0.3092 0.5289, 0.4184 0.3467 0.5565, 0.418 0.3408 0.5551, 0.4017 0.3408 0.5505, 0.4176 0.3354 0.5538, 0.3585 0.3408 0.4555, 0.3567 0.3583 0.4549, 0.3548 0.3408 0.4742, 0.3528 0.3583 0.4741, 0.3558 0.3408 0.4933, 0.4187 0.3583 0.5574, 0.4009 0.3583 0.5523, 0.384 0.3583 0.5426, 0.3851 0.3408 0.541, 0.3699 0.3583 0.5289, 0.3715 0.3408 0.5277, 0.3597 0.3583 0.5123, 0.3615 0.3408 0.5115, 0.3562 0.3583 0.5031, 0.3539 0.3583 0.4936, 0.3886 0.3241 0.5364, 0.376 0.3241 0.5241, 0.3668 0.3241 0.5091, 0.3615 0.3241 0.4922, 0.3606 0.3241 0.4746, 0.364 0.3241 0.4573, 0.3833 0.3092 0.5182, 0.3753 0.3092 0.5052, 0.3708 0.3092 0.4906, 0.3699 0.3092 0.4753, 0.418 0.3756 0.5551, 0.4176 0.3811 0.5538, 0.4386 0.3848 0.5584, 0.4128 0.407 0.5384, 0.412 0.4101 0.5357, 0.4321 0.4184 0.5375, 0.4103 0.4145 0.5304, 0.4092 0.4172 0.527, 0.4289 0.4267 0.5273, 0.408 0.4195 0.523, 0.4062 0.4228 0.5172, 0.4254 0.4331 0.5159, 0.4054 0.4237 0.5145, 0.4029 0.4265 0.5067, 0.4216 0.4375 0.5038, 0.4019 0.4271 0.5035, 0.3995 0.4285 0.4957, 0.4177 0.4397 0.491, 0.3936 0.4271 0.4769, 0.3926 0.4265 0.4737, 0.4097 0.4375 0.4654, 0.3902 0.4237 0.4658, 0.3894 0.4228 0.4632, 0.4059 0.4331 0.4533, 0.3875 0.4195 0.4573, 0.3863 0.4172 0.4534, 0.4024 0.4267 0.4419, 0.3853 0.4145 0.45, 0.3836 0.4101 0.4446, 0.3992 0.4184 0.4318, 0.3827 0.407 0.4419, 0.3812 0.4015 0.4371, 0.3965 0.4085 0.423, 0.3775 0.3756 0.4252, 0.3771 0.3699 0.4238, 0.3917 0.3717 0.4076, 0.4192 0.3583 0.3251, 0.4198 0.3832 0.3271, 0.4172 0.3583 0.3469, 0.4177 0.3798 0.3486, 0.4118 0.3583 0.3681, 0.4122 0.3768 0.3695, 0.4031 0.3583 0.3881, 0.4035 0.374 0.3894, 0.3913 0.3583 0.4066, 0.378 0.3811 0.4266, 0.3927 0.3848 0.4108, 0.4046 0.3894 0.3931, 0.4136 0.3948 0.3739, 0.4193 0.4008 0.3536, 0.4216 0.4074 0.3329, 0.4246 0.4303 0.3425, 0.4219 0.4206 0.3619, 0.4158 0.4118 0.381, 0.4065 0.4039 0.3992, 0.3943 0.3972 0.416, 0.3794 0.3918 0.431, 0.4286 0.4512 0.3555, 0.4254 0.4388 0.3732, 0.4188 0.4273 0.3907, 0.4091 0.4171 0.4074, 0.4123 0.4288 0.4177, 0.4226 0.441 0.4027, 0.4298 0.4547 0.3872, 0.4337 0.4695 0.3717, 0.416 0.4385 0.4296, 0.4269 0.4524 0.4167, 0.4348 0.468 0.4036, 0.4395 0.4849 0.3905, 0.4201 0.446 0.4429, 0.4318 0.4612 0.4323, 0.4405 0.4783 0.4217, 0.4461 0.4968 0.4115, 0.4246 0.4512 0.4572, 0.437 0.4673 0.449, 0.4466 0.4853 0.4413, 0.4531 0.5049 0.4341, 0.4604 0.509 0.4576, 0.4529 0.4889 0.4617, 0.4424 0.4703 0.4665, 0.4292 0.4538 0.4721, 0.4136 0.4397 0.4782, 0.3991 0.4285 0.4944, 0.3965 0.4285 0.4859, 0.396 0.4285 0.4846, 0.4339 0.4538 0.4872, 0.448 0.4703 0.4843, 0.4594 0.4889 0.4823, 0.4678 0.509 0.4814, 0.4386 0.4512 0.5021, 0.4534 0.4673 0.5017, 0.4657 0.4853 0.5027, 0.4752 0.5049 0.505, 0.443 0.446 0.5164, 0.4586 0.4612 0.5185, 0.4718 0.4783 0.5222, 0.4822 0.4968 0.5275, 0.4472 0.4385 0.5297, 0.4635 0.4524 0.5341, 0.4775 0.468 0.5404, 0.4887 0.4849 0.5485, 0.4509 0.4288 0.5416, 0.4679 0.441 0.5481, 0.4825 0.4547 0.5567, 0.4946 0.4695 0.5673, 0.4143 0.4015 0.5432, 0.4348 0.4085 0.5462, 0.4541 0.4171 0.5518, 0.4716 0.4273 0.5601, 0.4869 0.4388 0.5707, 0.4996 0.4512 0.5835, 0.5037 0.4303 0.5965, 0.4904 0.4206 0.582, 0.4746 0.4118 0.5698, 0.4567 0.4039 0.5601, 0.437 0.3972 0.5532, 0.4162 0.3918 0.5493, 0.5067 0.4074 0.6061, 0.493 0.4008 0.5903, 0.4768 0.3948 0.5769, 0.4586 0.3894 0.5662, 0.4184 0.3699 0.5565, 0.4396 0.3717 0.5616, 0.4597 0.374 0.5699, 0.4782 0.3768 0.5813, 0.4946 0.3798 0.5954, 0.5085 0.3832 0.6119, 0.5091 0.3583 0.6139, 0.4951 0.3583 0.5971, 0.4786 0.3583 0.5827, 0.4601 0.3583 0.5711, 0.44 0.3583 0.5626, 0.3358 0.2546 0.4095, 0.3391 0.2459 0.4202, 0.3333 0.2458 0.4294, 0.3435 0.2363 0.4342, 0.3471 0.2297 0.4458, 0.3445 0.2297 0.4527, 0.3972 0.2717 0.6068, 0.4 0.286 0.6157, 0.3873 0.2859 0.6124, 0.4055 0.3351 0.6333, 0.4061 0.3583 0.6351, 0.3818 0.3583 0.6292, 0.3824 0.3333 0.6273, 0.4054 0.3333 0.6329, 0.401 0.2912 0.6189, 0.4033 0.3091 0.6264, 0.3842 0.309 0.6217, 0.4038 0.3125 0.6278, 0.3714 0.2647 0.5913, 0.3925 0.2546 0.5917, 0.3915 0.2647 0.5999, 0.3934 0.2578 0.5945, 0.3953 0.2648 0.6007, 0.3633 0.2458 0.5664, 0.3849 0.2363 0.5671, 0.3792 0.2458 0.5768, 0.3871 0.2403 0.5742, 0.3892 0.2459 0.5811, 0.3813 0.2297 0.5555, 0.3752 0.2297 0.5513, 0.381 0.2293 0.5547, 0.3787 0.2267 0.5474, 0.3745 0.2217 0.5337, 0.3638 0.2297 0.5406, 0.3738 0.2214 0.5317, 0.3543 0.2297 0.5281, 0.3698 0.2191 0.5186, 0.3676 0.2179 0.5117, 0.3472 0.2297 0.5141, 0.366 0.2179 0.5065, 0.3425 0.2297 0.4992, 0.3623 0.2179 0.4948, 0.3607 0.2179 0.4895, 0.3405 0.2297 0.4836, 0.3586 0.2191 0.4826, 0.3412 0.2297 0.468, 0.3545 0.2214 0.4696, 0.3473 0.2293 0.4466, 0.3496 0.2267 0.4538, 0.3539 0.2217 0.4676, 0.3413 0.2403 0.4271, 0.3262 0.2458 0.447, 0.3311 0.2717 0.3945, 0.333 0.2648 0.4006, 0.3303 0.2647 0.4034, 0.3349 0.2578 0.4068, 0.3187 0.2647 0.4219, 0.3273 0.2912 0.3823, 0.3283 0.286 0.3856, 0.3197 0.2859 0.3955, 0.3245 0.3125 0.3734, 0.325 0.3091 0.3749, 0.312 0.309 0.3896, 0.3072 0.3333 0.3861, 0.323 0.3333 0.3684, 0.3057 0.3583 0.3849, 0.3223 0.3583 0.3661, 0.3228 0.3351 0.368, 0.3568 0.3583 0.6184, 0.3578 0.3333 0.6167, 0.3342 0.3583 0.6036, 0.3354 0.3333 0.602, 0.3143 0.3583 0.5851, 0.3158 0.3333 0.5837, 0.298 0.3583 0.5634, 0.2997 0.3333 0.5624, 0.2856 0.3583 0.5393, 0.2875 0.3333 0.5386, 0.281 0.3583 0.5265, 0.2795 0.3333 0.513, 0.2775 0.3583 0.5134, 0.274 0.3583 0.4865, 0.276 0.3333 0.4864, 0.2752 0.3583 0.4594, 0.2772 0.3333 0.4597, 0.281 0.3583 0.4329, 0.2829 0.3333 0.4335, 0.2913 0.3583 0.4078, 0.293 0.3333 0.4087, 0.2983 0.309 0.4114, 0.2886 0.309 0.4353, 0.2831 0.309 0.4604, 0.2819 0.309 0.4862, 0.2853 0.309 0.5117, 0.2929 0.309 0.5363, 0.3047 0.309 0.5592, 0.3202 0.309 0.5798, 0.339 0.309 0.5974, 0.3606 0.309 0.6115, 0.3069 0.2859 0.4159, 0.2978 0.2859 0.4382, 0.2927 0.2859 0.4617, 0.2916 0.2859 0.4858, 0.2948 0.2859 0.5096, 0.3019 0.2859 0.5326, 0.3129 0.2859 0.5541, 0.3274 0.2859 0.5733, 0.345 0.2859 0.5897, 0.3652 0.2859 0.6029, 0.3105 0.2647 0.4421, 0.3058 0.2647 0.4634, 0.3049 0.2647 0.4852, 0.3077 0.2647 0.5068, 0.3142 0.2647 0.5276, 0.3241 0.2647 0.547, 0.3373 0.2647 0.5644, 0.3532 0.2647 0.5793, 0.3221 0.2458 0.4655, 0.3213 0.2458 0.4845, 0.3237 0.2458 0.5033, 0.3294 0.2458 0.5214, 0.338 0.2458 0.5383, 0.3495 0.2458 0.5534, 0.4178 0.3339 0.6366, 0.4184 0.3583 0.6386, 0.4161 0.3103 0.6309, 0.4131 0.2879 0.6216, 0.4092 0.2675 0.6088, 0.4042 0.2495 0.593, 0.3985 0.2345 0.5746, 0.3921 0.2229 0.5541, 0.3853 0.215 0.5321, 0.3781 0.2109 0.5091, 0.3708 0.2109 0.4858, 0.3637 0.215 0.4628, 0.3568 0.2229 0.4407, 0.3504 0.2345 0.4202, 0.3447 0.2495 0.4018, 0.3398 0.2675 0.386, 0.3358 0.2879 0.3733, 0.3329 0.3103 0.3639, 0.3305 0.3583 0.3563, 0.3311 0.3339 0.3582, 0.3364 0.3583 0.3449, 0.3371 0.3324 0.3469, 0.339 0.3073 0.353, 0.3421 0.2836 0.363, 0.3463 0.2619 0.3765, 0.3515 0.2428 0.3932, 0.3576 0.2269 0.4128, 0.3644 0.2145 0.4345, 0.3716 0.2061 0.458, 0.3792 0.2019 0.4824, 0.387 0.2019 0.5071, 0.3946 0.2061 0.5315, 0.4019 0.2145 0.5549, 0.4086 0.2269 0.5767, 0.4147 0.2428 0.5962, 0.4199 0.2619 0.613, 0.4242 0.2836 0.6265, 0.4272 0.3073 0.6365, 0.4291 0.3324 0.6425, 0.4298 0.3583 0.6446, 0.3397 0.3583 0.3325, 0.3404 0.3306 0.3347, 0.3424 0.3038 0.3412, 0.3458 0.2784 0.3518, 0.3503 0.2552 0.3663, 0.3558 0.2348 0.3842, 0.3623 0.2178 0.4051, 0.3696 0.2046 0.4283, 0.3774 0.1956 0.4534, 0.3855 0.191 0.4795, 0.3938 0.191 0.5059, 0.4019 0.1956 0.532, 0.4097 0.2046 0.5571, 0.4169 0.2178 0.5803, 0.4234 0.2348 0.6012, 0.429 0.2552 0.6191, 0.4335 0.2784 0.6336, 0.4368 0.3038 0.6442, 0.4389 0.3306 0.6507, 0.4395 0.3583 0.6529, 0.3311 0.3826 0.3582, 0.3228 0.3815 0.368, 0.323 0.3833 0.3684, 0.3329 0.4063 0.3639, 0.3245 0.404 0.3734, 0.325 0.4078 0.375, 0.3358 0.4286 0.3733, 0.3273 0.4253 0.3823, 0.3284 0.4309 0.3858, 0.3398 0.4491 0.386, 0.3311 0.4448 0.3945, 0.3331 0.4522 0.401, 0.3447 0.467 0.4018, 0.3349 0.4588 0.4068, 0.3358 0.4619 0.4095, 0.3504 0.482 0.4202, 0.3393 0.4712 0.4209, 0.3473 0.4873 0.4466, 0.3568 0.4936 0.4407, 0.3435 0.4802 0.4342, 0.3413 0.4762 0.4271, 0.3474 0.4873 0.4468, 0.3496 0.4899 0.4538, 0.3637 0.5016 0.4628, 0.3539 0.4948 0.4676, 0.3545 0.4952 0.4696, 0.3708 0.5056 0.4858, 0.3586 0.4975 0.4826, 0.3607 0.4987 0.4895, 0.3623 0.4987 0.4948, 0.366 0.4987 0.5065, 0.3781 0.5056 0.5091, 0.3676 0.4987 0.5117, 0.3698 0.4975 0.5186, 0.3853 0.5016 0.5321, 0.3738 0.4952 0.5317, 0.3745 0.4948 0.5337, 0.3921 0.4936 0.5541, 0.3787 0.4899 0.5474, 0.3809 0.4873 0.5545, 0.381 0.4873 0.5547, 0.3985 0.482 0.5746, 0.3849 0.4802 0.5671, 0.3871 0.4762 0.5742, 0.389 0.4712 0.5804, 0.4042 0.467 0.593, 0.3925 0.4619 0.5917, 0.3934 0.4588 0.5945, 0.4092 0.4491 0.6088, 0.3952 0.4522 0.6003, 0.3972 0.4448 0.6068, 0.3999 0.4309 0.6154, 0.4131 0.4286 0.6216, 0.401 0.4253 0.6189, 0.4033 0.4078 0.6263, 0.4161 0.4063 0.6309, 0.4055 0.3815 0.6333, 0.4178 0.3826 0.6366, 0.4053 0.3833 0.6328, 0.4038 0.404 0.6278, 0.4291 0.3841 0.6425, 0.4272 0.4092 0.6365, 0.4242 0.433 0.6265, 0.4199 0.4547 0.613, 0.4147 0.4737 0.5962, 0.4086 0.4897 0.5767, 0.4019 0.502 0.5549, 0.3946 0.5104 0.5315, 0.387 0.5147 0.5071, 0.3792 0.5147 0.4824, 0.3716 0.5104 0.458, 0.3644 0.502 0.4345, 0.3576 0.4897 0.4128, 0.3515 0.4737 0.3932, 0.3463 0.4547 0.3765, 0.3421 0.433 0.363, 0.339 0.4092 0.353, 0.3371 0.3841 0.3469, 0.4389 0.3859 0.6507, 0.4368 0.4128 0.6442, 0.4335 0.4381 0.6336, 0.429 0.4613 0.6191, 0.4234 0.4817 0.6012, 0.4169 0.4988 0.5803, 0.4097 0.5119 0.5571, 0.4019 0.5209 0.532, 0.3938 0.5255 0.5059, 0.3855 0.5255 0.4795, 0.3774 0.5209 0.4534, 0.3696 0.5119 0.4283, 0.3623 0.4988 0.4051, 0.3558 0.4817 0.3842, 0.3503 0.4613 0.3663, 0.3458 0.4381 0.3518, 0.3424 0.4128 0.3412, 0.3404 0.3859 0.3347, 0.2997 0.3834 0.5624, 0.2875 0.3834 0.5385, 0.3643 0.4873 0.5401, 0.3452 0.4873 0.4529, 0.3306 0.4524 0.4037, 0.3199 0.431 0.3956, 0.3073 0.3834 0.3861, 0.3121 0.4078 0.3897, 0.319 0.4524 0.4221, 0.3338 0.4713 0.4297, 0.3267 0.4713 0.4471, 0.3419 0.4873 0.4681, 0.3413 0.4873 0.4836, 0.3433 0.4873 0.499, 0.3479 0.4873 0.5138, 0.355 0.4873 0.5277, 0.3757 0.4873 0.5507, 0.3637 0.4713 0.566, 0.3795 0.4713 0.5763, 0.3716 0.4524 0.5909, 0.3916 0.4524 0.5995, 0.3874 0.431 0.6122, 0.3843 0.4078 0.6216, 0.3824 0.3834 0.6272, 0.3226 0.4713 0.4656, 0.3218 0.4713 0.4845, 0.3243 0.4713 0.5032, 0.3299 0.4713 0.5212, 0.3385 0.4713 0.538, 0.3108 0.4524 0.4422, 0.3062 0.4524 0.4634, 0.3052 0.4524 0.4852, 0.308 0.4524 0.5067, 0.3145 0.4524 0.5275, 0.3244 0.4524 0.5468, 0.3071 0.431 0.416, 0.298 0.431 0.4382, 0.2929 0.431 0.4617, 0.2919 0.431 0.4858, 0.295 0.431 0.5096, 0.3021 0.431 0.5326, 0.3131 0.431 0.554, 0.2984 0.4078 0.4115, 0.2886 0.4078 0.4353, 0.2831 0.4078 0.4605, 0.282 0.4078 0.4862, 0.2854 0.4078 0.5117, 0.293 0.4078 0.5363, 0.3048 0.4078 0.5592, 0.293 0.3834 0.4088, 0.2829 0.3834 0.4335, 0.2772 0.3834 0.4597, 0.2761 0.3834 0.4864, 0.2795 0.3834 0.513, 0.3653 0.431 0.6027, 0.3606 0.4078 0.6114, 0.3578 0.3834 0.6167, 0.3534 0.4524 0.579, 0.3452 0.431 0.5896, 0.3391 0.4078 0.5973, 0.3354 0.3834 0.602, 0.3499 0.4713 0.5531, 0.3375 0.4524 0.5642, 0.3276 0.431 0.5731, 0.3203 0.4078 0.5797, 0.3158 0.3834 0.5837, 0.3927 0.3317 0.4108, 0.3965 0.3081 0.423, 0.3992 0.2981 0.4318, 0.4024 0.2898 0.4419, 0.4059 0.2834 0.4533, 0.4097 0.279 0.4654, 0.4177 0.2768 0.491, 0.4216 0.279 0.5038, 0.4254 0.2834 0.5159, 0.4289 0.2898 0.5273, 0.4321 0.2981 0.5375, 0.4348 0.3081 0.5462, 0.437 0.3194 0.5532, 0.4396 0.3448 0.5616, 0.5085 0.3334 0.6119, 0.4946 0.3367 0.5954, 0.4782 0.3398 0.5813, 0.4597 0.3425 0.5699, 0.4386 0.3317 0.5584, 0.4586 0.3271 0.5662, 0.4768 0.3218 0.5769, 0.493 0.3157 0.5903, 0.5067 0.3092 0.6061, 0.5037 0.2863 0.5965, 0.4904 0.2959 0.582, 0.4746 0.3048 0.5698, 0.4567 0.3126 0.5601, 0.4541 0.2994 0.5518, 0.4716 0.2892 0.5601, 0.4869 0.2778 0.5707, 0.4996 0.2654 0.5835, 0.4509 0.2878 0.5416, 0.4679 0.2756 0.5481, 0.4825 0.2619 0.5567, 0.4946 0.247 0.5673, 0.4472 0.278 0.5297, 0.4635 0.2641 0.5341, 0.4775 0.2486 0.5404, 0.4887 0.2316 0.5485, 0.443 0.2705 0.5164, 0.4586 0.2553 0.5185, 0.4718 0.2383 0.5222, 0.4822 0.2198 0.5275, 0.4386 0.2654 0.5021, 0.4534 0.2493 0.5017, 0.4657 0.2312 0.5027, 0.4752 0.2116 0.505, 0.4339 0.2627 0.4872, 0.448 0.2462 0.4843, 0.4594 0.2277 0.4823, 0.4678 0.2075 0.4814, 0.4136 0.2768 0.4782, 0.4292 0.2627 0.4721, 0.4424 0.2462 0.4665, 0.4529 0.2277 0.4617, 0.4604 0.2075 0.4576, 0.4246 0.2654 0.4572, 0.437 0.2493 0.449, 0.4466 0.2312 0.4413, 0.4531 0.2116 0.4341, 0.4201 0.2705 0.4429, 0.4318 0.2553 0.4323, 0.4405 0.2383 0.4217, 0.4461 0.2198 0.4115, 0.416 0.278 0.4296, 0.4269 0.2641 0.4167, 0.4348 0.2486 0.4036, 0.4395 0.2316 0.3905, 0.4123 0.2878 0.4177, 0.4226 0.2756 0.4027, 0.4298 0.2619 0.3872, 0.4337 0.247 0.3717, 0.4091 0.2994 0.4074, 0.4188 0.2892 0.3907, 0.4254 0.2778 0.3732, 0.4286 0.2654 0.3555, 0.3943 0.3194 0.416, 0.4065 0.3126 0.3992, 0.4158 0.3048 0.381, 0.4219 0.2959 0.3619, 0.4246 0.2863 0.3425, 0.4216 0.3092 0.3329, 0.4193 0.3157 0.3536, 0.4136 0.3218 0.3739, 0.4046 0.3271 0.3931, 0.3917 0.3448 0.4076, 0.4035 0.3425 0.3894, 0.4122 0.3398 0.3695, 0.4177 0.3367 0.3486, 0.4198 0.3334 0.3271, 0.3942 0.4071 0.529, 0.4075 0.4071 0.5367, 0.4039 0.3922 0.5452, 0.3928 0.4195 0.5106, 0.4016 0.4195 0.5192, 0.3667 0.3757 0.4383, 0.3715 0.3922 0.4414, 0.3793 0.4071 0.4464, 0.382 0.4195 0.4762, 0.3863 0.4195 0.5002, 0.4017 0.3757 0.5505, 0.3844 0.4195 0.4641, 0.3727 0.4071 0.4602, 0.3697 0.4071 0.4753, 0.3639 0.3922 0.4573, 0.3605 0.3922 0.4746, 0.3614 0.3922 0.4922, 0.3832 0.4071 0.5183, 0.3886 0.3922 0.5364, 0.3585 0.3757 0.4555, 0.3548 0.3757 0.4742, 0.3558 0.3757 0.4933, 0.3615 0.3757 0.5115, 0.3827 0.4195 0.4884, 0.3751 0.4071 0.5053, 0.3759 0.3922 0.5241, 0.3851 0.3757 0.541, 0.3706 0.4071 0.4906, 0.3667 0.3922 0.5091, 0.3714 0.3757 0.5277, 1.2795 1.6024 0.0787, 1.2795 1.311 0.0787, 1.2795 1.6024 0.0, 1.2795 1.311 0.0, -0.2231 2.0619 0.9997, 0.2231 2.0619 0.9997, -0.3424 1.6733 1.1727, 0.3424 1.6733 1.1727, 1.2782 1.2996 0.0787, 1.2782 1.2996 0.0, 1.2745 1.2888 0.0787, 1.2745 1.2888 0.0, 1.2684 1.2791 0.0787, 1.2684 1.2791 0.0, 1.2603 1.271 0.0787, 1.2603 1.271 0.0, 1.2506 1.2649 0.0787, 1.2506 1.2649 0.0, 1.2397 1.2611 0.0787, 1.2397 1.2611 0.0, 1.2283 1.2598 0.0787, 1.2283 1.2598 0.0, 1.2397 1.6523 0.0787, 1.2283 1.6535 0.0787, 1.2745 1.6246 0.0787, 1.2684 1.6343 0.0787, 1.2603 1.6424 0.0787, 0.9055 1.6535 0.0787, 0.9055 1.2598 0.0787, 1.2782 1.6138 0.0787, 1.2506 1.6485 0.0787, 1.2283 1.6535 0.0, 1.2397 1.6523 0.0, 1.2506 1.6485 0.0, 1.2603 1.6424 0.0, 1.2684 1.6343 0.0, 1.2745 1.6246 0.0, 1.2782 1.6138 0.0, 0.9055 1.2598 0.0, 0.9055 1.6535 0.0, -0.9232 1.1171 0.3207, -0.924 1.1243 0.3192, -0.8858 1.063 0.3955, -0.9137 1.0861 0.3398, -0.9164 1.093 0.3344, -0.9193 1.1003 0.3286, -0.9211 1.1078 0.3251, -0.9243 1.7879 0.3185, -0.9237 1.7919 0.3198, -0.8858 1.8504 0.3955, -0.9213 1.8056 0.3245, -0.925 1.134 0.3171, -0.9252 1.1417 0.3168, -0.9252 1.7717 0.3168, -0.9197 1.8108 0.3277, -0.9163 1.8214 0.3345, -0.9135 1.8269 0.3402, -0.8966 1.066 0.3739, -0.9028 1.0713 0.3616, -0.8946 1.0654 0.3781, -0.9102 1.0807 0.3468, -0.9058 1.0739 0.3556, -0.9093 1.8349 0.3486, -0.9054 1.8393 0.3564, -0.9008 1.8444 0.3655, -0.8959 1.8471 0.3753, -0.8913 1.8496 0.3845, -0.8071 1.8504 1.1829, -0.8071 1.063 1.1829, -0.8275 1.8504 1.1802, -0.8275 1.063 1.1802, -0.8465 1.8504 1.1724, -0.8465 1.063 1.1724, -0.8628 1.8504 1.1599, -0.8628 1.063 1.1599, -0.8753 1.8504 1.1435, -0.8753 1.063 1.1435, -0.8831 1.8504 1.1246, -0.8831 1.063 1.1246, -0.8858 1.8504 1.1042, -0.8858 1.063 1.1042, 0.3508 1.6498 1.18, -0.3508 1.6498 1.1803, 0.3499 1.6525 1.1796, 0.349 1.6549 1.1791, -0.3443 1.6682 1.1748, -0.3498 1.6527 1.1795, -0.3506 1.6505 1.1802, 0.3583 1.6282 1.1829, 0.3596 1.6253 1.1829, -0.3596 1.6253 1.1829, 0.3572 1.6312 1.1828, 0.3554 1.6366 1.1824, -0.3583 1.6282 1.1829, -0.3572 1.6312 1.1828, 0.7283 1.063 1.1829, 0.7283 1.8504 1.1829, 0.7487 1.063 1.1802, 0.7487 1.8504 1.1802, 0.7677 1.063 1.1724, 0.7677 1.8504 1.1724, 0.784 1.063 1.1599, 0.784 1.8504 1.1599, 0.7965 1.063 1.1435, 0.7965 1.8504 1.1435, 0.8044 1.063 1.1246, 0.8044 1.8504 1.1246, 0.8071 1.063 1.1042, 0.8071 1.8504 1.1042, 0.8071 1.2598 0.0984, 0.8071 1.6535 0.0984, 0.8104 1.6535 0.073, 0.8104 1.2598 0.073, 0.8203 1.6535 0.0492, 0.8203 1.2598 0.0492, 0.8359 1.6535 0.0288, 0.8359 1.2598 0.0288, 0.8563 1.6535 0.0132, 0.8563 1.2598 0.0132, 0.88 1.6535 0.0034, 0.88 1.2598 0.0034, -0.9646 1.7717 0.3168, -0.9646 1.792 0.3195, -0.9646 1.811 0.3273, -0.9646 1.8273 0.3398, -0.9646 1.8398 0.3561, -0.9646 1.8477 0.3751, -0.9646 1.8504 0.3955, -0.9646 1.1417 0.3168, -0.5118 1.8504 1.2617, -0.5118 1.8504 1.1829, -0.8071 1.8504 1.2617, -0.8421 1.8504 1.2577, -0.8754 1.8504 1.2461, -0.9053 1.8504 1.2273, -0.9302 1.8504 1.2024, -0.9646 1.8504 1.1042, -0.9606 1.8504 1.1392, -0.949 1.8504 1.1725, -0.8858 1.6535 0.5825, -0.9646 1.6535 0.5825, -0.9646 1.6554 0.568, -0.8858 1.6554 0.568, -0.9646 1.6607 0.5543, -0.8858 1.6607 0.5543, -0.9646 1.6693 0.5424, -0.8858 1.6693 0.5424, -0.9646 1.6535 0.8369, -0.8858 1.6535 0.8369, -0.8858 1.6024 0.888, -0.9646 1.6024 0.888, -0.8858 1.6138 0.8868, -0.9646 1.6138 0.8868, -0.8858 1.6246 0.883, -0.9646 1.6246 0.883, -0.8858 1.6343 0.8769, -0.9646 1.6343 0.8769, -0.8858 1.6424 0.8688, -0.9646 1.6424 0.8688, -0.8858 1.6485 0.8591, -0.9646 1.6485 0.8591, -0.8858 1.6523 0.8483, -0.9646 1.6523 0.8483, -0.8858 1.311 0.888, -0.9646 1.311 0.888, -0.8858 1.2598 0.8369, -0.9646 1.2598 0.8369, -0.8858 1.2611 0.8483, -0.9646 1.2611 0.8483, -0.8858 1.2649 0.8591, -0.9646 1.2649 0.8591, -0.8858 1.271 0.8688, -0.9646 1.271 0.8688, -0.8858 1.2791 0.8769, -0.9646 1.2791 0.8769, -0.8858 1.2888 0.883, -0.9646 1.2888 0.883, -0.8858 1.2996 0.8868, -0.9646 1.2996 0.8868, -0.8858 1.2598 0.5825, -0.9646 1.2598 0.5825, -0.8858 1.2441 0.5424, -0.9646 1.2441 0.5424, -0.9646 1.2527 0.5543, -0.8858 1.2527 0.5543, -0.9646 1.258 0.568, -0.8858 1.258 0.568, -0.8858 1.3677 0.4747, -0.9646 1.3677 0.4747, -0.9646 1.3531 0.4728, -0.8858 1.3531 0.4728, -0.9646 1.3395 0.4675, -0.8858 1.3395 0.4675, -0.9646 1.3276 0.4589, -0.8858 1.3276 0.4589, -0.8858 1.5457 0.4747, -0.9646 1.5457 0.4747, -0.8858 1.5858 0.4589, -0.9646 1.5858 0.4589, -0.9646 1.5739 0.4675, -0.8858 1.5739 0.4675, -0.9646 1.5602 0.4728, -0.8858 1.5602 0.4728, 0.5118 1.8504 1.1829, 0.5118 1.8504 1.2617, 0.7283 1.8504 1.2617, 0.7634 1.8504 1.2577, 0.7967 1.8504 1.2461, 0.8858 1.8504 0.3543, 0.8071 1.8504 0.3543, 0.8858 1.8504 1.1042, 0.8819 1.8504 1.1392, 0.8702 1.8504 1.1725, 0.8515 1.8504 1.2024, 0.8265 1.8504 1.2273, 0.8071 1.1417 0.2756, 0.8071 1.2087 0.2756, 0.8858 1.1417 0.2756, 0.8858 1.2087 0.2756, 0.8858 1.2219 0.2738, 0.8071 1.2219 0.2738, 0.8858 1.2343 0.2687, 0.8071 1.2343 0.2687, 0.8858 1.2449 0.2606, 0.8071 1.2449 0.2606, 0.8858 1.253 0.25, 0.8071 1.253 0.25, 0.8858 1.2581 0.2377, 0.8071 1.2581 0.2377, 0.8858 1.2598 0.2244, 0.8071 1.2598 0.2244, 0.8858 1.2598 0.0984, 0.8865 1.2598 0.0933, 0.8885 1.2598 0.0886, 0.8916 1.2598 0.0845, 0.8957 1.2598 0.0814, 0.9004 1.2598 0.0794, 0.9004 1.6535 0.0794, 0.8957 1.6535 0.0814, 0.8916 1.6535 0.0845, 0.8885 1.6535 0.0886, 0.8865 1.6535 0.0933, 0.8858 1.6535 0.0984, 0.8858 1.6535 0.2244, 0.8071 1.6535 0.2244, 0.8858 1.6553 0.2377, 0.8071 1.6553 0.2377, 0.8858 1.6604 0.25, 0.8071 1.6604 0.25, 0.8858 1.6685 0.2606, 0.8071 1.6685 0.2606, 0.8858 1.6791 0.2687, 0.8071 1.6791 0.2687, 0.8858 1.6915 0.2738, 0.8071 1.6915 0.2738, 0.8858 1.7047 0.2756, 0.8071 1.7047 0.2756, 0.8858 1.7717 0.2756, 0.8071 1.7717 0.2756, 0.8858 1.8484 0.3368, 0.8071 1.8484 0.3368, 0.8858 1.8426 0.3202, 0.8071 1.8426 0.3202, 0.8858 1.8332 0.3052, 0.8071 1.8332 0.3052, 0.8858 1.8207 0.2928, 0.8071 1.8207 0.2928, 0.8858 1.8058 0.2834, 0.8071 1.8058 0.2834, 0.8858 1.7892 0.2776, 0.8071 1.7892 0.2776, 0.8071 1.2441 0.5424, 0.8858 1.2441 0.5424, 0.8071 1.2354 0.5301, 0.8858 1.2354 0.5301, 0.8071 1.23 0.5161, 0.8858 1.23 0.5161, 0.8071 1.2284 0.5011, 0.8858 1.2284 0.5011, 0.8071 1.2306 0.4862, 0.8858 1.2306 0.4862, 0.8071 1.2364 0.4724, 0.8858 1.2364 0.4724, 0.8071 1.2456 0.4605, 0.8858 1.2456 0.4605, 0.8071 1.2576 0.4513, 0.8858 1.2576 0.4513, 0.8071 1.2714 0.4454, 0.8858 1.2714 0.4454, 0.8071 1.2863 0.4432, 0.8858 1.2863 0.4432, 0.8071 1.3012 0.4448, 0.8858 1.3012 0.4448, 0.8071 1.3153 0.4502, 0.8858 1.3153 0.4502, 0.8071 1.3276 0.4589, 0.8858 1.3276 0.4589, 0.8071 1.2598 0.5825, 0.8858 1.2598 0.5825, 0.8858 1.258 0.568, 0.8071 1.258 0.568, 0.8858 1.2527 0.5543, 0.8071 1.2527 0.5543, 0.8858 1.2598 0.8369, 0.8071 1.2598 0.8369, 0.8071 1.311 0.888, 0.8858 1.311 0.888, 0.8071 1.2996 0.8868, 0.8858 1.2996 0.8868, 0.8071 1.2888 0.883, 0.8858 1.2888 0.883, 0.8071 1.2791 0.8769, 0.8858 1.2791 0.8769, 0.8071 1.271 0.8688, 0.8858 1.271 0.8688, 0.8071 1.2649 0.8591, 0.8858 1.2649 0.8591, 0.8071 1.2611 0.8483, 0.8858 1.2611 0.8483, 0.8071 1.6024 0.888, 0.8858 1.6024 0.888, 0.8071 1.6535 0.8369, 0.8858 1.6535 0.8369, 0.8071 1.6518 0.8501, 0.8858 1.6518 0.8501, 0.8071 1.6467 0.8625, 0.8858 1.6467 0.8625, 0.8071 1.6386 0.8731, 0.8858 1.6386 0.8731, 0.8071 1.628 0.8812, 0.8858 1.628 0.8812, 0.8071 1.6156 0.8863, 0.8858 1.6156 0.8863, 0.8071 1.6535 0.5825, 0.8858 1.6535 0.5825, 0.8071 1.6693 0.5424, 0.8858 1.6693 0.5424, 0.8858 1.6607 0.5543, 0.8071 1.6607 0.5543, 0.8858 1.6554 0.568, 0.8071 1.6554 0.568, 0.8071 1.5858 0.4589, 0.8858 1.5858 0.4589, 0.8071 1.5981 0.4502, 0.8858 1.5981 0.4502, 0.8071 1.6121 0.4448, 0.8858 1.6121 0.4448, 0.8071 1.6271 0.4432, 0.8858 1.6271 0.4432, 0.8071 1.642 0.4454, 0.8858 1.642 0.4454, 0.8071 1.6558 0.4513, 0.8858 1.6558 0.4513, 0.8071 1.6677 0.4605, 0.8858 1.6677 0.4605, 0.8071 1.6769 0.4724, 0.8858 1.6769 0.4724, 0.8071 1.6828 0.4862, 0.8858 1.6828 0.4862, 0.8071 1.685 0.5011, 0.8858 1.685 0.5011, 0.8071 1.6834 0.5161, 0.8858 1.6834 0.5161, 0.8071 1.678 0.5301, 0.8858 1.678 0.5301, 0.8071 1.5457 0.4747, 0.8858 1.5457 0.4747, 0.8858 1.5602 0.4728, 0.8071 1.5602 0.4728, 0.8858 1.5739 0.4675, 0.8071 1.5739 0.4675, 0.8071 1.3677 0.4747, 0.8858 1.3677 0.4747, 0.8858 1.3395 0.4675, 0.8071 1.3395 0.4675, 0.8858 1.3531 0.4728, 0.8071 1.3531 0.4728, -0.9646 1.063 0.3955, -0.9646 1.065 0.378, -0.9646 1.0708 0.3613, -0.9646 1.0802 0.3464, -0.9646 1.0926 0.334, -0.9646 1.1076 0.3246, -0.9646 1.1242 0.3187, -0.8858 1.6781 0.53, -0.8858 1.685 0.5007, -0.8858 1.6827 0.4857, -0.8858 1.6835 0.5158, -0.8858 1.6766 0.4718, -0.8858 1.6672 0.4599, -0.8858 1.6551 0.4508, -0.8858 1.2299 0.5158, -0.8858 1.2368 0.4718, -0.8858 1.2462 0.4599, -0.8858 1.2583 0.4508, -0.8858 1.2307 0.4857, -0.8858 1.2284 0.5007, -0.8858 1.6114 0.445, -0.8858 1.3156 0.4503, -0.8858 1.626 0.4432, -0.8858 1.641 0.4451, -0.8858 1.302 0.445, -0.8858 1.2874 0.4432, -0.8858 1.2724 0.4451, -0.8858 1.2353 0.53, -0.8858 1.5978 0.4503, 0.502 1.6155 1.1829, 0.5093 1.6339 1.1829, -0.5093 1.6339 1.1829, -0.502 1.6155 1.1829, -0.4903 1.5995 1.1829, -0.475 1.5869 1.1829, -0.4571 1.5785 1.1829, -0.4376 1.5749 1.1829, 0.4376 1.5749 1.1829, 0.4571 1.5785 1.1829, 0.5118 1.6535 1.1829, -0.5118 1.6535 1.1829, -0.4178 1.5763 1.1829, -0.399 1.5825 1.1829, 0.369 1.6078 1.1829, -0.369 1.6078 1.1829, -0.3824 1.5933 1.1829, 0.3824 1.5933 1.1829, 0.399 1.5825 1.1829, 0.4178 1.5763 1.1829, 0.475 1.5869 1.1829, 0.4903 1.5995 1.1829, 0.8071 1.063 0.3543, 0.8071 1.1242 0.2776, 0.8071 1.1076 0.2834, 0.8071 1.065 0.3368, 0.8071 1.0708 0.3202, 0.8071 1.0926 0.2928, 0.8071 1.0802 0.3052, 0.8858 1.1242 0.2776, 0.8858 1.1076 0.2834, 0.8858 1.0926 0.2928, 0.8858 1.0802 0.3052, 0.8858 1.0708 0.3202, 0.8858 1.065 0.3368, 0.8858 1.063 0.3543, -0.9646 1.2299 0.5158, -0.9646 1.2353 0.53, -0.9646 1.063 1.1042, -0.9646 1.6827 0.4857, -0.9646 1.685 0.5007, -0.9646 1.6835 0.5158, -0.9646 1.2583 0.4508, -0.9646 1.2724 0.4451, -0.9646 1.2462 0.4599, -0.9646 1.2284 0.5007, -0.9646 1.2307 0.4857, -0.9646 1.2368 0.4718, -0.9646 1.626 0.4432, -0.9646 1.641 0.4451, -0.9646 1.6551 0.4508, -0.9646 1.6672 0.4599, -0.9646 1.5978 0.4503, -0.9646 1.6766 0.4718, -0.9646 1.6114 0.445, -0.9646 1.6781 0.53, -0.9646 1.2874 0.4432, -0.9646 1.302 0.445, -0.9646 1.3156 0.4503, 0.8858 1.063 1.1042, -0.9606 1.063 1.1392, -0.949 1.063 1.1725, -0.9302 1.063 1.2024, -0.9053 1.063 1.2273, -0.8754 1.063 1.2461, -0.8421 1.063 1.2577, -0.8071 1.063 1.2617, 0.8819 1.063 1.1392, 0.8702 1.063 1.1725, 0.8515 1.063 1.2024, 0.8265 1.063 1.2273, 0.7967 1.063 1.2461, 0.7634 1.063 1.2577, 0.7283 1.063 1.2617, 0.5118 1.6535 1.2617, 0.5093 1.6339 1.2617, 0.502 1.6155 1.2617, 0.4903 1.5995 1.2617, 0.475 1.5869 1.2617, 0.4571 1.5785 1.2617, 0.4376 1.5749 1.2617, 0.4178 1.5763 1.2617, 0.399 1.5825 1.2617, 0.3824 1.5933 1.2617, 0.369 1.6078 1.2617, 0.3596 1.6253 1.2617, -0.5118 1.6535 1.2617, -0.3596 1.6253 1.2617, -0.369 1.6078 1.2617, -0.3824 1.5933 1.2617, -0.399 1.5825 1.2617, -0.4178 1.5763 1.2617, -0.4376 1.5749 1.2617, -0.4571 1.5785 1.2617, -0.475 1.5869 1.2617, -0.4903 1.5995 1.2617, -0.502 1.6155 1.2617, -0.5093 1.6339 1.2617, 0.3572 1.6351 1.2614, 0.3583 1.6282 1.1829, 0.3583 1.6302 1.2616, -0.3583 1.6282 1.1829, -0.3583 1.6302 1.2616, -0.3572 1.6351 1.2614, -0.3521 1.6601 1.2585, -0.3508 1.6661 1.2571, -0.3498 1.6709 1.2559, -0.3443 1.6682 1.1748, -0.3469 1.6846 1.2525, -0.3424 1.7053 1.2446, 0.3499 1.6707 1.2559, 0.3476 1.6817 1.2534, 0.3424 1.7053 1.2446, 0.3572 1.6351 1.2614, 0.3527 1.6571 1.2591, 0.3508 1.6661 1.257, -0.2231 2.094 1.0716, 0.3476 1.6817 1.2534, 0.3527 1.6571 1.2591, -0.3572 1.6351 1.2614, 0.2231 2.094 1.0716, -0.1546 2.2809 1.0916, -0.1184 2.3007 1.1209, -0.1806 2.2565 1.0555, -0.0743 2.3147 1.1417, -0.0253 2.3219 1.1524, 0.1806 2.2565 1.0555, 0.1546 2.2809 1.0916, 0.1184 2.3007 1.1209, 0.0253 2.3219 1.1524, 0.0743 2.3147 1.1417, -0.1896 2.1787 1.085, -0.1895 2.1788 1.0851, -0.1895 2.2316 1.0267, -0.2064 2.1382 1.0659, -0.2102 2.13 0.9861, -0.2109 2.126 1.0648, -0.2109 2.126 0.9861, -0.212 2.1232 1.0651, -0.212 2.1203 0.9865, -0.2151 2.1035 0.9877, -0.2166 2.1109 1.0663, -0.217 2.0933 0.9899, -0.217 2.1096 1.0666, -0.2176 2.0905 0.9905, -0.2176 2.1083 1.067, -0.2193 2.0814 0.9925, -0.2222 2.0964 1.0706, -0.1951 2.2073 1.0091, -0.1967 2.1998 1.0048, -0.1967 2.1628 1.0742, -0.1979 2.1942 1.0016, -0.2 2.1548 1.0703, -0.2007 2.1801 0.996, -0.2007 2.1531 1.0698, -0.2021 2.1733 0.9933, -0.2038 2.1449 1.0675, -0.2038 2.164 0.9911, -0.2056 2.1402 1.0661, -0.2062 2.1516 0.9882, -0.2062 2.1388 1.066, -0.2062 2.1513 0.9881, -0.2064 2.1505 0.988, -0.1952 2.1666 1.0761, -0.1951 2.1667 1.0762, -0.1937 2.2138 1.0128, -0.1896 2.2313 1.0265, 0.212 2.1203 0.9864, 0.2109 2.126 0.9861, 0.2109 2.126 1.0648, 0.2068 2.1485 0.9877, 0.2064 2.1382 1.066, 0.2064 2.1505 0.9881, 0.2062 2.1516 0.9884, 0.2119 2.1233 1.0648, 0.212 2.1231 1.0649, 0.2148 2.1052 0.9874, 0.217 2.1096 1.0666, 0.217 2.0933 0.9899, 0.2176 2.0905 0.9905, 0.2175 2.1084 1.0668, 0.2176 2.1082 1.0669, 0.219 2.0831 0.992, 0.2038 2.145 1.0674, 0.2053 2.1411 1.0663, 0.2062 2.1388 1.066, 0.1895 2.2316 1.0267, 0.1895 2.1788 1.0851, 0.1896 2.2314 1.0265, 0.1896 2.1787 1.085, 0.2038 2.164 0.9911, 0.2026 2.1705 0.9925, 0.2007 2.1531 1.0697, 0.2007 2.1801 0.9961, 0.2005 2.1537 1.0698, 0.1984 2.1917 1.0004, 0.1967 2.1628 1.0743, 0.1967 2.1997 1.0048, 0.1951 2.1667 1.0762, 0.1951 2.2073 1.009, 0.1948 2.1673 1.0765, 0.1942 2.2114 1.0113, 0.1903 2.2286 1.0241, 0.1855 2.245 1.0404, 0.1855 2.2451 1.0405, 0.1855 2.2153 1.0663, 0.1806 2.2239 1.0775, 0.1855 2.1855 1.092, 0.1806 2.1913 1.0995, 0.1855 2.1856 1.0921, -0.1855 2.1856 1.0921, -0.1806 2.1913 1.0995, -0.1806 2.2239 1.0775, -0.1855 2.1855 1.092, -0.1855 2.2153 1.0663, -0.1855 2.245 1.0404, -0.1855 2.2451 1.0405, -0.1546 2.2156 1.1356, -0.1184 2.2354 1.165, -0.0743 2.2494 1.1857, -0.0253 2.2566 1.1964, 0.0253 2.2566 1.1964, 0.0743 2.2494 1.1857, 0.1184 2.2354 1.165, 0.1546 2.2156 1.1356, 0.2068 2.1485 0.9877, -1.2795 -1.311 0.0, -1.2795 -1.6024 0.0, -1.2795 -1.311 0.0787, -1.2795 -1.6024 0.0787, -0.8189 -0.8024 0.2315, -0.8189 -0.8905 0.3197, -0.7402 -0.8024 0.2315, -0.7402 -0.8905 0.3197, -0.7402 -0.7943 0.2209, -0.8189 -0.7943 0.2209, -0.7402 -0.7891 0.2086, -0.8189 -0.7891 0.2086, -0.7402 -0.7874 0.1953, -0.8189 -0.7874 0.1953, -0.8189 -0.7874 0.0787, -0.7402 -0.7874 0.0787, -0.649 -1.091 0.1181, -0.6759 -1.165 0.1181, -0.6795 -1.1637 0.1074, -0.6526 -1.0897 0.1074, -0.6852 -1.1616 0.0978, -0.6583 -1.0876 0.0978, -0.6929 -1.1589 0.0898, -0.6659 -1.0849 0.0898, -0.7019 -1.1555 0.0837, -0.675 -1.0816 0.0837, -0.712 -1.1519 0.08, -0.6851 -1.0779 0.08, -0.7227 -1.148 0.0787, -0.6957 -1.074 0.0787, -0.6413 -1.1569 0.1534, -0.648 -1.1752 0.1534, -0.6577 -1.1717 0.1475, -0.6345 -1.1382 0.1534, -0.621 -1.1012 0.1534, -0.6308 -1.0977 0.1475, -0.6389 -1.0947 0.1393, -0.6659 -1.1687 0.1393, -0.6451 -1.0924 0.1293, -0.672 -1.1664 0.1293, -0.7143 -1.0673 0.0787, -0.7412 -1.1413 0.0787, -0.7228 -1.0629 0.0787, -0.7668 -1.1282 0.0787, -0.73 -1.0566 0.0787, -0.7886 -1.1093 0.0787, -0.7355 -1.0488 0.0787, -0.8051 -1.0857 0.0787, -0.739 -1.0398 0.0787, -0.8154 -1.0588 0.0787, -0.7402 -1.0303 0.0787, -0.8189 -1.0303 0.0787, -1.2782 -1.2996 0.0787, -1.2782 -1.2996 0.0, -1.2745 -1.2888 0.0787, -1.2745 -1.2888 0.0, -1.2684 -1.2791 0.0787, -1.2684 -1.2791 0.0, -1.2603 -1.271 0.0787, -1.2603 -1.271 0.0, -1.2506 -1.2649 0.0787, -1.2506 -1.2649 0.0, -1.2397 -1.2611 0.0787, -1.2397 -1.2611 0.0, -1.2283 -1.2598 0.0787, -1.2283 -1.2598 0.0, -0.6417 -1.2598 0.0787, -0.6417 -1.6535 0.0787, -0.6366 -1.2598 0.0794, -0.6366 -1.6535 0.0794, -0.6319 -1.2598 0.0814, -0.6319 -1.6535 0.0814, -0.6278 -1.2598 0.0845, -0.6278 -1.6535 0.0845, -0.6247 -1.2598 0.0886, -0.6247 -1.6535 0.0886, -0.6227 -1.2598 0.0933, -0.6227 -1.6535 0.0933, -0.622 -1.2598 0.0984, -0.622 -1.6535 0.0984, -1.2283 -1.6535 0.0787, -1.2397 -1.6523 0.0787, -1.2745 -1.6246 0.0787, -1.2684 -1.6343 0.0787, -1.2603 -1.6424 0.0787, -1.2782 -1.6138 0.0787, -1.2506 -1.6485 0.0787, -1.2283 -1.6535 0.0, -1.2397 -1.6523 0.0, -1.2506 -1.6485 0.0, -1.2603 -1.6424 0.0, -1.2684 -1.6343 0.0, -1.2745 -1.6246 0.0, -1.2782 -1.6138 0.0, -0.6417 -1.2598 0.0, -0.6417 -1.6535 0.0, -0.622 -1.6772 0.748, -0.5433 -1.6772 0.748, -0.6226 -1.6772 0.7412, -0.5451 -1.6772 0.7275, -0.661 -1.6772 0.5235, -0.5835 -1.6772 0.5098, -0.6226 -1.8307 0.7412, -0.622 -1.8307 0.748, -0.661 -1.8307 0.5235, -0.5835 -1.8307 0.5098, -0.5451 -1.8307 0.7275, -0.622 -1.8307 0.2087, -0.622 -1.8307 0.5118, -0.622 -1.6732 0.5118, -0.622 -1.4173 0.3858, -0.622 -1.4156 0.3726, -0.622 -1.6882 1.1174, -0.622 -1.6801 1.128, -0.622 -1.3583 1.0236, -0.622 -1.675 1.1403, -0.622 -1.3583 1.2205, -0.622 -1.6732 1.1535, -0.622 -1.6535 0.1063, -0.622 -1.7244 1.1024, -0.622 -1.6732 0.748, -0.622 -1.7112 1.1041, -0.622 -1.6988 1.1092, -0.622 -1.4173 0.9449, -0.622 -1.6732 1.2205, -0.622 -1.6339 1.2598, -0.622 -1.6719 1.2307, -0.622 -1.644 1.2585, -0.622 -1.3976 1.2598, -0.622 -1.3596 1.2307, -0.622 -1.378 1.2546, -0.622 -1.3698 1.2483, -0.622 -1.3635 1.2402, -0.622 -1.4105 0.3602, -0.622 -1.4023 0.3496, -0.622 -1.2536 0.1309, -0.622 -1.2582 0.119, -0.622 -1.3794 0.3364, -0.622 -1.6553 0.1195, -0.622 -1.6604 0.1319, -0.622 -1.6685 0.1425, -0.622 -1.6791 0.1506, -0.622 -1.6915 0.1557, -0.622 -1.7047 0.1575, -0.622 -1.7795 0.1575, -0.622 -1.829 0.1954, -0.622 -1.8239 0.1831, -0.622 -1.3917 0.3415, -0.622 -1.2598 0.1063, -0.622 -1.3874 1.2585, -0.622 -1.7928 0.1592, -0.622 -1.8051 0.1643, -0.622 -1.8157 0.1725, -0.622 -1.3661 0.3346, -0.622 -1.2122 0.3346, -0.622 -1.2122 0.1574, -0.622 -1.8239 1.0768, -0.622 -1.8157 1.0874, -0.622 -1.7795 1.1024, -0.622 -1.8051 1.0955, -0.622 -1.7928 1.1006, -0.622 -1.668 1.2402, -0.622 -1.6617 1.2483, -0.622 -1.6535 1.2546, -0.622 -1.8307 1.0512, -0.622 -1.829 1.0644, -0.622 -1.2247 0.1549, -0.622 -1.2363 0.1494, -0.622 -1.2461 0.1412, -0.7143 -1.0673 0.3346, -0.7228 -1.0629 0.3346, -0.73 -1.0566 0.3346, -0.7355 -1.0488 0.3346, -0.739 -1.0398 0.3346, -0.7402 -1.0303 0.3346, -0.7402 -0.9267 0.3346, -0.7402 -0.9011 0.3278, -0.7402 -0.9135 0.3329, -0.8189 -0.9011 0.3278, -0.8189 -0.9135 0.3329, -0.8189 -0.9267 0.3346, -0.8189 -1.0303 0.3346, -0.8154 -1.0588 0.3346, -0.8051 -1.0857 0.3346, -0.7886 -1.1093 0.3346, -0.7668 -1.1282 0.3346, -0.7412 -1.1413 0.3346, -0.648 -1.1752 0.3346, -0.6221 -1.2111 0.1575, -0.6221 -1.21 0.1575, -0.6232 -1.2029 0.1575, -0.6232 -1.2029 0.3346, -0.6266 -1.1939 0.1575, -0.6266 -1.1939 0.3346, -0.6321 -1.1859 0.1575, -0.6321 -1.1859 0.3346, -0.6373 -1.1811 0.1575, -0.6394 -1.1796 0.3346, -0.6393 -1.1797 0.1573, -0.6458 -1.1761 0.1547, -0.6437 -1.177 0.1559, -0.6435 -1.1771 0.156, -0.6415 -1.1783 0.1567, -0.6399 -1.1793 0.1572, -0.6394 -1.1796 0.1573, -0.6381 -1.1582 0.1548, -0.635 -1.1597 0.1559, -0.6435 -1.1771 0.156, -0.626 -1.1419 0.1559, -0.5956 -1.1146 0.157, -0.6399 -1.1793 0.1572, -0.6215 -1.1443 0.1568, -0.6017 -1.1105 0.1567, -0.6044 -1.1088 0.1565, -0.5952 -1.1148 0.1571, -0.5889 -1.1189 0.1575, -0.6084 -1.1069 0.1557, -0.5736 -1.1332 0.1575, -0.5571 -1.1567 0.1575, -0.5468 -1.1836 0.1575, -0.5435 -1.2057 0.1575, -0.6221 -1.21 0.1575, -0.5433 -1.209 0.1575, -0.5433 -1.2122 0.1574, -0.621 -1.1012 0.3346, -0.5433 -1.2247 0.1549, -0.5433 -1.2363 0.1494, -0.5433 -1.2461 0.1412, -0.5433 -1.2536 0.1309, -0.5433 -1.2582 0.119, -0.5433 -1.2598 0.1063, -0.5433 -1.2598 0.0984, -0.5467 -1.2598 0.073, -0.5565 -1.2598 0.0492, -0.5721 -1.2598 0.0288, -0.5925 -1.2598 0.0132, -0.6163 -1.2598 0.0034, -0.5433 -1.6535 0.0984, -0.5467 -1.6535 0.073, -0.5565 -1.6535 0.0492, -0.5721 -1.6535 0.0288, -0.5925 -1.6535 0.0132, -0.6163 -1.6535 0.0034, -0.5433 -1.6535 0.1063, -0.5433 -1.6553 0.1195, -0.5433 -1.6604 0.1319, -0.5433 -1.6685 0.1425, -0.5433 -1.6791 0.1506, -0.5433 -1.6915 0.1557, -0.5433 -1.7047 0.1575, -0.5433 -1.7795 0.1575, -0.5433 -1.8307 0.2087, -0.5433 -1.829 0.1954, -0.5433 -1.8239 0.1831, -0.5433 -1.8157 0.1725, -0.5433 -1.8051 0.1643, -0.5433 -1.7928 0.1592, -0.5433 -1.8307 0.5118, -0.5433 -1.6732 0.5118, -0.5433 -1.6732 0.748, -0.5433 -1.8307 0.748, -0.5433 -1.8307 1.0512, -0.5433 -1.7795 1.1024, -0.5433 -1.7928 1.1006, -0.5433 -1.8051 1.0955, -0.5433 -1.8157 1.0874, -0.5433 -1.8239 1.0768, -0.5433 -1.829 1.0644, -0.5433 -1.7244 1.1024, -0.5433 -1.7112 1.1041, -0.5433 -1.6988 1.1092, -0.5433 -1.6882 1.1174, -0.5433 -1.6801 1.128, -0.5433 -1.675 1.1403, -0.5433 -1.6732 1.1535, -0.5433 -1.6732 1.2205, -0.5433 -1.6339 1.2598, -0.5433 -1.644 1.2585, -0.5433 -1.6535 1.2546, -0.5433 -1.6617 1.2483, -0.5433 -1.668 1.2402, -0.5433 -1.6719 1.2307, -0.5433 -1.3976 1.2598, -0.5433 -1.3583 1.2205, -0.5433 -1.3596 1.2307, -0.5433 -1.3635 1.2402, -0.5433 -1.3698 1.2483, -0.5433 -1.378 1.2546, -0.5433 -1.3874 1.2585, -0.5433 -1.3583 1.0236, -0.5433 -1.4173 0.9449, -0.5433 -1.4173 0.3858, -0.5433 -1.4156 0.3726, -0.5433 -1.4105 0.3602, -0.5433 -1.4023 0.3496, -0.5433 -1.3917 0.3415, -0.5433 -1.3794 0.3364, -0.5433 -1.3661 0.3346, -0.5954 -1.1143 0.3346, -0.5736 -1.1332 0.3346, -0.5571 -1.1567 0.3346, -0.5468 -1.1836 0.3346, -0.5433 -1.2122 0.3346, -0.7032 -1.5361 0.6373, -0.7139 -1.4581 0.6373, -0.7015 -1.5358 0.6365, -0.7122 -1.4578 0.6365, -0.7001 -1.5356 0.6352, -0.7108 -1.4576 0.6352, -0.699 -1.5355 0.6336, -0.7097 -1.4575 0.6336, -0.6983 -1.5354 0.6318, -0.709 -1.4574 0.6318, -0.6981 -1.5354 0.6299, -0.7088 -1.4573 0.6299, -0.6983 -1.5354 0.628, -0.709 -1.4574 0.628, -0.699 -1.5355 0.6262, -0.7097 -1.4575 0.6262, -0.7001 -1.5356 0.6246, -0.7108 -1.4576 0.6246, -0.7015 -1.5358 0.6234, -0.7122 -1.4578 0.6234, -0.7032 -1.5361 0.6225, -0.7139 -1.4581 0.6225, -0.6518 -1.3701 0.6712, -0.6441 -1.369 0.6512, -0.6414 -1.3686 0.6299, -0.6441 -1.369 0.6086, -0.6804 -1.374 0.7025, -0.6642 -1.3718 0.6887, -0.6518 -1.3701 0.5886, -0.6642 -1.3718 0.5712, -0.6804 -1.374 0.5573, -0.6592 -1.5289 0.5573, -0.6431 -1.5278 0.5709, -0.6428 -1.5278 0.5712, -0.6304 -1.5261 0.5886, -0.6227 -1.525 0.6086, -0.6201 -1.5247 0.6299, -0.6227 -1.525 0.6512, -0.6304 -1.5261 0.6712, -0.6428 -1.5278 0.6887, -0.6591 -1.53 0.7025, -0.7478 -1.4627 0.6496, -0.7371 -1.5407 0.6496, -0.7478 -1.4627 0.6102, -0.7371 -1.5407 0.6102, -0.6591 -1.53 0.7677, -0.7371 -1.5407 0.7677, -0.7371 -1.5407 0.5709, -0.6593 -1.5285 0.7809, -0.7373 -1.5392 0.7809, -0.6599 -1.5242 0.7933, -0.7379 -1.5349 0.7933, -0.6608 -1.5173 0.8045, -0.7388 -1.5279 0.8045, -0.6621 -1.508 0.8139, -0.7401 -1.5187 0.8139, -0.6636 -1.4969 0.8209, -0.7416 -1.5076 0.8209, -0.6653 -1.4845 0.8253, -0.7433 -1.4952 0.8253, -0.6671 -1.4715 0.8268, -0.7451 -1.4822 0.8268, -0.6823 -1.3604 0.8268, -0.6823 -1.3604 0.4921, -0.6828 -1.3384 0.8268, -0.6828 -1.3384 0.4921, -0.6784 -1.3168 0.8268, -0.6784 -1.3168 0.4921, -0.6694 -1.2967 0.8268, -0.6694 -1.2967 0.4921, -0.656 -1.2791 0.8268, -0.656 -1.2791 0.4921, -0.6391 -1.265 0.8268, -0.6391 -1.265 0.4921, -0.6195 -1.2549 0.8268, -0.6195 -1.2549 0.4921, -0.5982 -1.2495 0.8268, -0.5982 -1.2495 0.4921, -0.6698 -1.452 0.4921, -0.6593 -1.5281 0.5533, -0.6601 -1.5223 0.5367, -0.6614 -1.513 0.5218, -0.6631 -1.5006 0.5093, -0.6651 -1.4859 0.4999, -0.6674 -1.4694 0.4941, -0.7374 -1.5387 0.5533, -0.7381 -1.533 0.5367, -0.7394 -1.5237 0.5218, -0.7411 -1.5113 0.5093, -0.7431 -1.4965 0.4999, -0.7454 -1.48 0.4941, -0.7478 -1.4627 0.4921, -0.7603 -1.3711 0.4921, -0.7603 -1.3711 0.8268, -0.6088 -1.1715 0.8268, -0.6088 -1.1715 0.4921, -0.6473 -1.1813 0.4921, -0.6473 -1.1813 0.8268, -0.6826 -1.1993 0.4921, -0.6826 -1.1993 0.8268, -0.713 -1.2248 0.4921, -0.713 -1.2248 0.8268, -0.737 -1.2564 0.4921, -0.737 -1.2564 0.8268, -0.7534 -1.2925 0.4921, -0.7534 -1.2925 0.8268, -0.7613 -1.3314 0.4921, -0.7613 -1.3314 0.8268, -0.4927 -1.2351 0.4921, -0.4927 -1.2351 0.8268, -0.5034 -1.1571 0.8268, -0.4882 -1.1537 0.8268, -0.4658 -1.2292 0.8268, -0.4659 -1.1438 0.8268, -0.4262 -1.2118 0.8268, -0.4467 -1.1287 0.8268, -0.392 -1.1854 0.8268, -0.4318 -1.1093 0.8268, -0.3653 -1.1515 0.8268, -0.4222 -1.0869 0.8268, -0.3475 -1.1121 0.8268, -0.4184 -1.0628 0.8268, -0.3399 -1.0696 0.8268, -0.4206 -1.0385 0.8268, -0.3427 -1.0264 0.8268, -0.4248 -1.0246 0.8268, -0.3494 -1.0017 0.8268, -0.6793 -0.1885 0.8268, -0.604 -0.1656 0.8268, -0.6852 -0.1735 0.8268, -0.6147 -0.1386 0.8268, -0.6957 -0.1569 0.8268, -0.6334 -0.1086 0.8268, -0.7092 -0.1426 0.8268, -0.6578 -0.083 0.8268, -0.7222 -0.1331 0.8268, -0.6812 -0.0659 0.8268, -0.747 -0.1149 0.8268, -0.695 -0.0558 0.8268, -0.7737 -0.0854 0.8268, -0.7098 -0.0394 0.8268, -0.7932 -0.0507 0.8268, -0.7206 -0.0201 0.8268, -0.8044 -0.0125 0.8268, -0.7269 0.0011 0.8268, -0.8071 0.0181 0.8268, -0.7283 0.0181 0.8268, -0.8071 0.0196 0.8268, -0.7283 0.0196 0.8268, -0.5034 -1.1571 0.4914, -0.5767 -1.1683 0.4921, -0.3788 -1.1708 0.4921, -0.392 -1.1854 0.4921, -0.4262 -1.2118 0.4921, -0.4658 -1.2292 0.4921, -0.3494 -1.0017 0.4837, -0.3458 -1.0129 0.4843, -0.3431 -1.0265 0.4849, -0.3413 -1.084 0.4876, -0.3402 -1.0695 0.487, -0.3396 -1.0602 0.4865, -0.3411 -1.0363 0.4854, -0.3462 -1.1074 0.4888, -0.3478 -1.112 0.489, -0.3651 -1.1512 0.491, -0.3542 -1.13 0.4899, -0.3653 -1.1515 0.491, -0.604 -0.1656 0.4423, -0.6812 -0.0659 0.4373, -0.6691 -0.074 0.4377, -0.6364 -0.1049 0.4393, -0.6518 -0.0884 0.4384, -0.658 -0.0832 0.4382, -0.6336 -0.1088 0.4395, -0.6232 -0.1234 0.4402, -0.6149 -0.1388 0.4409, -0.6124 -0.1435 0.4412, -0.6793 -0.1885 0.4434, -0.4248 -1.0246 0.4849, -0.4972 -1.156 0.4914, -0.4883 -1.1534 0.4913, -0.4803 -1.151 0.4911, -0.4659 -1.1437 0.4908, -0.4514 -1.1331 0.4902, -0.465 -1.1433 0.4907, -0.4393 -1.1203 0.4896, -0.447 -1.1284 0.49, -0.4224 -1.0869 0.4879, -0.4231 -1.0897 0.488, -0.4296 -1.1053 0.4888, -0.4321 -1.1092 0.489, -0.4195 -1.0749 0.4873, -0.4187 -1.0628 0.4867, -0.4183 -1.0571 0.4864, -0.4199 -1.0417 0.4857, -0.4208 -1.0386 0.4856, -1.2283 0.1968 0.0787, -1.2283 0.1968 0.0, -1.2416 0.1951 0.0, -1.2416 0.1951 0.0787, -1.2539 0.19 0.0, -1.2539 0.19 0.0787, -1.2645 0.1819 0.0, -1.2645 0.1819 0.0787, -1.2727 0.1713 0.0, -1.2727 0.1713 0.0787, -1.2778 0.1589 0.0, -1.2778 0.1589 0.0787, -1.2795 0.1457 0.0, -1.2795 0.1457 0.0787, -1.2795 -0.1457 0.0787, -1.2795 -0.1457 0.0, -0.7203 -0.02 0.435, -0.7243 -0.0098 0.4345, -0.7265 0.0011 0.434, -0.7277 0.0066 0.4337, -0.7283 0.0181 0.4331, -0.6949 -0.0557 0.4368, -0.6961 -0.0548 0.4367, -0.7084 -0.0413 0.4361, -0.7096 -0.0393 0.436, -0.7182 -0.0254 0.4353, -0.7031 -0.1483 0.4414, -0.6963 -0.1573 0.4419, -0.6882 -0.168 0.4424, -0.8071 0.0196 0.4331, -0.7283 0.0196 0.4331, -0.8071 0.0181 0.4331, -0.8035 -0.0124 0.4347, -0.8023 -0.023 0.4352, -0.7922 -0.0503 0.4365, -0.7876 -0.0627 0.4372, -0.7737 -0.0854 0.4383, -0.7735 -0.0856 0.4383, -0.7469 -0.1148 0.4397, -0.746 -0.1157 0.4398, -0.7222 -0.1331 0.4407, -0.7096 -0.1431 0.4411, -0.6857 -0.1737 0.4427, -0.8278 0.3346 0.5118, -0.9065 0.3346 0.5118, -0.8278 0.4921 0.5118, -0.9065 0.4921 0.5118, -1.2778 -0.1589 0.0, -1.2778 -0.1589 0.0787, -1.2727 -0.1713 0.0, -1.2727 -0.1713 0.0787, -1.2645 -0.1819 0.0, -1.2645 -0.1819 0.0787, -1.2539 -0.19 0.0, -1.2539 -0.19 0.0787, -1.2416 -0.1951 0.0, -1.2416 -0.1951 0.0787, -1.2283 -0.1969 0.0, -1.2283 -0.1969 0.0787, -0.8858 0.1968 0.0, -0.8858 -0.1969 0.0, -0.7284 0.2197 0.1547, -0.7283 0.2213 0.1575, -0.7283 -0.1969 0.1575, -0.7294 0.2127 0.1403, -0.7356 0.2029 0.1113, -0.7331 0.2048 0.1191, -0.7306 -0.1969 0.1311, -0.7387 0.2005 0.1014, -0.7327 0.2055 0.1211, -0.7308 0.2091 0.1311, -0.7296 0.2113 0.1374, -0.7472 0.1977 0.0827, -0.7417 -0.1969 0.094, -0.7475 0.1977 0.0823, -0.7616 -0.1969 0.0607, -0.7581 0.1968 0.0654, -0.743 0.199 0.0919, -0.742 0.1993 0.0941, -0.739 0.2003 0.1005, -0.7616 0.1968 0.0607, -0.789 -0.1969 0.0333, -0.789 0.1968 0.0333, -0.8223 -0.1969 0.0134, -0.8223 0.1968 0.0134, -0.8594 -0.1969 0.0022, -0.8594 0.1968 0.0022, -0.822 0.1968 0.1114, -0.8237 0.1968 0.1091, -0.8374 0.1968 0.0954, -0.8541 0.1968 0.0854, -0.8726 0.1968 0.0799, -0.8858 0.1968 0.0787, -0.8858 -0.1969 0.0787, -0.788 0.2127 0.1467, -0.8077 0.2128 0.1487, -0.8074 0.217 0.1531, -0.7677 0.2213 0.1575, -0.7679 0.2168 0.1512, -0.7684 0.2127 0.1446, -0.7694 0.2089 0.1375, -0.7709 0.2056 0.1302, -0.7729 0.2029 0.1228, -0.7875 0.2168 0.1522, -0.8071 0.2213 0.1575, -0.7874 0.2213 0.1575, -0.8083 0.2093 0.1443, -0.8079 0.2107 0.1465, -0.8143 0.199 0.1246, -0.814 0.1991 0.1253, -0.8138 0.1993 0.1257, -0.8125 0.2009 0.1294, -0.7755 0.2006 0.1154, -0.8107 0.203 0.1344, -0.8101 0.2036 0.1358, -0.8094 0.2059 0.1392, -0.8084 0.2091 0.1441, -0.8169 0.198 0.1199, -0.8194 0.197 0.1153, -0.7283 0.8465 1.0433, -0.7283 0.819 1.0982, -0.7283 0.5709 0.9449, -0.7283 0.2756 1.2598, -0.7283 -0.0 1.2598, -0.7283 0.0234 0.9446, -0.7283 0.0504 0.3246, -0.7283 0.0375 0.3182, -0.7283 0.0624 0.8468, -0.7283 0.0517 0.8372, -0.7283 0.0389 0.4293, -0.7283 0.2953 1.1417, -0.7283 0.2559 0.9449, -0.7283 0.7486 1.1417, -0.7283 0.7659 1.1398, -0.7283 0.7823 1.1341, -0.7283 0.0181 0.9449, -0.7283 -0.0077 1.2591, -0.7283 -0.0151 1.2568, -0.7283 0.0375 0.9416, -0.7283 0.0504 0.9353, -0.7283 0.2953 1.2008, -0.7283 0.5096 0.4744, -0.7283 0.0772 0.3733, -0.7283 0.0752 0.359, -0.7283 0.8096 1.1128, -0.7283 0.7971 1.125, -0.7283 -0.0219 1.2532, -0.7283 -0.0394 1.2008, -0.7283 -0.0394 0.9449, -0.7283 0.3346 0.4724, -0.7283 0.3171 0.4744, -0.7283 0.0756 0.3876, -0.7283 0.0614 0.926, -0.7283 0.0699 0.9143, -0.7283 0.0752 0.9009, -0.7283 0.0772 0.8866, -0.7283 0.0756 0.8722, -0.7283 0.0706 0.8587, -0.7283 0.2637 0.517, -0.7283 0.0624 0.413, -0.7283 0.2731 0.5021, -0.7283 0.0706 0.4011, -0.7283 0.2856 0.4896, -0.7283 0.3005 0.4802, -0.7283 0.5689 0.5337, -0.7283 0.5631 0.517, -0.7283 0.8465 0.0394, -0.7283 0.3454 0.1773, -0.7283 0.3635 0.1636, -0.7283 0.3779 0.1461, -0.7283 0.447 0.0394, -0.7283 0.2798 0.1898, -0.7283 0.3024 0.1908, -0.7283 0.0699 0.3456, -0.7283 0.0234 0.3152, -0.7283 0.0181 0.315, -0.7283 -0.1181 0.315, -0.7283 -0.1969 0.2362, -0.7283 0.2579 0.5337, -0.7283 0.2559 0.5512, -0.7283 0.0516 0.4226, -0.7283 0.4921 0.4724, -0.7283 0.5709 0.5512, -0.7283 0.0614 0.3339, -0.7283 0.2381 0.1727, -0.7283 0.2579 0.1837, -0.7283 -0.1575 0.3044, -0.7283 -0.1738 0.2919, -0.7283 -0.1863 0.2756, -0.7283 0.0389 0.8305, -0.7283 0.0249 0.8272, -0.7283 0.0248 0.4327, -0.7283 0.5537 0.5021, -0.7283 0.5412 0.4896, -0.7283 0.5263 0.4802, -0.7283 -0.1385 0.3123, -0.7283 -0.1942 0.2566, -0.7283 0.3247 0.1865, -0.7381 0.2559 0.8903, -0.7381 0.5709 0.8903, -0.7308 0.5709 0.9172, -0.7308 0.2559 0.9172, -0.8278 0.2559 0.5906, -0.9065 0.2559 0.5906, -0.9065 0.2586 0.5702, -0.8278 0.2586 0.5702, -0.9065 0.2665 0.5512, -0.8278 0.2665 0.5512, -0.9065 0.279 0.5349, -0.8278 0.279 0.5349, -0.9065 0.2953 0.5224, -0.8278 0.2953 0.5224, -0.9065 0.3143 0.5145, -0.8278 0.3143 0.5145, -0.9065 0.5096 0.5138, -0.8278 0.5096 0.5138, -0.9065 0.5263 0.5196, -0.8278 0.5263 0.5196, -0.9065 0.5412 0.529, -0.8278 0.5412 0.529, -0.9065 0.5537 0.5415, -0.8278 0.5537 0.5415, -0.9065 0.5631 0.5564, -0.8278 0.5631 0.5564, -0.9065 0.5689 0.573, -0.8278 0.5689 0.573, -0.9065 0.5709 0.5906, -0.8278 0.5709 0.5906, -0.8278 0.2559 0.6298, -0.8278 0.5709 0.6298, -0.8263 0.2559 0.6471, -0.8263 0.5709 0.6471, -0.8217 0.2559 0.6638, -0.8217 0.5709 0.6638, -0.8071 0.2559 0.7035, -0.8071 0.5709 0.7035, -0.8956 0.2559 0.6911, -0.812 0.2559 0.9176, -0.8956 0.5709 0.6911, -0.812 0.5709 0.9176, -0.9038 0.5709 0.6609, -0.9038 0.2559 0.6609, -0.9065 0.5709 0.6298, -0.9065 0.2559 0.6298, -0.8071 0.8465 0.0394, -0.8071 0.447 0.0394, -0.8071 0.8465 1.0433, -0.8071 0.819 1.0982, -0.8071 0.8096 1.1128, -0.8071 0.7971 1.125, -0.8071 0.7823 1.1341, -0.8071 0.7659 1.1398, -0.8071 0.7486 1.1417, -0.8071 0.2953 1.1417, -0.8071 0.2953 1.2008, -0.8071 0.2756 1.2598, -0.8071 -0.0 1.2598, -0.8071 -0.0219 1.2532, -0.8071 -0.0151 1.2568, -0.8071 -0.0077 1.2591, -0.8071 -0.0394 1.2008, -0.8071 -0.0394 0.9449, -0.8071 0.0181 0.9449, -0.8071 0.0249 0.8272, -0.8071 0.0389 0.8305, -0.8071 0.0517 0.8372, -0.8071 0.0624 0.8468, -0.8071 0.0706 0.8587, -0.8071 0.0756 0.8722, -0.8071 0.0772 0.8866, -0.8071 0.0752 0.9009, -0.8071 0.0699 0.9143, -0.8071 0.0614 0.926, -0.8071 0.0504 0.9353, -0.8071 0.0375 0.9416, -0.8071 0.0234 0.9446, -0.8071 0.0181 0.315, -0.8071 0.0234 0.3152, -0.8071 0.0375 0.3182, -0.8071 0.0504 0.3246, -0.8071 0.0614 0.3339, -0.8071 0.0699 0.3456, -0.8071 0.0752 0.359, -0.8071 0.0772 0.3733, -0.8071 0.0756 0.3876, -0.8071 0.0706 0.4011, -0.8071 0.0624 0.413, -0.8071 0.0516 0.4226, -0.8071 0.0389 0.4293, -0.8071 0.0248 0.4327, -0.8071 -0.1181 0.315, -0.8071 -0.1969 0.2362, -0.8071 -0.1942 0.2566, -0.8071 -0.1863 0.2756, -0.8071 -0.1738 0.2919, -0.8071 -0.1575 0.3044, -0.8071 -0.1385 0.3123, -0.8726 -0.1969 0.0799, -0.8541 -0.1969 0.0854, -0.8374 -0.1969 0.0954, -0.8237 -0.1969 0.1091, -0.8138 -0.1969 0.1257, -0.8082 -0.1969 0.1443, -0.8071 -0.1969 0.1575, -0.8071 0.2381 0.1727, -0.8071 0.3779 0.1461, -0.8071 0.3635 0.1636, -0.8071 0.3454 0.1773, -0.8071 0.3247 0.1865, -0.8071 0.3024 0.1908, -0.8071 0.2798 0.1898, -0.8071 0.2579 0.1837, -0.8071 0.5709 0.5512, -0.8071 0.4921 0.4724, -0.8071 0.5096 0.4744, -0.8071 0.5263 0.4802, -0.8071 0.5412 0.4896, -0.8071 0.5537 0.5021, -0.8071 0.5631 0.517, -0.8071 0.5689 0.5337, -0.8071 0.3346 0.4724, -0.8071 0.2559 0.5512, -0.8071 0.2579 0.5337, -0.8071 0.2637 0.517, -0.8071 0.2731 0.5021, -0.8071 0.2856 0.4896, -0.8071 0.3005 0.4802, -0.8071 0.3171 0.4744, -0.8083 0.2559 0.931, -0.8071 0.2559 0.9449, -0.8071 0.5709 0.9449, -0.8083 0.5709 0.931, -0.5182 1.4022 0.8071, -0.5182 1.4022 0.4921, -0.5137 1.3913 0.8071, -0.5137 1.3913 0.4921, -0.5118 1.3796 0.8071, -0.5118 1.3796 0.4921, -0.5129 1.3678 0.8071, -0.5129 1.3678 0.4921, -0.5167 1.3566 0.8071, -0.5167 1.3566 0.4921, -0.5231 1.3466 0.8071, -0.5231 1.3466 0.4921, -0.5317 1.3384 0.8071, -0.5317 1.3384 0.4921, -0.5995 1.1901 0.4921, -0.4848 1.2752 0.4921, -0.5995 1.1901 0.8071, -0.4848 1.2752 0.8071, -0.4624 1.2964 0.4921, -0.4624 1.2964 0.8071, -0.4458 1.3223 0.4921, -0.4458 1.3223 0.8071, -0.4358 1.3515 0.4921, -0.4358 1.3515 0.8071, -0.4331 1.3822 0.4921, -0.4331 1.3822 0.8071, -0.4379 1.4126 0.4921, -0.4379 1.4126 0.8071, -0.4497 1.4411 0.4921, -0.4497 1.4411 0.8071, -0.6197 1.7409 0.4921, -0.6197 1.7409 0.8071, -0.6273 1.7595 0.8071, -0.6273 1.7595 0.4921, -0.6299 1.7795 0.8071, -0.6299 1.7795 0.4921, -0.6299 1.1417 0.8071, -0.6299 1.1417 0.4921, -0.6239 1.1602 0.8071, -0.6239 1.1602 0.4921, -0.6136 1.1766 0.8071, -0.6136 1.1766 0.4921, -1.2795 1.3386 0.0, -1.2795 1.3386 0.0787, -1.2795 1.5748 0.0, -1.2795 1.5748 0.0787, -1.2008 1.6535 0.0787, -1.2008 1.6535 0.0, -1.2183 1.6516 0.0, -1.2183 1.6516 0.0787, -1.235 1.6457 0.0, -1.235 1.6457 0.0787, -1.2499 1.6364 0.0, -1.2499 1.6364 0.0787, -1.2623 1.6239 0.0, -1.2623 1.6239 0.0787, -1.2717 1.609 0.0, -1.2717 1.609 0.0787, -1.2776 1.5923 0.0, -1.2776 1.5923 0.0787, -1.2776 1.3211 0.0, -1.2776 1.3211 0.0787, -1.2717 1.3044 0.0, -1.2717 1.3044 0.0787, -1.2623 1.2895 0.0, -1.2623 1.2895 0.0787, -1.2499 1.277 0.0, -1.2499 1.277 0.0787, -1.235 1.2676 0.0, -1.235 1.2676 0.0787, -1.2183 1.2618 0.0, -1.2183 1.2618 0.0787, -1.2008 1.2598 0.0, -1.2008 1.2598 0.0787, -0.8071 1.6535 0.0, -0.8071 1.2598 0.0, -0.7725 1.6535 0.0034, -0.7725 1.2598 0.0034, -0.7393 1.6535 0.0135, -0.7393 1.2598 0.0135, -0.7087 1.6535 0.0299, -0.7087 1.2598 0.0299, -0.6818 1.6535 0.0519, -0.6818 1.2598 0.0519, -0.6598 1.6535 0.0787, -0.6598 1.2598 0.0787, -0.6434 1.6535 0.1094, -0.6434 1.2598 0.1094, -0.6333 1.6589 0.1426, -0.6334 1.2544 0.1426, -0.636 1.2584 0.1313, -0.6401 1.2598 0.1181, -0.6401 1.6535 0.1181, -0.636 1.655 0.1313, -0.63 1.2264 0.1713, -0.6304 1.2376 0.1643, -0.6313 1.6664 0.1549, -0.6313 1.247 0.1549, -0.6331 1.254 0.1437, -0.6332 1.6595 0.1437, -0.6304 1.6758 0.1643, -0.6299 1.2008 0.1772, -0.6299 1.2139 0.1757, -0.63 1.687 0.1713, -0.6299 1.6995 0.1757, -0.6299 1.7126 0.1772, -0.6882 1.7021 0.4921, -0.6882 1.7021 0.8071, -0.6971 1.7205 0.4921, -0.6299 1.7205 0.4921, -0.6299 1.2008 0.4921, -0.6916 1.2008 0.4921, -0.6882 1.2069 0.4921, -0.6696 1.2322 0.4921, -0.6464 1.2533 0.4921, -0.6464 1.2533 0.8071, -0.6882 1.2069 0.8071, -0.6916 1.2008 0.8071, -0.6299 1.2008 0.8071, -0.6299 1.7205 0.8071, -0.6696 1.2322 0.8071, -0.6971 1.7205 0.8071, -0.6299 1.7795 0.8661, -0.6299 1.7775 0.8509, -0.6299 1.9059 0.9349, -0.6299 1.7622 0.8244, -0.6299 1.75 0.815, -0.6299 1.7358 0.8091, -0.6299 1.159 0.8244, -0.6299 1.1496 0.8366, -0.6299 1.1855 0.8091, -0.6299 1.1713 0.815, -0.6299 1.8476 0.9843, -0.6299 1.7795 0.9252, -0.6299 1.8386 0.9843, -0.6299 1.7815 0.9405, -0.6299 1.7716 0.8366, -0.6299 1.0039 0.0984, -0.6299 1.0039 0.8661, -0.6299 1.0154 0.9349, -0.6299 1.1437 0.8509, -0.6299 1.902 0.9482, -0.6299 1.8952 0.9602, -0.6299 1.8858 0.9703, -0.6299 1.9764 0.2756, -0.6299 1.9764 0.343, -0.6299 1.9736 0.3662, -0.6299 1.9173 0.5987, -0.6299 1.9173 0.8661, -0.6299 1.1417 0.8661, -0.6299 1.1417 0.9252, -0.6299 1.0192 0.9482, -0.6299 1.8743 0.9779, -0.6299 1.8613 0.9826, -0.6299 1.8233 0.9822, -0.6299 1.8091 0.9763, -0.6299 1.7358 0.4901, -0.6299 1.75 0.4842, -0.6299 1.1142 0.0984, -0.6299 1.1142 0.1181, -0.6299 1.1417 0.374, -0.6299 1.1437 0.1693, -0.6299 1.1579 0.1752, -0.6299 1.7968 0.967, -0.6299 1.7874 0.9547, -0.6299 1.1417 0.4331, -0.6299 1.1432 0.4462, -0.6299 1.1476 0.4587, -0.6299 1.1546 0.4699, -0.6299 1.164 0.4792, -0.6299 1.7622 0.4748, -0.6299 1.7716 0.4626, -0.6299 1.7775 0.4484, -0.6299 1.9567 0.2756, -0.6299 1.0599 0.9826, -0.6299 1.047 0.9779, -0.6299 1.1752 0.4863, -0.6299 1.1876 0.4906, -0.6299 1.7697 0.1693, -0.6299 1.7795 0.374, -0.6299 1.778 0.3609, -0.6299 1.7992 0.0984, -0.6299 1.9173 0.0984, -0.6299 1.7992 0.1181, -0.6299 1.9173 0.1456, -0.6299 1.7972 0.1334, -0.6299 1.916 0.1597, -0.6299 1.1403 0.9383, -0.6299 1.1359 0.9508, -0.6299 1.0827 0.9843, -0.6299 1.1288 0.962, -0.6299 1.1195 0.9714, -0.6299 1.1083 0.9784, -0.6299 1.0958 0.9828, -0.6299 1.0736 0.9843, -0.6299 1.0355 0.9703, -0.6299 1.0261 0.9602, -0.6299 1.1315 0.1599, -0.6299 1.1752 0.3208, -0.6299 1.164 0.3278, -0.6299 1.1546 0.3372, -0.6299 1.9185 0.2616, -0.6299 1.7819 0.1599, -0.6299 1.909 0.2514, -0.6299 1.9022 0.2394, -0.6299 1.9123 0.1734, -0.6299 1.9061 0.1861, -0.6299 1.7913 0.1476, -0.6299 1.1162 0.1334, -0.6299 1.1221 0.1476, -0.6299 1.9004 0.1987, -0.6299 1.8978 0.2123, -0.6299 1.8984 0.2261, -0.6299 1.7666 0.3372, -0.6299 1.7573 0.3278, -0.6299 1.7554 0.1752, -0.6299 1.1476 0.3484, -0.6299 1.1432 0.3609, -0.6299 1.7737 0.3484, -0.6299 1.7795 0.4331, -0.6299 1.93 0.2692, -0.6299 1.943 0.274, -0.6299 1.1876 0.3164, -0.6299 1.1732 0.1772, -0.6299 1.2008 0.315, -0.6299 1.7461 0.3208, -0.6299 1.7336 0.3164, -0.6299 1.7402 0.1772, -0.6299 1.7205 0.315, -0.8071 1.6535 0.0787, -0.7816 1.6535 0.0821, -0.7579 1.6535 0.0919, -0.7283 1.6535 0.1181, -0.7375 1.6535 0.1076, -0.8071 1.2598 0.0787, -0.7816 1.2598 0.0821, -0.7579 1.2598 0.0919, -0.7375 1.2598 0.1076, -0.7283 1.2598 0.1181, -0.7239 1.2595 0.1246, -0.7219 1.2589 0.128, -0.72 1.2584 0.1313, -0.7145 1.254 0.1437, -0.7122 1.249 0.1517, -0.7112 1.247 0.1549, -0.7095 1.2376 0.1643, -0.7088 1.2264 0.1713, -0.7087 1.2139 0.1757, -0.7087 1.2008 0.1772, -0.7239 1.6539 0.1246, -0.7219 1.6545 0.128, -0.72 1.655 0.1313, -0.7145 1.6594 0.1437, -0.7122 1.6644 0.1517, -0.7112 1.6664 0.1549, -0.7095 1.6758 0.1643, -0.7088 1.687 0.1713, -0.7087 1.6995 0.1757, -0.7087 1.7126 0.1772, -0.7087 1.9061 0.1861, -0.7087 1.9123 0.1734, -0.7087 1.916 0.1597, -0.7087 1.9173 0.1456, -0.7087 1.9567 0.2756, -0.7087 1.943 0.274, -0.7087 1.93 0.2692, -0.7087 1.9185 0.2616, -0.7087 1.909 0.2514, -0.7087 1.9022 0.2394, -0.7087 1.8984 0.2261, -0.7087 1.8978 0.2123, -0.7087 1.9004 0.1987, -0.7087 1.9764 0.2756, -0.7087 1.9764 0.343, -0.7087 1.9736 0.3662, -0.7087 1.9173 0.5987, -0.7087 1.9173 0.8661, -0.7087 1.9059 0.9349, -0.7087 1.902 0.9482, -0.7087 1.8952 0.9602, -0.7087 1.8858 0.9703, -0.7087 1.8743 0.9779, -0.7087 1.8613 0.9826, -0.7087 1.8476 0.9843, -0.7087 1.8386 0.9843, -0.7087 1.7795 0.9252, -0.7087 1.7815 0.9405, -0.7087 1.7874 0.9547, -0.7087 1.7968 0.967, -0.7087 1.8091 0.9763, -0.7087 1.8233 0.9822, -0.7087 1.7795 0.8661, -0.6994 1.7266 0.8074, -0.7024 1.7358 0.8091, -0.7043 1.743 0.8116, -0.7058 1.75 0.815, -0.7063 1.7526 0.8166, -0.7077 1.7622 0.8244, -0.7082 1.7673 0.8302, -0.7085 1.7716 0.8366, -0.7086 1.775 0.8435, -0.7086 1.7775 0.8509, -0.7087 1.7794 0.8631, -0.6994 1.7266 0.4918, -0.7024 1.7358 0.4901, -0.7058 1.7499 0.484, -0.7043 1.7431 0.4876, -0.7086 1.7775 0.4484, -0.7086 1.775 0.4557, -0.7085 1.7716 0.4626, -0.7082 1.7673 0.469, -0.7077 1.7622 0.4748, -0.7063 1.7526 0.4826, -0.7087 1.7794 0.4361, -0.7087 1.7795 0.4331, -0.7087 1.7795 0.374, -0.7087 1.7205 0.315, -0.7087 1.7336 0.3164, -0.7087 1.7461 0.3208, -0.7087 1.7573 0.3278, -0.7087 1.7666 0.3372, -0.7087 1.7737 0.3484, -0.7087 1.778 0.3609, -0.7087 1.2008 0.315, -0.7087 1.1417 0.374, -0.7087 1.1432 0.3609, -0.7087 1.1476 0.3484, -0.7087 1.1546 0.3372, -0.7087 1.164 0.3278, -0.7087 1.1752 0.3208, -0.7087 1.1876 0.3164, -0.7087 1.1417 0.4331, -0.7056 1.164 0.4792, -0.7025 1.1752 0.4863, -0.7013 1.1784 0.4874, -0.6979 1.1876 0.4906, -0.7087 1.148 0.4595, -0.7076 1.1546 0.4699, -0.7087 1.1432 0.4462, -0.7087 1.1476 0.4587, -0.7087 1.148 0.8398, -0.6954 1.1932 0.8076, -0.7084 1.1498 0.8367, -0.7077 1.154 0.8301, -0.7068 1.159 0.8244, -0.7054 1.1649 0.8193, -0.7037 1.1713 0.815, -0.7014 1.1785 0.8115, -0.6987 1.1855 0.8091, -0.7087 1.1417 0.8661, -0.7087 1.1437 0.8509, -0.7087 1.1417 0.9252, -0.7087 1.1403 0.9383, -0.7087 1.1359 0.9508, -0.7087 1.1288 0.962, -0.7087 1.1195 0.9714, -0.7087 1.1083 0.9784, -0.7087 1.0958 0.9828, -0.7087 1.0827 0.9843, -0.7087 1.0736 0.9843, -0.7087 1.0154 0.9349, -0.7087 1.0192 0.9482, -0.7087 1.0261 0.9602, -0.7087 1.0355 0.9703, -0.7087 1.047 0.9779, -0.7087 1.0599 0.9826, -0.7087 1.0039 0.8661, -0.7087 1.0039 0.0984, -0.7087 1.1142 0.0984, -0.7087 1.1142 0.1181, -0.7087 1.1162 0.1334, -0.7087 1.1221 0.1476, -0.7087 1.1315 0.1599, -0.7087 1.1437 0.1693, -0.7087 1.1579 0.1752, -0.7087 1.1732 0.1772, -0.7087 1.7402 0.1772, -0.7087 1.7554 0.1752, -0.7087 1.7697 0.1693, -0.7087 1.7819 0.1599, -0.7087 1.7913 0.1476, -0.7087 1.7972 0.1334, -0.7087 1.7992 0.1181, -0.7087 1.7992 0.0984, -0.7087 1.9173 0.0984
            ]
        }
        coordIndex [
            0,1,2,-1,0,2,3,-1,3,2,4,-1,3,4,5,-1,6,1,7,-1,7,1,0,-1,8,9,10,-1,11,12,9,-1,9,12,13,-1,9,13,10,-1,12,14,13,-1,13,14,15,-1,13,15,16,-1,16,15,17,-1,17,18,16,-1,16,18,19,-1,16,19,20,-1,10,21,8,-1,8,21,22,-1,8,22,23,-1,23,22,24,-1,25,9,8,-1,25,8,26,-1,26,8,23,-1,26,23,27,-1,27,23,24,-1,27,24,28,-1,28,24,22,-1,28,22,29,-1,29,22,21,-1,29,21,30,-1,30,21,10,-1,30,10,31,-1,32,13,16,-1,32,16,33,-1,33,16,20,-1,33,20,34,-1,34,20,19,-1,34,19,35,-1,35,19,18,-1,35,18,36,-1,36,18,17,-1,36,17,37,-1,37,17,15,-1,37,15,38,-1,38,15,14,-1,38,14,39,-1,31,10,32,-1,32,10,13,-1,6,7,40,-1,40,7,41,-1,40,41,42,-1,42,41,43,-1,40,42,44,-1,40,44,6,-1,44,45,4,-1,4,2,44,-1,44,2,1,-1,44,1,6,-1,46,5,45,-1,45,5,4,-1,43,41,47,-1,47,41,7,-1,47,7,0,-1,0,3,47,-1,47,3,5,-1,47,5,46,-1,12,11,48,-1,48,11,49,-1,48,49,50,-1,50,49,51,-1,50,51,52,-1,52,51,53,-1,52,53,54,-1,54,53,55,-1,54,55,56,-1,56,55,57,-1,56,57,58,-1,58,57,59,-1,58,59,60,-1,61,62,63,-1,63,62,64,-1,65,66,67,-1,67,66,68,-1,60,69,58,-1,58,69,70,-1,58,70,67,-1,67,70,71,-1,67,71,65,-1,68,66,63,-1,63,66,72,-1,63,72,61,-1,9,25,11,-1,11,25,73,-1,11,73,49,-1,49,73,74,-1,49,74,51,-1,51,74,75,-1,51,75,53,-1,53,75,76,-1,53,76,55,-1,55,76,77,-1,55,77,57,-1,57,77,78,-1,57,78,59,-1,59,78,79,-1,64,80,63,-1,63,80,81,-1,63,81,68,-1,81,82,68,-1,68,82,83,-1,68,83,67,-1,67,83,58,-1,58,83,84,-1,58,84,56,-1,56,84,85,-1,56,85,54,-1,54,85,86,-1,54,86,52,-1,52,86,87,-1,52,87,50,-1,50,87,88,-1,50,88,48,-1,48,88,89,-1,48,89,12,-1,12,89,90,-1,12,90,14,-1,14,90,39,-1,28,29,27,-1,27,29,26,-1,90,73,32,-1,32,73,25,-1,32,25,31,-1,31,25,26,-1,31,26,30,-1,30,26,29,-1,36,33,35,-1,35,33,34,-1,36,37,33,-1,33,37,38,-1,33,38,32,-1,32,38,39,-1,32,39,90,-1,91,92,93,-1,93,92,94,-1,93,94,95,-1,95,94,96,-1,97,98,96,-1,96,98,95,-1,99,100,91,-1,91,100,92,-1,101,102,43,-1,47,103,104,-1,105,106,47,-1,47,106,107,-1,47,107,103,-1,108,105,109,-1,109,105,110,-1,43,102,42,-1,42,102,111,-1,42,111,112,-1,113,114,47,-1,47,114,115,-1,47,115,105,-1,105,115,116,-1,105,116,110,-1,112,117,42,-1,42,117,118,-1,42,118,119,-1,120,44,121,-1,121,44,42,-1,121,42,122,-1,122,42,119,-1,123,124,125,-1,125,124,126,-1,104,127,47,-1,47,127,128,-1,47,128,43,-1,43,128,129,-1,130,131,44,-1,44,131,132,-1,44,132,47,-1,47,132,133,-1,47,133,113,-1,126,134,125,-1,125,134,135,-1,125,135,136,-1,129,137,43,-1,43,137,138,-1,43,138,139,-1,123,125,120,-1,120,125,140,-1,120,140,44,-1,44,140,141,-1,44,141,142,-1,143,144,43,-1,144,145,43,-1,43,145,146,-1,43,146,101,-1,143,43,147,-1,147,43,139,-1,147,139,148,-1,64,62,149,-1,149,62,130,-1,149,130,150,-1,150,130,44,-1,150,44,151,-1,151,44,142,-1,100,99,44,-1,44,99,47,-1,44,47,45,-1,45,47,46,-1,152,153,154,-1,154,153,155,-1,154,155,156,-1,156,155,157,-1,156,157,158,-1,159,160,161,-1,159,71,160,-1,160,71,70,-1,160,70,162,-1,162,70,69,-1,162,69,163,-1,69,60,163,-1,163,60,59,-1,163,59,79,-1,72,66,159,-1,159,66,65,-1,159,65,71,-1,161,158,159,-1,159,158,157,-1,159,157,72,-1,72,157,155,-1,72,155,61,-1,61,155,153,-1,61,153,62,-1,147,148,164,-1,164,165,147,-1,147,165,166,-1,147,166,143,-1,143,166,167,-1,143,167,144,-1,144,167,168,-1,144,168,145,-1,145,168,169,-1,145,169,146,-1,146,169,170,-1,146,170,101,-1,101,170,171,-1,101,171,102,-1,102,171,111,-1,111,171,172,-1,111,172,173,-1,111,173,112,-1,112,173,174,-1,112,174,117,-1,117,174,175,-1,117,175,118,-1,118,175,176,-1,118,176,119,-1,119,176,177,-1,119,177,122,-1,122,177,178,-1,122,178,121,-1,121,178,120,-1,120,178,179,-1,180,125,136,-1,180,136,181,-1,181,136,135,-1,181,135,182,-1,182,135,134,-1,182,134,183,-1,183,134,126,-1,183,126,184,-1,184,126,124,-1,184,124,185,-1,185,124,123,-1,185,123,186,-1,186,123,120,-1,186,120,179,-1,187,140,180,-1,180,140,125,-1,140,187,141,-1,141,187,188,-1,141,188,142,-1,142,188,189,-1,142,189,151,-1,151,189,190,-1,151,190,150,-1,150,190,191,-1,150,191,149,-1,149,191,192,-1,149,192,64,-1,64,192,80,-1,85,77,86,-1,86,77,76,-1,86,76,87,-1,87,76,75,-1,87,75,88,-1,88,75,74,-1,88,74,89,-1,89,74,73,-1,89,73,90,-1,84,79,85,-1,85,79,78,-1,85,78,77,-1,152,193,80,-1,80,193,156,-1,156,158,80,-1,80,158,194,-1,80,194,81,-1,81,194,82,-1,160,162,84,-1,84,162,163,-1,84,163,79,-1,160,84,194,-1,194,84,83,-1,194,83,82,-1,107,195,103,-1,103,195,196,-1,103,196,104,-1,104,196,197,-1,104,197,127,-1,127,197,198,-1,127,198,128,-1,128,198,199,-1,200,129,199,-1,199,129,128,-1,129,200,137,-1,137,200,201,-1,137,201,138,-1,138,201,202,-1,139,138,203,-1,203,138,202,-1,164,148,203,-1,203,148,139,-1,204,205,206,-1,206,205,97,-1,206,97,96,-1,96,94,206,-1,206,94,92,-1,206,92,100,-1,204,207,208,-1,204,208,205,-1,205,208,98,-1,205,98,97,-1,208,207,209,-1,208,209,98,-1,209,99,91,-1,91,93,209,-1,209,93,95,-1,209,95,98,-1,209,206,99,-1,99,206,100,-1,99,100,47,-1,47,100,44,-1,210,195,211,-1,211,195,107,-1,211,107,106,-1,153,152,212,-1,153,212,62,-1,213,110,214,-1,214,110,116,-1,214,116,215,-1,215,116,115,-1,215,115,216,-1,216,115,114,-1,216,114,217,-1,217,114,113,-1,217,113,218,-1,218,113,133,-1,218,133,219,-1,219,133,132,-1,219,132,220,-1,220,132,131,-1,220,131,212,-1,212,131,130,-1,212,130,62,-1,207,171,170,-1,220,212,206,-1,171,207,172,-1,172,207,204,-1,172,204,173,-1,185,186,180,-1,180,186,179,-1,180,179,187,-1,176,175,204,-1,204,175,174,-1,204,174,173,-1,198,197,209,-1,210,221,195,-1,195,221,209,-1,195,209,196,-1,196,209,197,-1,187,179,206,-1,206,179,178,-1,206,178,204,-1,204,178,177,-1,204,177,176,-1,221,222,223,-1,190,189,206,-1,206,189,188,-1,206,188,187,-1,180,181,182,-1,223,213,221,-1,221,213,214,-1,221,214,209,-1,209,214,215,-1,209,215,216,-1,182,183,180,-1,180,183,184,-1,180,184,185,-1,216,217,209,-1,209,217,218,-1,209,218,206,-1,206,218,219,-1,206,219,220,-1,203,202,207,-1,152,80,212,-1,212,80,192,-1,212,192,206,-1,206,192,191,-1,206,191,190,-1,203,207,164,-1,202,201,207,-1,207,201,200,-1,207,200,209,-1,209,200,199,-1,209,199,198,-1,170,169,207,-1,207,169,168,-1,207,168,167,-1,167,166,207,-1,207,166,165,-1,207,165,164,-1,224,225,226,-1,224,226,227,-1,227,226,228,-1,227,228,229,-1,230,231,232,-1,232,231,233,-1,232,233,228,-1,228,233,234,-1,228,234,229,-1,230,232,235,-1,235,232,211,-1,235,211,106,-1,210,211,236,-1,236,211,232,-1,236,232,237,-1,237,232,238,-1,238,232,239,-1,239,232,228,-1,239,228,240,-1,240,228,226,-1,240,226,241,-1,242,243,244,-1,245,246,247,-1,246,248,247,-1,247,248,249,-1,247,249,250,-1,250,249,251,-1,250,251,244,-1,244,251,252,-1,244,252,242,-1,253,254,255,-1,255,254,256,-1,255,256,257,-1,253,258,254,-1,254,258,259,-1,254,259,256,-1,256,259,260,-1,261,262,258,-1,258,262,263,-1,258,263,259,-1,264,265,250,-1,250,265,266,-1,267,268,266,-1,266,268,261,-1,266,261,250,-1,250,261,258,-1,250,258,247,-1,247,258,253,-1,247,253,245,-1,264,250,269,-1,269,250,244,-1,269,244,270,-1,270,244,243,-1,270,243,271,-1,106,105,272,-1,272,105,273,-1,272,273,230,-1,229,234,274,-1,274,234,233,-1,274,233,273,-1,273,233,231,-1,273,231,230,-1,275,225,224,-1,275,224,274,-1,274,224,276,-1,274,276,229,-1,223,109,213,-1,213,109,110,-1,277,278,279,-1,279,278,280,-1,279,280,281,-1,281,280,282,-1,281,282,283,-1,283,282,284,-1,225,278,226,-1,226,278,277,-1,226,277,241,-1,241,285,240,-1,240,285,286,-1,236,237,286,-1,237,287,286,-1,286,287,239,-1,286,239,240,-1,286,288,236,-1,236,288,221,-1,236,221,210,-1,289,290,291,-1,291,290,292,-1,291,292,293,-1,293,292,294,-1,293,294,295,-1,295,294,296,-1,295,296,297,-1,297,296,298,-1,297,298,284,-1,284,298,283,-1,290,289,299,-1,299,289,300,-1,299,300,301,-1,301,300,302,-1,301,302,303,-1,303,302,304,-1,303,304,305,-1,303,305,306,-1,306,305,307,-1,306,307,308,-1,308,307,309,-1,308,309,310,-1,310,309,311,-1,311,309,312,-1,313,314,315,-1,313,315,316,-1,316,315,317,-1,316,317,318,-1,318,317,311,-1,318,311,312,-1,319,320,321,-1,321,320,322,-1,321,322,323,-1,323,322,324,-1,323,324,313,-1,313,324,314,-1,325,326,319,-1,319,326,320,-1,326,325,327,-1,326,327,328,-1,328,327,329,-1,328,329,330,-1,330,329,331,-1,330,331,332,-1,332,331,333,-1,332,333,334,-1,334,333,335,-1,334,335,336,-1,336,335,337,-1,336,337,338,-1,338,337,339,-1,338,339,340,-1,341,342,339,-1,339,342,340,-1,270,271,343,-1,344,345,346,-1,347,348,349,-1,349,348,350,-1,348,351,350,-1,350,351,352,-1,350,352,353,-1,352,354,353,-1,353,354,355,-1,353,355,356,-1,356,355,357,-1,356,357,358,-1,358,357,359,-1,358,359,360,-1,360,359,361,-1,360,361,362,-1,363,364,365,-1,365,364,366,-1,365,366,367,-1,367,366,368,-1,344,346,343,-1,266,265,346,-1,346,265,264,-1,346,264,343,-1,343,264,269,-1,343,269,270,-1,267,266,369,-1,369,266,346,-1,369,346,370,-1,370,346,371,-1,372,371,366,-1,366,371,346,-1,366,346,368,-1,368,346,345,-1,363,362,364,-1,364,362,361,-1,364,361,366,-1,366,361,373,-1,366,373,372,-1,374,368,375,-1,375,368,376,-1,368,345,376,-1,376,345,344,-1,376,344,377,-1,377,344,343,-1,343,271,377,-1,377,271,378,-1,377,378,242,-1,379,380,381,-1,382,383,384,-1,384,383,385,-1,384,385,386,-1,386,385,387,-1,380,379,388,-1,379,389,388,-1,388,389,390,-1,388,390,382,-1,382,390,391,-1,382,391,383,-1,380,392,381,-1,381,392,393,-1,381,393,394,-1,394,393,395,-1,394,395,396,-1,396,395,397,-1,398,399,384,-1,384,399,400,-1,384,400,382,-1,382,400,401,-1,382,401,388,-1,388,401,402,-1,388,402,380,-1,380,402,403,-1,380,403,392,-1,404,405,406,-1,406,405,407,-1,406,407,408,-1,409,410,411,-1,409,411,405,-1,405,411,412,-1,405,412,407,-1,409,375,376,-1,410,409,413,-1,413,409,376,-1,413,376,377,-1,374,375,387,-1,387,375,409,-1,387,409,386,-1,386,409,405,-1,386,405,384,-1,384,405,404,-1,384,404,398,-1,410,413,414,-1,255,257,415,-1,416,246,245,-1,251,249,416,-1,416,249,248,-1,416,248,246,-1,252,414,242,-1,242,414,413,-1,242,413,377,-1,417,418,419,-1,417,419,420,-1,420,419,421,-1,420,421,408,-1,408,407,420,-1,420,407,412,-1,420,412,414,-1,414,412,411,-1,414,411,410,-1,252,251,414,-1,414,251,416,-1,414,416,420,-1,420,416,422,-1,420,422,417,-1,423,418,424,-1,424,418,417,-1,424,417,415,-1,415,417,422,-1,415,422,255,-1,255,422,416,-1,255,416,253,-1,253,416,245,-1,425,257,256,-1,260,426,256,-1,256,426,427,-1,256,427,425,-1,425,427,428,-1,426,260,429,-1,369,430,431,-1,432,268,431,-1,431,268,267,-1,431,267,369,-1,369,433,430,-1,430,433,371,-1,430,371,434,-1,434,371,435,-1,435,371,372,-1,435,372,373,-1,373,361,435,-1,435,361,359,-1,435,359,357,-1,357,355,435,-1,435,355,354,-1,435,354,352,-1,352,351,435,-1,435,351,348,-1,435,348,347,-1,429,260,432,-1,432,260,259,-1,432,259,263,-1,263,262,432,-1,432,262,261,-1,432,261,268,-1,342,341,436,-1,342,436,437,-1,437,436,438,-1,437,438,439,-1,439,438,440,-1,439,440,441,-1,441,440,442,-1,441,442,443,-1,443,442,444,-1,443,444,445,-1,445,444,435,-1,435,444,446,-1,435,446,434,-1,434,446,430,-1,430,446,447,-1,430,447,431,-1,302,300,448,-1,448,300,289,-1,448,289,291,-1,323,448,321,-1,321,448,447,-1,321,447,319,-1,319,447,446,-1,319,446,444,-1,323,313,448,-1,448,313,316,-1,448,316,318,-1,318,312,448,-1,448,312,309,-1,448,309,307,-1,444,442,319,-1,319,442,440,-1,319,440,438,-1,438,436,319,-1,319,436,341,-1,319,341,339,-1,331,337,333,-1,333,337,335,-1,331,329,337,-1,337,329,327,-1,337,327,339,-1,339,327,325,-1,339,325,319,-1,307,305,448,-1,448,305,304,-1,448,304,302,-1,297,449,295,-1,295,449,450,-1,295,450,293,-1,293,450,451,-1,293,451,291,-1,291,451,448,-1,278,225,275,-1,297,284,449,-1,449,284,282,-1,449,282,275,-1,275,282,280,-1,275,280,278,-1,108,109,222,-1,222,109,223,-1,283,298,452,-1,241,277,285,-1,285,277,279,-1,285,279,452,-1,452,279,281,-1,452,281,283,-1,452,298,296,-1,452,296,453,-1,453,296,294,-1,453,294,454,-1,454,294,292,-1,454,292,455,-1,347,340,342,-1,347,332,334,-1,332,347,330,-1,455,292,290,-1,334,336,347,-1,347,336,338,-1,347,338,340,-1,441,443,347,-1,347,443,445,-1,347,445,435,-1,347,349,330,-1,330,349,350,-1,330,350,353,-1,363,365,326,-1,396,397,322,-1,322,397,324,-1,342,437,347,-1,347,437,439,-1,347,439,441,-1,290,299,455,-1,455,299,301,-1,455,301,456,-1,456,301,303,-1,456,303,306,-1,353,356,330,-1,330,356,358,-1,330,358,328,-1,328,358,360,-1,328,360,326,-1,326,360,362,-1,326,362,363,-1,317,315,397,-1,397,315,314,-1,397,314,324,-1,306,308,456,-1,456,308,310,-1,456,310,397,-1,397,310,311,-1,397,311,317,-1,374,320,368,-1,368,320,326,-1,368,326,367,-1,367,326,365,-1,374,387,320,-1,320,387,385,-1,320,385,383,-1,379,381,322,-1,322,381,394,-1,322,394,396,-1,383,457,320,-1,320,457,390,-1,320,390,322,-1,322,390,389,-1,322,389,379,-1,419,418,458,-1,458,418,423,-1,458,423,459,-1,404,406,460,-1,460,406,408,-1,460,408,458,-1,458,408,421,-1,458,421,419,-1,397,395,456,-1,456,395,393,-1,456,393,392,-1,392,403,456,-1,456,403,402,-1,456,402,401,-1,401,400,456,-1,456,400,399,-1,456,399,460,-1,460,399,398,-1,460,398,404,-1,423,461,459,-1,461,423,462,-1,462,423,424,-1,462,424,428,-1,428,424,463,-1,463,424,415,-1,463,415,257,-1,426,429,447,-1,447,429,432,-1,447,432,431,-1,108,222,105,-1,105,222,221,-1,105,221,273,-1,273,221,288,-1,273,288,274,-1,274,288,286,-1,274,286,275,-1,275,286,285,-1,275,285,449,-1,449,285,452,-1,449,452,450,-1,450,452,453,-1,450,453,451,-1,451,453,454,-1,451,454,448,-1,448,454,455,-1,448,455,447,-1,447,455,456,-1,447,456,460,-1,460,458,447,-1,447,458,459,-1,447,459,426,-1,426,459,461,-1,426,461,427,-1,427,461,462,-1,427,462,428,-1,464,465,466,-1,466,465,467,-1,466,468,464,-1,464,468,469,-1,470,471,472,-1,470,472,473,-1,473,472,474,-1,474,472,475,-1,474,475,476,-1,476,475,477,-1,476,477,478,-1,478,477,479,-1,478,479,480,-1,480,479,481,-1,480,481,482,-1,482,481,483,-1,482,483,484,-1,484,483,485,-1,484,485,486,-1,486,485,467,-1,486,467,465,-1,464,469,465,-1,465,469,487,-1,465,487,486,-1,486,487,488,-1,486,488,484,-1,484,488,489,-1,484,489,482,-1,482,489,490,-1,482,490,480,-1,480,490,491,-1,480,491,478,-1,478,491,492,-1,478,492,476,-1,476,492,493,-1,476,493,474,-1,487,469,494,-1,494,469,468,-1,468,466,494,-1,494,466,467,-1,494,467,495,-1,495,467,485,-1,495,485,496,-1,496,485,483,-1,496,483,497,-1,497,483,481,-1,497,481,498,-1,498,481,479,-1,498,479,499,-1,499,479,477,-1,499,477,500,-1,500,477,475,-1,500,475,501,-1,501,475,472,-1,502,503,504,-1,505,506,507,-1,508,509,505,-1,502,504,510,-1,511,512,513,-1,513,512,514,-1,508,505,515,-1,516,517,503,-1,518,519,520,-1,520,519,521,-1,520,521,522,-1,523,524,525,-1,511,526,512,-1,512,526,527,-1,512,527,505,-1,505,527,528,-1,505,528,506,-1,507,529,505,-1,505,529,530,-1,505,530,515,-1,515,530,531,-1,515,531,518,-1,518,531,532,-1,518,532,519,-1,503,517,504,-1,504,517,533,-1,504,533,534,-1,535,536,534,-1,524,523,537,-1,538,472,471,-1,539,540,521,-1,521,540,541,-1,521,541,542,-1,543,544,545,-1,545,546,543,-1,543,546,547,-1,543,547,503,-1,503,547,548,-1,503,548,516,-1,525,549,523,-1,523,549,550,-1,523,550,551,-1,551,550,552,-1,553,554,505,-1,505,554,555,-1,505,555,556,-1,556,557,505,-1,505,557,558,-1,505,558,512,-1,512,558,559,-1,512,559,560,-1,561,562,563,-1,563,562,564,-1,536,565,534,-1,534,565,566,-1,534,566,504,-1,567,568,569,-1,542,570,521,-1,521,570,571,-1,521,571,522,-1,564,562,572,-1,572,562,573,-1,572,573,559,-1,559,573,574,-1,559,574,560,-1,523,575,537,-1,537,575,576,-1,537,576,577,-1,577,576,578,-1,577,578,579,-1,579,578,580,-1,579,580,581,-1,510,504,582,-1,582,504,583,-1,582,583,584,-1,568,585,569,-1,569,585,582,-1,569,582,586,-1,586,582,584,-1,586,584,587,-1,535,534,561,-1,561,534,588,-1,561,588,562,-1,584,589,587,-1,587,589,590,-1,587,590,580,-1,580,590,591,-1,580,591,581,-1,471,592,538,-1,538,592,593,-1,538,593,594,-1,595,544,596,-1,596,544,597,-1,544,598,545,-1,545,598,599,-1,545,599,600,-1,600,599,601,-1,600,601,602,-1,550,603,604,-1,538,605,569,-1,569,605,606,-1,569,606,567,-1,594,607,538,-1,538,607,608,-1,538,608,605,-1,595,609,544,-1,544,609,610,-1,544,610,598,-1,553,505,550,-1,550,505,611,-1,550,611,612,-1,602,613,600,-1,600,613,614,-1,600,614,615,-1,615,614,616,-1,612,617,550,-1,550,617,618,-1,550,618,619,-1,619,620,550,-1,550,620,621,-1,550,621,603,-1,604,622,550,-1,550,622,623,-1,550,623,552,-1,624,625,626,-1,627,628,629,-1,630,631,632,-1,632,631,633,-1,632,633,634,-1,634,633,629,-1,629,633,635,-1,629,635,627,-1,636,637,638,-1,639,640,641,-1,641,640,642,-1,641,642,643,-1,625,644,626,-1,626,644,645,-1,626,645,646,-1,646,645,629,-1,646,629,647,-1,647,629,628,-1,630,648,631,-1,631,648,649,-1,631,649,650,-1,650,649,638,-1,650,638,651,-1,651,638,637,-1,652,653,654,-1,654,653,655,-1,654,655,656,-1,639,641,638,-1,638,641,657,-1,638,657,636,-1,643,658,641,-1,641,658,659,-1,641,659,660,-1,660,659,661,-1,660,661,662,-1,662,663,660,-1,660,663,664,-1,660,664,665,-1,666,667,654,-1,654,667,668,-1,654,668,652,-1,656,669,654,-1,654,669,670,-1,654,670,626,-1,626,670,671,-1,626,671,624,-1,665,672,660,-1,660,672,673,-1,660,673,674,-1,674,675,660,-1,660,675,676,-1,660,676,654,-1,654,676,677,-1,654,677,666,-1,678,520,522,-1,678,522,679,-1,679,522,571,-1,679,571,680,-1,680,571,570,-1,680,570,681,-1,681,570,542,-1,681,542,682,-1,682,542,541,-1,682,541,683,-1,683,541,540,-1,683,540,684,-1,684,540,685,-1,685,540,539,-1,686,685,521,-1,521,685,539,-1,600,687,545,-1,545,687,688,-1,599,689,690,-1,599,690,601,-1,601,690,691,-1,601,691,602,-1,602,691,692,-1,602,692,613,-1,613,692,693,-1,613,693,614,-1,614,693,694,-1,614,694,616,-1,616,694,695,-1,616,695,615,-1,615,695,687,-1,615,687,600,-1,689,599,696,-1,696,599,598,-1,544,697,698,-1,544,698,597,-1,597,698,699,-1,597,699,596,-1,596,699,700,-1,596,700,595,-1,595,700,701,-1,595,701,609,-1,609,701,702,-1,609,702,610,-1,610,702,696,-1,610,696,598,-1,697,544,703,-1,703,544,543,-1,703,543,704,-1,704,543,503,-1,705,704,502,-1,502,704,503,-1,510,706,502,-1,502,706,705,-1,707,706,582,-1,582,706,510,-1,707,582,708,-1,708,582,585,-1,708,585,709,-1,709,585,568,-1,709,568,710,-1,710,568,567,-1,710,567,711,-1,711,567,606,-1,711,606,712,-1,712,606,605,-1,608,713,605,-1,605,713,712,-1,593,714,715,-1,593,715,594,-1,594,715,716,-1,594,716,607,-1,607,716,713,-1,607,713,608,-1,714,593,717,-1,717,593,592,-1,717,592,718,-1,718,592,471,-1,718,471,719,-1,719,471,470,-1,719,470,720,-1,720,470,473,-1,720,473,721,-1,721,473,474,-1,721,474,493,-1,487,494,488,-1,488,494,495,-1,488,495,489,-1,489,495,496,-1,489,496,490,-1,490,496,497,-1,490,497,491,-1,491,497,498,-1,491,498,492,-1,492,498,499,-1,492,499,493,-1,493,499,500,-1,718,719,501,-1,501,719,720,-1,501,720,500,-1,500,720,721,-1,500,721,493,-1,501,472,722,-1,722,472,538,-1,722,538,723,-1,723,538,569,-1,723,569,724,-1,724,569,586,-1,724,586,725,-1,725,586,587,-1,725,587,726,-1,726,587,580,-1,726,580,727,-1,727,580,578,-1,727,578,728,-1,728,578,576,-1,728,576,729,-1,729,576,575,-1,729,575,730,-1,730,575,523,-1,730,523,731,-1,731,523,551,-1,731,551,552,-1,731,552,732,-1,732,552,623,-1,732,623,733,-1,733,623,622,-1,733,622,734,-1,734,622,604,-1,734,604,735,-1,735,604,603,-1,735,603,736,-1,621,737,603,-1,603,737,736,-1,611,738,739,-1,611,739,612,-1,612,739,740,-1,612,740,617,-1,617,740,741,-1,617,741,618,-1,618,741,742,-1,618,742,619,-1,619,742,743,-1,619,743,620,-1,620,743,737,-1,620,737,621,-1,738,611,744,-1,744,611,505,-1,745,744,509,-1,509,744,505,-1,508,746,509,-1,509,746,745,-1,747,746,515,-1,515,746,508,-1,518,748,515,-1,515,748,747,-1,520,678,518,-1,518,678,748,-1,749,583,750,-1,750,583,504,-1,750,504,751,-1,751,504,566,-1,751,566,752,-1,752,566,565,-1,752,565,753,-1,753,565,536,-1,753,536,754,-1,754,536,535,-1,754,535,755,-1,755,535,561,-1,755,561,756,-1,756,561,563,-1,756,563,757,-1,757,563,564,-1,757,564,758,-1,758,564,572,-1,758,572,759,-1,759,572,559,-1,759,559,760,-1,760,559,558,-1,760,558,761,-1,761,558,557,-1,761,557,762,-1,762,557,556,-1,762,556,763,-1,763,556,555,-1,554,764,555,-1,555,764,763,-1,764,554,765,-1,765,554,553,-1,765,553,766,-1,766,553,550,-1,766,550,767,-1,767,550,549,-1,767,549,768,-1,768,549,525,-1,768,525,769,-1,769,525,524,-1,769,524,770,-1,770,524,537,-1,770,537,771,-1,771,537,577,-1,771,577,772,-1,772,577,579,-1,772,579,773,-1,773,579,581,-1,773,581,774,-1,774,581,591,-1,774,591,775,-1,775,591,590,-1,775,590,776,-1,776,590,589,-1,776,589,777,-1,777,589,584,-1,777,584,749,-1,749,584,583,-1,514,512,778,-1,778,512,779,-1,778,779,780,-1,780,779,781,-1,780,781,782,-1,782,781,783,-1,782,783,784,-1,784,783,785,-1,784,785,786,-1,786,785,787,-1,786,787,788,-1,788,787,789,-1,788,789,790,-1,790,789,791,-1,790,791,792,-1,792,791,793,-1,792,793,794,-1,794,793,795,-1,794,795,796,-1,796,795,797,-1,796,797,798,-1,798,797,799,-1,798,799,800,-1,800,799,801,-1,800,801,802,-1,802,801,803,-1,804,805,806,-1,804,806,807,-1,807,806,808,-1,807,808,809,-1,809,808,810,-1,809,810,811,-1,811,810,660,-1,811,660,654,-1,633,812,813,-1,633,813,635,-1,635,813,814,-1,635,814,627,-1,627,814,815,-1,627,815,628,-1,628,815,816,-1,628,816,647,-1,647,816,817,-1,647,817,646,-1,646,817,818,-1,646,818,626,-1,812,633,819,-1,819,633,631,-1,641,820,821,-1,641,821,657,-1,657,821,822,-1,657,822,636,-1,636,822,823,-1,636,823,637,-1,637,823,824,-1,637,824,651,-1,651,824,825,-1,651,825,650,-1,650,825,819,-1,650,819,631,-1,705,706,707,-1,744,745,763,-1,763,745,746,-1,763,746,747,-1,705,707,704,-1,698,697,696,-1,751,752,826,-1,751,826,750,-1,684,685,686,-1,702,701,700,-1,684,686,683,-1,827,762,828,-1,828,762,763,-1,828,763,829,-1,829,763,747,-1,829,747,830,-1,830,747,831,-1,702,700,696,-1,696,700,699,-1,696,699,698,-1,832,833,755,-1,755,833,834,-1,707,835,836,-1,836,837,707,-1,707,837,689,-1,707,689,704,-1,704,689,696,-1,704,696,703,-1,703,696,697,-1,831,747,838,-1,838,747,748,-1,838,748,839,-1,840,841,842,-1,842,841,832,-1,842,832,843,-1,843,832,755,-1,843,755,844,-1,752,753,826,-1,826,753,754,-1,826,754,845,-1,845,754,755,-1,845,755,846,-1,846,755,834,-1,835,707,847,-1,847,707,708,-1,847,708,848,-1,848,708,709,-1,848,709,710,-1,679,680,686,-1,757,758,849,-1,839,748,686,-1,686,748,678,-1,686,678,679,-1,680,681,686,-1,686,681,682,-1,686,682,683,-1,844,755,849,-1,849,755,756,-1,849,756,757,-1,759,760,827,-1,827,760,761,-1,827,761,762,-1,763,764,744,-1,744,764,765,-1,744,765,738,-1,738,765,766,-1,738,766,739,-1,739,766,767,-1,743,768,737,-1,737,768,769,-1,737,769,736,-1,724,850,723,-1,723,850,722,-1,770,729,769,-1,769,729,730,-1,714,717,848,-1,848,717,718,-1,848,718,850,-1,850,718,501,-1,850,501,722,-1,759,827,758,-1,758,827,851,-1,758,851,849,-1,743,742,768,-1,768,742,741,-1,768,741,767,-1,767,741,740,-1,767,740,739,-1,692,691,693,-1,693,691,690,-1,693,690,694,-1,725,776,777,-1,772,726,771,-1,771,726,727,-1,771,727,770,-1,770,727,728,-1,770,728,729,-1,837,688,689,-1,689,688,687,-1,689,687,690,-1,690,687,695,-1,690,695,694,-1,772,773,726,-1,726,773,774,-1,726,774,725,-1,725,774,775,-1,725,775,776,-1,724,725,850,-1,850,725,777,-1,850,777,826,-1,826,777,749,-1,826,749,750,-1,710,711,848,-1,848,711,712,-1,848,712,713,-1,730,731,769,-1,769,731,732,-1,769,732,733,-1,733,734,769,-1,769,734,735,-1,769,735,736,-1,713,716,848,-1,848,716,715,-1,848,715,714,-1,803,805,802,-1,802,805,804,-1,852,853,854,-1,855,856,857,-1,820,854,858,-1,858,854,859,-1,856,860,857,-1,857,860,861,-1,857,861,854,-1,854,861,862,-1,854,862,863,-1,853,864,854,-1,854,864,865,-1,854,865,859,-1,858,866,820,-1,820,866,867,-1,820,867,868,-1,816,815,869,-1,870,871,857,-1,857,871,872,-1,857,872,873,-1,863,874,854,-1,854,874,875,-1,854,875,852,-1,876,812,877,-1,877,812,819,-1,877,819,878,-1,878,819,825,-1,878,825,879,-1,879,825,824,-1,879,824,823,-1,876,880,812,-1,812,880,881,-1,812,881,813,-1,813,881,869,-1,813,869,814,-1,814,869,815,-1,818,882,883,-1,870,857,884,-1,884,857,818,-1,884,818,885,-1,873,886,857,-1,857,886,887,-1,857,887,855,-1,868,888,820,-1,820,888,889,-1,820,889,821,-1,821,889,879,-1,821,879,822,-1,822,879,823,-1,882,818,869,-1,869,818,817,-1,869,817,816,-1,883,890,818,-1,818,890,891,-1,818,891,885,-1,560,832,512,-1,512,832,841,-1,512,841,779,-1,779,841,892,-1,779,892,781,-1,781,892,893,-1,781,893,783,-1,893,894,783,-1,783,894,895,-1,783,895,785,-1,785,895,896,-1,785,896,787,-1,787,896,897,-1,787,897,789,-1,789,897,898,-1,789,898,791,-1,791,898,899,-1,791,899,793,-1,793,899,900,-1,793,900,795,-1,820,641,854,-1,854,641,660,-1,854,660,901,-1,901,660,810,-1,901,810,902,-1,902,810,808,-1,902,808,903,-1,903,808,806,-1,903,806,904,-1,904,806,805,-1,904,805,905,-1,905,805,803,-1,905,803,906,-1,906,803,801,-1,906,801,907,-1,907,801,799,-1,907,799,908,-1,908,799,797,-1,908,797,909,-1,909,797,795,-1,909,795,910,-1,910,795,900,-1,911,905,906,-1,911,906,912,-1,912,906,907,-1,912,907,913,-1,913,907,908,-1,913,908,914,-1,914,908,909,-1,914,909,915,-1,915,909,910,-1,915,910,916,-1,916,910,900,-1,916,900,917,-1,917,900,899,-1,917,899,918,-1,918,899,898,-1,918,898,919,-1,919,898,897,-1,919,897,920,-1,920,897,896,-1,920,896,921,-1,921,896,895,-1,921,895,922,-1,922,895,894,-1,922,894,923,-1,923,894,893,-1,923,893,924,-1,924,893,892,-1,924,892,925,-1,925,892,841,-1,925,841,840,-1,842,513,840,-1,840,513,514,-1,840,514,925,-1,925,514,778,-1,925,778,924,-1,924,778,780,-1,924,780,923,-1,923,780,782,-1,923,782,922,-1,922,782,784,-1,796,915,794,-1,794,915,916,-1,794,916,792,-1,792,916,917,-1,792,917,790,-1,790,917,918,-1,790,918,788,-1,788,918,919,-1,788,919,786,-1,786,919,920,-1,786,920,784,-1,784,920,921,-1,784,921,922,-1,626,818,654,-1,654,818,857,-1,654,857,811,-1,811,857,926,-1,811,926,809,-1,809,926,927,-1,809,927,807,-1,807,927,928,-1,807,928,804,-1,804,928,929,-1,804,929,802,-1,802,929,911,-1,802,911,800,-1,800,911,912,-1,800,912,798,-1,798,912,913,-1,798,913,796,-1,796,913,914,-1,796,914,915,-1,857,854,926,-1,926,854,901,-1,926,901,927,-1,927,901,902,-1,927,902,928,-1,928,902,903,-1,928,903,929,-1,929,903,904,-1,904,905,929,-1,929,905,911,-1,686,521,839,-1,839,521,519,-1,839,519,838,-1,838,519,532,-1,838,532,831,-1,831,532,531,-1,831,531,830,-1,830,531,530,-1,830,530,829,-1,829,530,529,-1,829,529,828,-1,828,529,507,-1,832,560,833,-1,833,560,574,-1,833,574,834,-1,834,574,573,-1,834,573,846,-1,846,573,562,-1,846,562,845,-1,845,562,588,-1,845,588,826,-1,826,588,534,-1,826,534,850,-1,850,534,533,-1,930,931,932,-1,933,934,935,-1,936,937,938,-1,939,940,941,-1,942,943,944,-1,945,946,947,-1,942,944,948,-1,949,950,951,-1,951,950,952,-1,952,950,953,-1,953,950,954,-1,953,954,955,-1,956,957,958,-1,957,956,959,-1,959,956,960,-1,959,960,961,-1,961,960,962,-1,962,960,963,-1,962,963,964,-1,964,963,965,-1,965,963,966,-1,965,966,967,-1,967,966,968,-1,967,968,969,-1,937,970,938,-1,938,970,971,-1,938,971,968,-1,968,971,972,-1,968,972,969,-1,934,973,935,-1,935,973,974,-1,935,974,975,-1,976,977,978,-1,978,977,979,-1,943,945,944,-1,944,945,947,-1,944,947,980,-1,980,947,981,-1,980,981,982,-1,982,981,983,-1,982,983,984,-1,985,976,986,-1,986,976,978,-1,986,978,987,-1,987,978,988,-1,987,988,989,-1,989,988,990,-1,989,990,991,-1,991,990,992,-1,991,992,993,-1,993,992,984,-1,993,984,994,-1,994,984,983,-1,979,930,978,-1,978,930,932,-1,978,932,988,-1,988,932,995,-1,988,995,990,-1,990,995,996,-1,990,996,992,-1,992,996,997,-1,992,997,984,-1,984,997,998,-1,984,998,982,-1,982,998,999,-1,982,999,980,-1,980,999,1000,-1,980,1000,944,-1,944,1000,941,-1,944,941,948,-1,948,941,940,-1,931,933,932,-1,932,933,935,-1,932,935,995,-1,995,935,975,-1,995,975,996,-1,996,975,1001,-1,996,1001,997,-1,997,1001,1002,-1,997,1002,998,-1,998,1002,1003,-1,998,1003,999,-1,999,1003,1004,-1,999,1004,1000,-1,1000,1004,954,-1,1000,954,941,-1,941,954,950,-1,941,950,939,-1,939,950,949,-1,974,936,975,-1,975,936,938,-1,975,938,1001,-1,1001,938,968,-1,1001,968,1002,-1,1002,968,966,-1,1002,966,1003,-1,1003,966,963,-1,1003,963,1004,-1,1004,963,960,-1,1004,960,954,-1,954,960,956,-1,954,956,955,-1,955,956,958,-1,1005,1006,1007,-1,1008,1009,1010,-1,1011,1012,1013,-1,1014,1015,1016,-1,1017,1018,1019,-1,1020,1021,1022,-1,1023,1024,1025,-1,1026,1027,1028,-1,1029,1030,1031,-1,1032,1033,1034,-1,1035,1036,1037,-1,1038,1039,1040,-1,630,632,1041,-1,1041,632,1042,-1,1041,1042,1043,-1,1043,1042,1044,-1,1043,1044,1045,-1,1045,1044,1046,-1,1045,1046,1047,-1,1047,1046,1048,-1,1047,1048,1049,-1,1049,1048,1040,-1,1049,1040,946,-1,946,1040,1039,-1,1050,1038,1051,-1,1051,1038,1040,-1,1051,1040,1052,-1,1052,1040,1048,-1,1052,1048,1053,-1,1053,1048,1046,-1,1053,1046,1054,-1,1054,1046,1044,-1,1054,1044,1055,-1,1055,1044,1042,-1,1055,1042,634,-1,634,1042,632,-1,634,629,1055,-1,1055,629,1056,-1,1055,1056,1054,-1,1054,1056,1057,-1,1054,1057,1053,-1,1053,1057,1058,-1,1053,1058,1052,-1,1052,1058,1059,-1,1052,1059,1051,-1,1051,1059,1060,-1,1051,1060,1050,-1,1050,1060,1061,-1,629,645,1056,-1,1056,645,1062,-1,1056,1062,1057,-1,1057,1062,1063,-1,1057,1063,1058,-1,1058,1063,1064,-1,1058,1064,1059,-1,1059,1064,1065,-1,1059,1065,1060,-1,1060,1065,1037,-1,1060,1037,1061,-1,1061,1037,1036,-1,1033,1035,1034,-1,1034,1035,1037,-1,1034,1037,1066,-1,1066,1037,1065,-1,1066,1065,1067,-1,1067,1065,1064,-1,1067,1064,1068,-1,1068,1064,1063,-1,1068,1063,1069,-1,1069,1063,1062,-1,1069,1062,644,-1,644,1062,645,-1,1030,1032,1031,-1,1031,1032,1034,-1,1031,1034,1070,-1,1070,1034,1066,-1,1070,1066,1071,-1,1071,1066,1067,-1,1071,1067,1072,-1,1072,1067,1068,-1,1072,1068,1073,-1,1073,1068,1069,-1,1073,1069,625,-1,625,1069,644,-1,1027,1029,1028,-1,1028,1029,1031,-1,1028,1031,1074,-1,1074,1031,1070,-1,1074,1070,1075,-1,1075,1070,1071,-1,1075,1071,1076,-1,1076,1071,1072,-1,1076,1072,1077,-1,1077,1072,1073,-1,1077,1073,624,-1,624,1073,625,-1,1024,1026,1025,-1,1025,1026,1028,-1,1025,1028,1078,-1,1078,1028,1074,-1,1078,1074,1079,-1,1079,1074,1075,-1,1079,1075,1080,-1,1080,1075,1076,-1,1080,1076,1081,-1,1081,1076,1077,-1,1081,1077,671,-1,671,1077,624,-1,671,670,1081,-1,1081,670,1082,-1,1081,1082,1080,-1,1080,1082,1083,-1,1080,1083,1079,-1,1079,1083,1084,-1,1079,1084,1078,-1,1078,1084,1085,-1,1078,1085,1025,-1,1025,1085,1086,-1,1025,1086,1023,-1,1087,1088,1086,-1,1086,1088,1089,-1,1086,1089,1023,-1,1021,1087,1022,-1,1022,1087,1086,-1,1022,1086,1090,-1,1090,1086,1085,-1,1090,1085,1091,-1,1091,1085,1084,-1,1091,1084,1092,-1,1092,1084,1083,-1,1092,1083,1093,-1,1093,1083,1082,-1,1093,1082,669,-1,669,1082,670,-1,1018,1020,1019,-1,1019,1020,1022,-1,1019,1022,1094,-1,1094,1022,1090,-1,1094,1090,1095,-1,1095,1090,1091,-1,1095,1091,1096,-1,1096,1091,1092,-1,1096,1092,1097,-1,1097,1092,1093,-1,1097,1093,656,-1,656,1093,669,-1,1015,1017,1016,-1,1016,1017,1019,-1,1016,1019,1098,-1,1098,1019,1094,-1,1098,1094,1099,-1,1099,1094,1095,-1,1099,1095,1100,-1,1100,1095,1096,-1,1100,1096,1101,-1,1101,1096,1097,-1,1101,1097,655,-1,655,1097,656,-1,1012,1014,1013,-1,1013,1014,1016,-1,1013,1016,1102,-1,1102,1016,1098,-1,1102,1098,1103,-1,1103,1098,1099,-1,1103,1099,1104,-1,1104,1099,1100,-1,1104,1100,1105,-1,1105,1100,1101,-1,1105,1101,653,-1,653,1101,655,-1,1009,1011,1010,-1,1010,1011,1013,-1,1010,1013,1106,-1,1106,1013,1102,-1,1106,1102,1107,-1,1107,1102,1103,-1,1107,1103,1108,-1,1108,1103,1104,-1,1108,1104,1109,-1,1109,1104,1105,-1,1109,1105,652,-1,652,1105,653,-1,1110,1008,1111,-1,1111,1008,1010,-1,1111,1010,1112,-1,1112,1010,1106,-1,1112,1106,1113,-1,1113,1106,1107,-1,1113,1107,1114,-1,1114,1107,1108,-1,1114,1108,1115,-1,1115,1108,1109,-1,1115,1109,668,-1,668,1109,652,-1,668,667,1115,-1,1115,667,1116,-1,1115,1116,1114,-1,1114,1116,1117,-1,1114,1117,1113,-1,1113,1117,1118,-1,1113,1118,1112,-1,1112,1118,1119,-1,1112,1119,1111,-1,1111,1119,1120,-1,1111,1120,1110,-1,1110,1120,1121,-1,667,666,1116,-1,1116,666,1122,-1,1116,1122,1117,-1,1117,1122,1123,-1,1117,1123,1118,-1,1118,1123,1124,-1,1118,1124,1119,-1,1119,1124,1125,-1,1119,1125,1120,-1,1120,1125,1007,-1,1120,1007,1121,-1,1121,1007,1006,-1,1126,1005,1127,-1,1127,1005,1007,-1,1127,1007,1128,-1,1128,1007,1125,-1,1128,1125,1129,-1,1129,1125,1124,-1,1129,1124,1130,-1,1130,1124,1123,-1,1130,1123,1131,-1,1131,1123,1122,-1,1131,1122,677,-1,677,1122,666,-1,677,676,1131,-1,1131,676,1132,-1,1131,1132,1130,-1,1130,1132,1133,-1,1130,1133,1129,-1,1129,1133,1134,-1,1129,1134,1128,-1,1128,1134,1135,-1,1128,1135,1127,-1,1127,1135,1136,-1,1127,1136,1126,-1,1126,1136,985,-1,1137,1138,1139,-1,1140,1141,1142,-1,1143,1144,1145,-1,1146,1147,1148,-1,1149,1150,1146,-1,1151,1152,1153,-1,1153,1152,1154,-1,1155,1156,1157,-1,1157,1156,1158,-1,1157,1158,1159,-1,1160,1161,1162,-1,1162,1161,1163,-1,1162,1163,1164,-1,1165,1166,1167,-1,1167,1166,1168,-1,1168,1166,1169,-1,1169,1166,1170,-1,1169,1170,1171,-1,1171,1170,1172,-1,1171,1172,1173,-1,1173,1172,1174,-1,1174,1172,1175,-1,1174,1175,1176,-1,1176,1175,1177,-1,1176,1177,1178,-1,1178,1177,1179,-1,1179,1177,1180,-1,1179,1180,1181,-1,1181,1180,1182,-1,1181,1182,1183,-1,1141,1184,1142,-1,1142,1184,1185,-1,1142,1185,1182,-1,1182,1185,1186,-1,1182,1186,1183,-1,1138,1187,1139,-1,1139,1187,1140,-1,1139,1140,1188,-1,1189,1190,1191,-1,1191,1190,1192,-1,1191,1192,1193,-1,1193,1192,1137,-1,1194,1195,1196,-1,1196,1195,1189,-1,1197,1198,1199,-1,1199,1198,1194,-1,1200,1201,1197,-1,1202,1203,1204,-1,1146,1148,1149,-1,1149,1148,1205,-1,1149,1205,1206,-1,1206,1205,1207,-1,1206,1207,1208,-1,1208,1207,1209,-1,1208,1209,1210,-1,1210,1209,1211,-1,1210,1211,1212,-1,1212,1211,1213,-1,1212,1213,1214,-1,1214,1213,1215,-1,1214,1215,1216,-1,1215,1217,1216,-1,1216,1217,1218,-1,1216,1218,1219,-1,1219,1218,1220,-1,1219,1220,1221,-1,1221,1220,1222,-1,1221,1222,1223,-1,1223,1222,1224,-1,1223,1224,1225,-1,1225,1224,1202,-1,1225,1202,1200,-1,1200,1202,1204,-1,1200,1204,1201,-1,1197,1199,1200,-1,1200,1199,1226,-1,1200,1226,1225,-1,1225,1226,1227,-1,1225,1227,1223,-1,1223,1227,1228,-1,1223,1228,1221,-1,1221,1228,1229,-1,1221,1229,1219,-1,1219,1229,1230,-1,1219,1230,1216,-1,1216,1230,1231,-1,1216,1231,1214,-1,1214,1231,1232,-1,1214,1232,1212,-1,1212,1232,1233,-1,1212,1233,1210,-1,1210,1233,1234,-1,1210,1234,1208,-1,1208,1234,1235,-1,1208,1235,1206,-1,1206,1235,1153,-1,1206,1153,1149,-1,1149,1153,1154,-1,1149,1154,1150,-1,1194,1196,1199,-1,1199,1196,1236,-1,1199,1236,1226,-1,1226,1236,1237,-1,1226,1237,1227,-1,1227,1237,1238,-1,1227,1238,1228,-1,1228,1238,1239,-1,1228,1239,1229,-1,1229,1239,1240,-1,1229,1240,1230,-1,1230,1240,1241,-1,1230,1241,1231,-1,1231,1241,1242,-1,1231,1242,1232,-1,1232,1242,1243,-1,1232,1243,1233,-1,1233,1243,1244,-1,1233,1244,1234,-1,1234,1244,1245,-1,1234,1245,1235,-1,1235,1245,1145,-1,1235,1145,1153,-1,1153,1145,1144,-1,1153,1144,1151,-1,1189,1191,1196,-1,1196,1191,1193,-1,1196,1193,1236,-1,1236,1193,1246,-1,1236,1246,1237,-1,1237,1246,1247,-1,1237,1247,1238,-1,1238,1247,1248,-1,1238,1248,1239,-1,1239,1248,1249,-1,1239,1249,1240,-1,1240,1249,1250,-1,1240,1250,1241,-1,1241,1250,1251,-1,1241,1251,1242,-1,1242,1251,1252,-1,1242,1252,1243,-1,1243,1252,1253,-1,1243,1253,1244,-1,1244,1253,1155,-1,1244,1155,1245,-1,1245,1155,1157,-1,1245,1157,1145,-1,1145,1157,1159,-1,1145,1159,1143,-1,1137,1139,1193,-1,1193,1139,1188,-1,1193,1188,1246,-1,1246,1188,1254,-1,1246,1254,1247,-1,1247,1254,1255,-1,1247,1255,1248,-1,1248,1255,1256,-1,1248,1256,1249,-1,1249,1256,1257,-1,1249,1257,1250,-1,1250,1257,1258,-1,1250,1258,1251,-1,1251,1258,1259,-1,1251,1259,1252,-1,1252,1259,1160,-1,1252,1160,1253,-1,1253,1160,1162,-1,1253,1162,1155,-1,1155,1162,1164,-1,1155,1164,1156,-1,1140,1142,1188,-1,1188,1142,1182,-1,1188,1182,1254,-1,1254,1182,1180,-1,1254,1180,1255,-1,1255,1180,1177,-1,1255,1177,1256,-1,1256,1177,1175,-1,1256,1175,1257,-1,1257,1175,1172,-1,1257,1172,1258,-1,1258,1172,1170,-1,1258,1170,1259,-1,1259,1170,1166,-1,1259,1166,1160,-1,1160,1166,1165,-1,1160,1165,1161,-1,1260,1261,1147,-1,1147,1146,1260,-1,1260,1146,1150,-1,1260,1150,1262,-1,1150,1154,1262,-1,1262,1154,1152,-1,1262,1152,1263,-1,1152,1151,1263,-1,1263,1151,1144,-1,1263,1144,1264,-1,1144,1143,1264,-1,1264,1143,1159,-1,1264,1159,1265,-1,1159,1158,1265,-1,1265,1158,1156,-1,1265,1156,1266,-1,1266,1156,1164,-1,1165,1267,1161,-1,1161,1267,1266,-1,1161,1266,1163,-1,1163,1266,1164,-1,1165,1167,1267,-1,1267,1167,1168,-1,1267,1168,1268,-1,1168,1169,1268,-1,1268,1169,1171,-1,1268,1171,1269,-1,1269,1171,1173,-1,1178,1270,1176,-1,1176,1270,1269,-1,1176,1269,1174,-1,1174,1269,1173,-1,1178,1179,1270,-1,1270,1179,1181,-1,1270,1181,1271,-1,1181,1183,1271,-1,1271,1183,1186,-1,1271,1186,1272,-1,1272,1186,1185,-1,1185,1184,1272,-1,1272,1184,1141,-1,1272,1141,1273,-1,1273,1141,1140,-1,1140,1187,1273,-1,1273,1187,1138,-1,1273,1138,1274,-1,1138,1137,1274,-1,1274,1137,1192,-1,1274,1192,1275,-1,1275,1192,1190,-1,1190,1189,1275,-1,1275,1189,1195,-1,1275,1195,1276,-1,1195,1194,1276,-1,1276,1194,1198,-1,1276,1198,1277,-1,1203,1278,1204,-1,1204,1278,1279,-1,1204,1279,1201,-1,1201,1279,1277,-1,1201,1277,1197,-1,1197,1277,1198,-1,1278,1280,1279,-1,1279,1280,1281,-1,1279,1281,1277,-1,1277,1281,1282,-1,1277,1282,1276,-1,1276,1282,1283,-1,1276,1283,1275,-1,1275,1283,1284,-1,1275,1284,1274,-1,1274,1284,1285,-1,1274,1285,1273,-1,1273,1285,1286,-1,1273,1286,1272,-1,1272,1286,1287,-1,1272,1287,1271,-1,1271,1287,1288,-1,1271,1288,1270,-1,1270,1288,1289,-1,1270,1289,1269,-1,1269,1289,1290,-1,1269,1290,1268,-1,1268,1290,1291,-1,1268,1291,1267,-1,1267,1291,1292,-1,1267,1292,1266,-1,1266,1292,1293,-1,1266,1293,1265,-1,1265,1293,1294,-1,1265,1294,1264,-1,1264,1294,1295,-1,1264,1295,1263,-1,1263,1295,1296,-1,1263,1296,1262,-1,1262,1296,1297,-1,1262,1297,1260,-1,1260,1297,1298,-1,1260,1298,1261,-1,1261,1298,1299,-1,1280,1300,1281,-1,1281,1300,1301,-1,1281,1301,1282,-1,1282,1301,1302,-1,1282,1302,1283,-1,1283,1302,1303,-1,1283,1303,1284,-1,1284,1303,1304,-1,1284,1304,1285,-1,1285,1304,1305,-1,1285,1305,1286,-1,1286,1305,1306,-1,1286,1306,1287,-1,1287,1306,1307,-1,1287,1307,1288,-1,1288,1307,1308,-1,1288,1308,1289,-1,1289,1308,1309,-1,1289,1309,1290,-1,1290,1309,1310,-1,1290,1310,1291,-1,1291,1310,1311,-1,1291,1311,1292,-1,1292,1311,1312,-1,1292,1312,1293,-1,1293,1312,1313,-1,1293,1313,1294,-1,1294,1313,1314,-1,1294,1314,1295,-1,1295,1314,1315,-1,1295,1315,1296,-1,1296,1315,1316,-1,1296,1316,1297,-1,1297,1316,1317,-1,1297,1317,1298,-1,1298,1317,1318,-1,1298,1318,1299,-1,1299,1318,1319,-1,1300,876,1301,-1,1301,876,877,-1,1301,877,1302,-1,1302,877,878,-1,1302,878,1303,-1,1303,878,879,-1,1303,879,1304,-1,1304,879,889,-1,1304,889,1305,-1,1305,889,888,-1,1305,888,1306,-1,1306,888,868,-1,1306,868,1307,-1,1307,868,867,-1,1307,867,1308,-1,1308,867,866,-1,1308,866,1309,-1,1309,866,858,-1,1309,858,1310,-1,1310,858,859,-1,1310,859,1311,-1,1311,859,865,-1,1311,865,1312,-1,1312,865,864,-1,1312,864,1313,-1,1313,864,853,-1,1313,853,1314,-1,1314,853,852,-1,1314,852,1315,-1,1315,852,875,-1,1315,875,1316,-1,1316,875,874,-1,1316,874,1317,-1,1317,874,863,-1,1317,863,1318,-1,1318,863,862,-1,1318,862,1319,-1,1319,862,861,-1,1320,1278,1203,-1,1203,1321,1320,-1,1320,1321,1322,-1,1320,1322,1323,-1,1322,1324,1323,-1,1323,1324,1325,-1,1323,1325,1326,-1,1325,1327,1326,-1,1326,1327,1328,-1,1326,1328,1329,-1,1328,1330,1329,-1,1329,1330,1331,-1,1329,1331,1332,-1,1331,1333,1332,-1,1332,1333,1334,-1,1332,1334,1335,-1,1335,1334,1336,-1,1337,1338,1339,-1,1339,1338,1335,-1,1339,1335,1340,-1,1340,1335,1336,-1,1337,1341,1338,-1,1338,1341,1342,-1,1338,1342,1343,-1,1342,1344,1343,-1,1343,1344,1345,-1,1343,1345,1346,-1,1346,1345,1347,-1,1346,1347,1348,-1,1348,1349,1346,-1,1346,1349,1350,-1,1346,1350,1351,-1,1350,1352,1351,-1,1351,1352,1353,-1,1351,1353,1354,-1,1353,1355,1354,-1,1354,1355,1356,-1,1354,1356,1357,-1,1357,1356,1358,-1,1358,1359,1357,-1,1357,1359,1360,-1,1357,1360,1361,-1,1361,1360,1362,-1,1362,1363,1361,-1,1361,1363,1364,-1,1361,1364,1365,-1,1364,1366,1365,-1,1365,1366,1367,-1,1365,1367,1368,-1,1368,1367,1369,-1,1369,1370,1368,-1,1368,1370,1371,-1,1368,1371,1372,-1,1371,1373,1372,-1,1372,1373,1374,-1,1372,1374,1375,-1,1147,1261,1376,-1,1376,1261,1377,-1,1376,1377,1378,-1,1378,1377,1375,-1,1378,1375,1379,-1,1379,1375,1374,-1,1261,1299,1377,-1,1377,1299,1380,-1,1377,1380,1375,-1,1375,1380,1381,-1,1375,1381,1372,-1,1372,1381,1382,-1,1372,1382,1368,-1,1368,1382,1383,-1,1368,1383,1365,-1,1365,1383,1384,-1,1365,1384,1361,-1,1361,1384,1385,-1,1361,1385,1357,-1,1357,1385,1386,-1,1357,1386,1354,-1,1354,1386,1387,-1,1354,1387,1351,-1,1351,1387,1388,-1,1351,1388,1346,-1,1346,1388,1389,-1,1346,1389,1343,-1,1343,1389,1390,-1,1343,1390,1338,-1,1338,1390,1391,-1,1338,1391,1335,-1,1335,1391,1392,-1,1335,1392,1332,-1,1332,1392,1393,-1,1332,1393,1329,-1,1329,1393,1394,-1,1329,1394,1326,-1,1326,1394,1395,-1,1326,1395,1323,-1,1323,1395,1396,-1,1323,1396,1320,-1,1320,1396,1397,-1,1320,1397,1278,-1,1278,1397,1280,-1,1299,1319,1380,-1,1380,1319,1398,-1,1380,1398,1381,-1,1381,1398,1399,-1,1381,1399,1382,-1,1382,1399,1400,-1,1382,1400,1383,-1,1383,1400,1401,-1,1383,1401,1384,-1,1384,1401,1402,-1,1384,1402,1385,-1,1385,1402,1403,-1,1385,1403,1386,-1,1386,1403,1404,-1,1386,1404,1387,-1,1387,1404,1405,-1,1387,1405,1388,-1,1388,1405,1406,-1,1388,1406,1389,-1,1389,1406,1407,-1,1389,1407,1390,-1,1390,1407,1408,-1,1390,1408,1391,-1,1391,1408,1409,-1,1391,1409,1392,-1,1392,1409,1410,-1,1392,1410,1393,-1,1393,1410,1411,-1,1393,1411,1394,-1,1394,1411,1412,-1,1394,1412,1395,-1,1395,1412,1413,-1,1395,1413,1396,-1,1396,1413,1414,-1,1396,1414,1397,-1,1397,1414,1415,-1,1397,1415,1280,-1,1280,1415,1300,-1,1319,861,1398,-1,1398,861,860,-1,1398,860,1399,-1,1399,860,856,-1,1399,856,1400,-1,1400,856,855,-1,1400,855,1401,-1,1401,855,887,-1,1401,887,1402,-1,1402,887,886,-1,1402,886,1403,-1,1403,886,873,-1,1403,873,1404,-1,1404,873,872,-1,1404,872,1405,-1,1405,872,871,-1,1405,871,1406,-1,1406,871,870,-1,1406,870,1407,-1,1407,870,884,-1,1407,884,1408,-1,1408,884,885,-1,1408,885,1409,-1,1409,885,891,-1,1409,891,1410,-1,1410,891,890,-1,1410,890,1411,-1,1411,890,883,-1,1411,883,1412,-1,1412,883,882,-1,1412,882,1413,-1,1413,882,869,-1,1413,869,1414,-1,1414,869,881,-1,1414,881,1415,-1,1415,881,880,-1,1415,880,1300,-1,1300,880,876,-1,1211,1416,1417,-1,1356,1355,1418,-1,1341,1419,1342,-1,1331,1420,1333,-1,1330,1328,1421,-1,1321,1203,1202,-1,1324,1322,1422,-1,1422,1322,1321,-1,1328,1327,1423,-1,1423,1327,1325,-1,1423,1325,1324,-1,1330,1421,1331,-1,1333,1420,1334,-1,1334,1420,1424,-1,1334,1424,1336,-1,1336,1425,1340,-1,1340,1425,1339,-1,1339,1425,1337,-1,1337,1425,1426,-1,1337,1426,1341,-1,1342,1419,1344,-1,1344,1419,1427,-1,1344,1427,1345,-1,1345,1427,1428,-1,1345,1428,1347,-1,1347,1428,1348,-1,1348,1428,1429,-1,1348,1429,1349,-1,1349,1429,1430,-1,1349,1430,1350,-1,1350,1430,1352,-1,1352,1430,1431,-1,1352,1431,1353,-1,1356,1418,1358,-1,1359,1432,1360,-1,1360,1432,1433,-1,1360,1433,1362,-1,1434,1364,1363,-1,1364,1434,1366,-1,1366,1434,1435,-1,1366,1435,1367,-1,1369,1436,1370,-1,1370,1436,1437,-1,1370,1437,1371,-1,1371,1437,1373,-1,1373,1437,1438,-1,1373,1438,1374,-1,1374,1438,1379,-1,1379,1438,1439,-1,1379,1439,1378,-1,1378,1439,1376,-1,1376,1439,1148,-1,1376,1148,1147,-1,1341,1426,1419,-1,1419,1426,1440,-1,1419,1440,1427,-1,1427,1440,1441,-1,1427,1441,1428,-1,1428,1441,1442,-1,1428,1442,1429,-1,1429,1442,1443,-1,1429,1443,1430,-1,1430,1443,1444,-1,1430,1444,1431,-1,1336,1424,1425,-1,1425,1424,1445,-1,1425,1445,1426,-1,1426,1445,1446,-1,1426,1446,1440,-1,1440,1446,1447,-1,1440,1447,1441,-1,1441,1447,1448,-1,1441,1448,1442,-1,1442,1448,1449,-1,1442,1449,1443,-1,1443,1449,1450,-1,1443,1450,1444,-1,1331,1421,1420,-1,1420,1421,1451,-1,1420,1451,1424,-1,1424,1451,1452,-1,1424,1452,1445,-1,1445,1452,1453,-1,1445,1453,1446,-1,1446,1453,1454,-1,1446,1454,1447,-1,1447,1454,1455,-1,1447,1455,1448,-1,1448,1455,1456,-1,1448,1456,1449,-1,1449,1456,1457,-1,1449,1457,1450,-1,1328,1423,1421,-1,1421,1423,1458,-1,1421,1458,1451,-1,1451,1458,1459,-1,1451,1459,1452,-1,1452,1459,1460,-1,1452,1460,1453,-1,1453,1460,1461,-1,1453,1461,1454,-1,1454,1461,1462,-1,1454,1462,1455,-1,1455,1462,1463,-1,1455,1463,1456,-1,1456,1463,1464,-1,1456,1464,1457,-1,1324,1422,1423,-1,1423,1422,1465,-1,1423,1465,1458,-1,1458,1465,1466,-1,1458,1466,1459,-1,1459,1466,1467,-1,1459,1467,1460,-1,1460,1467,1468,-1,1460,1468,1461,-1,1461,1468,1469,-1,1461,1469,1462,-1,1462,1469,1417,-1,1462,1417,1463,-1,1463,1417,1416,-1,1463,1416,1464,-1,1369,1367,1436,-1,1436,1367,1435,-1,1436,1435,1437,-1,1437,1435,1470,-1,1437,1470,1438,-1,1438,1470,1471,-1,1438,1471,1439,-1,1439,1471,1472,-1,1439,1472,1148,-1,1148,1472,1205,-1,1363,1362,1434,-1,1434,1362,1433,-1,1434,1433,1435,-1,1435,1433,1473,-1,1435,1473,1470,-1,1470,1473,1474,-1,1470,1474,1471,-1,1471,1474,1475,-1,1471,1475,1472,-1,1472,1475,1476,-1,1472,1476,1205,-1,1205,1476,1207,-1,1359,1358,1432,-1,1432,1358,1418,-1,1432,1418,1433,-1,1433,1418,1477,-1,1433,1477,1473,-1,1473,1477,1478,-1,1473,1478,1474,-1,1474,1478,1479,-1,1474,1479,1475,-1,1475,1479,1480,-1,1475,1480,1476,-1,1476,1480,1481,-1,1476,1481,1207,-1,1207,1481,1209,-1,1355,1353,1418,-1,1418,1353,1431,-1,1418,1431,1477,-1,1477,1431,1444,-1,1477,1444,1478,-1,1478,1444,1450,-1,1478,1450,1479,-1,1479,1450,1457,-1,1479,1457,1480,-1,1480,1457,1464,-1,1480,1464,1481,-1,1481,1464,1416,-1,1481,1416,1209,-1,1209,1416,1211,-1,1321,1202,1422,-1,1422,1202,1224,-1,1422,1224,1465,-1,1465,1224,1222,-1,1465,1222,1466,-1,1466,1222,1220,-1,1466,1220,1467,-1,1467,1220,1218,-1,1467,1218,1468,-1,1468,1218,1217,-1,1468,1217,1469,-1,1469,1217,1215,-1,1469,1215,1417,-1,1417,1215,1213,-1,1417,1213,1211,-1,943,942,1482,-1,940,939,1483,-1,949,951,1484,-1,952,953,1485,-1,955,958,1486,-1,957,959,1487,-1,965,967,1488,-1,969,972,1489,-1,971,970,1490,-1,937,936,1491,-1,974,973,1492,-1,934,933,1493,-1,931,930,1494,-1,977,976,1495,-1,676,675,1132,-1,1132,675,1496,-1,1132,1496,1133,-1,1133,1496,1497,-1,1133,1497,1134,-1,1134,1497,1498,-1,1134,1498,1135,-1,1135,1498,1499,-1,1135,1499,1136,-1,1136,1499,1495,-1,1136,1495,985,-1,985,1495,976,-1,979,977,1500,-1,1500,977,1495,-1,1500,1495,1501,-1,1501,1495,1499,-1,1501,1499,1502,-1,1502,1499,1498,-1,1502,1498,1503,-1,1503,1498,1497,-1,1503,1497,1504,-1,1504,1497,1496,-1,1504,1496,674,-1,674,1496,675,-1,674,673,1504,-1,1504,673,1505,-1,1504,1505,1503,-1,1503,1505,1506,-1,1503,1506,1502,-1,1502,1506,1507,-1,1502,1507,1501,-1,1501,1507,1508,-1,1501,1508,1500,-1,1500,1508,1494,-1,1500,1494,979,-1,979,1494,930,-1,933,931,1493,-1,1493,931,1494,-1,1493,1494,1509,-1,1509,1494,1508,-1,1509,1508,1510,-1,1510,1508,1507,-1,1510,1507,1511,-1,1511,1507,1506,-1,1511,1506,1512,-1,1512,1506,1505,-1,1512,1505,672,-1,672,1505,673,-1,973,934,1492,-1,1492,934,1493,-1,1492,1493,1513,-1,1513,1493,1509,-1,1513,1509,1514,-1,1514,1509,1510,-1,1514,1510,1515,-1,1515,1510,1511,-1,1515,1511,1516,-1,1516,1511,1512,-1,1516,1512,665,-1,665,1512,672,-1,936,974,1491,-1,1491,974,1492,-1,1491,1492,1517,-1,1517,1492,1513,-1,1517,1513,1518,-1,1518,1513,1514,-1,1518,1514,1519,-1,1519,1514,1515,-1,1519,1515,1520,-1,1520,1515,1516,-1,1520,1516,664,-1,664,1516,665,-1,970,937,1490,-1,1490,937,1491,-1,1490,1491,1521,-1,1521,1491,1517,-1,1521,1517,1522,-1,1522,1517,1518,-1,1522,1518,1523,-1,1523,1518,1519,-1,1523,1519,1524,-1,1524,1519,1520,-1,1524,1520,663,-1,663,1520,664,-1,972,971,1489,-1,1489,971,1490,-1,1489,1490,1525,-1,1525,1490,1521,-1,1525,1521,1526,-1,1526,1521,1522,-1,1526,1522,1527,-1,1527,1522,1523,-1,1527,1523,1528,-1,1528,1523,1524,-1,1528,1524,662,-1,662,1524,663,-1,967,969,1488,-1,1488,969,1489,-1,1488,1489,1529,-1,1529,1489,1525,-1,1529,1525,1530,-1,1530,1525,1526,-1,1530,1526,1531,-1,1531,1526,1527,-1,1531,1527,1532,-1,1532,1527,1528,-1,1532,1528,661,-1,661,1528,662,-1,961,962,1533,-1,1533,962,964,-1,964,965,1533,-1,1533,965,1488,-1,1533,1488,1534,-1,1534,1488,1529,-1,1534,1529,1535,-1,1535,1529,1530,-1,1535,1530,1536,-1,1536,1530,1531,-1,1536,1531,1537,-1,1537,1531,1532,-1,1537,1532,659,-1,659,1532,661,-1,959,961,1487,-1,1487,961,1533,-1,1487,1533,1538,-1,1538,1533,1534,-1,1538,1534,1539,-1,1539,1534,1535,-1,1539,1535,1540,-1,1540,1535,1536,-1,1540,1536,1541,-1,1541,1536,1537,-1,1541,1537,658,-1,658,1537,659,-1,958,957,1486,-1,1486,957,1487,-1,1486,1487,1542,-1,1542,1487,1538,-1,1542,1538,1543,-1,1543,1538,1539,-1,1543,1539,1544,-1,1544,1539,1540,-1,1544,1540,1545,-1,1545,1540,1541,-1,1545,1541,643,-1,643,1541,658,-1,953,955,1485,-1,1485,955,1486,-1,1485,1486,1546,-1,1546,1486,1542,-1,1546,1542,1547,-1,1547,1542,1543,-1,1547,1543,1548,-1,1548,1543,1544,-1,1548,1544,1549,-1,1549,1544,1545,-1,1549,1545,642,-1,642,1545,643,-1,951,952,1484,-1,1484,952,1485,-1,1484,1485,1550,-1,1550,1485,1546,-1,1550,1546,1551,-1,1551,1546,1547,-1,1551,1547,1552,-1,1552,1547,1548,-1,1552,1548,1553,-1,1553,1548,1549,-1,1553,1549,640,-1,640,1549,642,-1,939,949,1483,-1,1483,949,1484,-1,1483,1484,1554,-1,1554,1484,1550,-1,1554,1550,1555,-1,1555,1550,1551,-1,1555,1551,1556,-1,1556,1551,1552,-1,1556,1552,1557,-1,1557,1552,1553,-1,1557,1553,639,-1,639,1553,640,-1,948,940,1558,-1,1558,940,1483,-1,1558,1483,1559,-1,1559,1483,1554,-1,1559,1554,1560,-1,1560,1554,1555,-1,1560,1555,1561,-1,1561,1555,1556,-1,1561,1556,1562,-1,1562,1556,1557,-1,1562,1557,638,-1,638,1557,639,-1,638,649,1562,-1,1562,649,1563,-1,1562,1563,1561,-1,1561,1563,1564,-1,1561,1564,1560,-1,1560,1564,1565,-1,1560,1565,1559,-1,1559,1565,1566,-1,1559,1566,1558,-1,1558,1566,1482,-1,1558,1482,948,-1,948,1482,942,-1,945,943,1567,-1,1567,943,1482,-1,1567,1482,1568,-1,1568,1482,1566,-1,1568,1566,1569,-1,1569,1566,1565,-1,1569,1565,1570,-1,1570,1565,1564,-1,1570,1564,1571,-1,1571,1564,1563,-1,1571,1563,648,-1,648,1563,649,-1,648,630,1571,-1,1571,630,1041,-1,1571,1041,1570,-1,1570,1041,1043,-1,1570,1043,1569,-1,1569,1043,1045,-1,1569,1045,1568,-1,1568,1045,1047,-1,1568,1047,1567,-1,1567,1047,1049,-1,1567,1049,945,-1,945,1049,946,-1,1572,1573,1574,-1,1575,1576,1572,-1,1039,1038,1577,-1,1050,1061,1578,-1,1036,1035,1579,-1,1024,1023,1580,-1,1088,1087,1581,-1,1582,1005,1126,-1,1573,1110,1574,-1,1574,1110,1121,-1,1574,1121,1006,-1,1011,1009,1573,-1,1573,1009,1008,-1,1573,1008,1110,-1,1011,1573,1012,-1,1012,1573,1572,-1,1012,1572,1014,-1,1014,1572,1576,-1,1014,1576,1015,-1,1021,1020,1575,-1,1575,1020,1018,-1,1575,1018,1576,-1,1576,1018,1017,-1,1576,1017,1015,-1,1024,1580,1026,-1,1030,1029,1583,-1,1583,1029,1027,-1,1035,1033,1579,-1,1579,1033,1032,-1,1579,1032,1584,-1,1032,1030,1584,-1,1584,1030,1583,-1,1584,1583,1585,-1,1061,1036,1578,-1,1578,1036,1579,-1,1578,1579,1586,-1,1586,1579,1584,-1,1586,1584,1587,-1,1587,1584,1585,-1,1587,1585,1588,-1,1087,1021,1581,-1,1581,1021,1575,-1,1581,1575,1589,-1,1589,1575,1572,-1,1589,1572,1590,-1,1590,1572,1574,-1,1590,1574,1582,-1,1582,1574,1006,-1,1582,1006,1005,-1,1038,1050,1577,-1,1577,1050,1578,-1,1577,1578,1591,-1,1591,1578,1586,-1,1591,1586,1592,-1,1592,1586,1587,-1,1592,1587,1593,-1,1593,1587,1588,-1,1593,1588,1594,-1,1089,1088,1595,-1,1595,1088,1581,-1,1595,1581,1596,-1,1596,1581,1589,-1,1596,1589,1597,-1,1597,1589,1590,-1,1597,1590,1598,-1,1598,1590,1582,-1,1598,1582,986,-1,986,1582,1126,-1,986,1126,985,-1,946,1039,947,-1,947,1039,1577,-1,947,1577,981,-1,981,1577,1591,-1,981,1591,983,-1,983,1591,1592,-1,983,1592,994,-1,994,1592,1593,-1,994,1593,993,-1,993,1593,1594,-1,993,1594,991,-1,991,1594,989,-1,1027,1026,1583,-1,1583,1026,1580,-1,1583,1580,1585,-1,1585,1580,1599,-1,1585,1599,1588,-1,1588,1599,1600,-1,1588,1600,1594,-1,1594,1600,1601,-1,1594,1601,989,-1,989,1601,987,-1,1023,1089,1580,-1,1580,1089,1595,-1,1580,1595,1599,-1,1599,1595,1596,-1,1599,1596,1600,-1,1600,1596,1597,-1,1600,1597,1601,-1,1601,1597,1598,-1,1601,1598,987,-1,987,1598,986,-1,850,533,848,-1,848,533,517,-1,848,517,847,-1,847,517,516,-1,847,516,835,-1,835,516,548,-1,835,548,836,-1,836,548,547,-1,836,547,837,-1,837,547,546,-1,837,546,688,-1,688,546,545,-1,828,507,827,-1,827,507,506,-1,827,506,851,-1,851,506,528,-1,851,528,849,-1,849,528,527,-1,849,527,844,-1,844,527,526,-1,844,526,843,-1,843,526,511,-1,843,511,842,-1,842,511,513,-1,1602,1603,1604,-1,1604,1603,1605,-1,1606,1607,1608,-1,1608,1607,1609,-1,1605,1603,1610,-1,1605,1610,1611,-1,1611,1610,1612,-1,1611,1612,1613,-1,1613,1612,1614,-1,1613,1614,1615,-1,1615,1614,1616,-1,1615,1616,1617,-1,1617,1616,1618,-1,1617,1618,1619,-1,1619,1618,1620,-1,1619,1620,1621,-1,1621,1620,1622,-1,1621,1622,1623,-1,1624,1625,1602,-1,1614,1612,1610,-1,1602,1625,1603,-1,1614,1610,1616,-1,1626,1627,1628,-1,1629,1630,1625,-1,1625,1630,1622,-1,1625,1622,1603,-1,1603,1622,1620,-1,1603,1620,1610,-1,1610,1620,1618,-1,1610,1618,1616,-1,1602,1631,1624,-1,1624,1631,1626,-1,1624,1626,1632,-1,1632,1626,1628,-1,1633,1625,1624,-1,1633,1624,1634,-1,1634,1624,1632,-1,1634,1632,1635,-1,1635,1632,1628,-1,1635,1628,1636,-1,1636,1628,1627,-1,1636,1627,1637,-1,1637,1627,1626,-1,1637,1626,1638,-1,1638,1626,1631,-1,1638,1631,1639,-1,1639,1631,1602,-1,1639,1602,1604,-1,1640,1641,1623,-1,1623,1641,1633,-1,1639,1604,1634,-1,1634,1604,1633,-1,1636,1637,1638,-1,1633,1604,1623,-1,1623,1604,1605,-1,1623,1605,1621,-1,1621,1605,1611,-1,1621,1611,1613,-1,1613,1615,1621,-1,1621,1615,1617,-1,1621,1617,1619,-1,1639,1634,1638,-1,1638,1634,1635,-1,1638,1635,1636,-1,1642,1643,1644,-1,1645,1646,1644,-1,1646,1647,1644,-1,1644,1647,1648,-1,1644,1648,1642,-1,1649,1650,1651,-1,1651,1650,1652,-1,1643,1653,1644,-1,1644,1653,1654,-1,1644,1654,1651,-1,1651,1654,1655,-1,1651,1655,1649,-1,1652,1656,1651,-1,1651,1656,1657,-1,1651,1657,1658,-1,1659,1660,1661,-1,1661,1660,1644,-1,1645,1644,1662,-1,1662,1644,1660,-1,1662,1660,1663,-1,1658,1664,1665,-1,1665,1666,1667,-1,1658,1665,1651,-1,1651,1665,1667,-1,1651,1667,1668,-1,1669,1670,1671,-1,1671,1670,1672,-1,1671,1672,1673,-1,1673,1672,1674,-1,1673,1674,1675,-1,1675,1674,1676,-1,1675,1676,1677,-1,1677,1676,1678,-1,1677,1678,1679,-1,1679,1678,1680,-1,1679,1680,1681,-1,1681,1680,1682,-1,1683,1684,1685,-1,1685,1684,1686,-1,1687,1608,1609,-1,1687,1609,1688,-1,1686,1684,1609,-1,1609,1684,1689,-1,1609,1689,1688,-1,1690,1691,1692,-1,1690,1692,1693,-1,1693,1692,1694,-1,1694,1692,1695,-1,1694,1695,1683,-1,1683,1695,1696,-1,1683,1696,1684,-1,1697,1698,1699,-1,1699,1698,1700,-1,1699,1700,1701,-1,1701,1700,1702,-1,1701,1702,1703,-1,1703,1702,1704,-1,1703,1704,1705,-1,1705,1704,1706,-1,1705,1706,1707,-1,1707,1706,1708,-1,1707,1708,1709,-1,1709,1708,1710,-1,1711,1712,1713,-1,1711,1713,1714,-1,1714,1713,1715,-1,1714,1715,1716,-1,1716,1715,1717,-1,1716,1717,1718,-1,1718,1717,1719,-1,1718,1719,1720,-1,1720,1719,1721,-1,1720,1721,1722,-1,1722,1721,1641,-1,1722,1641,1640,-1,1655,1723,1649,-1,1649,1723,1724,-1,1649,1724,1650,-1,1650,1724,1652,-1,1652,1724,1725,-1,1652,1725,1656,-1,1656,1725,1657,-1,1657,1725,1726,-1,1657,1726,1658,-1,1658,1726,1664,-1,1664,1726,1727,-1,1664,1727,1665,-1,1665,1727,1666,-1,1666,1727,1728,-1,1666,1728,1667,-1,1667,1728,1668,-1,1668,1728,1729,-1,1668,1729,1651,-1,1723,1655,1730,-1,1730,1655,1654,-1,1731,1732,1733,-1,1733,1732,1669,-1,1733,1669,1734,-1,1734,1669,1671,-1,1734,1671,1735,-1,1735,1671,1673,-1,1735,1673,1736,-1,1736,1673,1675,-1,1736,1675,1737,-1,1737,1675,1677,-1,1651,1729,1681,-1,1681,1729,1738,-1,1681,1738,1679,-1,1679,1738,1739,-1,1679,1739,1677,-1,1677,1739,1740,-1,1677,1740,1737,-1,1741,1742,1743,-1,1741,1743,1744,-1,1744,1743,1745,-1,1744,1745,1746,-1,1746,1745,1747,-1,1746,1747,1748,-1,1749,1742,1750,-1,1750,1742,1741,-1,1751,1752,1753,-1,1753,1752,1754,-1,1753,1754,1755,-1,1755,1754,1756,-1,1755,1756,1757,-1,1757,1756,1758,-1,1757,1758,1759,-1,1759,1758,1760,-1,1759,1760,1761,-1,1761,1760,1762,-1,1761,1762,1763,-1,1763,1762,1764,-1,1763,1764,1750,-1,1750,1764,1749,-1,1765,1766,1751,-1,1751,1766,1752,-1,1767,1768,1769,-1,1769,1768,1770,-1,1769,1770,1771,-1,1771,1770,1772,-1,1771,1772,1773,-1,1773,1772,1774,-1,1773,1774,1775,-1,1775,1774,1776,-1,1775,1776,1777,-1,1777,1776,1778,-1,1777,1778,1779,-1,1779,1778,1780,-1,1779,1780,1765,-1,1765,1780,1766,-1,1767,1781,1768,-1,1768,1781,1782,-1,1783,1784,1785,-1,1783,1785,1786,-1,1786,1785,1787,-1,1786,1787,1788,-1,1788,1787,1782,-1,1788,1782,1781,-1,1789,1790,1791,-1,1789,1791,1792,-1,1792,1791,1793,-1,1792,1793,1794,-1,1794,1793,1795,-1,1794,1795,1796,-1,1789,1797,1790,-1,1790,1797,1798,-1,1799,1800,1801,-1,1799,1801,1802,-1,1802,1801,1803,-1,1802,1803,1804,-1,1804,1803,1798,-1,1804,1798,1797,-1,1805,1806,1698,-1,1698,1806,1807,-1,1698,1807,1700,-1,1700,1807,1808,-1,1700,1808,1702,-1,1702,1808,1809,-1,1702,1809,1704,-1,1810,1811,1812,-1,1812,1811,1710,-1,1812,1710,1813,-1,1813,1710,1708,-1,1813,1708,1814,-1,1814,1708,1706,-1,1814,1706,1815,-1,1815,1706,1704,-1,1815,1704,1816,-1,1816,1704,1809,-1,1817,1818,1819,-1,1819,1818,1820,-1,1820,1818,1821,-1,1821,1818,1822,-1,1821,1822,1823,-1,1823,1822,1824,-1,1823,1824,1825,-1,1825,1824,1826,-1,1825,1826,1827,-1,1827,1826,1828,-1,1827,1828,1829,-1,1829,1828,1830,-1,1829,1830,1831,-1,1831,1830,1832,-1,1831,1832,1833,-1,1833,1832,1711,-1,1833,1711,1834,-1,1834,1711,1714,-1,1834,1714,1835,-1,1835,1714,1716,-1,1835,1716,1836,-1,1836,1716,1718,-1,1836,1718,1837,-1,1837,1718,1720,-1,1837,1720,1838,-1,1838,1720,1722,-1,1838,1722,1630,-1,1630,1722,1640,-1,1630,1640,1622,-1,1622,1640,1623,-1,1630,1629,1838,-1,1838,1629,1839,-1,1838,1839,1837,-1,1837,1839,1840,-1,1837,1840,1836,-1,1836,1840,1841,-1,1836,1841,1835,-1,1835,1841,1842,-1,1835,1842,1834,-1,1834,1842,1843,-1,1834,1843,1833,-1,1833,1843,1844,-1,1625,1633,1629,-1,1629,1633,1641,-1,1629,1641,1839,-1,1839,1641,1721,-1,1839,1721,1840,-1,1840,1721,1719,-1,1840,1719,1841,-1,1841,1719,1717,-1,1841,1717,1842,-1,1842,1717,1715,-1,1842,1715,1843,-1,1843,1715,1713,-1,1843,1713,1844,-1,1844,1713,1712,-1,1844,1712,1845,-1,1845,1712,1846,-1,1845,1846,1847,-1,1847,1846,1848,-1,1847,1848,1849,-1,1849,1848,1850,-1,1849,1850,1851,-1,1851,1850,1852,-1,1851,1852,1853,-1,1853,1852,1854,-1,1853,1854,1855,-1,1855,1854,1856,-1,1855,1856,1857,-1,1857,1856,1858,-1,1859,1857,1860,-1,1860,1857,1858,-1,1811,1810,1861,-1,1811,1861,1862,-1,1862,1861,1863,-1,1862,1863,1864,-1,1864,1863,1865,-1,1864,1865,1866,-1,1866,1865,1867,-1,1866,1867,1868,-1,1868,1867,1869,-1,1868,1869,1870,-1,1870,1869,1871,-1,1870,1871,1872,-1,1872,1871,1859,-1,1872,1859,1860,-1,1873,1874,1875,-1,1875,1874,1876,-1,1875,1876,1877,-1,1877,1876,1878,-1,1877,1878,1879,-1,1879,1878,1880,-1,1879,1880,1881,-1,1881,1880,1882,-1,1881,1882,1883,-1,1883,1882,1884,-1,1883,1884,1885,-1,1885,1884,1886,-1,1885,1886,1887,-1,1887,1886,1888,-1,1887,1888,1889,-1,1889,1888,1890,-1,1889,1890,1891,-1,1891,1890,1892,-1,1891,1892,1893,-1,1893,1892,1894,-1,1893,1894,1895,-1,1895,1894,1896,-1,1895,1896,1897,-1,1897,1896,1898,-1,1899,1900,1901,-1,1899,1901,1902,-1,1902,1901,1903,-1,1902,1903,1904,-1,1904,1903,1874,-1,1904,1874,1873,-1,1905,1900,1906,-1,1906,1900,1899,-1,1907,1908,1909,-1,1909,1908,1910,-1,1909,1910,1911,-1,1911,1910,1912,-1,1911,1912,1913,-1,1913,1912,1914,-1,1913,1914,1915,-1,1915,1914,1916,-1,1915,1916,1917,-1,1917,1916,1918,-1,1917,1918,1919,-1,1919,1918,1920,-1,1919,1920,1906,-1,1906,1920,1905,-1,1921,1922,1907,-1,1907,1922,1908,-1,1923,1924,1925,-1,1925,1924,1926,-1,1925,1926,1927,-1,1927,1926,1928,-1,1927,1928,1929,-1,1929,1928,1930,-1,1929,1930,1931,-1,1931,1930,1932,-1,1931,1932,1933,-1,1933,1932,1934,-1,1933,1934,1921,-1,1921,1934,1922,-1,1923,1935,1924,-1,1924,1935,1936,-1,1937,1938,1939,-1,1937,1939,1940,-1,1940,1939,1941,-1,1940,1941,1942,-1,1942,1941,1936,-1,1942,1936,1935,-1,1943,1944,1945,-1,1945,1944,1946,-1,1945,1946,1947,-1,1947,1946,1948,-1,1947,1948,1949,-1,1949,1948,1950,-1,1949,1950,1951,-1,1951,1950,1952,-1,1951,1952,1953,-1,1953,1952,1954,-1,1953,1954,1955,-1,1955,1954,1956,-1,1955,1956,1957,-1,1957,1956,1958,-1,1957,1958,1959,-1,1959,1958,1960,-1,1959,1960,1961,-1,1961,1960,1962,-1,1961,1962,1963,-1,1963,1962,1964,-1,1963,1964,1965,-1,1965,1964,1966,-1,1965,1966,1937,-1,1937,1966,1938,-1,1967,1968,1969,-1,1967,1969,1970,-1,1970,1969,1971,-1,1970,1971,1972,-1,1972,1971,1944,-1,1972,1944,1943,-1,1967,1973,1968,-1,1968,1973,1974,-1,1897,1898,1975,-1,1897,1975,1976,-1,1976,1975,1977,-1,1976,1977,1978,-1,1978,1977,1974,-1,1978,1974,1973,-1,1979,1980,1644,-1,1644,1980,1661,-1,1981,1982,1662,-1,1662,1663,1981,-1,1981,1663,1660,-1,1981,1660,1980,-1,1980,1660,1659,-1,1980,1659,1661,-1,1983,1984,1648,-1,1648,1647,1983,-1,1983,1647,1646,-1,1983,1646,1982,-1,1982,1646,1645,-1,1982,1645,1662,-1,1985,1730,1654,-1,1654,1653,1985,-1,1985,1653,1643,-1,1985,1643,1984,-1,1984,1643,1642,-1,1984,1642,1648,-1,1748,1986,1681,-1,1651,1987,1988,-1,1681,1986,1651,-1,1651,1986,1989,-1,1651,1989,1987,-1,1988,1990,1651,-1,1651,1990,1991,-1,1651,1991,1992,-1,1682,1644,1993,-1,1994,1644,1995,-1,1995,1644,1996,-1,1994,1997,1644,-1,1644,1997,1998,-1,1644,1998,1993,-1,1767,1769,1682,-1,1682,1769,1771,-1,1771,1773,1682,-1,1682,1773,1775,-1,1682,1775,1777,-1,1759,1761,1681,-1,1999,2000,2001,-1,2001,2000,1651,-1,2001,1651,2002,-1,2002,1651,1992,-1,2000,2003,1651,-1,1651,2003,2004,-1,1651,2004,1644,-1,1644,2004,2005,-1,1644,2005,1996,-1,1993,2006,1682,-1,1682,2006,1783,-1,1682,1783,1786,-1,1999,2007,2000,-1,2000,2007,1799,-1,2000,1799,1796,-1,1786,1788,1682,-1,1682,1788,1781,-1,1682,1781,1767,-1,1753,1755,1681,-1,1681,1755,1757,-1,1681,1757,1759,-1,1802,1804,1797,-1,1761,1763,1681,-1,1681,1763,1750,-1,1681,1750,1741,-1,1792,1794,1789,-1,1789,1794,1796,-1,1789,1796,1797,-1,1797,1796,1799,-1,1797,1799,1802,-1,1777,1779,1682,-1,1682,1779,1765,-1,1682,1765,1681,-1,1681,1765,1751,-1,1681,1751,1753,-1,1741,1744,1681,-1,1681,1744,1746,-1,1681,1746,1748,-1,1697,2008,2009,-1,2010,2011,1670,-1,1670,2011,2012,-1,2012,2013,1670,-1,1670,2013,2014,-1,1670,2014,2015,-1,2016,2017,1697,-1,1697,2009,1698,-1,1698,2009,2018,-1,1698,2018,1805,-1,2010,1670,2019,-1,2019,1670,1669,-1,2019,1669,1732,-1,2015,2020,1670,-1,1670,2020,2021,-1,1670,2021,2022,-1,1692,1691,2023,-1,2023,1691,2022,-1,2023,2022,2024,-1,2024,2022,2021,-1,2022,2025,1670,-1,1670,2025,2026,-1,1670,2026,1697,-1,1697,2026,2027,-1,1697,2027,2016,-1,2017,2028,1697,-1,1697,2028,2029,-1,1697,2029,2008,-1,1877,1879,2030,-1,1927,1929,1710,-1,1710,1929,1931,-1,1862,1955,1811,-1,1811,1955,1957,-1,1811,1957,1959,-1,1935,1923,1710,-1,1710,1923,1925,-1,1710,1925,1927,-1,1856,1951,1858,-1,1858,1951,1953,-1,1862,1864,1955,-1,1955,1864,1866,-1,1955,1866,1868,-1,1959,1961,1811,-1,1811,1961,1963,-1,1811,1963,1710,-1,1710,1963,1965,-1,1710,1965,1937,-1,1877,2030,1875,-1,1875,2030,1709,-1,1875,1709,1873,-1,1856,1854,1830,-1,1830,1854,1852,-1,1712,1711,1846,-1,1846,1711,1832,-1,1846,1832,1848,-1,1848,1832,1830,-1,1848,1830,1850,-1,1850,1830,1852,-1,1972,1943,1828,-1,1828,1943,1945,-1,1828,1945,1830,-1,1830,1945,1947,-1,1830,1947,1856,-1,1856,1947,1949,-1,1856,1949,1951,-1,1891,1893,1824,-1,1824,1893,1895,-1,1824,1895,1897,-1,1897,1976,1824,-1,1824,1976,1978,-1,1824,1978,1826,-1,1887,1817,1885,-1,1885,1817,2031,-1,1885,2031,2032,-1,1891,1824,1889,-1,1889,1824,1822,-1,1889,1822,1887,-1,1887,1822,1818,-1,1887,1818,1817,-1,1868,1870,1955,-1,1955,1870,1872,-1,1955,1872,1953,-1,1953,1872,1860,-1,1953,1860,1858,-1,1909,1911,1709,-1,1978,1973,1826,-1,1826,1973,1967,-1,1826,1967,1828,-1,1828,1967,1970,-1,1828,1970,1972,-1,1879,1881,2030,-1,2030,1881,1883,-1,2030,1883,2033,-1,2033,1883,1885,-1,2033,1885,2034,-1,2032,2035,1885,-1,1885,2035,2036,-1,1885,2036,2034,-1,1937,1940,1710,-1,1710,1940,1942,-1,1710,1942,1935,-1,1911,1913,1709,-1,1709,1913,1915,-1,1709,1915,1917,-1,1917,1919,1709,-1,1709,1919,1906,-1,1709,1906,1899,-1,1931,1933,1710,-1,1710,1933,1921,-1,1710,1921,1709,-1,1709,1921,1907,-1,1709,1907,1909,-1,1899,1902,1709,-1,1709,1902,1904,-1,1709,1904,1873,-1,1817,1819,2037,-1,1817,2037,2031,-1,2031,2037,2038,-1,2031,2038,2032,-1,2032,2038,2039,-1,2032,2039,2035,-1,2035,2039,2040,-1,2035,2040,2036,-1,2036,2040,2041,-1,2036,2041,2034,-1,2034,2041,2042,-1,2034,2042,2033,-1,2033,2042,2043,-1,2033,2043,2030,-1,2044,1979,2045,-1,2045,1979,2046,-1,2045,2046,1784,-1,2047,2048,1729,-1,1729,2048,2049,-1,1729,2049,1738,-1,1780,1778,2046,-1,1730,2050,2051,-1,1764,1762,1738,-1,2050,1730,2052,-1,1764,1738,1749,-1,2044,2053,1979,-1,1979,2053,2054,-1,1979,2054,1980,-1,1980,2054,2055,-1,1980,2055,1981,-1,1981,2055,1982,-1,2056,2057,1723,-1,1723,2057,2058,-1,1723,2058,1724,-1,1724,2058,2059,-1,1724,2059,1725,-1,1725,2059,1726,-1,1778,1776,2046,-1,2046,1776,1774,-1,2046,1774,1772,-1,1730,1985,2052,-1,2052,1985,1984,-1,2052,1984,2055,-1,2055,1984,1983,-1,2055,1983,1982,-1,1800,2060,1795,-1,2047,1729,2061,-1,2061,1729,1728,-1,2061,1728,2059,-1,2059,1728,1727,-1,2059,1727,1726,-1,1762,1760,1738,-1,1738,1760,1758,-1,1738,1758,1756,-1,2056,1723,2062,-1,2062,1723,1730,-1,2062,1730,2060,-1,2049,2063,1738,-1,1738,2063,1747,-1,1738,1747,1745,-1,2051,2064,1730,-1,1730,2064,2065,-1,1730,2065,2060,-1,2060,2065,2066,-1,2060,2066,1795,-1,1745,1743,1738,-1,1738,1743,1742,-1,1738,1742,1749,-1,1756,1754,1738,-1,1738,1754,1752,-1,1738,1752,2046,-1,2046,1752,1766,-1,2046,1766,1780,-1,1772,1770,2046,-1,2046,1770,1768,-1,2046,1768,1782,-1,1782,1787,2046,-1,2046,1787,1785,-1,2046,1785,1784,-1,1793,1791,1790,-1,1803,1801,1798,-1,1798,1801,1800,-1,1798,1800,1790,-1,1790,1800,1795,-1,1790,1795,1793,-1,1964,1962,1810,-1,1867,1865,1956,-1,1825,2067,1823,-1,1823,2067,1821,-1,1964,1810,1966,-1,1966,1810,1812,-1,1966,1812,1938,-1,1962,1960,1810,-1,1810,1960,1958,-1,1810,1958,1861,-1,1861,1958,1956,-1,1861,1956,1863,-1,1863,1956,1865,-1,1934,1932,1812,-1,1812,1932,1930,-1,1812,1930,1928,-1,1857,1859,1954,-1,1954,1859,1871,-1,1954,1871,1956,-1,1956,1871,1869,-1,1956,1869,1867,-1,1928,1926,1812,-1,1812,1926,1924,-1,1812,1924,1936,-1,1821,2067,1820,-1,1820,2067,2043,-1,1820,2043,1819,-1,1819,2043,2042,-1,1819,2042,2037,-1,1888,1886,1825,-1,1857,1954,1855,-1,1855,1954,1952,-1,1855,1952,1950,-1,1936,1941,1812,-1,1812,1941,1939,-1,1812,1939,1938,-1,1896,1827,1898,-1,1898,1827,1944,-1,1920,1918,2067,-1,1829,1948,1827,-1,1827,1948,1946,-1,1827,1946,1944,-1,1831,1833,1844,-1,1950,1948,1855,-1,1855,1948,1829,-1,1855,1829,1853,-1,1853,1829,1851,-1,2042,2041,2040,-1,1971,1969,1968,-1,1920,2067,1905,-1,1844,1845,1831,-1,1831,1845,1847,-1,1831,1847,1829,-1,1829,1847,1849,-1,1829,1849,1851,-1,2040,2039,2042,-1,2042,2039,2038,-1,2042,2038,2037,-1,1977,1975,1974,-1,1974,1975,1898,-1,1974,1898,1968,-1,1968,1898,1944,-1,1968,1944,1971,-1,1896,1894,1827,-1,1827,1894,1892,-1,1827,1892,1825,-1,1825,1892,1890,-1,1825,1890,1888,-1,1886,1884,1825,-1,1825,1884,1882,-1,1825,1882,2067,-1,2067,1882,1880,-1,2067,1880,1878,-1,1918,1916,2067,-1,2067,1916,1914,-1,2067,1914,1912,-1,1878,1876,2067,-1,2067,1876,1874,-1,2067,1874,1903,-1,1912,1910,2067,-1,2067,1910,1908,-1,2067,1908,1812,-1,1812,1908,1922,-1,1812,1922,1934,-1,1903,1901,2067,-1,2067,1901,1900,-1,2067,1900,1905,-1,1738,2046,2068,-1,1738,2068,1739,-1,1739,2068,2069,-1,1739,2069,1740,-1,1740,2069,2070,-1,1740,2070,1737,-1,1737,2070,2071,-1,1737,2071,1736,-1,1736,2071,2072,-1,1736,2072,1735,-1,1735,2072,2073,-1,1735,2073,1734,-1,1734,2073,2074,-1,1734,2074,1733,-1,2030,2043,1709,-1,1709,2043,2067,-1,1709,2067,1707,-1,1707,2067,2075,-1,1707,2075,1705,-1,1979,1644,2046,-1,2046,1644,1682,-1,2046,1682,2068,-1,2068,1682,1680,-1,2068,1680,2069,-1,2069,1680,1678,-1,2069,1678,2070,-1,2070,1678,1676,-1,2075,2076,1705,-1,1705,2076,2077,-1,1705,2077,1703,-1,1703,2077,2078,-1,1703,2078,1701,-1,1701,2078,2079,-1,1701,2079,1699,-1,1699,2079,2080,-1,1699,2080,1697,-1,1697,2080,2081,-1,1697,2081,1670,-1,1670,2081,2074,-1,1670,2074,1672,-1,1672,2074,2073,-1,1672,2073,1674,-1,1674,2073,2072,-1,1674,2072,1676,-1,1676,2072,2071,-1,1676,2071,2070,-1,2067,1812,1813,-1,2067,1813,2075,-1,2075,1813,1814,-1,2075,1814,2076,-1,2076,1814,1815,-1,2076,1815,2077,-1,2077,1815,1816,-1,2077,1816,2078,-1,2078,1816,1809,-1,2078,1809,2079,-1,2079,1809,1808,-1,2079,1808,2080,-1,2080,1808,1807,-1,2080,1807,2081,-1,2018,2082,1805,-1,1805,2082,1806,-1,2082,2018,2083,-1,2083,2018,2009,-1,2083,2009,2084,-1,2084,2009,2008,-1,2084,2008,2085,-1,2085,2008,2029,-1,2085,2029,2086,-1,2086,2029,2028,-1,2086,2028,2087,-1,2087,2028,2017,-1,2087,2017,2088,-1,2088,2017,2016,-1,2088,2016,2089,-1,2089,2016,2027,-1,2089,2027,2090,-1,2090,2027,2026,-1,2090,2026,2091,-1,2091,2026,2025,-1,2091,2025,2092,-1,2092,2025,2022,-1,2092,2022,2093,-1,2093,2022,1691,-1,1732,1731,2019,-1,2019,1731,2094,-1,2095,1692,2096,-1,2096,1692,2023,-1,2096,2023,2097,-1,2097,2023,2024,-1,2097,2024,2098,-1,2098,2024,2021,-1,2098,2021,2099,-1,2099,2021,2020,-1,2099,2020,2100,-1,2100,2020,2015,-1,2100,2015,2101,-1,2101,2015,2014,-1,2101,2014,2102,-1,2102,2014,2013,-1,2102,2013,2103,-1,2103,2013,2012,-1,2103,2012,2104,-1,2104,2012,2011,-1,2104,2011,2105,-1,2105,2011,2010,-1,2105,2010,2094,-1,2094,2010,2019,-1,1693,2106,2107,-1,2107,2106,2108,-1,2107,2108,1691,-1,1691,2108,2093,-1,2083,2084,2081,-1,2081,2084,2085,-1,2083,2081,2082,-1,2082,2081,1807,-1,2082,1807,1806,-1,2100,2101,2074,-1,2074,2101,2102,-1,2074,2102,2103,-1,2085,2086,2081,-1,2081,2086,2087,-1,2081,2087,2088,-1,2088,2089,2081,-1,2081,2089,2090,-1,2081,2090,2096,-1,2093,2095,2092,-1,2092,2095,2096,-1,2092,2096,2091,-1,2091,2096,2090,-1,2096,2097,2081,-1,2081,2097,2098,-1,2081,2098,2074,-1,2074,2098,2099,-1,2074,2099,2100,-1,2103,2104,2074,-1,2074,2104,2105,-1,2074,2105,1733,-1,1733,2105,2094,-1,1733,2094,1731,-1,1692,2095,2109,-1,2109,2095,2110,-1,2109,2110,1696,-1,1696,2110,2111,-1,1696,2111,1684,-1,1684,2111,2112,-1,1684,2112,1689,-1,1689,2112,2113,-1,1689,2113,1688,-1,1688,2113,2114,-1,1688,2114,2115,-1,2115,2114,2116,-1,2115,2116,1608,-1,1608,2116,2117,-1,2118,1686,2119,-1,2119,1686,1609,-1,2119,1609,2120,-1,2121,1693,2122,-1,2122,1693,1694,-1,2122,1694,2123,-1,2123,1694,1683,-1,2123,1683,2118,-1,2118,1683,1685,-1,2118,1685,1686,-1,1606,1608,2124,-1,2124,1608,2117,-1,2125,2120,2117,-1,2123,2118,2114,-1,2114,2118,2125,-1,2114,2125,2116,-1,2116,2125,2117,-1,2114,2113,2123,-1,2123,2113,2112,-1,2123,2112,2126,-1,2126,2112,2127,-1,2126,2127,2106,-1,2106,2127,2110,-1,2106,2110,2108,-1,2108,2110,2095,-1,2108,2095,2093,-1,2128,2120,1607,-1,1607,2120,1609,-1,2129,2130,2131,-1,2131,2130,2132,-1,2131,2132,2133,-1,2134,2131,2135,-1,2135,2131,2136,-1,2133,2137,2131,-1,2131,2137,2138,-1,2131,2138,2136,-1,2139,2140,2141,-1,2142,2143,2144,-1,2144,2143,2145,-1,2144,2145,2146,-1,2145,2147,2146,-1,2146,2147,2148,-1,2146,2148,2149,-1,2149,2148,2150,-1,2149,2150,2151,-1,2151,2150,2152,-1,2151,2152,2153,-1,2153,2152,2154,-1,2153,2154,2155,-1,2155,2154,1606,-1,2155,1606,2124,-1,2156,2157,2158,-1,2158,2157,2159,-1,2158,2159,2160,-1,2160,2159,2161,-1,2160,2161,2162,-1,2162,2161,2163,-1,2162,2163,2164,-1,2164,2163,2165,-1,2164,2165,2166,-1,2166,2165,2167,-1,2166,2167,2168,-1,2168,2167,2169,-1,2168,2169,2142,-1,2142,2169,2170,-1,2142,2170,2143,-1,2158,2171,2156,-1,2156,2171,2172,-1,2156,2172,2173,-1,2173,2172,2139,-1,2173,2139,2174,-1,2174,2139,2141,-1,2124,2117,2128,-1,2128,2117,2120,-1,2175,2176,2177,-1,2177,2176,2178,-1,2177,2178,2179,-1,2179,2178,2180,-1,2179,2180,2181,-1,2177,2182,2175,-1,2175,2182,2183,-1,2175,2183,2184,-1,2184,2183,2185,-1,2184,2185,2186,-1,2186,2185,2187,-1,2185,2188,2187,-1,2187,2188,2189,-1,2187,2189,2190,-1,2190,2189,2128,-1,2190,2128,1607,-1,2191,2192,2181,-1,2181,2192,2193,-1,2181,2193,2179,-1,2194,2195,2196,-1,2196,2195,2197,-1,2181,2198,2191,-1,2191,2198,2199,-1,2191,2199,2200,-1,2200,2199,2201,-1,2200,2201,2202,-1,2202,2201,2203,-1,2202,2203,2204,-1,2204,2203,2205,-1,2204,2205,2206,-1,2206,2205,2207,-1,2206,2207,2208,-1,2208,2207,2209,-1,2208,2209,2197,-1,2197,2209,2210,-1,2197,2210,2196,-1,2211,2212,2213,-1,2213,2212,2134,-1,2213,2134,2214,-1,2215,2195,2213,-1,2213,2195,2194,-1,2213,2194,2211,-1,2214,2216,2213,-1,2213,2216,2217,-1,2213,2217,2215,-1,2218,2219,2220,-1,2218,2220,2221,-1,2141,2222,2223,-1,2223,2222,2224,-1,2131,2224,2220,-1,2220,2224,2222,-1,2220,2222,2221,-1,2221,2222,2141,-1,2221,2141,2140,-1,2214,2134,2135,-1,2220,2219,2225,-1,2129,2131,2220,-1,2220,2225,2129,-1,2129,2225,2226,-1,2129,2226,2130,-1,2130,2226,2227,-1,2130,2227,2132,-1,2132,2227,2228,-1,2132,2228,2133,-1,2133,2228,2229,-1,2133,2229,2137,-1,2137,2229,2230,-1,2137,2230,2138,-1,2138,2230,2231,-1,2138,2231,2136,-1,2136,2231,2232,-1,2136,2232,2135,-1,2135,2232,2216,-1,2135,2216,2214,-1,2216,2232,2219,-1,2219,2232,2231,-1,2219,2231,2230,-1,2225,2219,2226,-1,2226,2219,2227,-1,2230,2229,2219,-1,2219,2229,2228,-1,2219,2228,2227,-1,1748,1747,1986,-1,1986,1747,2063,-1,1986,2063,1989,-1,1989,2063,2049,-1,1989,2049,1987,-1,1987,2049,2048,-1,1987,2048,1988,-1,1988,2048,2047,-1,1988,2047,1990,-1,1990,2047,2061,-1,1990,2061,1991,-1,1991,2061,2059,-1,1991,2059,1992,-1,1992,2059,2058,-1,1992,2058,2002,-1,2002,2058,2057,-1,2002,2057,2001,-1,2001,2057,2056,-1,1796,1795,2000,-1,2000,1795,2066,-1,2000,2066,2003,-1,2003,2066,2065,-1,2003,2065,2004,-1,2004,2065,2064,-1,2145,2176,2147,-1,2147,2176,2175,-1,2147,2175,2148,-1,2152,1607,2154,-1,2154,1607,1606,-1,2175,2184,2148,-1,2148,2184,2186,-1,2148,2186,2150,-1,2150,2186,2187,-1,2150,2187,2152,-1,2152,2187,2190,-1,2152,2190,1607,-1,2140,2139,2215,-1,2171,2158,2208,-1,2179,2193,2168,-1,2168,2193,2192,-1,2168,2192,2166,-1,2166,2192,2191,-1,2179,2168,2177,-1,2177,2168,2142,-1,2177,2142,2144,-1,2160,2162,2191,-1,2191,2162,2164,-1,2191,2164,2166,-1,2208,2158,2206,-1,2191,2200,2160,-1,2160,2200,2202,-1,2160,2202,2158,-1,2158,2202,2204,-1,2158,2204,2206,-1,2171,2208,2172,-1,2172,2208,2197,-1,2172,2197,2139,-1,2139,2197,2195,-1,2139,2195,2215,-1,2216,2219,2217,-1,2217,2219,2218,-1,2217,2218,2215,-1,2215,2218,2221,-1,2215,2221,2140,-1,2149,2151,2185,-1,2155,2124,2128,-1,2155,2128,2153,-1,2153,2128,2189,-1,2153,2189,2151,-1,2151,2189,2188,-1,2151,2188,2185,-1,2185,2183,2149,-1,2149,2183,2182,-1,2149,2182,2146,-1,2146,2182,2177,-1,2146,2177,2144,-1,2223,2224,2196,-1,2131,2134,2224,-1,2224,2134,2212,-1,2212,2211,2224,-1,2224,2211,2194,-1,2224,2194,2196,-1,2157,2156,2209,-1,2209,2156,2173,-1,2209,2173,2210,-1,2210,2173,2174,-1,2210,2174,2196,-1,2196,2174,2141,-1,2196,2141,2223,-1,2233,2176,2143,-1,2143,2176,2145,-1,2209,2207,2157,-1,2157,2207,2205,-1,2157,2205,2159,-1,2159,2205,2203,-1,2159,2203,2161,-1,2161,2203,2201,-1,2161,2201,2163,-1,2163,2201,2199,-1,2163,2199,2165,-1,2165,2199,2198,-1,2165,2198,2167,-1,2167,2198,2181,-1,2167,2181,2169,-1,2169,2181,2170,-1,2170,2181,2143,-1,2143,2181,2180,-1,2143,2180,2233,-1,2004,2064,2005,-1,2005,2064,2051,-1,2005,2051,1996,-1,1996,2051,2050,-1,1996,2050,1995,-1,1995,2050,2052,-1,1995,2052,1994,-1,1994,2052,2055,-1,1994,2055,1997,-1,1997,2055,2054,-1,1997,2054,1998,-1,1998,2054,2053,-1,1998,2053,1993,-1,1993,2053,2044,-1,1993,2044,2006,-1,2006,2044,2045,-1,2006,2045,1783,-1,1783,2045,1784,-1,2001,2056,1999,-1,1999,2056,2062,-1,1999,2062,2007,-1,2007,2062,2060,-1,2007,2060,1799,-1,1799,2060,1800,-1,2234,2235,2236,-1,2236,2235,2237,-1,2238,2239,2240,-1,2240,2239,2241,-1,2238,2240,2242,-1,2238,2242,2243,-1,2243,2242,2244,-1,2243,2244,2245,-1,2245,2244,2246,-1,2245,2246,2247,-1,2248,2247,2249,-1,2249,2247,2246,-1,2250,2251,2252,-1,2250,2252,2253,-1,2253,2252,2254,-1,2253,2254,2255,-1,2255,2254,2256,-1,2255,2256,2257,-1,2257,2256,2258,-1,2257,2258,2259,-1,2259,2258,2260,-1,2259,2260,2261,-1,2261,2260,2262,-1,2261,2262,2263,-1,2264,2265,2266,-1,2264,2266,2267,-1,2268,2267,2269,-1,2269,2267,2266,-1,2269,2266,2270,-1,2270,2266,2271,-1,2270,2271,2272,-1,2272,2271,2273,-1,2272,2273,2250,-1,2250,2273,2251,-1,2263,2262,2274,-1,2274,2262,2275,-1,2274,2275,2276,-1,2276,2275,2277,-1,2276,2277,2278,-1,2278,2277,2279,-1,2278,2279,2280,-1,2280,2279,2281,-1,2280,2281,2282,-1,2282,2281,2283,-1,2282,2283,2284,-1,2284,2283,2285,-1,2284,2285,2249,-1,2249,2285,2248,-1,2234,2236,2286,-1,2234,2286,2287,-1,2287,2286,2288,-1,2287,2288,2289,-1,2289,2288,2290,-1,2289,2290,2291,-1,2291,2290,2292,-1,2291,2292,2293,-1,2293,2292,2294,-1,2293,2294,2295,-1,2295,2294,2296,-1,2295,2296,2297,-1,2297,2296,2298,-1,2297,2298,2299,-1,2300,2301,2302,-1,2302,2301,2303,-1,2302,2303,2304,-1,2304,2303,2305,-1,2304,2305,2306,-1,2306,2305,2307,-1,2306,2307,2308,-1,2308,2307,2309,-1,2308,2309,2310,-1,2310,2309,2311,-1,2310,2311,2312,-1,2312,2311,2313,-1,2314,2301,2300,-1,2315,2314,2237,-1,2237,2314,2236,-1,2314,2300,2236,-1,2236,2300,2298,-1,2236,2298,2286,-1,2286,2298,2296,-1,2286,2296,2294,-1,2316,2317,2318,-1,2292,2290,2294,-1,2294,2290,2288,-1,2294,2288,2286,-1,2237,2319,2315,-1,2315,2319,2316,-1,2315,2316,2320,-1,2320,2316,2318,-1,2321,2314,2315,-1,2321,2315,2322,-1,2322,2315,2320,-1,2322,2320,2323,-1,2323,2320,2318,-1,2323,2318,2324,-1,2324,2318,2317,-1,2324,2317,2325,-1,2325,2317,2316,-1,2325,2316,2326,-1,2326,2316,2319,-1,2326,2319,2327,-1,2327,2319,2237,-1,2327,2237,2235,-1,2328,2234,2299,-1,2299,2234,2287,-1,2299,2287,2297,-1,2328,2329,2234,-1,2234,2329,2321,-1,2234,2321,2235,-1,2235,2321,2322,-1,2235,2322,2327,-1,2324,2325,2326,-1,2291,2293,2295,-1,2327,2322,2326,-1,2326,2322,2323,-1,2326,2323,2324,-1,2297,2287,2295,-1,2295,2287,2289,-1,2295,2289,2291,-1,2330,2331,2332,-1,2332,2331,2333,-1,2332,2333,2334,-1,2334,2333,2335,-1,2332,2336,2330,-1,2330,2336,2337,-1,2338,2336,2334,-1,2334,2336,2332,-1,2335,2339,2334,-1,2334,2339,2338,-1,2339,2335,2340,-1,2340,2335,2333,-1,2341,2342,2343,-1,2344,2345,2343,-1,2346,2347,2348,-1,2348,2347,2349,-1,2348,2349,2350,-1,2350,2349,2351,-1,2312,2313,2352,-1,2330,2353,2354,-1,2354,2353,2355,-1,2354,2355,2356,-1,2344,2343,2357,-1,2357,2343,2354,-1,2357,2354,2348,-1,2348,2354,2356,-1,2348,2356,2346,-1,2351,2358,2359,-1,2359,2358,2360,-1,2359,2360,2361,-1,2351,2359,2350,-1,2350,2359,2362,-1,2350,2362,2363,-1,2364,2365,2366,-1,2345,2367,2343,-1,2343,2367,2368,-1,2343,2368,2312,-1,2369,2370,2371,-1,2352,2372,2312,-1,2312,2372,2373,-1,2312,2373,2343,-1,2343,2373,2374,-1,2343,2374,2375,-1,2375,2376,2343,-1,2343,2376,2377,-1,2343,2377,2341,-1,2341,2377,2378,-1,2341,2378,2379,-1,2379,2378,2380,-1,2368,2381,2312,-1,2312,2381,2371,-1,2312,2371,2382,-1,2382,2371,2370,-1,2363,2362,2366,-1,2366,2362,2383,-1,2366,2383,2364,-1,2384,2385,2378,-1,2378,2385,2386,-1,2378,2386,2380,-1,2387,2388,2389,-1,2390,2391,2392,-1,2392,2391,2393,-1,2392,2393,2394,-1,2395,2396,2360,-1,2360,2396,2397,-1,2360,2397,2361,-1,2330,2337,2353,-1,2353,2337,2398,-1,2353,2398,2392,-1,2392,2398,2399,-1,2392,2399,2390,-1,2389,2400,2387,-1,2387,2400,2401,-1,2387,2401,2371,-1,2371,2401,2402,-1,2371,2402,2369,-1,2403,2274,2404,-1,2404,2274,2276,-1,2404,2276,2405,-1,2405,2276,2278,-1,2405,2278,2406,-1,2406,2278,2280,-1,2406,2280,2407,-1,2407,2280,2282,-1,2407,2282,2408,-1,2408,2282,2284,-1,2409,2408,2284,-1,2284,2249,2246,-1,2284,2240,2241,-1,2246,2244,2284,-1,2284,2244,2242,-1,2284,2242,2240,-1,2241,2410,2284,-1,2284,2410,2411,-1,2284,2411,2409,-1,2241,2239,2412,-1,2241,2412,2410,-1,2410,2412,2413,-1,2410,2413,2411,-1,2411,2413,2414,-1,2411,2414,2409,-1,2247,2248,2285,-1,2415,2414,2285,-1,2285,2414,2413,-1,2413,2412,2285,-1,2285,2412,2239,-1,2285,2239,2238,-1,2238,2243,2285,-1,2285,2243,2245,-1,2285,2245,2247,-1,2415,2285,2283,-1,2415,2283,2416,-1,2416,2283,2281,-1,2416,2281,2417,-1,2417,2281,2279,-1,2417,2279,2418,-1,2418,2279,2277,-1,2418,2277,2419,-1,2419,2277,2275,-1,2419,2275,2420,-1,2252,2251,2262,-1,2265,2421,2266,-1,2266,2421,2420,-1,2266,2420,2271,-1,2271,2420,2273,-1,2273,2420,2251,-1,2251,2420,2275,-1,2251,2275,2262,-1,2262,2260,2258,-1,2258,2256,2262,-1,2262,2256,2254,-1,2262,2254,2252,-1,2422,2389,2388,-1,2422,2388,2423,-1,2423,2388,2424,-1,2424,2388,2425,-1,2424,2425,2426,-1,2426,2425,2427,-1,2426,2427,2428,-1,2428,2427,2429,-1,2428,2429,2430,-1,2430,2429,2431,-1,2430,2431,2432,-1,2265,2433,2421,-1,2421,2433,2434,-1,2421,2434,2435,-1,2435,2436,2421,-1,2421,2436,2437,-1,2421,2437,2431,-1,2431,2437,2438,-1,2431,2438,2432,-1,2433,2265,2439,-1,2439,2265,2264,-1,2439,2264,2267,-1,2434,2440,2441,-1,2441,2440,2442,-1,2441,2442,2436,-1,2432,2438,2443,-1,2438,2444,2443,-1,2443,2444,2445,-1,2443,2445,2446,-1,2446,2445,2447,-1,2443,2448,2432,-1,2432,2448,2449,-1,2432,2449,2430,-1,2450,2447,2442,-1,2442,2447,2445,-1,2442,2445,2436,-1,2436,2445,2444,-1,2434,2433,2440,-1,2440,2433,2439,-1,2440,2439,2442,-1,2442,2439,2267,-1,2442,2267,2450,-1,2450,2267,2268,-1,2430,2449,2428,-1,2428,2449,2451,-1,2428,2451,2426,-1,2426,2451,2452,-1,2426,2452,2424,-1,2424,2452,2453,-1,2424,2453,2423,-1,2423,2453,2454,-1,2455,2454,2422,-1,2422,2454,2456,-1,2422,2456,2389,-1,2389,2456,2457,-1,2458,2268,2403,-1,2403,2268,2269,-1,2269,2270,2403,-1,2403,2270,2272,-1,2403,2272,2274,-1,2274,2272,2250,-1,2274,2250,2263,-1,2263,2250,2253,-1,2263,2253,2255,-1,2255,2257,2263,-1,2263,2257,2259,-1,2263,2259,2261,-1,2389,2457,2400,-1,2400,2457,2459,-1,2400,2459,2401,-1,2401,2459,2460,-1,2401,2460,2402,-1,2402,2460,2461,-1,2402,2461,2369,-1,2369,2461,2462,-1,2369,2462,2370,-1,2370,2462,2463,-1,2370,2463,2382,-1,2382,2463,2464,-1,2382,2464,2312,-1,2312,2464,2465,-1,2312,2465,2310,-1,2310,2465,2466,-1,2310,2466,2308,-1,2308,2466,2467,-1,2308,2467,2306,-1,2306,2467,2468,-1,2306,2468,2304,-1,2304,2468,2469,-1,2304,2469,2302,-1,2302,2469,2470,-1,2302,2470,2300,-1,2300,2470,2328,-1,2300,2328,2298,-1,2298,2328,2299,-1,2465,2471,2472,-1,2465,2472,2466,-1,2466,2472,2473,-1,2466,2473,2467,-1,2467,2473,2474,-1,2467,2474,2468,-1,2468,2474,2475,-1,2468,2475,2469,-1,2469,2475,2476,-1,2469,2476,2470,-1,2470,2476,2329,-1,2470,2329,2328,-1,2314,2321,2301,-1,2301,2321,2329,-1,2301,2329,2303,-1,2303,2329,2476,-1,2303,2476,2305,-1,2305,2476,2475,-1,2305,2475,2307,-1,2307,2475,2474,-1,2307,2474,2309,-1,2309,2474,2473,-1,2309,2473,2311,-1,2311,2473,2472,-1,2311,2472,2313,-1,2313,2472,2471,-1,2313,2471,2352,-1,2352,2471,2477,-1,2352,2477,2372,-1,2372,2477,2478,-1,2372,2478,2373,-1,2373,2478,2479,-1,2373,2479,2374,-1,2374,2479,2480,-1,2374,2480,2375,-1,2375,2480,2481,-1,2375,2481,2376,-1,2376,2481,2482,-1,2376,2482,2377,-1,2377,2482,2483,-1,2483,2484,2377,-1,2377,2484,2378,-1,2485,2341,2379,-1,2485,2379,2486,-1,2486,2379,2380,-1,2486,2380,2487,-1,2487,2380,2386,-1,2487,2386,2488,-1,2488,2386,2385,-1,2488,2385,2489,-1,2489,2385,2384,-1,2489,2384,2490,-1,2490,2384,2378,-1,2490,2378,2484,-1,2485,2491,2341,-1,2341,2491,2342,-1,2492,2343,2491,-1,2491,2343,2342,-1,2493,2354,2492,-1,2492,2354,2343,-1,2493,2331,2354,-1,2354,2331,2330,-1,2494,2340,2331,-1,2331,2340,2333,-1,2338,2339,2336,-1,2336,2339,2340,-1,2336,2340,2337,-1,2337,2340,2494,-1,2337,2494,2398,-1,2398,2494,2495,-1,2496,2392,2394,-1,2496,2394,2497,-1,2497,2394,2393,-1,2497,2393,2498,-1,2498,2393,2391,-1,2498,2391,2499,-1,2499,2391,2390,-1,2499,2390,2500,-1,2500,2390,2399,-1,2500,2399,2501,-1,2501,2399,2398,-1,2501,2398,2495,-1,2353,2392,2502,-1,2502,2392,2496,-1,2353,2502,2355,-1,2355,2502,2503,-1,2355,2503,2356,-1,2356,2503,2504,-1,2356,2504,2346,-1,2346,2504,2505,-1,2346,2505,2347,-1,2347,2505,2506,-1,2347,2506,2349,-1,2349,2506,2507,-1,2349,2507,2351,-1,2351,2507,2508,-1,2358,2351,2509,-1,2509,2351,2508,-1,2510,2359,2361,-1,2510,2361,2511,-1,2511,2361,2397,-1,2511,2397,2512,-1,2512,2397,2396,-1,2512,2396,2513,-1,2513,2396,2395,-1,2513,2395,2514,-1,2514,2395,2360,-1,2514,2360,2515,-1,2515,2360,2358,-1,2515,2358,2509,-1,2516,2362,2510,-1,2510,2362,2359,-1,2517,2350,2363,-1,2517,2363,2518,-1,2518,2363,2366,-1,2518,2366,2519,-1,2519,2366,2365,-1,2519,2365,2520,-1,2520,2365,2364,-1,2520,2364,2521,-1,2521,2364,2383,-1,2521,2383,2522,-1,2522,2383,2362,-1,2522,2362,2516,-1,2523,2348,2517,-1,2517,2348,2350,-1,2524,2357,2523,-1,2523,2357,2348,-1,2524,2525,2357,-1,2357,2525,2344,-1,2344,2525,2345,-1,2345,2525,2526,-1,2345,2526,2367,-1,2367,2526,2527,-1,2367,2527,2368,-1,2368,2527,2528,-1,2368,2528,2381,-1,2381,2528,2529,-1,2381,2529,2371,-1,2371,2529,2530,-1,2371,2530,2387,-1,2387,2530,2531,-1,2409,2414,2408,-1,2408,2414,2415,-1,2408,2415,2407,-1,2407,2415,2416,-1,2407,2416,2406,-1,2406,2416,2417,-1,2406,2417,2405,-1,2405,2417,2418,-1,2405,2418,2404,-1,2404,2418,2419,-1,2404,2419,2403,-1,2403,2419,2420,-1,2403,2420,2458,-1,2458,2420,2421,-1,2458,2421,2532,-1,2532,2421,2431,-1,2532,2431,2533,-1,2533,2431,2429,-1,2533,2429,2534,-1,2534,2429,2427,-1,2534,2427,2535,-1,2535,2427,2425,-1,2535,2425,2536,-1,2536,2425,2388,-1,2536,2388,2531,-1,2531,2388,2387,-1,2268,2458,2450,-1,2450,2458,2447,-1,2451,2449,2532,-1,2449,2448,2532,-1,2532,2448,2443,-1,2532,2443,2458,-1,2458,2443,2446,-1,2458,2446,2447,-1,2532,2533,2451,-1,2451,2533,2534,-1,2451,2534,2452,-1,2452,2534,2535,-1,2457,2456,2536,-1,2536,2456,2454,-1,2536,2454,2535,-1,2535,2454,2453,-1,2535,2453,2452,-1,2495,2494,2331,-1,2483,2482,2492,-1,2516,2510,2508,-1,2507,2506,2523,-1,2523,2506,2505,-1,2523,2505,2493,-1,2471,2465,2477,-1,2477,2465,2478,-1,2527,2526,2492,-1,2492,2526,2525,-1,2492,2525,2493,-1,2493,2525,2524,-1,2493,2524,2523,-1,2492,2491,2483,-1,2483,2491,2485,-1,2483,2485,2484,-1,2507,2523,2508,-1,2508,2523,2517,-1,2508,2517,2516,-1,2516,2517,2518,-1,2516,2518,2519,-1,2511,2515,2510,-1,2510,2515,2509,-1,2510,2509,2508,-1,2496,2495,2502,-1,2502,2495,2331,-1,2502,2331,2503,-1,2503,2331,2493,-1,2503,2493,2504,-1,2504,2493,2505,-1,2527,2492,2528,-1,2528,2492,2465,-1,2528,2465,2529,-1,2520,2521,2519,-1,2519,2521,2522,-1,2519,2522,2516,-1,2529,2465,2530,-1,2530,2465,2464,-1,2530,2464,2463,-1,2482,2481,2492,-1,2492,2481,2480,-1,2492,2480,2465,-1,2465,2480,2479,-1,2465,2479,2478,-1,2511,2512,2515,-1,2515,2512,2513,-1,2515,2513,2514,-1,2499,2496,2498,-1,2498,2496,2497,-1,2463,2462,2530,-1,2530,2462,2461,-1,2530,2461,2531,-1,2485,2486,2484,-1,2484,2486,2487,-1,2484,2487,2490,-1,2490,2487,2488,-1,2490,2488,2489,-1,2499,2500,2496,-1,2496,2500,2501,-1,2496,2501,2495,-1,2457,2536,2459,-1,2459,2536,2531,-1,2459,2531,2460,-1,2460,2531,2461,-1,2537,2538,2539,-1,2539,2538,2540,-1,2539,2540,2541,-1,2541,2540,2542,-1,2541,2542,2543,-1,2543,2542,2544,-1,2543,2544,2545,-1,2545,2544,2546,-1,2545,2546,2547,-1,2547,2546,2548,-1,2547,2548,2549,-1,2549,2548,2550,-1,2549,2550,2551,-1,2551,2550,2552,-1,2551,2552,2553,-1,2553,2552,2554,-1,2553,2554,2555,-1,2555,2554,2556,-1,2555,2556,2557,-1,2557,2556,2558,-1,2559,2560,2561,-1,2562,2563,2561,-1,2561,2563,2564,-1,2561,2564,2559,-1,2562,2565,2563,-1,2563,2565,2566,-1,2563,2566,2567,-1,2568,2567,2569,-1,2569,2567,2566,-1,2569,2566,2570,-1,2570,2566,2565,-1,2570,2565,2571,-1,2571,2565,2562,-1,2571,2562,2572,-1,2572,2562,2561,-1,2572,2561,2573,-1,2573,2561,2560,-1,2573,2560,2574,-1,2574,2560,2559,-1,2574,2559,2575,-1,2575,2559,2564,-1,2575,2564,2576,-1,2576,2564,2563,-1,2576,2563,2577,-1,2538,2537,2578,-1,2578,2537,2579,-1,2578,2580,2538,-1,2538,2580,2558,-1,2558,2556,2538,-1,2538,2556,2554,-1,2538,2554,2552,-1,2546,2544,2538,-1,2538,2544,2542,-1,2538,2542,2540,-1,2552,2550,2538,-1,2538,2550,2548,-1,2538,2548,2546,-1,2557,2558,2581,-1,2581,2558,2580,-1,2582,2583,2577,-1,2577,2583,2579,-1,2579,2537,2577,-1,2577,2537,2539,-1,2577,2539,2576,-1,2576,2539,2541,-1,2576,2541,2575,-1,2575,2541,2543,-1,2575,2543,2574,-1,2574,2543,2545,-1,2574,2545,2573,-1,2573,2545,2547,-1,2573,2547,2572,-1,2572,2547,2549,-1,2572,2549,2571,-1,2571,2549,2551,-1,2571,2551,2570,-1,2570,2551,2553,-1,2570,2553,2569,-1,2581,2584,2557,-1,2557,2584,2569,-1,2557,2569,2555,-1,2555,2569,2553,-1,2583,2582,2585,-1,2583,2585,2586,-1,2586,2585,2587,-1,2586,2587,2588,-1,2588,2587,2589,-1,2588,2589,2590,-1,2590,2589,2591,-1,2590,2591,2592,-1,2592,2591,2593,-1,2592,2593,2594,-1,2594,2593,2595,-1,2594,2595,2596,-1,2596,2595,2597,-1,2596,2597,2598,-1,2599,2600,2601,-1,2601,2600,2602,-1,2601,2602,2603,-1,2603,2602,2604,-1,2603,2604,2605,-1,2605,2604,2606,-1,2605,2606,2607,-1,2607,2606,2608,-1,2607,2608,2609,-1,2609,2608,2610,-1,2609,2610,2611,-1,2611,2610,2612,-1,2611,2612,2613,-1,2613,2612,2614,-1,2615,2600,2567,-1,2587,2585,2582,-1,2567,2568,2616,-1,2567,2600,2563,-1,2563,2600,2599,-1,2563,2599,2577,-1,2577,2599,2597,-1,2577,2597,2582,-1,2582,2597,2595,-1,2582,2595,2593,-1,2593,2591,2582,-1,2582,2591,2589,-1,2582,2589,2587,-1,2616,2617,2567,-1,2567,2617,2618,-1,2567,2618,2619,-1,2619,2620,2567,-1,2567,2620,2621,-1,2567,2621,2615,-1,2568,2569,2584,-1,2568,2584,2616,-1,2584,2622,2616,-1,2616,2622,2623,-1,2616,2623,2617,-1,2617,2623,2624,-1,2617,2624,2618,-1,2618,2624,2625,-1,2618,2625,2619,-1,2619,2625,2626,-1,2619,2626,2620,-1,2620,2626,2627,-1,2620,2627,2621,-1,2621,2627,2628,-1,2621,2628,2615,-1,2596,2598,2583,-1,2629,2580,2630,-1,2630,2580,2578,-1,2630,2578,2598,-1,2598,2578,2579,-1,2598,2579,2583,-1,2623,2622,2580,-1,2580,2622,2584,-1,2580,2584,2581,-1,2588,2590,2592,-1,2629,2628,2580,-1,2580,2628,2627,-1,2580,2627,2626,-1,2583,2586,2596,-1,2596,2586,2588,-1,2596,2588,2594,-1,2594,2588,2592,-1,2626,2625,2580,-1,2580,2625,2624,-1,2580,2624,2623,-1,2631,2632,2633,-1,2631,2633,2634,-1,2634,2633,2635,-1,2634,2635,2636,-1,2636,2635,2637,-1,2636,2637,2638,-1,2638,2637,2639,-1,2638,2639,2640,-1,2640,2639,2641,-1,2640,2641,2642,-1,2642,2641,2643,-1,2642,2643,2644,-1,2644,2643,2629,-1,2644,2629,2630,-1,2614,2645,2613,-1,2613,2645,2646,-1,2598,2597,2630,-1,2630,2597,2599,-1,2630,2599,2644,-1,2644,2599,2601,-1,2644,2601,2642,-1,2642,2601,2603,-1,2642,2603,2640,-1,2640,2603,2605,-1,2640,2605,2638,-1,2638,2605,2607,-1,2638,2607,2636,-1,2636,2607,2609,-1,2636,2609,2634,-1,2634,2609,2611,-1,2634,2611,2631,-1,2631,2611,2613,-1,2631,2613,2647,-1,2647,2613,2646,-1,2647,2646,2648,-1,2648,2646,2649,-1,2648,2649,2650,-1,2650,2649,2651,-1,2650,2651,2652,-1,2652,2651,2653,-1,2652,2653,2654,-1,2654,2653,2655,-1,2654,2655,2656,-1,2656,2655,2657,-1,2656,2657,2658,-1,2658,2657,2659,-1,2658,2659,2660,-1,2660,2659,2661,-1,2660,2661,2662,-1,2662,2661,2663,-1,2662,2663,2664,-1,2664,2663,2665,-1,2664,2665,2666,-1,2666,2665,2667,-1,2666,2667,2668,-1,2668,2667,2669,-1,2668,2669,2670,-1,2670,2669,2671,-1,2670,2671,2672,-1,2672,2671,2673,-1,2672,2673,2674,-1,2674,2673,2675,-1,2674,2675,2676,-1,2676,2675,2677,-1,2676,2677,2678,-1,2678,2677,2679,-1,2678,2679,2680,-1,2680,2679,2681,-1,2680,2681,2682,-1,2682,2681,2683,-1,2682,2683,2684,-1,2684,2683,2685,-1,2647,2686,2631,-1,2631,2686,2687,-1,2631,2687,2632,-1,2688,2689,2687,-1,2687,2689,2690,-1,2615,2628,2600,-1,2600,2628,2629,-1,2600,2629,2602,-1,2602,2629,2643,-1,2602,2643,2604,-1,2604,2643,2641,-1,2604,2641,2606,-1,2606,2641,2639,-1,2606,2639,2608,-1,2608,2639,2637,-1,2608,2637,2610,-1,2610,2637,2635,-1,2610,2635,2612,-1,2612,2635,2633,-1,2612,2633,2614,-1,2614,2633,2632,-1,2614,2632,2645,-1,2645,2632,2687,-1,2645,2687,2691,-1,2691,2687,2690,-1,2692,2663,2693,-1,2693,2663,2661,-1,2693,2661,2694,-1,2695,2696,2659,-1,2659,2696,2697,-1,2659,2697,2661,-1,2661,2697,2698,-1,2661,2698,2694,-1,2695,2659,2699,-1,2699,2659,2657,-1,2699,2657,2700,-1,2655,2701,2657,-1,2657,2701,2702,-1,2657,2702,2700,-1,2689,2688,2655,-1,2655,2688,2703,-1,2655,2703,2701,-1,2655,2653,2689,-1,2689,2653,2651,-1,2689,2651,2690,-1,2690,2651,2649,-1,2690,2649,2691,-1,2691,2649,2646,-1,2691,2646,2645,-1,2692,2704,2663,-1,2663,2704,2665,-1,2705,2673,2706,-1,2706,2673,2671,-1,2707,2708,2671,-1,2671,2708,2709,-1,2671,2709,2706,-1,2707,2671,2710,-1,2710,2671,2669,-1,2710,2669,2711,-1,2711,2669,2667,-1,2711,2667,2712,-1,2712,2667,2713,-1,2713,2667,2665,-1,2713,2665,2704,-1,2714,2715,2664,-1,2664,2715,2662,-1,2686,2647,2716,-1,2716,2647,2648,-1,2716,2648,2717,-1,2717,2648,2718,-1,2718,2648,2650,-1,2718,2650,2719,-1,2652,2720,2650,-1,2650,2720,2721,-1,2650,2721,2719,-1,2654,2722,2652,-1,2652,2722,2723,-1,2652,2723,2720,-1,2724,2725,2656,-1,2656,2725,2726,-1,2656,2726,2654,-1,2654,2726,2727,-1,2654,2727,2722,-1,2724,2656,2728,-1,2728,2656,2658,-1,2728,2658,2729,-1,2729,2658,2730,-1,2730,2658,2660,-1,2730,2660,2731,-1,2731,2660,2732,-1,2732,2660,2662,-1,2732,2662,2715,-1,2733,2734,2735,-1,2733,2735,2736,-1,2736,2735,2737,-1,2736,2737,2738,-1,2738,2737,2739,-1,2738,2739,2740,-1,2740,2739,2741,-1,2740,2741,2742,-1,2742,2741,2743,-1,2742,2743,2744,-1,2744,2743,2745,-1,2744,2745,2746,-1,2746,2745,2747,-1,2747,2745,2748,-1,2681,2679,2749,-1,2749,2750,2681,-1,2681,2750,2751,-1,2681,2751,2683,-1,2683,2751,2752,-1,2683,2752,2753,-1,2754,2755,2677,-1,2755,2756,2677,-1,2677,2756,2757,-1,2677,2757,2679,-1,2679,2757,2758,-1,2679,2758,2749,-1,2677,2675,2754,-1,2754,2675,2673,-1,2754,2673,2705,-1,2759,2707,2760,-1,2760,2707,2710,-1,2760,2710,2761,-1,2688,2687,2686,-1,2686,2716,2688,-1,2688,2716,2717,-1,2688,2717,2718,-1,2718,2719,2688,-1,2688,2719,2721,-1,2688,2721,2720,-1,2762,2763,2764,-1,2764,2763,2753,-1,2764,2753,2765,-1,2753,2752,2765,-1,2765,2752,2751,-1,2765,2751,2766,-1,2766,2751,2750,-1,2766,2750,2767,-1,2767,2750,2749,-1,2767,2749,2768,-1,2768,2749,2758,-1,2768,2758,2769,-1,2769,2758,2757,-1,2769,2757,2770,-1,2770,2757,2756,-1,2770,2756,2771,-1,2771,2756,2755,-1,2771,2755,2772,-1,2772,2755,2754,-1,2772,2754,2773,-1,2754,2705,2773,-1,2773,2705,2706,-1,2773,2706,2774,-1,2774,2706,2709,-1,2774,2709,2759,-1,2759,2709,2708,-1,2759,2708,2707,-1,2720,2723,2688,-1,2688,2723,2722,-1,2688,2722,2703,-1,2703,2722,2727,-1,2703,2727,2701,-1,2701,2727,2726,-1,2701,2726,2702,-1,2702,2726,2725,-1,2710,2711,2761,-1,2761,2711,2712,-1,2761,2712,2775,-1,2775,2712,2713,-1,2775,2713,2714,-1,2714,2713,2704,-1,2714,2704,2715,-1,2715,2704,2692,-1,2715,2692,2732,-1,2732,2692,2693,-1,2732,2693,2731,-1,2693,2694,2731,-1,2731,2694,2698,-1,2731,2698,2730,-1,2730,2698,2697,-1,2730,2697,2729,-1,2729,2697,2696,-1,2729,2696,2728,-1,2728,2696,2695,-1,2728,2695,2724,-1,2724,2695,2699,-1,2724,2699,2725,-1,2725,2699,2700,-1,2725,2700,2702,-1,2776,2777,2778,-1,2778,2777,2779,-1,2714,2664,2775,-1,2775,2664,2666,-1,2775,2666,2761,-1,2761,2666,2668,-1,2761,2668,2760,-1,2760,2668,2759,-1,2759,2668,2670,-1,2759,2670,2774,-1,2774,2670,2672,-1,2774,2672,2773,-1,2747,2748,2780,-1,2747,2780,2781,-1,2781,2780,2782,-1,2781,2782,2783,-1,2783,2782,2784,-1,2783,2784,2785,-1,2785,2784,2786,-1,2785,2786,2787,-1,2787,2786,2788,-1,2787,2788,2789,-1,2789,2788,2790,-1,2789,2790,2791,-1,2735,2734,2745,-1,2745,2734,2792,-1,2745,2792,2748,-1,2741,2739,2737,-1,2792,2793,2748,-1,2748,2793,2790,-1,2748,2790,2780,-1,2780,2790,2788,-1,2788,2786,2780,-1,2780,2786,2784,-1,2780,2784,2782,-1,2735,2745,2737,-1,2737,2745,2743,-1,2737,2743,2741,-1,2794,2795,2796,-1,2794,2796,2797,-1,2798,2799,2800,-1,2798,2800,2801,-1,2799,2802,2800,-1,2800,2802,2803,-1,2800,2803,2796,-1,2796,2803,2804,-1,2796,2804,2797,-1,2805,2806,2807,-1,2807,2806,2808,-1,2807,2808,2809,-1,2805,2810,2806,-1,2806,2810,2811,-1,2806,2811,2800,-1,2800,2811,2812,-1,2800,2812,2801,-1,2809,2808,2813,-1,2813,2808,2814,-1,2813,2814,2815,-1,2815,2814,2816,-1,2815,2816,2817,-1,2817,2816,2818,-1,2817,2818,2819,-1,2819,2818,2793,-1,2819,2793,2792,-1,2820,2809,2821,-1,2821,2809,2813,-1,2821,2813,2822,-1,2822,2813,2815,-1,2822,2815,2823,-1,2823,2815,2817,-1,2823,2817,2824,-1,2824,2817,2819,-1,2824,2819,2825,-1,2825,2819,2792,-1,2825,2792,2733,-1,2733,2792,2734,-1,2738,2740,2742,-1,2787,2781,2785,-1,2785,2781,2783,-1,2787,2789,2781,-1,2781,2789,2791,-1,2781,2791,2747,-1,2747,2791,2826,-1,2747,2826,2746,-1,2746,2826,2825,-1,2746,2825,2733,-1,2733,2736,2746,-1,2746,2736,2738,-1,2746,2738,2744,-1,2744,2738,2742,-1,2827,2828,2829,-1,2830,2795,2831,-1,2831,2795,2794,-1,2831,2794,2832,-1,2794,2797,2832,-1,2832,2797,2804,-1,2832,2804,2833,-1,2833,2804,2803,-1,2833,2803,2834,-1,2803,2802,2834,-1,2834,2802,2799,-1,2834,2799,2835,-1,2827,2829,2836,-1,2836,2829,2837,-1,2836,2837,2838,-1,2839,2840,2833,-1,2840,2828,2833,-1,2833,2828,2827,-1,2833,2827,2832,-1,2832,2827,2836,-1,2832,2836,2831,-1,2831,2836,2838,-1,2831,2838,2830,-1,2841,2842,2811,-1,2811,2842,2812,-1,2843,2844,2845,-1,2845,2844,2846,-1,2845,2846,2835,-1,2835,2846,2847,-1,2835,2847,2834,-1,2834,2847,2848,-1,2834,2848,2833,-1,2833,2848,2849,-1,2833,2849,2839,-1,2842,2843,2812,-1,2812,2843,2845,-1,2812,2845,2801,-1,2801,2845,2835,-1,2801,2835,2798,-1,2798,2835,2799,-1,2807,2809,2820,-1,2811,2810,2841,-1,2841,2810,2805,-1,2841,2805,2850,-1,2850,2805,2807,-1,2850,2807,2851,-1,2851,2807,2820,-1,2852,2853,2854,-1,2855,2856,2857,-1,2795,2858,2859,-1,2860,2861,2862,-1,2863,2864,2865,-1,2865,2864,2854,-1,2865,2854,2866,-1,2866,2854,2867,-1,2857,2856,2868,-1,2868,2856,2869,-1,2868,2869,2870,-1,2857,2871,2855,-1,2855,2871,2872,-1,2855,2872,2873,-1,2873,2872,2863,-1,2874,2875,2876,-1,2853,2877,2854,-1,2854,2877,2878,-1,2854,2878,2867,-1,2870,2879,2868,-1,2868,2879,2880,-1,2868,2880,2881,-1,2882,2883,2884,-1,2872,2885,2863,-1,2863,2885,2886,-1,2863,2886,2864,-1,2864,2886,2887,-1,2887,2888,2864,-1,2864,2888,2889,-1,2864,2889,2890,-1,2891,2892,2893,-1,2893,2892,2894,-1,2893,2894,2895,-1,2895,2894,2884,-1,2895,2884,2896,-1,2896,2884,2883,-1,2897,2898,2899,-1,2900,2901,2899,-1,2899,2901,2902,-1,2899,2902,2903,-1,2904,2905,2906,-1,2859,2907,2795,-1,2795,2907,2908,-1,2795,2908,2796,-1,2796,2908,2909,-1,2796,2909,2910,-1,2891,2911,2892,-1,2892,2911,2912,-1,2892,2912,2913,-1,2913,2912,2864,-1,2913,2864,2862,-1,2862,2864,2890,-1,2862,2890,2860,-1,2875,2874,2884,-1,2884,2874,2914,-1,2884,2914,2882,-1,2852,2854,2899,-1,2899,2854,2915,-1,2899,2915,2897,-1,2858,2795,2916,-1,2916,2795,2917,-1,2916,2917,2906,-1,2906,2917,2918,-1,2906,2918,2904,-1,2685,2683,2753,-1,2919,2920,2921,-1,2861,2922,2862,-1,2862,2922,2923,-1,2862,2923,2924,-1,2924,2923,2685,-1,2924,2685,2763,-1,2763,2685,2753,-1,2898,2925,2899,-1,2899,2925,2926,-1,2899,2926,2927,-1,2909,2928,2910,-1,2910,2928,2919,-1,2910,2919,2929,-1,2929,2919,2921,-1,2927,2874,2899,-1,2899,2874,2876,-1,2899,2876,2900,-1,2900,2876,2906,-1,2900,2906,2930,-1,2930,2906,2905,-1,2931,2932,2933,-1,2931,2933,2934,-1,2934,2933,2854,-1,2934,2854,2864,-1,2935,2936,2937,-1,2935,2937,2938,-1,2938,2937,2939,-1,2938,2939,2940,-1,2940,2939,2941,-1,2940,2941,2942,-1,2942,2941,2943,-1,2942,2943,2944,-1,2944,2943,2945,-1,2944,2945,2946,-1,2946,2945,2777,-1,2946,2777,2776,-1,2778,2779,2947,-1,2778,2947,2948,-1,2948,2947,2949,-1,2948,2949,2950,-1,2950,2949,2951,-1,2950,2951,2952,-1,2952,2951,2953,-1,2952,2953,2954,-1,2954,2953,2955,-1,2954,2955,2956,-1,2956,2955,2957,-1,2956,2957,2958,-1,2958,2957,2959,-1,2958,2959,2960,-1,2946,2776,2935,-1,2935,2776,2961,-1,2961,2776,2962,-1,2962,2776,2778,-1,2962,2778,2960,-1,2960,2778,2948,-1,2960,2948,2958,-1,2950,2952,2954,-1,2935,2938,2946,-1,2946,2938,2940,-1,2946,2940,2944,-1,2944,2940,2942,-1,2950,2954,2948,-1,2948,2954,2956,-1,2948,2956,2958,-1,2961,2962,2963,-1,2963,2962,2964,-1,2963,2964,2965,-1,2965,2964,2966,-1,2965,2966,2967,-1,2967,2966,2968,-1,2967,2968,2931,-1,2931,2968,2932,-1,2969,2970,2971,-1,2971,2970,2972,-1,2969,2971,2973,-1,2969,2973,2974,-1,2974,2973,2975,-1,2974,2975,2976,-1,2957,2947,2959,-1,2959,2947,2779,-1,2959,2779,2975,-1,2975,2779,2936,-1,2975,2936,2976,-1,2779,2777,2936,-1,2936,2777,2945,-1,2936,2945,2943,-1,2957,2955,2947,-1,2947,2955,2953,-1,2947,2953,2949,-1,2949,2953,2951,-1,2943,2941,2936,-1,2936,2941,2939,-1,2936,2939,2937,-1,2899,2903,2977,-1,2977,2903,2978,-1,2977,2979,2899,-1,2899,2979,2852,-1,2980,2853,2979,-1,2979,2853,2852,-1,2853,2980,2981,-1,2853,2981,2877,-1,2877,2981,2982,-1,2877,2982,2878,-1,2878,2982,2983,-1,2878,2983,2867,-1,2867,2983,2984,-1,2867,2984,2866,-1,2866,2984,2985,-1,2866,2985,2865,-1,2865,2985,2863,-1,2863,2985,2986,-1,2863,2986,2873,-1,2873,2986,2987,-1,2855,2873,2988,-1,2988,2873,2987,-1,2856,2855,2989,-1,2989,2855,2988,-1,2990,2879,2870,-1,2990,2870,2991,-1,2991,2870,2869,-1,2991,2869,2992,-1,2992,2869,2856,-1,2992,2856,2989,-1,2880,2879,2993,-1,2993,2879,2990,-1,2881,2880,2994,-1,2994,2880,2993,-1,2868,2881,2995,-1,2995,2881,2994,-1,2684,2685,2996,-1,2996,2685,2923,-1,2996,2923,2997,-1,2997,2923,2922,-1,2997,2922,2998,-1,2998,2922,2861,-1,2998,2861,2999,-1,2999,2861,2860,-1,2999,2860,3000,-1,3000,2860,2890,-1,3000,2890,3001,-1,3001,2890,2889,-1,3001,2889,3002,-1,3002,2889,2888,-1,3002,2888,3003,-1,3003,2888,2887,-1,3003,2887,3004,-1,3004,2887,2886,-1,3004,2886,3005,-1,3005,2886,2885,-1,3005,2885,3006,-1,3006,2885,2872,-1,3006,2872,3007,-1,3007,2872,2871,-1,3007,2871,3008,-1,3008,2871,2857,-1,3008,2857,2995,-1,2995,2857,2868,-1,2772,2773,2672,-1,2772,2672,2771,-1,2771,2672,2674,-1,2771,2674,2770,-1,2770,2674,2769,-1,2769,2674,2676,-1,2769,2676,2768,-1,2768,2676,2678,-1,2768,2678,2767,-1,2767,2678,2766,-1,2766,2678,2680,-1,2766,2680,2765,-1,2765,2680,2682,-1,2765,2682,2764,-1,3009,2908,3010,-1,3010,2908,2907,-1,3010,2907,3011,-1,3011,2907,2859,-1,3011,2859,3012,-1,3012,2859,2858,-1,3012,2858,3013,-1,3013,2858,2916,-1,3013,2916,3014,-1,3014,2916,2906,-1,3014,2906,3015,-1,3015,2906,2876,-1,3015,2876,3016,-1,3016,2876,2875,-1,3016,2875,3017,-1,3017,2875,2884,-1,3017,2884,3018,-1,3018,2884,2894,-1,3018,2894,3019,-1,3019,2894,2892,-1,3019,2892,3020,-1,3020,2892,2913,-1,3020,2913,3021,-1,3021,2913,2862,-1,3021,2862,3022,-1,3022,2862,2924,-1,3022,2924,2762,-1,2762,2924,2763,-1,2909,2908,3023,-1,3023,2908,3009,-1,3024,2910,2929,-1,3024,2929,3025,-1,3025,2929,2921,-1,3025,2921,3026,-1,3026,2921,2920,-1,3026,2920,3027,-1,3027,2920,2919,-1,3027,2919,3028,-1,3028,2919,2928,-1,3028,2928,3029,-1,3029,2928,2909,-1,3029,2909,3023,-1,2791,2790,2826,-1,2826,2790,2793,-1,2826,2793,3030,-1,3030,2793,2818,-1,3030,2818,3031,-1,3031,2818,2816,-1,3031,2816,3032,-1,3032,2816,2814,-1,3032,2814,3033,-1,3033,2814,2808,-1,3033,2808,3034,-1,3034,2808,2806,-1,3034,2806,3035,-1,3035,2806,2800,-1,3035,2800,3036,-1,3036,2800,2796,-1,3036,2796,3024,-1,3024,2796,2910,-1,2850,2851,3033,-1,2850,3033,2841,-1,2825,2826,2824,-1,2824,2826,3030,-1,2824,3030,2823,-1,2823,3030,3031,-1,2823,3031,2822,-1,2822,3031,3032,-1,2822,3032,2821,-1,2821,3032,3033,-1,2821,3033,2820,-1,2820,3033,2851,-1,2849,2848,3035,-1,3035,2848,2847,-1,3035,2847,3034,-1,3034,2847,2846,-1,2846,2844,3034,-1,3034,2844,2843,-1,3034,2843,3033,-1,3033,2843,2842,-1,3033,2842,2841,-1,3036,2837,2829,-1,2829,2828,3036,-1,3036,2828,2840,-1,3036,2840,3035,-1,3035,2840,2839,-1,3035,2839,2849,-1,2795,2830,3037,-1,3037,2830,2838,-1,3037,2838,2837,-1,3038,2902,3039,-1,3039,2902,2901,-1,3039,2901,3040,-1,3040,2901,2900,-1,3040,2900,3041,-1,3041,2900,2930,-1,3041,2930,3042,-1,3042,2930,2905,-1,3042,2905,3043,-1,3043,2905,2904,-1,3043,2904,3044,-1,3044,2904,2918,-1,3044,2918,3037,-1,3037,2918,2917,-1,3037,2917,2795,-1,2978,2903,3038,-1,3038,2903,2902,-1,2968,3045,2932,-1,2932,3045,2915,-1,2932,2915,2933,-1,2933,2915,2854,-1,3046,2914,3047,-1,3047,2914,2874,-1,3047,2874,3048,-1,3048,2874,2927,-1,3048,2927,3049,-1,3049,2927,2926,-1,3049,2926,3050,-1,3050,2926,2925,-1,3050,2925,3051,-1,3051,2925,2898,-1,3051,2898,3052,-1,3052,2898,2897,-1,3052,2897,3045,-1,3045,2897,2915,-1,3053,2882,3046,-1,3046,2882,2914,-1,3054,2912,3055,-1,3055,2912,2911,-1,3055,2911,3056,-1,3056,2911,2891,-1,3056,2891,3057,-1,3057,2891,2893,-1,3057,2893,3058,-1,3058,2893,2895,-1,3058,2895,3059,-1,3059,2895,2896,-1,3059,2896,3060,-1,3060,2896,2883,-1,3060,2883,3053,-1,3053,2883,2882,-1,2934,2864,2912,-1,3054,2967,2912,-1,2912,2967,2931,-1,2912,2931,2934,-1,2936,2935,2976,-1,2976,2935,2961,-1,2976,2961,2974,-1,2974,2961,2963,-1,2974,2963,2969,-1,2969,2963,2965,-1,2969,2965,2970,-1,2970,2965,2967,-1,2970,2967,3061,-1,3061,2967,3062,-1,3062,3063,3061,-1,3061,3063,3064,-1,3061,3064,2970,-1,2970,3064,2972,-1,3064,3063,2968,-1,2960,2959,2962,-1,2962,2959,2975,-1,2962,2975,2964,-1,2964,2975,2973,-1,2964,2973,2966,-1,2966,2973,2971,-1,2966,2971,2968,-1,2968,2971,2972,-1,2968,2972,3064,-1,2986,2990,2991,-1,2988,2987,2989,-1,2989,2987,2986,-1,2989,2986,2992,-1,2992,2986,2991,-1,2985,2984,3063,-1,3063,2984,2983,-1,3063,2983,2982,-1,3006,3007,2990,-1,3009,3010,2837,-1,3021,3062,3020,-1,3020,3062,2967,-1,3020,2967,3019,-1,3019,2967,3054,-1,3021,2998,2999,-1,3001,3002,3062,-1,2985,3063,2986,-1,2986,3063,3062,-1,2986,3062,2990,-1,2990,3062,3005,-1,2990,3005,3006,-1,2837,3036,3024,-1,2978,3038,2977,-1,2977,3038,3039,-1,2977,3039,3040,-1,2977,3050,3051,-1,3017,3059,3060,-1,2994,2993,2995,-1,2995,2993,2990,-1,2995,2990,3008,-1,3008,2990,3007,-1,3010,3011,2837,-1,2837,3011,3012,-1,2837,3012,3037,-1,3037,3012,3013,-1,3037,3013,3044,-1,3044,3013,3014,-1,3044,3014,3043,-1,3043,3014,3042,-1,3047,3048,2977,-1,2977,3048,3049,-1,2977,3049,3050,-1,3054,3055,3019,-1,3019,3055,3056,-1,3019,3056,3018,-1,3018,3056,3057,-1,3018,3057,3017,-1,3017,3057,3058,-1,3017,3058,3059,-1,3060,3053,3017,-1,3017,3053,3046,-1,3017,3046,3016,-1,3002,3003,3062,-1,3062,3003,3004,-1,3062,3004,3005,-1,3009,2837,3023,-1,3023,2837,3024,-1,3023,3024,3029,-1,3021,2999,3062,-1,3062,2999,3000,-1,3062,3000,3001,-1,3024,3025,3026,-1,3046,3047,3016,-1,3016,3047,2977,-1,3016,2977,3015,-1,3015,2977,3040,-1,3015,3040,3014,-1,3014,3040,3041,-1,3014,3041,3042,-1,2764,2682,2762,-1,2762,2682,2684,-1,2762,2684,3022,-1,3022,2684,2996,-1,3022,2996,3021,-1,3021,2996,2997,-1,3021,2997,2998,-1,3026,3027,3024,-1,3024,3027,3028,-1,3024,3028,3029,-1,2982,2981,3063,-1,3063,2981,2980,-1,3063,2980,2968,-1,2968,2980,2979,-1,2968,2979,3045,-1,3045,2979,2977,-1,3045,2977,3052,-1,3052,2977,3051,-1,3065,3066,3067,-1,3067,3066,3068,-1,3067,3068,3069,-1,3069,3068,3070,-1,3069,3070,3071,-1,3071,3070,3072,-1,3071,3072,3073,-1,3073,3072,3074,-1,3073,3074,3075,-1,3075,3074,3076,-1,3075,3076,3077,-1,3077,3076,3078,-1,3079,3080,3081,-1,3081,3080,3082,-1,3082,3080,3083,-1,3082,3083,3084,-1,3084,3083,3085,-1,3084,3085,3086,-1,3086,3085,3087,-1,3086,3087,3088,-1,3088,3087,3089,-1,3088,3089,3090,-1,3090,3089,3091,-1,3090,3091,3092,-1,3092,3091,3093,-1,3092,3093,3094,-1,3093,3095,3094,-1,3094,3095,3096,-1,3096,3095,3097,-1,3097,3095,3098,-1,3097,3098,3099,-1,3099,3098,3100,-1,3101,3102,3103,-1,3103,3102,3104,-1,3103,3104,3105,-1,3105,3104,3106,-1,3105,3106,3081,-1,3081,3106,3079,-1,3107,3108,3109,-1,3109,3108,3110,-1,3111,3112,3113,-1,3111,3113,3114,-1,3114,3113,3115,-1,3114,3115,3116,-1,3116,3115,3117,-1,3116,3117,3118,-1,3118,3117,3119,-1,3118,3119,3120,-1,3120,3119,3121,-1,3120,3121,3122,-1,3122,3121,3123,-1,3122,3123,3124,-1,3124,3123,3109,-1,3124,3109,3110,-1,3108,3107,3125,-1,3108,3125,3126,-1,3126,3125,3127,-1,3126,3127,3128,-1,3128,3127,3129,-1,3128,3129,3130,-1,3130,3129,3131,-1,3130,3131,3132,-1,3132,3131,3133,-1,3132,3133,3134,-1,3134,3133,3135,-1,3134,3135,3136,-1,3136,3135,3137,-1,3136,3137,3138,-1,3112,3139,3109,-1,3109,3139,3107,-1,3107,3139,3140,-1,3107,3140,3137,-1,3123,3115,3109,-1,3109,3115,3113,-1,3109,3113,3112,-1,3123,3121,3115,-1,3115,3121,3119,-1,3115,3119,3117,-1,3137,3135,3107,-1,3107,3135,3133,-1,3107,3133,3131,-1,3131,3129,3107,-1,3107,3129,3127,-1,3107,3127,3125,-1,3140,3139,3141,-1,3140,3141,3142,-1,3142,3141,3143,-1,3142,3143,3144,-1,3144,3143,3145,-1,3144,3145,3146,-1,3146,3145,3147,-1,3146,3147,3148,-1,3148,3147,3149,-1,3148,3149,3150,-1,3150,3149,3151,-1,3150,3151,3152,-1,3153,3154,3155,-1,3152,3151,3156,-1,3156,3151,3157,-1,3156,3157,3155,-1,3155,3157,3158,-1,3155,3158,3153,-1,3159,3160,3161,-1,3161,3160,3162,-1,3161,3162,3163,-1,3154,3153,3163,-1,3163,3153,3164,-1,3163,3164,3161,-1,3165,3166,3161,-1,3161,3166,3167,-1,3161,3167,3159,-1,3165,3168,3166,-1,3166,3168,3169,-1,3166,3169,3170,-1,3171,3066,3172,-1,3172,3066,3065,-1,3171,3173,3174,-1,3174,3100,3098,-1,3080,3079,3175,-1,3079,3106,3175,-1,3175,3106,3104,-1,3175,3104,3102,-1,3085,3083,3080,-1,3175,3176,3177,-1,3175,3078,3089,-1,3089,3078,3076,-1,3089,3076,3074,-1,3098,3095,3174,-1,3174,3095,3093,-1,3174,3093,3171,-1,3175,3089,3080,-1,3080,3089,3087,-1,3080,3087,3085,-1,3177,3178,3175,-1,3175,3178,3179,-1,3175,3179,3078,-1,3074,3072,3089,-1,3089,3072,3070,-1,3089,3070,3091,-1,3091,3070,3068,-1,3091,3068,3093,-1,3093,3068,3066,-1,3093,3066,3171,-1,3078,3179,3077,-1,3077,3179,3180,-1,3181,3182,3183,-1,3094,3096,3184,-1,3184,3096,3097,-1,3184,3097,3099,-1,3183,3101,3103,-1,3069,3071,3090,-1,3090,3071,3073,-1,3181,3183,3185,-1,3073,3075,3090,-1,3090,3075,3077,-1,3090,3077,3183,-1,3183,3077,3180,-1,3183,3180,3185,-1,3103,3105,3183,-1,3183,3105,3081,-1,3183,3081,3090,-1,3090,3081,3082,-1,3084,3086,3082,-1,3082,3086,3088,-1,3082,3088,3090,-1,3069,3090,3067,-1,3067,3090,3092,-1,3067,3092,3065,-1,3065,3092,3094,-1,3065,3094,3172,-1,3172,3094,3184,-1,3172,3184,3186,-1,3187,3188,3189,-1,3190,3191,3099,-1,3099,3191,3192,-1,3099,3192,3184,-1,3101,3193,3194,-1,3183,3195,3101,-1,3101,3195,3196,-1,3101,3196,3193,-1,3187,3197,3198,-1,3198,3197,3199,-1,3198,3199,3200,-1,3189,3188,3099,-1,3099,3188,3201,-1,3099,3201,3190,-1,3202,3102,3203,-1,3203,3102,3101,-1,3203,3101,3204,-1,3204,3101,3194,-1,3204,3194,3205,-1,3189,3206,3187,-1,3187,3206,3207,-1,3187,3207,3208,-1,3100,3209,3210,-1,3210,3211,3100,-1,3100,3211,3212,-1,3100,3212,3099,-1,3099,3212,3213,-1,3099,3213,3189,-1,3205,3214,3204,-1,3204,3214,3215,-1,3204,3215,3216,-1,3208,3217,3187,-1,3187,3217,3218,-1,3187,3218,3197,-1,3199,3219,3220,-1,3174,3221,3100,-1,3100,3221,3222,-1,3202,3223,3224,-1,3225,3226,3227,-1,3220,3228,3199,-1,3199,3228,3229,-1,3199,3229,3200,-1,3230,3231,3102,-1,3231,3232,3102,-1,3102,3232,3233,-1,3102,3233,3234,-1,3222,3235,3100,-1,3100,3235,3236,-1,3100,3236,3209,-1,3209,3236,3237,-1,3209,3237,3238,-1,3239,3240,3215,-1,3234,3241,3102,-1,3102,3241,3242,-1,3102,3242,3175,-1,3243,3244,3245,-1,3246,3247,3248,-1,3248,3247,3249,-1,3248,3249,3250,-1,3250,3249,3251,-1,3252,3253,3254,-1,3254,3253,3255,-1,3255,3256,3254,-1,3254,3256,3257,-1,3254,3257,3258,-1,3252,3254,3215,-1,3215,3254,3259,-1,3215,3259,3239,-1,3240,3260,3215,-1,3215,3260,3261,-1,3215,3261,3216,-1,3226,3225,3262,-1,3263,3264,3227,-1,3227,3264,3265,-1,3266,3267,3268,-1,3268,3267,3269,-1,3251,3270,3250,-1,3250,3270,3271,-1,3250,3271,3272,-1,3224,3273,3202,-1,3202,3273,3274,-1,3202,3274,3102,-1,3102,3274,3262,-1,3102,3262,3230,-1,3230,3262,3225,-1,3271,3275,3272,-1,3272,3275,3276,-1,3272,3276,3267,-1,3267,3276,3277,-1,3267,3277,3269,-1,3278,3279,3280,-1,3265,3281,3227,-1,3227,3281,3282,-1,3227,3282,3225,-1,3243,3245,3280,-1,3280,3245,3283,-1,3280,3283,3278,-1,3243,3267,3244,-1,3244,3267,3266,-1,3244,3266,3284,-1,3284,3266,3285,-1,3284,3285,3237,-1,3237,3285,3286,-1,3237,3286,3238,-1,3263,3227,3287,-1,3287,3227,3288,-1,3287,3288,3289,-1,3279,3290,3280,-1,3280,3290,3291,-1,3280,3291,3292,-1,3292,3291,3293,-1,3292,3293,3170,-1,3170,3293,3289,-1,3170,3289,3166,-1,3166,3289,3288,-1,3112,3111,3139,-1,3139,3111,3294,-1,3139,3294,3141,-1,3141,3294,3295,-1,3141,3295,3143,-1,3143,3295,3296,-1,3157,3151,3297,-1,3297,3151,3149,-1,3297,3149,3298,-1,3298,3149,3147,-1,3298,3147,3296,-1,3296,3147,3145,-1,3296,3145,3143,-1,3136,3138,3108,-1,3108,3138,3299,-1,3108,3299,3110,-1,3110,3299,3294,-1,3110,3294,3111,-1,3122,3116,3120,-1,3120,3116,3118,-1,3111,3114,3110,-1,3110,3114,3116,-1,3110,3116,3124,-1,3124,3116,3122,-1,3130,3108,3128,-1,3128,3108,3126,-1,3130,3132,3108,-1,3108,3132,3134,-1,3108,3134,3136,-1,3300,3144,3301,-1,3301,3144,3146,-1,3301,3146,3302,-1,3146,3148,3302,-1,3302,3148,3150,-1,3302,3150,3303,-1,3303,3150,3152,-1,3303,3152,3156,-1,3138,3137,3299,-1,3299,3137,3140,-1,3299,3140,3300,-1,3300,3140,3142,-1,3300,3142,3144,-1,3304,3303,3156,-1,3304,3156,3305,-1,3305,3156,3155,-1,3305,3155,3306,-1,3306,3155,3154,-1,3306,3154,3307,-1,3307,3154,3163,-1,3307,3163,3308,-1,3308,3163,3162,-1,3308,3162,3309,-1,3309,3162,3160,-1,3309,3160,3310,-1,3310,3160,3159,-1,3310,3159,3311,-1,3311,3159,3167,-1,3311,3167,3312,-1,3312,3167,3166,-1,3312,3166,3313,-1,3297,3314,3157,-1,3157,3314,3315,-1,3157,3315,3158,-1,3158,3315,3316,-1,3158,3316,3153,-1,3153,3316,3317,-1,3153,3317,3164,-1,3164,3317,3318,-1,3164,3318,3161,-1,3318,3319,3161,-1,3161,3319,3320,-1,3161,3320,3165,-1,3165,3320,3321,-1,3165,3321,3168,-1,3168,3321,3322,-1,3168,3322,3169,-1,3169,3322,3323,-1,3169,3323,3170,-1,3324,3271,3270,-1,3324,3270,3325,-1,3325,3270,3251,-1,3325,3251,3326,-1,3326,3251,3249,-1,3326,3249,3327,-1,3328,3238,3329,-1,3329,3238,3286,-1,3329,3286,3330,-1,3330,3286,3285,-1,3330,3285,3331,-1,3331,3285,3266,-1,3331,3266,3332,-1,3332,3266,3268,-1,3332,3268,3333,-1,3333,3268,3269,-1,3333,3269,3334,-1,3334,3269,3277,-1,3334,3277,3335,-1,3335,3277,3276,-1,3335,3276,3336,-1,3336,3276,3275,-1,3336,3275,3324,-1,3324,3275,3271,-1,3238,3328,3209,-1,3209,3328,3337,-1,3210,3209,3338,-1,3338,3209,3337,-1,3211,3210,3339,-1,3339,3210,3338,-1,3340,3212,3339,-1,3339,3212,3211,-1,3212,3340,3213,-1,3213,3340,3341,-1,3342,3189,3341,-1,3341,3189,3213,-1,3189,3342,3343,-1,3189,3343,3206,-1,3206,3343,3344,-1,3206,3344,3207,-1,3207,3344,3345,-1,3207,3345,3208,-1,3208,3345,3346,-1,3208,3346,3217,-1,3217,3346,3347,-1,3217,3347,3218,-1,3218,3347,3348,-1,3218,3348,3197,-1,3349,3199,3348,-1,3348,3199,3197,-1,3350,3198,3200,-1,3350,3200,3351,-1,3351,3200,3229,-1,3351,3229,3352,-1,3352,3229,3228,-1,3352,3228,3353,-1,3353,3228,3220,-1,3353,3220,3354,-1,3354,3220,3219,-1,3354,3219,3355,-1,3355,3219,3199,-1,3355,3199,3349,-1,3198,3350,3187,-1,3187,3350,3356,-1,3186,3184,3357,-1,3357,3184,3192,-1,3357,3192,3358,-1,3358,3192,3359,-1,3359,3192,3191,-1,3359,3191,3360,-1,3360,3191,3361,-1,3361,3191,3190,-1,3361,3190,3362,-1,3362,3190,3363,-1,3363,3190,3201,-1,3363,3201,3364,-1,3364,3201,3365,-1,3365,3201,3188,-1,3365,3188,3366,-1,3366,3188,3367,-1,3367,3188,3187,-1,3367,3187,3356,-1,3171,3172,3173,-1,3173,3172,3186,-1,3173,3186,3368,-1,3368,3186,3357,-1,3368,3357,3369,-1,3369,3357,3358,-1,3369,3358,3359,-1,3370,3371,3361,-1,3361,3371,3369,-1,3361,3369,3360,-1,3360,3369,3359,-1,3372,3373,3362,-1,3362,3373,3374,-1,3374,3375,3362,-1,3362,3375,3376,-1,3362,3376,3361,-1,3361,3376,3377,-1,3361,3377,3370,-1,3364,3365,3378,-1,3378,3365,3366,-1,3378,3366,3367,-1,3372,3362,3378,-1,3378,3362,3363,-1,3378,3363,3364,-1,3379,3284,3378,-1,3378,3284,3237,-1,3378,3237,3372,-1,3372,3237,3373,-1,3373,3237,3236,-1,3373,3236,3374,-1,3374,3236,3375,-1,3375,3236,3235,-1,3375,3235,3376,-1,3376,3235,3377,-1,3377,3235,3222,-1,3377,3222,3370,-1,3370,3222,3371,-1,3371,3222,3221,-1,3371,3221,3369,-1,3369,3221,3368,-1,3368,3221,3174,-1,3368,3174,3173,-1,3284,3379,3244,-1,3244,3379,3380,-1,3381,3293,3382,-1,3382,3293,3291,-1,3382,3291,3383,-1,3383,3291,3290,-1,3383,3290,3384,-1,3384,3290,3279,-1,3384,3279,3385,-1,3385,3279,3278,-1,3385,3278,3386,-1,3386,3278,3283,-1,3386,3283,3387,-1,3387,3283,3245,-1,3387,3245,3380,-1,3380,3245,3244,-1,3381,3388,3293,-1,3293,3388,3289,-1,3389,3225,3390,-1,3390,3225,3282,-1,3390,3282,3391,-1,3391,3282,3281,-1,3391,3281,3392,-1,3392,3281,3265,-1,3392,3265,3393,-1,3393,3265,3264,-1,3393,3264,3394,-1,3394,3264,3263,-1,3394,3263,3395,-1,3395,3263,3287,-1,3395,3287,3388,-1,3388,3287,3289,-1,3396,3230,3389,-1,3389,3230,3225,-1,3176,3175,3242,-1,3233,3397,3234,-1,3234,3397,3398,-1,3234,3398,3241,-1,3241,3398,3399,-1,3241,3399,3242,-1,3242,3399,3400,-1,3242,3400,3176,-1,3232,3401,3233,-1,3233,3401,3402,-1,3233,3402,3397,-1,3230,3396,3231,-1,3231,3396,3403,-1,3231,3403,3232,-1,3232,3403,3404,-1,3232,3404,3401,-1,3402,3401,3405,-1,3177,3185,3178,-1,3178,3185,3180,-1,3178,3180,3179,-1,3400,3406,3176,-1,3176,3406,3182,-1,3176,3182,3177,-1,3177,3182,3181,-1,3177,3181,3185,-1,3407,3408,3398,-1,3398,3408,3409,-1,3409,3410,3398,-1,3398,3410,3411,-1,3398,3411,3399,-1,3399,3411,3412,-1,3399,3412,3400,-1,3400,3412,3413,-1,3400,3413,3406,-1,3407,3398,3405,-1,3405,3398,3397,-1,3405,3397,3402,-1,3409,3408,3193,-1,3193,3408,3194,-1,3409,3193,3410,-1,3410,3193,3196,-1,3410,3196,3411,-1,3411,3196,3412,-1,3412,3196,3195,-1,3412,3195,3413,-1,3413,3195,3406,-1,3406,3195,3183,-1,3406,3183,3182,-1,3414,3214,3415,-1,3415,3214,3205,-1,3415,3205,3405,-1,3405,3205,3194,-1,3405,3194,3407,-1,3407,3194,3408,-1,3416,3215,3414,-1,3414,3215,3214,-1,3215,3416,3417,-1,3215,3417,3252,-1,3252,3417,3418,-1,3252,3418,3253,-1,3253,3418,3419,-1,3253,3419,3255,-1,3255,3419,3420,-1,3255,3420,3256,-1,3256,3420,3421,-1,3256,3421,3257,-1,3257,3421,3422,-1,3257,3422,3258,-1,3258,3422,3423,-1,3258,3423,3254,-1,3254,3423,3259,-1,3259,3423,3424,-1,3425,3204,3216,-1,3425,3216,3426,-1,3426,3216,3261,-1,3426,3261,3427,-1,3427,3261,3260,-1,3427,3260,3428,-1,3428,3260,3240,-1,3428,3240,3429,-1,3429,3240,3239,-1,3429,3239,3430,-1,3430,3239,3259,-1,3430,3259,3424,-1,3204,3425,3203,-1,3203,3425,3431,-1,3203,3431,3202,-1,3202,3431,3432,-1,3433,3223,3432,-1,3432,3223,3202,-1,3434,3224,3433,-1,3433,3224,3223,-1,3224,3434,3273,-1,3273,3434,3435,-1,3273,3435,3274,-1,3274,3435,3436,-1,3274,3436,3262,-1,3262,3436,3437,-1,3262,3437,3226,-1,3226,3437,3438,-1,3226,3438,3227,-1,3227,3438,3439,-1,3227,3439,3288,-1,3288,3439,3440,-1,3313,3166,3440,-1,3440,3166,3288,-1,3312,3313,3323,-1,3307,3317,3316,-1,3294,3299,3295,-1,3295,3299,3300,-1,3295,3300,3296,-1,3296,3300,3301,-1,3296,3301,3298,-1,3298,3301,3302,-1,3298,3302,3297,-1,3297,3302,3303,-1,3297,3303,3314,-1,3314,3303,3304,-1,3314,3304,3315,-1,3315,3304,3305,-1,3315,3305,3316,-1,3316,3305,3306,-1,3316,3306,3307,-1,3322,3321,3310,-1,3310,3321,3320,-1,3310,3320,3319,-1,3317,3307,3318,-1,3318,3307,3308,-1,3318,3308,3319,-1,3319,3308,3309,-1,3319,3309,3310,-1,3322,3310,3323,-1,3323,3310,3311,-1,3323,3311,3312,-1,3170,3323,3292,-1,3292,3323,3441,-1,3292,3441,3280,-1,3280,3441,3442,-1,3280,3442,3243,-1,3243,3442,3443,-1,3243,3443,3267,-1,3267,3443,3444,-1,3267,3444,3272,-1,3272,3444,3445,-1,3272,3445,3250,-1,3250,3445,3446,-1,3250,3446,3248,-1,3248,3446,3447,-1,3248,3447,3246,-1,3246,3447,3448,-1,3246,3448,3247,-1,3247,3448,3449,-1,3327,3249,3449,-1,3449,3249,3247,-1,3434,3433,3432,-1,3443,3442,3341,-1,3439,3438,3431,-1,3438,3437,3431,-1,3431,3437,3436,-1,3431,3436,3432,-1,3432,3436,3435,-1,3432,3435,3434,-1,3445,3336,3446,-1,3446,3336,3324,-1,3449,3448,3327,-1,3327,3448,3447,-1,3327,3447,3326,-1,3326,3447,3446,-1,3326,3446,3325,-1,3325,3446,3324,-1,3337,3328,3338,-1,3338,3328,3329,-1,3338,3329,3330,-1,3392,3393,3439,-1,3444,3334,3445,-1,3445,3334,3335,-1,3445,3335,3336,-1,3331,3332,3444,-1,3444,3332,3333,-1,3444,3333,3334,-1,3404,3403,3431,-1,3431,3403,3396,-1,3396,3389,3431,-1,3431,3389,3390,-1,3431,3390,3439,-1,3439,3390,3391,-1,3439,3391,3392,-1,3330,3331,3338,-1,3338,3331,3444,-1,3338,3444,3339,-1,3339,3444,3443,-1,3339,3443,3340,-1,3340,3443,3341,-1,3426,3427,3416,-1,3401,3404,3405,-1,3405,3404,3431,-1,3405,3431,3415,-1,3415,3431,3414,-1,3414,3431,3416,-1,3416,3431,3425,-1,3416,3425,3426,-1,3421,3420,3417,-1,3417,3420,3419,-1,3417,3419,3418,-1,3442,3384,3385,-1,3427,3428,3416,-1,3416,3428,3429,-1,3416,3429,3430,-1,3430,3424,3416,-1,3416,3424,3423,-1,3416,3423,3417,-1,3417,3423,3422,-1,3417,3422,3421,-1,3393,3394,3439,-1,3439,3394,3395,-1,3439,3395,3440,-1,3385,3386,3442,-1,3442,3386,3387,-1,3442,3387,3341,-1,3341,3387,3380,-1,3341,3380,3379,-1,3379,3378,3341,-1,3341,3378,3367,-1,3341,3367,3356,-1,3351,3352,3349,-1,3345,3344,3356,-1,3440,3395,3313,-1,3313,3395,3388,-1,3313,3388,3323,-1,3323,3388,3381,-1,3323,3381,3441,-1,3441,3381,3382,-1,3441,3382,3442,-1,3442,3382,3383,-1,3442,3383,3384,-1,3345,3356,3346,-1,3344,3343,3356,-1,3356,3343,3342,-1,3356,3342,3341,-1,3349,3352,3355,-1,3355,3352,3353,-1,3355,3353,3354,-1,3351,3349,3350,-1,3350,3349,3348,-1,3350,3348,3356,-1,3356,3348,3347,-1,3356,3347,3346,-1,
        ]
    }
}
Shape{
    appearance Appearance {
        material  Material 	{
            diffuseColor 0.2235294117647059 0.2235294117647059 0.2235294117647059
            specularColor 0.11372549019607843 0.11372549019607843 0.11372549019607843
            ambientIntensity 0.2235
            transparency 0.0
            shininess 0.5
        }
    }
    geometry IndexedFaceSet {
        ccw TRUE
        solid FALSE
        coord DEF co Coordinate {
            point [
                0.9843 0.2201 0.7169, 0.9843 0.2214 0.706, 0.9843 0.2236 0.7453, 0.9843 -0.0108 0.7447, 0.9843 -0.0108 0.6744, 0.9843 0.0208 0.6744, 0.9843 -0.0535 0.539, 0.9843 -0.0535 0.5076, 0.9843 0.0228 0.5076, 0.9843 0.2411 0.5396, 0.9843 0.2236 0.5396, 0.9843 0.2236 0.539, 0.9843 0.1475 0.5238, 0.9843 0.1494 0.5259, 0.9843 0.1494 0.539, 0.9843 0.1133 0.5391, 0.9843 0.112 0.539, 0.9843 0.1309 0.539, 0.9843 -1.063 1.2598, 0.9843 -1.063 1.0129, 0.9843 -0.0535 1.0129, 0.9843 0.0532 0.7446, 0.9843 0.0591 0.7453, 0.9843 0.0276 0.7453, 0.9843 0.1095 0.7355, 0.9843 0.1095 0.7102, 0.9843 0.1309 0.7102, 0.9843 -0.1849 0.7453, 0.9843 -0.1722 0.7366, 0.9843 -0.0535 0.7453, 0.9843 -0.1534 0.7149, 0.9843 -0.0904 0.6415, 0.9843 -0.0535 0.6415, 0.9843 -0.0954 0.6539, 0.9843 -0.1069 0.6699, 0.9843 -0.1222 0.6829, 0.9843 -0.1417 0.6921, 0.9843 -0.139 0.6912, 0.9843 -0.2759 0.7627, 0.9843 -0.2488 0.7659, 0.9843 -0.2238 0.7631, 0.9843 -0.1957 0.7527, 0.9843 -0.3019 0.7529, 0.9843 -0.3142 0.7453, 0.9843 -1.063 0.7453, 0.9843 -0.3165 0.744, 0.9843 -0.4326 0.6759, 0.9843 -0.419 0.6932, 0.9843 -0.3764 0.7175, 0.9843 -0.3542 0.7203, 0.9843 -0.3297 0.7326, 0.9843 -0.3477 0.7199, 0.9843 -0.3413 0.7192, 0.9843 -0.4152 0.6968, 0.9843 -0.3973 0.7094, 0.9843 -0.4043 0.5526, 0.9843 -0.4218 0.5675, 0.9843 -1.063 0.539, 0.9843 -0.3839 0.5426, 0.9843 -0.4347 0.5859, 0.9843 -0.4428 0.6069, 0.9843 -1.063 0.6415, 0.9843 -0.4455 0.629, 0.9843 -0.4454 0.6344, 0.9843 -0.4441 0.6415, 0.9843 -0.4416 0.6556, 0.9843 -0.3768 0.5405, 0.9843 -0.376 0.539, 0.9843 -0.3711 0.5284, 0.9843 -0.3627 0.518, 0.9843 -0.2559 0.1181, 0.9843 -1.063 0.5076, 0.9843 -0.2559 0.0197, 0.9843 -1.063 0.4921, 0.9843 -0.3232 0.5022, 0.9843 -0.3254 0.5022, 0.9843 -0.3387 0.5043, 0.9843 -0.3465 0.5076, 0.9843 -0.3517 0.5097, 0.9843 -1.2008 0.0197, 0.9843 -1.2008 0.1181, 0.9843 -1.7126 0.1181, 0.9843 -1.4961 0.4921, 0.9843 -0.2704 0.539, 0.9843 -0.2705 0.5387, 0.9843 -0.2771 0.5262, 0.9843 -0.2858 0.5165, 0.9843 -0.297 0.5087, 0.9843 -0.2999 0.5076, 0.9843 -0.1984 0.5722, 0.9843 -0.1946 0.5738, 0.9843 -0.188 0.6059, 0.9843 -0.1068 0.5647, 0.9843 -0.1221 0.5518, 0.9843 -0.2809 0.5963, 0.9843 -0.2054 0.6357, 0.9843 -0.2908 0.6053, 0.9843 -0.3028 0.6117, 0.9843 -0.2019 0.5698, 0.9843 -0.0956 0.5803, 0.9843 -0.1212 0.6227, 0.9843 -0.1238 0.6335, 0.9843 -0.1281 0.6415, 0.9843 -0.4086 0.6415, 0.9843 -0.0885 0.6367, 0.9843 -0.0859 0.6183, 0.9843 -0.0885 0.5982, 0.9843 -0.1902 0.5743, 0.9843 -0.1897 0.5743, 0.9843 -0.188 0.5739, 0.9843 -0.4053 0.6076, 0.9843 -0.3986 0.5962, 0.9843 -0.37 0.5904, 0.9843 -0.3885 0.5858, 0.9843 -0.3762 0.5783, 0.9843 -0.3491 0.609, 0.9843 -0.3607 0.601, 0.9843 -0.41 0.6301, 0.9843 -0.4093 0.6214, 0.9843 -0.3367 0.6138, 0.9843 -0.3232 0.6155, 0.9843 -0.3164 0.615, 0.9843 -0.2077 0.5568, 0.9843 -0.2075 0.5591, 0.9843 -0.2669 0.5642, 0.9843 -0.2064 0.5634, 0.9843 -0.2042 0.5672, 0.9843 -0.1323 0.5879, 0.9843 -0.1261 0.5967, 0.9843 -0.1222 0.6067, 0.9843 -0.1209 0.6177, 0.9843 -0.1945 0.5399, 0.9843 -0.1982 0.5413, 0.9843 -0.2019 0.5439, 0.9843 -0.2032 0.5453, 0.9843 -0.2057 0.5488, 0.9843 -0.2071 0.5526, 0.9843 -0.2672 0.5526, 0.9843 -0.2669 0.5585, 0.9843 -0.1393 0.5433, 0.9843 -0.1581 0.5394, 0.9843 -0.1913 0.5394, 0.9843 -0.1868 0.5737, 0.9843 -0.1615 0.5737, 0.9843 -0.1513 0.5757, 0.9843 -0.1414 0.5803, 0.9843 -0.1331 0.5871, 0.9843 -0.1815 0.6956, 0.9843 -0.1942 0.7107, 0.9843 -0.3238 0.678, 0.9843 -0.1956 0.712, 0.9843 -0.2115 0.723, 0.9843 -0.3152 0.6958, 0.9843 -0.3278 0.6802, 0.9843 -0.3404 0.6848, 0.9843 -0.1291 0.6432, 0.9843 -0.1355 0.6504, 0.9843 -0.1648 0.6617, 0.9843 -0.1443 0.6566, 0.9843 -0.1541 0.6603, 0.9843 -0.1694 0.6617, 0.9843 -0.1728 0.6774, 0.9843 -0.3735 0.6829, 0.9843 -0.386 0.6762, 0.9843 -0.3595 0.6862, 0.9843 -0.3957 0.6676, 0.9843 -0.4035 0.6563, 0.9843 -0.3025 0.7109, 0.9843 -0.2291 0.7298, 0.9843 -0.2874 0.722, 0.9843 -0.2483 0.7321, 0.9843 -0.269 0.7294, 0.9843 -0.3537 0.6865, 0.9843 -0.4083 0.6438, 0.9843 0.2486 0.7254, 0.9843 0.256 0.7447, 0.9843 0.2486 0.7453, 0.9843 0.2669 0.7447, 0.9843 0.2777 0.6871, 0.9843 0.2486 0.6871, 0.9843 0.2858 0.6654, 0.9843 0.2486 0.6415, 0.9843 0.2971 0.6654, 0.9843 0.3228 0.6415, 0.9843 0.3228 0.7453, 0.9843 0.2258 0.6654, 0.9843 0.2236 0.6415, 0.9843 0.2371 0.6654, 0.9843 0.2447 0.6871, 0.9843 0.1095 0.6744, 0.9843 0.1309 0.6744, 0.9843 0.1095 0.7011, 0.9843 0.1309 0.7011, 0.9843 0.1309 0.7453, 0.9843 0.1401 0.7447, 0.9843 0.1494 0.7453, 0.9843 0.1401 0.7355, 0.9843 0.1378 0.7011, 0.9843 0.1378 0.7102, 0.9843 0.1309 0.7355, 0.9843 0.0946 0.7453, 0.9843 0.0992 0.7447, 0.9843 0.1309 0.7447, 0.9843 0.0992 0.6654, 0.9843 0.0946 0.6415, 0.9843 0.1309 0.6654, 0.9843 0.1309 0.6415, 0.9843 0.1419 0.6654, 0.9843 0.1494 0.6415, 0.9843 0.1419 0.6744, 0.9843 0.08 0.6673, 0.9843 0.08 0.6415, 0.9843 0.082 0.668, 0.9843 0.0834 0.6687, 0.9843 0.0834 0.6785, 0.9843 0.08 0.7335, 0.9843 0.0629 0.6732, 0.9843 0.0679 0.6734, 0.9843 0.0425 0.7273, 0.9843 0.0387 0.7218, 0.9843 0.0349 0.7011, 0.9843 0.0361 0.6932, 0.9843 0.0767 0.6753, 0.9843 0.08 0.6769, 0.9843 0.0825 0.7325, 0.9843 0.0834 0.7321, 0.9843 0.0647 0.7368, 0.9843 0.0614 0.7366, 0.9843 0.0431 0.728, 0.9843 0.0545 0.7352, 0.9843 0.0483 0.7323, 0.9843 0.036 0.715, 0.9843 0.0348 0.7041, 0.9843 0.0387 0.6868, 0.9843 0.0425 0.6815, 0.9843 0.0445 0.6796, 0.9843 0.0744 0.7356, 0.9843 0.0498 0.676, 0.9843 0.0556 0.674, 0.9843 0.0731 0.7453, 0.9843 0.075 0.7452, 0.9843 0.08 0.7453, 0.9843 0.08 0.7437, 0.9843 0.0834 0.7428, 0.9843 0.08 1.0129, 0.9843 0.0646 0.746, 0.9843 0.0297 0.7268, 0.9843 0.0355 0.7343, 0.9843 0.0372 0.736, 0.9843 0.0449 0.7414, 0.9843 0.0228 0.7453, 0.9843 0.026 0.718, 0.9843 0.0276 0.7218, 0.9843 0.0276 0.6855, 0.9843 0.0256 0.6907, 0.9843 0.0228 0.6415, 0.9843 0.024 0.7035, 0.9843 0.0242 0.7077, 0.9843 0.0276 0.6415, 0.9843 0.0472 0.6664, 0.9843 0.0398 0.6701, 0.9843 0.0735 0.6652, 0.9843 0.0614 0.6641, 0.9843 0.0556 0.6644, 0.9843 0.0342 0.6749, 0.9843 0.0335 0.6756, 0.9843 0.0288 0.6824, 0.9843 -1.7126 0.0197, 0.9843 -2.0079 0.0197, 0.9843 -2.0079 0.5076, 0.9843 -1.4961 0.5076, 0.9843 -2.0079 0.539, 0.9843 -1.4961 0.539, 0.9843 -2.0079 0.6415, 0.9843 -1.4961 0.6415, 0.9843 -2.0079 0.7453, 0.9843 -1.4961 0.7453, 0.9843 -2.0079 1.0129, 0.9843 -1.4961 1.0129, 0.9843 -2.0079 1.2598, 0.9843 -1.4961 1.2598, 0.9843 0.2559 0.0197, 0.9843 0.3228 0.0197, 0.9843 0.2559 0.1181, 0.9843 0.3228 0.5076, 0.9843 0.2486 0.1181, 0.9843 0.0351 0.5666, 0.9843 0.0366 0.5826, 0.9843 0.0331 0.5638, 0.9843 0.0318 0.5602, 0.9843 0.0617 0.5426, 0.9843 0.0582 0.5403, 0.9843 0.0667 0.5396, 0.9843 0.0545 0.539, 0.9843 0.08 0.539, 0.9843 0.0766 0.5396, 0.9843 0.0667 0.5484, 0.9843 0.0664 0.5484, 0.9843 0.0648 0.546, 0.9843 0.0381 0.5692, 0.9843 0.0423 0.5714, 0.9843 0.0429 0.5866, 0.9843 0.0499 0.5733, 0.9843 0.0586 0.5891, 0.9843 0.0552 0.5895, 0.9843 0.0491 0.5888, 0.9843 0.0393 0.5404, 0.9843 0.036 0.5428, 0.9843 0.0276 0.539, 0.9843 0.0349 0.5439, 0.9843 0.0328 0.5469, 0.9843 0.062 0.597, 0.9843 0.0662 0.5958, 0.9843 0.0695 0.5939, 0.9843 0.0722 0.5914, 0.9843 0.0742 0.5882, 0.9843 0.0758 0.5838, 0.9843 0.0766 0.5761, 0.9843 0.0316 0.5503, 0.9843 0.0311 0.5548, 0.9843 0.0366 0.5923, 0.9843 0.0667 0.5756, 0.9843 0.0663 0.58, 0.9843 0.0653 0.5836, 0.9843 0.0641 0.5856, 0.9843 0.0387 0.5935, 0.9843 0.0461 0.5964, 0.9843 0.0561 0.5976, 0.9843 0.0626 0.5872, 0.9843 0.0609 0.5883, 0.9843 0.0276 0.5076, 0.9843 0.08 0.5076, 0.9843 0.0542 0.5389, 0.9843 0.0491 0.5383, 0.9843 0.0433 0.539, 0.9843 0.0431 0.539, 0.9843 0.0901 0.581, 0.9843 0.0905 0.5845, 0.9843 0.0916 0.5741, 0.9843 0.0905 0.5771, 0.9843 0.0901 0.5519, 0.9843 0.0937 0.5496, 0.9843 0.0946 0.5492, 0.9843 0.0946 0.5703, 0.9843 0.0929 0.572, 0.9843 0.0946 0.5703, 0.9843 0.0994 0.539, 0.9843 0.0965 0.5393, 0.9843 0.0946 0.539, 0.9843 0.0946 0.54, 0.9843 0.0901 0.5416, 0.9843 0.0946 0.5076, 0.9843 0.1054 0.5383, 0.9843 0.1256 0.595, 0.9843 0.1256 0.5854, 0.9843 0.0965 0.5931, 0.9843 0.0994 0.5948, 0.9843 0.1278 0.5511, 0.9843 0.1266 0.5479, 0.9843 0.1248 0.5453, 0.9843 0.0917 0.5877, 0.9843 0.0935 0.5904, 0.9843 0.0946 0.5914, 0.9843 0.1048 0.5968, 0.9843 0.1122 0.5976, 0.9843 0.1187 0.597, 0.9843 0.125 0.5644, 0.9843 0.1268 0.5617, 0.9843 0.1279 0.5587, 0.9843 0.1283 0.555, 0.9843 0.1219 0.5428, 0.9843 0.1188 0.541, 0.9843 0.1112 0.5895, 0.9843 0.1083 0.5893, 0.9843 0.1004 0.5819, 0.9843 0.1056 0.5886, 0.9843 0.1034 0.5874, 0.9843 0.1004 0.5806, 0.9843 0.1008 0.579, 0.9843 0.1016 0.5777, 0.9843 0.1025 0.5766, 0.9843 0.106 0.5744, 0.9843 0.1179 0.5887, 0.9843 0.1122 0.5717, 0.9843 0.1236 0.5866, 0.9843 0.116 0.5702, 0.9843 0.1226 0.5665, 0.9843 0.1019 0.5861, 0.9843 0.101 0.5848, 0.9843 0.1005 0.5835, 0.9843 0.0999 0.5472, 0.9843 0.1052 0.5645, 0.9843 0.0992 0.5672, 0.9843 0.1064 0.5464, 0.9843 0.1068 0.5464, 0.9843 0.1117 0.5618, 0.9843 0.1119 0.547, 0.9843 0.1181 0.5541, 0.9843 0.118 0.5553, 0.9843 0.1145 0.5479, 0.9843 0.1154 0.5485, 0.9843 0.1165 0.5495, 0.9843 0.1174 0.5508, 0.9843 0.1179 0.5522, 0.9843 0.1176 0.5569, 0.9843 0.1168 0.5582, 0.9843 0.1155 0.5595, 0.9843 0.1652 0.539, 0.9843 0.1985 0.5396, 0.9843 0.1878 0.5963, 0.9843 0.1985 0.6189, 0.9843 0.1594 0.5537, 0.9843 0.1606 0.549, 0.9843 0.1608 0.549, 0.9843 0.1613 0.551, 0.9843 0.1621 0.5536, 0.9843 0.1494 0.5825, 0.9843 0.1775 0.5963, 0.9843 0.1494 0.5558, 0.9843 0.1335 0.5963, 0.9843 0.1446 0.5963, 0.9843 0.1553 0.539, 0.9843 0.1557 0.5398, 0.9843 0.1494 0.5259, 0.9843 0.1513 0.5295, 0.9843 0.1309 0.5076, 0.9843 0.1355 0.5138, 0.9843 0.1355 0.5226, 0.9843 0.1375 0.522, 0.9843 0.1411 0.5215, 0.9843 0.1494 0.5147, 0.9843 0.1459 0.5134, 0.9843 0.1494 0.5076, 0.9843 0.1419 0.513, 0.9843 0.1397 0.5131, 0.9843 0.1435 0.5218, 0.9843 0.1457 0.5226, 0.9843 0.2236 0.5076, 0.9843 0.1621 0.5311, 0.9843 0.1576 0.5223, 0.9843 0.154 0.518, 0.9843 0.1533 0.5174, 0.9843 0.1498 0.5149, 0.9843 0.2087 0.5487, 0.9843 0.2236 0.5487, 0.9843 0.2087 0.5753, 0.9843 0.2236 0.5753, 0.9843 0.2371 0.5844, 0.9843 0.2371 0.5753, 0.9843 0.2486 0.539, 0.9843 0.2236 0.6189, 0.9843 0.2393 0.6189, 0.9843 0.2393 0.6098, 0.9843 0.2411 0.5487, 0.9843 0.2236 0.6098, 0.9843 0.2236 0.5844, 0.9843 0.2087 0.6098, 0.9843 0.2087 0.5844, 0.9843 0.2486 0.5076, 0.9843 -0.0108 0.6098, 0.9843 -0.0108 0.5844, 0.9843 0.0198 0.6098, 0.9843 0.0176 0.5844, 0.9843 0.0176 0.5753, 0.9843 -0.0108 0.5753, 0.9843 -0.0108 0.5487, 0.9843 0.0216 0.5487, 0.9843 0.0228 0.539, 0.9843 0.0216 0.5396, 0.9843 -0.021 0.5396, 0.9843 -0.021 0.6189, 0.9843 0.0198 0.6189, 0.9843 0.2779 0.5396, 0.9843 0.2561 0.5396, 0.9843 0.3228 0.539, 0.9843 0.318 0.5647, 0.9843 0.3138 0.5566, 0.9843 0.3164 0.5987, 0.9843 0.3193 0.5912, 0.9843 0.3207 0.5803, 0.9843 0.3202 0.5737, 0.9843 0.3087 0.5507, 0.9843 0.3004 0.5448, 0.9843 0.2913 0.5413, 0.9843 0.2236 0.1181, 0.9843 0.1494 0.1181, 0.9843 0.1309 0.1181, 0.9843 0.0946 0.1181, 0.9843 0.08 0.1181, 0.9843 0.0276 0.1181, 0.9843 0.0228 0.1181, 0.9843 -0.0535 0.1181, 0.9843 -0.3096 0.5039, 0.9843 0.2561 0.6189, 0.9843 0.2787 0.6189, 0.9843 0.2908 0.6176, 0.9843 0.3004 0.6141, 0.9843 0.3087 0.6084, 0.9843 0.3115 0.6056, 0.9843 0.3964 0.5396, 0.9843 0.3851 0.5396, 0.9843 0.7218 0.539, 0.9843 0.7218 0.6415, 0.9843 0.3662 0.6189, 0.9843 0.7218 0.5076, 0.9843 0.7218 0.0197, 0.9843 0.377 0.5613, 0.9843 0.344 0.5613, 0.9843 0.3364 0.5396, 0.9843 0.325 0.5396, 0.9843 0.3552 0.6189, 0.9843 -0.021 0.6654, 0.9843 -0.021 0.7447, 0.9843 0.0208 0.6654, 0.9843 0.2172 0.7245, 0.9843 0.1568 0.6654, 0.9843 0.221 0.6995, 0.9843 0.2188 0.6904, 0.9843 0.2146 0.6824, 0.9843 0.2094 0.6765, 0.9843 0.2011 0.6705, 0.9843 0.192 0.667, 0.9843 0.1786 0.6654, 0.9843 0.1568 0.7447, 0.9843 0.1795 0.7447, 0.9843 0.1916 0.7433, 0.9843 0.2011 0.7398, 0.9843 0.2094 0.7342, 0.9843 0.2123 0.7314, 0.9843 0.7218 0.7453, 0.9843 1.0472 0.0197, 0.9843 1.0472 0.5076, 0.9843 1.0472 0.539, 0.9843 1.0472 0.6415, 0.9843 1.0472 0.7453, 0.9843 0.0276 1.0129, 0.9843 0.0228 1.0129, 0.9843 0.0946 1.0129, 0.9843 0.1309 1.0129, 0.9843 0.1494 1.0129, 0.9843 0.2236 1.0129, 0.9843 0.2486 1.0129, 0.9843 0.3228 1.0129, 0.9843 0.7218 1.0129, 0.9843 1.0472 1.0129, 0.9843 -0.0535 1.2598, 0.9843 0.0228 1.2598, 0.9843 0.0276 1.2598, 0.9843 0.08 1.2598, 0.9843 0.0946 1.2598, 0.9843 0.1309 1.2598, 0.9843 0.1494 1.2598, 0.9843 0.2236 1.2598, 0.9843 0.2486 1.2598, 0.9843 0.3228 1.2598, 0.9843 0.7218 1.2598, 0.9843 1.0472 1.2598, 0.8071 -1.063 0.4921, 0.8071 -1.063 1.1417, 0.8071 -0.7283 1.1417, 0.8071 -0.7283 0.6277, 0.8071 -0.6119 0.571, 0.8071 -1.2008 0.1772, 0.8071 -0.6119 0.0787, 0.8071 -1.2008 0.0787, 0.8071 -1.7126 0.0787, 0.8071 -1.8307 0.0787, 0.8071 -1.7126 0.1772, 0.8071 -1.8307 1.1417, 0.8071 -1.4961 1.1417, 0.8071 -1.4961 0.4921, 0.7165 -0.7283 1.1417, 0.7165 -0.8661 1.1417, 0.7165 -0.7283 0.5966, 0.7165 -0.8661 0.0787, 0.7165 -0.6693 0.5678, 0.7165 -0.6693 0.0787, 0.5709 -0.8661 1.1417, 0.5709 -0.8661 0.0197, 0.6575 -0.8661 0.0197, -0.3407 1.874 1.1811, -0.7874 1.874 1.1811, -0.4331 1.5354 1.1811, -0.7874 1.0472 1.1811, -0.2025 1.5354 1.1811, -0.2025 1.0472 1.1811, 0.5709 -1.1811 0.0197, 0.5709 -1.1811 1.1417, -0.8661 1.0472 1.1024, -0.8661 1.874 1.1024, 0.7165 -1.1811 1.1417, 0.7165 -1.1811 0.0787, 0.6575 -1.1811 0.0197, -0.8661 1.3031 0.4921, -0.8661 1.0472 0.4921, -0.8661 1.3031 0.8268, -0.8661 1.6181 0.8268, -0.8661 1.6181 0.4921, -0.8661 1.874 0.4921, -0.9734 1.3031 0.5944, -0.9734 1.6181 0.5944, -0.9843 1.6181 0.5449, -0.9843 1.3031 0.5449, -0.9815 1.3031 0.5703, -0.9815 1.6181 0.5703, 0.7165 -1.378 0.0787, 0.7165 -1.378 1.1417, -0.8071 -0.0197 1.2598, -0.7998 -0.0394 1.2598, -0.7998 -0.0394 0.8858, -0.5028 -0.8451 0.0855, -0.72 -0.2559 0.0855, -0.5028 -0.8451 1.1417, -0.72 -0.2559 0.3543, -0.5386 -0.748 1.1417, -0.7127 -0.2756 0.8858, -0.8071 -0.0197 0.3543, -0.9843 1.3031 0.4921, -0.9843 1.6181 0.4921, 0.7874 1.6181 0.4921, 0.7874 1.874 0.4921, 0.7874 1.6181 0.8268, 0.7874 1.874 1.1024, 0.7874 1.3031 0.8268, 0.7874 1.0472 1.1024, 0.7874 1.3031 0.4921, 0.7874 1.0472 0.4921, 0.5709 -1.378 1.1417, 0.5709 -1.378 0.0197, 0.6575 -1.378 0.0197, -0.4978 -0.8629 0.0841, -0.4962 -0.8728 1.1417, -0.497 -0.8729 0.0825, -0.4956 -0.8911 0.0795, -0.4965 -0.9013 1.1417, -0.4973 -0.9012 0.0778, -0.5003 -0.9192 0.0748, -0.5036 -0.9289 1.1417, -0.5043 -0.9286 0.0731, -0.511 -0.9444 0.0703, -0.5171 -0.954 1.1417, -0.5177 -0.9536 0.0687, -0.5264 -0.9656 0.0665, -0.5362 -0.9752 1.1417, -0.5367 -0.9747 0.0648, -0.5455 -0.9824 0.0633, -0.5599 -0.9911 1.1417, -0.5601 -0.9906 0.0617, -0.5669 -0.9944 0.061, -0.5866 -1.0009 1.1417, -0.5867 -1.0006 0.0597, -0.5899 -1.0017 0.0595, -0.6136 -1.0041 1.1417, -0.6136 -1.0041 0.0591, -0.8465 1.874 0.4921, -0.8465 1.0472 0.4921, 0.7087 1.0472 1.1811, 0.7087 1.874 1.1811, 0.5709 -1.6929 0.0197, 0.5709 -1.6929 1.1417, -0.7402 -1.0041 0.374, -0.7402 -1.0041 0.0787, -0.7205 -1.0041 0.0591, -0.8661 -1.0041 0.0394, -0.8268 -1.0041 0.0787, -0.8268 -1.0041 0.374, -0.8661 -1.0041 1.1417, -0.5777 0.6693 0.0197, -0.5777 0.2756 0.0197, -0.5777 0.6693 1.1417, -0.5777 0.2756 1.1417, -0.7165 0.2756 1.1417, -0.7165 0.2756 0.0787, -0.6575 0.2756 0.0197, -0.8465 1.2402 0.0197, -0.8465 1.0472 0.0197, -0.8465 1.2402 0.1181, -0.8465 1.6732 0.1181, -0.8465 1.6732 0.0197, -0.8465 1.874 0.0197, 0.3407 1.874 1.1811, 0.4331 1.5354 1.1811, 0.1993 1.5354 1.1811, 0.1993 1.0472 1.1811, 0.7165 -1.6929 1.1417, 0.7165 -1.6929 0.0787, 0.6575 -1.6929 0.0197, -0.8661 -1.5945 1.1417, -0.8661 -1.5945 0.1772, -0.8661 -1.2008 0.1772, -0.8661 -1.2008 0.0197, -0.8661 -1.0041 0.0197, -0.6575 0.6693 0.0197, -0.7165 0.6693 0.0787, -0.7165 0.6693 1.1417, -0.7165 0.2981 1.2598, -0.7165 0.315 1.1417, -0.7165 -0.0394 1.2598, -0.7165 -0.0394 0.8858, -0.7165 0.0984 0.8858, -0.7165 0.0984 0.0787, -0.6181 1.1024 0.9843, -0.6181 1.1024 0.0787, -0.6181 1.0039 0.9843, -0.6181 1.0039 0.0787, -0.6181 1.811 0.0787, -0.6181 1.811 0.9843, -0.6181 1.9291 0.0787, -0.6181 1.9291 0.9843, -0.3407 1.874 1.2598, -0.9843 1.874 1.2598, -0.9843 1.874 0.0197, -0.4145 2.4409 1.3191, -0.4976 2.4409 1.2598, -0.1861 2.4409 1.2598, -0.2844 2.4409 1.3838, -0.1861 2.4409 1.1264, -0.1139 2.4409 1.1486, 0.0 2.4409 1.437, -0.1447 2.4409 1.4236, 0.4976 2.4409 1.2598, 0.4252 2.4409 1.3123, 0.1861 2.4409 1.2598, 0.2983 2.4409 1.3783, 0.1616 2.4409 1.4203, 0.0195 2.4409 1.4368, 0.0 2.4409 1.1614, 0.0301 2.4409 1.1605, 0.1389 2.4409 1.1422, 0.1861 2.4409 1.1264, 0.7677 1.874 0.4921, 0.7677 1.874 0.0197, 0.9843 1.874 0.0197, 0.9843 1.874 1.2598, 0.3407 1.874 1.2598, -0.5591 1.752 0.0197, -0.5591 1.752 0.9843, -0.5591 1.1614 0.0197, -0.5591 1.1614 0.9843, 0.3268 -0.1181 0.0197, 0.3268 -0.1181 0.1654, 0.6575 -0.5858 0.0197, 0.7165 -1.8307 0.0787, 0.7165 -1.8307 1.1417, -0.6772 -1.5945 0.1181, -0.9252 -1.5945 0.1181, -0.6181 -1.5945 0.1772, -0.6181 -1.5945 1.1417, -0.7165 0.8465 0.0787, -0.7165 0.8465 1.1417, -0.7402 -0.7677 0.374, -0.8268 -0.7677 0.374, -0.7141 0.0791 0.0787, -0.7141 0.0791 0.8858, -0.7141 0.0789 0.0787, -0.707 0.0609 0.8858, -0.707 0.0609 0.0787, -0.6957 0.045 0.8858, -0.7069 0.0607 0.0787, -0.6957 0.045 0.0787, -0.6808 0.0324 0.8858, -0.6955 0.0447 0.0787, -0.6808 0.0324 0.0787, -0.6633 0.0238 0.8858, -0.6804 0.0321 0.0787, -0.6633 0.0238 0.0787, -0.7087 1.0039 0.0787, -0.7087 1.0039 0.9843, -0.7087 1.9291 0.9843, -0.4331 1.5354 0.9843, -0.3873 1.7034 0.9843, -0.3873 1.752 0.9843, -0.3873 1.5354 0.9843, -0.3873 1.1614 0.9843, -0.7087 1.9291 0.0787, -0.9843 2.126 1.2598, -0.4976 2.126 1.2598, -0.9843 2.126 0.0197, 0.9843 2.126 1.2598, 0.9843 2.126 0.0197, 0.8946 1.6181 0.5944, 0.8946 1.3031 0.5944, 0.9028 1.3031 0.5703, 0.9028 1.6181 0.5703, 0.9055 1.3031 0.5449, 0.9055 1.6181 0.5449, 0.4976 2.126 1.2598, -0.5873 2.7165 0.5879, -0.5616 2.7165 0.4671, -0.6816 2.7165 0.4557, 0.6338 2.7165 0.3325, 0.6019 2.7165 0.2753, 0.5114 2.7165 0.3543, -0.6344 2.7165 0.3337, -0.5114 2.7165 0.3543, -0.5655 2.7165 0.2225, -0.4389 2.7165 0.2545, -0.4774 2.7165 0.1259, 0.565 2.7165 0.2218, 0.523 2.7165 0.1714, 0.4389 2.7165 0.2545, -0.4389 2.7165 1.0448, -0.4774 2.7165 1.1733, -0.3471 2.7165 1.1274, -0.3731 2.7165 1.2521, -0.2402 2.7165 1.1891, -0.256 2.7165 1.3104, -0.1228 2.7165 1.2273, -0.1302 2.7165 1.3462, 0.0 2.7165 1.2402, 0.0 2.7165 1.3583, 0.0175 2.7165 1.3575, -0.7056 2.7165 0.5842, -0.7087 2.7165 0.6496, -0.5873 2.7165 0.7113, -0.7056 2.7165 0.715, -0.5616 2.7165 0.8321, -0.6816 2.7165 0.8435, -0.5114 2.7165 0.9449, -0.6344 2.7165 0.9655, -0.5655 2.7165 1.0767, -0.3731 2.7165 0.0471, -0.3471 2.7165 0.1718, -0.256 2.7165 -0.0112, -0.2402 2.7165 0.1101, -0.1302 2.7165 -0.047, -0.1228 2.7165 0.072, 0.0 2.7165 -0.0591, 0.0 2.7165 0.0591, 0.0176 2.7165 -0.0583, 0.6824 2.7165 0.8412, 0.5616 2.7165 0.8321, 0.6616 2.7165 0.9037, 0.5114 2.7165 0.9449, 0.6365 2.7165 0.9608, 0.6349 2.7165 0.9644, 0.484 2.7165 1.1668, 0.5248 2.7165 1.1259, 0.4389 2.7165 1.0448, 0.1228 2.7165 1.2273, 0.1933 2.7165 1.3312, 0.2402 2.7165 1.1891, 0.2558 2.7165 1.3101, 0.2681 2.7165 1.3047, 0.5697 2.7165 0.2285, 0.6824 2.7165 0.4587, 0.5616 2.7165 0.4671, 0.6966 2.7165 0.5188, 0.5873 2.7165 0.5879, 0.5905 2.7165 0.6496, 0.7057 2.7165 0.5853, 0.7056 2.7165 0.5836, 0.6826 2.7165 0.8406, 0.6971 2.7165 0.7777, 0.5873 2.7165 0.7113, 0.5667 2.7165 1.0754, 0.5698 2.7165 1.0708, 0.6033 2.7165 1.0216, 0.0655 2.7165 1.3553, 0.13 2.7165 1.3462, 0.1453 2.7165 1.3426, 0.2681 2.7165 -0.0054, 0.2538 2.7165 -0.0117, 0.2402 2.7165 0.1101, 0.1909 2.7165 -0.0327, 0.1228 2.7165 0.072, 0.4259 2.7165 0.0831, 0.3471 2.7165 0.1718, 0.4762 2.7165 0.1248, 0.484 2.7165 0.1325, 0.6816 2.7165 0.4553, 0.6606 2.7165 0.393, 0.6365 2.7165 0.3385, 0.7058 2.7165 0.714, 0.7059 2.7165 0.7132, 0.7087 2.7165 0.6496, 0.4783 2.7165 1.1725, 0.3471 2.7165 1.1274, 0.4281 2.7165 1.2143, 0.3824 2.7165 0.0536, 0.3722 2.7165 0.0467, 0.3148 2.7165 0.0151, 0.3168 2.7165 1.2832, 0.3744 2.7165 1.2512, 0.3824 2.7165 1.2457, 0.1453 2.7165 -0.0433, 0.1272 2.7165 -0.0475, 0.0627 2.7165 -0.0563, -0.3547 1.8228 1.0186, -0.3191 1.9533 1.0498, -0.2723 2.1249 1.083, -0.2221 2.3091 1.1107, -0.3622 1.752 0.0197, -0.3622 1.752 0.288, -0.4001 1.752 0.3305, -0.4611 1.752 0.4275, -0.499 1.752 0.5357, -0.5118 1.752 0.6496, -0.499 1.752 0.7635, -0.4611 1.752 0.8717, -0.4001 1.752 0.9687, -0.4611 1.1614 0.8717, -0.4001 1.1614 0.9687, -0.499 1.1614 0.5357, -0.5118 1.1614 0.6496, -0.499 1.1614 0.7635, -0.3622 1.1614 0.288, -0.3622 1.1614 0.0197, -0.4001 1.1614 0.3305, -0.4611 1.1614 0.4275, 0.4142 -0.0563 0.1654, 0.7283 -0.2795 0.0787, 0.7283 0.0157 0.0787, 0.7283 -0.2795 1.063, 0.7283 0.0157 1.063, 0.7283 0.685 0.0787, 0.7283 0.8425 0.0787, 0.7283 0.685 1.063, 0.7283 0.8425 1.063, -0.6181 -1.8307 1.1417, -0.6181 -1.8307 0.0787, -0.6181 -1.7126 0.1772, -0.6181 -1.7126 0.0787, -0.6181 -1.3386 1.1417, -0.6181 -1.3386 1.2598, -0.6181 -1.6535 1.2598, -0.6181 -1.6535 1.1417, -0.8071 0.8465 0.0787, -0.8071 0.8465 1.1417, -0.7402 -0.7677 0.0787, -0.8268 -0.7677 0.0787, 0.1133 -0.8666 -0.2165, -0.1287 -0.9943 -0.2165, -0.1368 -0.9615 -0.2165, -0.1133 -1.0231 -0.2165, 0.1287 -0.8955 -0.2165, 0.1368 -0.9283 -0.2165, -0.1368 -0.9614 -0.2165, -0.1366 -0.927 -0.2165, -0.1286 -0.8961 -0.2165, 0.1368 -0.9284 -0.2165, 0.1366 -0.9628 -0.2165, 0.1286 -0.9937 -0.2165, -0.1281 -0.8941 -0.2165, -0.1131 -0.8668 -0.2165, -0.1118 -0.8643 -0.2165, -0.0911 -0.842 -0.2165, -0.0885 -0.8393 -0.2165, -0.0638 -0.8233 -0.2165, -0.0053 -0.8072 -0.2165, -0.0026 -0.8071 -0.2165, 0.0329 -0.8114 -0.2165, 0.0 -0.8071 -0.2165, 0.0298 -0.8104 -0.2165, 0.0617 -0.8217 -0.2165, 0.0639 -0.8231 -0.2165, -0.0328 -0.8116 -0.2165, 0.0903 -0.8408 -0.2165, -0.0277 -0.8099 -0.2165, -0.06 -0.8208 -0.2165, 0.1128 -0.8657 -0.2165, 0.1281 -0.9957 -0.2165, 0.1131 -1.023 -0.2165, 0.1118 -1.0255 -0.2165, 0.0911 -1.0477 -0.2165, 0.0885 -1.0505 -0.2165, 0.0638 -1.0665 -0.2165, 0.0053 -1.0826 -0.2165, 0.0026 -1.0827 -0.2165, -0.0329 -1.0783 -0.2165, 0.0 -1.0827 -0.2165, -0.0298 -1.0794 -0.2165, -0.0617 -1.0681 -0.2165, -0.0639 -1.0666 -0.2165, 0.0328 -1.0782 -0.2165, -0.0903 -1.049 -0.2165, 0.0277 -1.0799 -0.2165, 0.06 -1.0689 -0.2165, -0.1128 -1.0241 -0.2165, -0.6489 0.0171 0.8858, -0.6489 0.0171 0.0787, -0.636 0.0077 0.8858, -0.636 0.0077 0.0787, -0.6254 -0.0041 0.8858, -0.6254 -0.0041 0.0787, -0.6175 -0.0175 0.8858, -0.6175 -0.0175 0.0787, -0.4984 -0.2756 0.8858, -0.2937 -0.7191 1.126, -0.2878 -0.7333 1.1338, -0.283 -0.748 1.1417, -0.7087 1.2402 0.0787, -0.7087 1.2402 0.1772, -0.7087 1.6732 0.0787, -0.7087 1.6732 0.1772, -0.7573 2.126 0.4341, -0.7049 2.126 0.2986, -0.6284 2.126 0.1751, -0.5305 2.126 0.0677, -0.4724 2.126 0.0197, -0.5305 2.126 1.2315, -0.6284 2.126 1.1241, -0.7049 2.126 1.0006, -0.7573 2.126 0.8651, -0.784 2.126 0.7223, -0.7874 2.126 0.6496, -0.784 2.126 0.577, 0.7583 2.126 0.8618, 0.7074 2.126 0.9954, 0.6332 2.126 1.1177, 0.5381 2.126 1.2245, 0.4724 2.126 0.0197, 0.5257 2.126 0.0634, 0.6201 2.126 0.1645, 0.6326 2.126 0.182, 0.6604 2.126 0.2208, 0.6955 2.126 0.2804, 0.7068 2.126 0.3041, 0.7252 2.126 0.3428, 0.7493 2.126 0.4074, 0.7576 2.126 0.4376, 0.7676 2.126 0.4742, 0.7801 2.126 0.5424, 0.7834 2.126 0.5782, 0.7865 2.126 0.6111, 0.7874 2.126 0.6496, 0.7841 2.126 0.7211, 0.5377 2.126 0.0751, 0.5749 2.126 0.1117, 0.9055 1.6181 0.4921, 0.9055 1.3031 0.4921, 0.1133 1.1019 -0.2165, -0.1287 0.9742 -0.2165, -0.1368 1.007 -0.2165, -0.1133 0.9454 -0.2165, 0.1287 1.073 -0.2165, 0.1368 1.0402 -0.2165, -0.1368 1.0071 -0.2165, -0.1366 1.0415 -0.2165, -0.1286 1.0724 -0.2165, 0.1368 1.0401 -0.2165, 0.1366 1.0057 -0.2165, 0.1286 0.9748 -0.2165, -0.1281 1.0744 -0.2165, -0.1131 1.1018 -0.2165, -0.1118 1.1042 -0.2165, -0.0911 1.1265 -0.2165, -0.0885 1.1292 -0.2165, -0.0638 1.1452 -0.2165, -0.0053 1.1613 -0.2165, -0.0026 1.1614 -0.2165, 0.0329 1.1571 -0.2165, 0.0 1.1614 -0.2165, 0.0298 1.1582 -0.2165, 0.0617 1.1468 -0.2165, 0.0639 1.1454 -0.2165, -0.0328 1.1569 -0.2165, 0.0903 1.1277 -0.2165, -0.0277 1.1586 -0.2165, -0.06 1.1477 -0.2165, 0.1128 1.1028 -0.2165, 0.1281 0.9728 -0.2165, 0.1131 0.9455 -0.2165, 0.1118 0.943 -0.2165, 0.0911 0.9208 -0.2165, 0.0885 0.918 -0.2165, 0.0638 0.902 -0.2165, 0.0053 0.8859 -0.2165, 0.0026 0.8859 -0.2165, -0.0329 0.8902 -0.2165, 0.0 0.8858 -0.2165, -0.0298 0.8891 -0.2165, -0.0617 0.9004 -0.2165, -0.0639 0.9019 -0.2165, 0.0328 0.8903 -0.2165, -0.0903 0.9195 -0.2165, 0.0277 0.8886 -0.2165, 0.06 0.8996 -0.2165, -0.1128 0.9444 -0.2165, 0.4313 1.542 0.9252, 0.4322 1.5354 0.9252, 0.407 1.6312 0.9577, 0.272 2.126 1.0832, 0.2413 2.2387 1.101, 0.2141 2.3384 1.1145, 0.3311 1.9095 1.0399, 0.3323 1.9049 1.0387, 0.386 1.7082 0.9857, 0.4081 1.5354 0.9585, 0.3324 1.5354 1.0388, 0.2413 1.5354 1.101, 0.1181 1.5354 1.2008, 0.1389 1.5354 1.1422, 0.0301 1.5354 1.1605, 0.0 1.5354 1.1614, -0.1181 1.5354 1.2008, -0.1139 1.5354 1.1486, -0.2221 1.5354 1.1107, -0.3191 1.5354 1.0498, 0.6693 0.0157 0.0197, 0.4134 0.0157 0.0197, 0.4134 0.0157 0.1654, 0.8189 0.0157 1.2598, 0.8189 0.0157 1.063, 0.3268 0.0157 1.2598, 0.4999 0.0157 0.7593, 0.4648 0.0157 0.8639, 0.3268 0.0157 0.1654, 0.3268 0.0157 0.2557, 0.3324 0.0157 0.2604, 0.4081 0.0157 0.3407, 0.3268 0.0157 1.0435, 0.3324 0.0157 1.0388, 0.4081 0.0157 0.9585, 0.4648 0.0157 0.4353, 0.4999 0.0157 0.5399, 0.5118 0.0157 0.6496, 0.4134 0.685 0.1654, 0.4999 0.685 0.5399, 0.4648 0.685 0.4353, 0.8189 0.685 1.063, 0.8189 0.685 1.2598, 0.3268 0.685 1.2598, 0.3268 0.685 0.2557, 0.3268 0.685 0.1654, 0.3324 0.685 0.2604, 0.4081 0.685 0.3407, 0.4081 0.685 0.9585, 0.4648 0.685 0.8639, 0.4999 0.685 0.7593, 0.5118 0.685 0.6496, 0.3268 0.685 1.0435, 0.3324 0.685 1.0388, 0.4134 0.685 0.0197, 0.6693 0.685 0.0197, 0.8661 -0.6954 0.0197, 0.8661 -1.2008 0.0197, 0.4134 -0.0551 0.0197, 0.4134 -0.0551 0.1654, 0.6693 -0.3386 0.0197, -0.8071 0.315 1.1417, -0.8071 0.6102 1.1417, 0.8189 -0.2795 0.0787, 0.8189 -0.2795 1.063, 0.8189 -0.3386 0.0197, 0.8189 0.8425 0.0787, 0.8189 0.8425 1.063, -0.4134 -1.2992 0.4649, -0.4134 -1.2992 0.0787, -0.4255 -1.3001 0.4964, -0.4331 -1.3014 0.0787, -0.4516 -1.3055 0.6822, -0.461 -1.3092 1.1417, -0.4491 -1.3048 0.7016, -0.4456 -1.3037 0.73, -0.4609 -1.3096 0.0787, -0.4526 -1.3059 0.6364, -0.4493 -1.3048 0.5976, -0.4483 -1.3044 0.586, -0.4379 -1.3018 0.5345, -0.4397 -1.3022 0.0787, -0.4331 -1.3009 0.5183, -0.4309 -1.3005 0.5107, -0.4134 -1.2992 1.1417, -0.4134 -1.2992 0.8343, -0.4332 -1.3009 1.1417, -0.4246 -1.2997 0.8067, -0.4259 -1.2999 0.8029, -0.4331 -1.3009 0.7813, -0.4342 -1.3011 0.7779, -0.486 -1.3242 1.1417, -0.4646 -1.3109 0.0787, -0.4859 -1.3243 0.0787, -0.5065 -1.3447 1.1417, -0.487 -1.325 0.0787, -0.5057 -1.3437 0.0787, -0.5064 -1.3448 0.0787, -0.5198 -1.3661 0.0787, -0.5215 -1.3697 1.1417, -0.5315 -1.4173 0.0787, -0.5315 -1.4173 1.1417, -0.5293 -1.3976 0.0787, -0.5298 -1.3975 1.1417, -0.5285 -1.391 0.0787, -0.5211 -1.3698 0.0787, -0.5315 -1.8307 0.0787, -0.5315 -1.8307 1.1417, -0.5315 -1.6535 1.1417, -0.8071 -0.2559 0.3543, -0.8071 -0.2559 0.1772, -0.8071 0.6102 0.4921, -0.8071 0.2165 0.4921, -0.8071 0.2165 1.2598, -0.8071 0.2559 0.1772, -0.8071 0.2559 0.0787, 0.1181 1.0472 1.2008, -0.1181 1.0472 1.2008, -0.6811 -0.9647 0.0197, -0.6136 -0.9647 0.0197, -0.6811 -0.7087 0.0197, -0.8858 -0.7087 0.0197, -0.8858 -1.0041 0.0197, -0.5582 -0.8852 0.0197, -0.7902 -0.2559 0.0197, -0.5995 -0.963 0.0197, -0.555 -0.8984 0.0197, -0.5861 -0.9579 0.0197, -0.5744 -0.9498 0.0197, -0.565 -0.9391 0.0197, -0.5584 -0.9265 0.0197, -0.555 -0.9126 0.0197, -0.9252 -1.2008 0.1181, -0.3788 -0.5347 0.8955, -0.3462 -0.6053 0.9414, -0.3124 -0.6786 0.9754, -0.2937 -0.7191 0.9942, -0.3469 -0.6037 0.3587, -0.2937 -0.7191 0.0787, -0.3124 -0.6786 0.3238, -0.2937 -0.7191 0.305, -0.3788 -0.5347 0.4037, -0.3893 -0.5118 0.4185, -0.4067 -0.4742 0.3929, -0.5028 -0.2659 0.7452, -0.5101 -0.2501 0.6913, -0.5113 -0.2475 0.6496, -0.4982 -0.2759 0.7633, -0.4874 -0.2993 0.8057, -0.4633 -0.3516 0.8671, -0.4803 -0.3148 0.4727, -0.4978 -0.2768 0.5307, -0.4604 -0.3579 0.4279, -0.4987 -0.2748 0.5358, -0.5076 -0.2555 0.5842, -0.5117 -0.2467 0.6377, -0.3893 -0.5118 0.8807, -0.4067 -0.4742 0.9064, -0.4257 -0.4331 0.9338, -0.4608 -0.3569 0.8715, -0.4257 -0.4331 0.3655, -0.4535 -0.3729 0.4123, -0.8661 0.2559 0.1181, -0.8661 -0.2559 0.1181, -0.7677 1.6732 0.1181, -0.7677 1.2402 0.1181, 0.7677 1.0472 0.4921, 0.878 0.2559 0.1181, 0.878 -0.2559 0.1181, 0.8189 0.2559 0.1772, 0.8189 -0.2559 0.1772, 0.4134 0.9055 0.1654, 0.3268 0.9055 0.1654, 0.8661 -1.2008 0.1181, 0.8661 -1.7126 0.1181, -0.6772 -1.7126 0.1181, -0.2165 -0.8015 0.0197, -0.2756 -0.8015 0.1378, -0.2756 -0.8015 0.0787, -0.2756 -1.1811 0.1378, -0.2165 -1.1811 0.0197, -0.2756 -1.1811 0.0787, -0.5315 -1.3386 1.1417, -0.2756 -1.1811 1.1417, -0.2756 -0.8015 1.1417, -0.2802 -0.7593 1.1417, -0.2856 -1.2287 1.1417, -0.3739 -1.2975 1.1417, -0.2773 -1.2009 1.1417, -0.3937 -1.2992 1.1417, -0.3005 -1.2537 1.1417, -0.3211 -1.2743 1.1417, -0.3461 -1.2892 1.1417, 0.8189 -0.2559 0.0197, 0.8071 -1.063 1.2598, 0.8071 -1.4961 1.2598, -0.8071 0.2981 1.2598, -0.8071 0.6102 1.2598, 0.8189 0.2559 0.0787, -0.5315 -1.3386 1.2598, -0.5315 -1.6535 1.2598, -0.9843 -1.7126 0.1181, -0.9843 -1.2008 0.1181, -0.9843 0.2165 1.2598, -0.9843 0.2165 0.4921, -0.9843 0.6102 0.4921, -0.9843 0.6102 1.2598, -0.9843 1.0472 1.2598, -0.9843 1.0472 0.0197, 0.7677 1.0472 0.0197, -0.9843 0.2559 0.1181, -0.9843 -0.2559 0.1181, -0.9843 -0.2559 0.0197, -0.9843 -1.2008 0.0197, -0.3543 -1.3538 0.0197, -0.3937 -1.3583 0.0197, -0.3937 -1.2992 0.0787, -0.374 -1.297 0.0787, -0.3674 -1.2963 0.0787, -0.3168 -1.3407 0.0197, -0.3462 -1.2888 0.0787, -0.3425 -1.2875 0.0787, -0.2832 -1.3196 0.0197, -0.3212 -1.2741 0.0787, -0.3201 -1.2734 0.0787, -0.2552 -1.2916 0.0197, -0.3014 -1.2547 0.0787, -0.3007 -1.2536 0.0787, -0.2341 -1.258 0.0197, -0.2873 -1.2324 0.0787, -0.286 -1.2286 0.0787, -0.221 -1.2205 0.0197, -0.2778 -1.2008 0.0787, -0.2786 -1.2074 0.0787, -0.2165 -0.9449 0.0197, -0.2401 -0.6943 0.0197, -0.2802 -0.7593 0.0787, -0.2225 -0.7466 0.0197, -0.5639 0.0075 0.0197, -0.6441 0.0796 0.0197, -0.6188 0.0679 0.0197, -0.5964 0.0515 0.0197, -0.5778 0.0308 0.0197, -0.6484 0.0817 0.0197, -0.6522 0.0849 0.0197, -0.6551 0.0889 0.0197, -0.6569 0.0935 0.0197, -0.6575 0.0984 0.0197, -0.6575 0.9055 0.0197, -0.8661 0.9055 0.0197, -0.8661 0.2559 0.0197, -0.9843 0.2559 0.0197, -0.7677 1.2402 0.0197, -0.7677 0.9449 0.0197, -0.5591 0.9449 0.0197, -0.5591 1.9882 0.0197, -0.7677 1.9882 0.0197, -0.7677 1.6732 0.0197, 0.1616 2.126 -0.121, 0.2983 2.126 -0.0791, 0.4252 2.126 -0.0131, -0.1447 2.126 -0.1244, 0.0 2.126 -0.1378, -0.2844 2.126 -0.0846, -0.4145 2.126 -0.0199, 0.0195 2.126 -0.1376, 0.878 0.2559 0.0197, 0.878 0.9016 0.0197, 0.6693 0.9016 0.0197, 0.4134 0.9055 0.0197, 0.3268 0.9055 0.0197, 0.6575 -1.8898 0.0197, 0.8661 -1.8898 0.0197, 0.8661 -1.7126 0.0197, -0.6772 -1.7126 0.0197, -0.9843 -1.7126 0.0197, -0.6772 -1.8898 0.0197, -0.4724 -1.8898 0.0197, -0.4724 -1.4173 0.0197, -0.471 -1.4042 0.0197, -0.4666 -1.3917 0.0197, -0.4596 -1.3805 0.0197, -0.4502 -1.3712 0.0197, -0.439 -1.3641 0.0197, -0.4265 -1.3598 0.0197, -0.4134 -1.3583 0.0197, -0.2831 -0.7475 0.2963, -0.2807 -0.7594 0.2944, -0.277 -0.7774 0.2915, -0.2756 -0.8015 0.2904, -0.2756 -1.1811 0.2904, -0.2781 -1.2054 0.2923, -0.2776 -1.2008 0.292, -0.301 -1.2533 0.3115, -0.294 -1.2444 0.3053, -0.2859 -1.2286 0.2986, -0.2838 -1.2244 0.2968, -0.3212 -1.2741 0.3307, -0.3133 -1.2671 0.3229, -0.3083 -1.2628 0.3181, -0.3461 -1.2889 0.358, -0.3435 -1.288 0.3546, -0.3236 -1.2762 0.3329, -0.3937 -1.2992 0.426, -0.3874 -1.299 0.4152, -0.3794 -1.2978 0.4032, -0.374 -1.297 0.3952, -0.3649 -1.2956 0.3816, -0.3937 -1.2992 0.8732, -0.3714 -1.297 0.9085, -0.3739 -1.2973 0.9046, -0.3793 -1.2978 0.896, -0.3462 -1.2889 0.9412, -0.3492 -1.2905 0.9377, -0.3098 -1.2643 0.9798, -0.3008 -1.2535 0.9879, -0.2971 -1.2491 0.9912, -0.3133 -1.2671 0.9763, -0.3214 -1.2738 0.9682, -0.3283 -1.2795 0.9614, -0.2857 -1.2287 1.0009, -0.286 -1.2296 1.0006, -0.2756 -1.1811 1.0088, -0.2758 -1.1883 1.0086, -0.2778 -1.2008 1.0071, -0.2794 -1.2108 1.0059, -0.2756 -0.8015 1.0088, -0.278 -0.7705 1.007, -0.2807 -0.7594 1.0049, -0.2878 -0.7333 1.1338, -0.2851 -0.741 1.0013, -0.9843 -2.0079 1.2598, -0.9843 -2.0079 0.0197, -0.2165 1.0236 0.0197, -0.1531 1.1767 0.0197, -0.1875 1.1319 0.0197, -0.2092 1.0797 0.0197, -0.1531 -1.098 0.0197, -0.1083 -1.1324 0.0197, -0.056 -1.154 0.0197, 0.0 0.8071 0.0197, 0.056 0.8145 0.0197, 0.2092 -0.8888 0.0197, 0.1875 -0.8366 0.0197, 0.1531 -0.7918 0.0197, 0.1083 -0.7574 0.0197, 0.056 -0.7357 0.0197, 0.0 -0.7283 0.0197, 0.0 -1.1614 0.0197, 0.056 -1.154 0.0197, 0.1083 -1.1324 0.0197, 0.1531 -1.098 0.0197, 0.1875 -1.0532 0.0197, 0.2092 -1.0009 0.0197, 0.2165 -0.9449 0.0197, -0.1531 -0.7918 0.0197, -0.1875 -0.8366 0.0197, -0.2092 -0.8888 0.0197, -0.5964 0.0515 0.0197, 0.1531 1.1767 0.0197, 0.1083 1.2111 0.0197, 0.056 1.2328 0.0197, 0.0 1.2402 0.0197, -0.056 1.2328 0.0197, -0.1083 1.2111 0.0197, -0.1083 0.8361 0.0197, -0.056 0.8145 0.0197, 0.1083 0.8361 0.0197, 0.1531 0.8705 0.0197, 0.1875 0.9154 0.0197, 0.2092 0.9676 0.0197, -0.1083 -0.7574 0.0197, 0.2165 1.0236 0.0197, 0.2092 1.0797 0.0197, 0.1875 1.1319 0.0197, -0.2092 -1.0009 0.0197, -0.1875 -1.0532 0.0197, -0.056 -0.7357 0.0197, -0.2092 0.9676 0.0197, -0.1875 0.9154 0.0197, -0.1531 0.8705 0.0197, -0.6188 0.0679 0.0197, 0.3002 -2.0079 0.3107, 0.2104 -2.0079 0.2487, 0.2104 -2.0079 1.0505, 0.3002 -2.0079 0.9885, 0.3726 -2.0079 0.9068, 0.4233 -2.0079 0.8102, 0.4495 -2.0079 0.7042, 0.4495 -2.0079 0.595, 0.4233 -2.0079 0.4891, 0.3726 -2.0079 0.3924, -0.1354 -2.0079 0.2176, -0.2305 -2.0079 0.2599, -0.3134 -2.0079 0.3228, -0.3797 -2.0079 0.403, -0.2305 -2.0079 1.0393, -0.1354 -2.0079 1.0816, 0.1084 -2.0079 0.21, 0.0 -2.0079 0.1969, -0.0332 -2.0079 0.1981, -0.426 -2.0079 0.4962, -0.4498 -2.0079 0.5976, -0.4498 -2.0079 0.7016, -0.426 -2.0079 0.803, -0.3797 -2.0079 0.8962, -0.3134 -2.0079 0.9764, -0.0332 -2.0079 1.1011, 0.0 -2.0079 1.1024, 0.1084 -2.0079 1.0892, 0.0 2.6378 -0.1378, -0.1447 2.6378 -0.1244, -0.2844 2.6378 -0.0846, -0.4145 2.6378 -0.0199, -0.5305 2.6378 0.0677, -0.6284 2.6378 0.1751, -0.7049 2.6378 0.2986, -0.7573 2.6378 0.4341, -0.784 2.6378 0.577, -0.7874 2.6378 0.6496, -0.784 2.6378 0.7223, -0.7573 2.6378 0.8651, -0.7049 2.6378 1.0006, -0.6344 2.7165 0.9655, -0.6284 2.6378 1.1241, -0.5655 2.7165 1.0767, -0.5305 2.6378 1.2315, -0.4145 2.6378 1.3191, -0.3731 2.7165 1.2521, -0.2844 2.6378 1.3838, -0.256 2.7165 1.3104, -0.1447 2.6378 1.4236, 0.0 2.6378 1.437, 0.0 2.6378 0.1378, 0.0299 2.6378 0.1409, 0.1064 2.6378 0.149, 0.1382 2.6378 0.1593, 0.2082 2.6378 0.182, 0.24 2.6378 0.2004, 0.3008 2.6378 0.2355, 0.3306 2.6378 0.2624, 0.3803 2.6378 0.3071, 0.4059 2.6378 0.3423, 0.4432 2.6378 0.3937, 0.4623 2.6378 0.4365, 0.4868 2.6378 0.4914, 0.4972 2.6378 0.5405, 0.509 2.6378 0.5961, 0.5118 2.6378 0.6496, 0.509 2.6378 0.7031, 0.4972 2.6378 0.7587, 0.4868 2.6378 0.8078, 0.4623 2.6378 0.8628, 0.4432 2.6378 0.9055, 0.4059 2.6378 0.9569, 0.3803 2.6378 0.9921, 0.3306 2.6378 1.0368, 0.3008 2.6378 1.0637, 0.24 2.6378 1.0988, 0.2082 2.6378 1.1172, 0.1382 2.6378 1.1399, 0.0 2.6378 1.1614, 0.0299 2.6378 1.1583, 0.1064 2.6378 1.1502, -0.1447 2.6378 1.4236, -0.2844 2.6378 1.3838, -0.4145 2.6378 1.3191, -0.5305 2.6378 1.2315, -0.6284 2.6378 1.1241, -0.7049 2.6378 1.0006, -0.7573 2.6378 0.8651, -0.784 2.6378 0.7223, -0.784 2.6378 0.577, -0.7573 2.6378 0.4341, -0.7049 2.6378 0.2986, -0.6284 2.6378 0.1751, -0.5305 2.6378 0.0677, -0.4145 2.6378 -0.0199, -0.2844 2.6378 -0.0846, -0.1447 2.6378 -0.1244, 0.3191 -0.4331 1.0498, 0.2402 -0.4331 1.0993, 0.2221 -0.4331 1.1107, 0.0 -0.4331 1.1614, 0.0299 -0.4331 1.1581, 0.1139 -0.4331 1.1486, 0.1382 -0.4331 1.1401, 0.2402 -0.4331 0.1999, 0.3191 -0.4331 0.2495, 0.3312 -0.4331 0.2616, 0.4002 -0.4331 0.3305, 0.407 -0.4331 0.3414, 0.4611 -0.4331 0.4275, 0.464 -0.4331 0.4356, 0.499 -0.4331 0.5357, 0.4995 -0.4331 0.54, 0.5118 -0.4331 0.6496, 0.4995 -0.4331 0.7592, 0.499 -0.4331 0.7635, 0.464 -0.4331 0.8636, 0.4611 -0.4331 0.8717, 0.407 -0.4331 0.9578, 0.4002 -0.4331 0.9687, 0.3312 -0.4331 1.0376, 0.2221 -0.4331 0.1885, 0.1382 -0.4331 0.1591, 0.1139 -0.4331 0.1506, 0.0299 -0.4331 0.1412, 0.0 -0.4331 0.1378, 0.0 -0.7283 -0.1378, -0.0518 -0.7346 -0.1378, -0.0559 -0.7362 -0.1378, -0.1006 -0.7531 -0.1378, -0.1078 -0.7581 -0.1378, -0.1436 -0.7828 -0.1378, -0.1522 -0.7926 -0.1378, -0.1782 -0.8219 -0.1378, -0.1863 -0.8373 -0.1378, -0.2025 -0.8681 -0.1378, -0.2077 -0.8892 -0.1378, -0.215 -0.9188 -0.1378, -0.215 -0.9449 -0.1378, -0.215 -0.971 -0.1378, -0.2077 -1.0006 -0.1378, -0.2025 -1.0217 -0.1378, -0.1863 -1.0525 -0.1378, -0.1782 -1.0679 -0.1378, -0.1522 -1.0972 -0.1378, -0.1436 -1.107 -0.1378, -0.1078 -1.1317 -0.1378, -0.1006 -1.1366 -0.1378, 0.0 -1.1614 -0.1378, -0.0518 -1.1551 -0.1378, -0.0559 -1.1536 -0.1378, 0.0 1.2402 -0.1378, -0.0518 1.2339 -0.1378, -0.0559 1.2323 -0.1378, -0.1006 1.2154 -0.1378, -0.1078 1.2104 -0.1378, -0.1436 1.1857 -0.1378, -0.1522 1.176 -0.1378, -0.1782 1.1466 -0.1378, -0.1863 1.1312 -0.1378, -0.2025 1.1004 -0.1378, -0.2077 1.0793 -0.1378, -0.215 1.0497 -0.1378, -0.215 1.0236 -0.1378, -0.215 0.9975 -0.1378, -0.2077 0.9679 -0.1378, -0.2025 0.9468 -0.1378, -0.1863 0.916 -0.1378, -0.1782 0.9006 -0.1378, -0.1522 0.8713 -0.1378, -0.1436 0.8615 -0.1378, -0.1078 0.8368 -0.1378, -0.1006 0.8319 -0.1378, 0.0 0.8071 -0.1378, -0.0518 0.8134 -0.1378, -0.0559 0.8149 -0.1378, -0.4067 -0.4742 0.9064, -0.3785 -0.5118 0.8953, -0.335 -0.5118 0.9541, 0.0 -0.5118 1.1024, -0.0329 -0.5118 1.0989, -0.1058 -0.4331 1.1504, -0.0936 -0.5118 1.0926, -0.1136 -0.4331 1.1478, -0.1346 -0.5118 1.0793, -0.2071 -0.4331 1.1177, -0.1832 -0.5118 1.0636, -0.2213 -0.4331 1.1095, -0.2293 -0.5118 1.0372, -0.2994 -0.4331 1.0647, -0.2648 -0.5118 1.0168, -0.3178 -0.4331 1.0483, -0.3119 -0.5118 0.9748, -0.3787 -0.4331 0.9938, -0.399 -0.4331 0.9679, 0.1007 -0.5118 1.091, 0.1081 -0.5118 1.0884, 0.1964 -0.5118 1.0575, 0.2096 -0.5118 1.0492, 0.2823 -0.5118 1.0036, 0.2988 -0.5118 0.9871, 0.354 -0.5118 0.9319, 0.3706 -0.5118 0.9055, 0.4079 -0.5118 0.8461, 0.4208 -0.5118 0.8093, 0.4414 -0.5118 0.7504, 0.4466 -0.5118 0.7039, 0.4528 -0.5118 0.6496, 0.4466 -0.5118 0.5954, 0.4414 -0.5118 0.5489, 0.4208 -0.5118 0.4899, 0.4079 -0.5118 0.4532, 0.3706 -0.5118 0.3937, 0.354 -0.5118 0.3673, 0.2988 -0.5118 0.3121, 0.2823 -0.5118 0.2956, 0.2096 -0.5118 0.25, 0.1964 -0.5118 0.2417, 0.0 -0.5118 0.1969, 0.1007 -0.5118 0.2082, 0.1081 -0.5118 0.2108, -0.0997 -1.1348 -0.1554, -0.1423 -1.1055 -0.1554, -0.1766 -1.0668 -0.1554, -0.2006 -1.021 -0.1554, -0.1766 -0.823 -0.1554, -0.1423 -0.7843 -0.1554, -0.0997 -0.7549 -0.1554, -0.0513 -0.7366 -0.1554, -0.1536 -0.9635 -0.2147, -0.1026 -1.0607 -0.2147, -0.037 -1.0951 -0.2147, 0.0 -1.0996 -0.2147, -0.1446 -0.89 -0.2147, -0.1273 -0.857 -0.2147, -0.1026 -0.8291 -0.2147, -0.0719 -0.8079 -0.2147, -0.037 -0.7947 -0.2147, 0.0 -0.7902 -0.2147, -0.1536 -0.9262 -0.2147, -0.1603 -0.8841 -0.209, -0.1702 -0.9242 -0.209, -0.1744 -0.8787 -0.1996, -0.1852 -0.9224 -0.1996, -0.1862 -0.8743 -0.1871, -0.1411 -0.8475 -0.209, -0.1535 -0.8389 -0.1996, -0.1639 -0.8318 -0.1871, -0.1717 -0.8264 -0.1722, -0.1137 -0.8165 -0.209, -0.1237 -0.8052 -0.1996, -0.1321 -0.7958 -0.1871, -0.1384 -0.7887 -0.1722, -0.2071 -0.9197 -0.1722, -0.213 -0.919 -0.1554, -0.2006 -0.8688 -0.1554, 0.0 -0.7734 -0.209, -0.041 -0.7784 -0.209, 0.0 -0.7583 -0.1996, -0.0446 -0.7638 -0.1996, 0.0 -0.7457 -0.1871, -0.0477 -0.7515 -0.1871, 0.0 -0.7362 -0.1722, -0.0499 -0.7423 -0.1722, 0.0 -0.7303 -0.1554, -0.097 -0.7601 -0.1722, -0.0926 -0.7685 -0.1871, -0.0867 -0.7797 -0.1996, -0.0797 -0.7931 -0.209, -0.1977 -0.9209 -0.1871, -0.1951 -0.8709 -0.1722, -0.213 -0.9707 -0.1554, -0.2071 -0.97 -0.1722, -0.1977 -0.9689 -0.1871, -0.1852 -0.9674 -0.1996, -0.1702 -0.9656 -0.209, -0.1951 -1.0189 -0.1722, -0.1862 -1.0155 -0.1871, -0.1744 -1.011 -0.1996, -0.1603 -1.0057 -0.209, -0.1446 -0.9997 -0.2147, -0.1717 -1.0634 -0.1722, -0.1639 -1.058 -0.1871, -0.1535 -1.0509 -0.1996, -0.1411 -1.0423 -0.209, -0.1273 -1.0328 -0.2147, -0.1384 -1.1011 -0.1722, -0.1321 -1.094 -0.1871, -0.1237 -1.0845 -0.1996, -0.1137 -1.0732 -0.209, -0.097 -1.1296 -0.1722, -0.0926 -1.1212 -0.1871, -0.0867 -1.1101 -0.1996, -0.0797 -1.0967 -0.209, -0.0719 -1.0818 -0.2147, -0.0513 -1.1532 -0.1554, -0.0499 -1.1475 -0.1722, -0.0477 -1.1382 -0.1871, -0.0446 -1.126 -0.1996, -0.041 -1.1114 -0.209, 0.0 -1.1164 -0.209, 0.0 -1.1314 -0.1996, 0.0 -1.144 -0.1871, 0.0 -1.1535 -0.1722, 0.0 -1.1594 -0.1554, -0.0997 0.8337 -0.1554, -0.1423 0.863 -0.1554, -0.1766 0.9018 -0.1554, -0.2006 0.9475 -0.1554, -0.1766 1.1455 -0.1554, -0.1423 1.1842 -0.1554, -0.0997 1.2136 -0.1554, -0.0513 1.2319 -0.1554, -0.1536 1.005 -0.2147, -0.1026 0.9078 -0.2147, -0.037 0.8734 -0.2147, 0.0 0.8689 -0.2147, -0.1446 1.0785 -0.2147, -0.1273 1.1115 -0.2147, -0.1026 1.1394 -0.2147, -0.0719 1.1606 -0.2147, -0.037 1.1738 -0.2147, 0.0 1.1783 -0.2147, -0.1536 1.0423 -0.2147, -0.1603 1.0844 -0.209, -0.1702 1.0443 -0.209, -0.1744 1.0898 -0.1996, -0.1852 1.0461 -0.1996, -0.1862 1.0942 -0.1871, -0.1411 1.121 -0.209, -0.1535 1.1296 -0.1996, -0.1639 1.1368 -0.1871, -0.1717 1.1421 -0.1722, -0.1137 1.152 -0.209, -0.1237 1.1633 -0.1996, -0.1321 1.1727 -0.1871, -0.1384 1.1798 -0.1722, -0.2071 1.0488 -0.1722, -0.213 1.0495 -0.1554, -0.2006 1.0997 -0.1554, 0.0 1.1951 -0.209, -0.041 1.1901 -0.209, 0.0 1.2102 -0.1996, -0.0446 1.2047 -0.1996, 0.0 1.2228 -0.1871, -0.0477 1.217 -0.1871, 0.0 1.2323 -0.1722, -0.0499 1.2262 -0.1722, 0.0 1.2382 -0.1554, -0.097 1.2084 -0.1722, -0.0926 1.2 -0.1871, -0.0867 1.1888 -0.1996, -0.0797 1.1754 -0.209, -0.1977 1.0476 -0.1871, -0.1951 1.0976 -0.1722, -0.213 0.9978 -0.1554, -0.2071 0.9985 -0.1722, -0.1977 0.9996 -0.1871, -0.1852 1.0011 -0.1996, -0.1702 1.003 -0.209, -0.1951 0.9496 -0.1722, -0.1862 0.953 -0.1871, -0.1744 0.9575 -0.1996, -0.1603 0.9628 -0.209, -0.1446 0.9688 -0.2147, -0.1717 0.9051 -0.1722, -0.1639 0.9105 -0.1871, -0.1535 0.9176 -0.1996, -0.1411 0.9262 -0.209, -0.1273 0.9358 -0.2147, -0.1384 0.8674 -0.1722, -0.1321 0.8746 -0.1871, -0.1237 0.884 -0.1996, -0.1137 0.8953 -0.209, -0.097 0.8389 -0.1722, -0.0926 0.8473 -0.1871, -0.0867 0.8584 -0.1996, -0.0797 0.8718 -0.209, -0.0719 0.8867 -0.2147, -0.0513 0.8153 -0.1554, -0.0499 0.821 -0.1722, -0.0477 0.8303 -0.1871, -0.0446 0.8425 -0.1996, -0.041 0.8571 -0.209, 0.0 0.8522 -0.209, 0.0 0.8371 -0.1996, 0.0 0.8245 -0.1871, 0.0 0.815 -0.1722, 0.0 0.8091 -0.1554, 0.0559 1.2323 -0.1378, 0.1006 1.2154 -0.1378, 0.0997 1.2136 -0.1554, 0.1078 1.2104 -0.1378, 0.1436 1.1857 -0.1378, 0.1423 1.1842 -0.1554, 0.1522 1.176 -0.1378, 0.1782 1.1466 -0.1378, 0.1766 1.1455 -0.1554, 0.1863 1.1312 -0.1378, 0.2025 1.1004 -0.1378, 0.2006 1.0997 -0.1554, 0.1863 0.916 -0.1378, 0.1782 0.9006 -0.1378, 0.1766 0.9018 -0.1554, 0.1522 0.8713 -0.1378, 0.1436 0.8615 -0.1378, 0.1423 0.863 -0.1554, 0.1078 0.8368 -0.1378, 0.1006 0.8319 -0.1378, 0.0997 0.8337 -0.1554, 0.0559 0.8149 -0.1378, 0.0518 0.8134 -0.1378, 0.0513 0.8153 -0.1554, 0.1536 1.0423 -0.2147, 0.1026 1.1394 -0.2147, 0.037 1.1738 -0.2147, 0.0 1.1783 -0.2147, 0.1446 0.9688 -0.2147, 0.1273 0.9358 -0.2147, 0.1026 0.9078 -0.2147, 0.0719 0.8867 -0.2147, 0.037 0.8734 -0.2147, 0.0 0.8689 -0.2147, 0.1536 1.005 -0.2147, 0.1603 0.9628 -0.209, 0.1702 1.003 -0.209, 0.1744 0.9575 -0.1996, 0.1852 1.0011 -0.1996, 0.1862 0.953 -0.1871, 0.1411 0.9262 -0.209, 0.1535 0.9176 -0.1996, 0.1639 0.9105 -0.1871, 0.1717 0.9051 -0.1722, 0.1137 0.8953 -0.209, 0.1237 0.884 -0.1996, 0.1321 0.8746 -0.1871, 0.1384 0.8674 -0.1722, 0.2071 0.9985 -0.1722, 0.213 0.9978 -0.1554, 0.2006 0.9475 -0.1554, 0.0 0.8522 -0.209, 0.041 0.8571 -0.209, 0.0 0.8371 -0.1996, 0.0446 0.8425 -0.1996, 0.0 0.8245 -0.1871, 0.0477 0.8303 -0.1871, 0.0 0.815 -0.1722, 0.0499 0.821 -0.1722, 0.0 0.8091 -0.1554, 0.097 0.8389 -0.1722, 0.0926 0.8473 -0.1871, 0.0867 0.8584 -0.1996, 0.0797 0.8718 -0.209, 0.1977 0.9996 -0.1871, 0.1951 0.9496 -0.1722, 0.2025 0.9468 -0.1378, 0.2077 1.0793 -0.1378, 0.215 1.0497 -0.1378, 0.213 1.0495 -0.1554, 0.2071 1.0488 -0.1722, 0.1977 1.0476 -0.1871, 0.1852 1.0461 -0.1996, 0.1702 1.0443 -0.209, 0.215 1.0236 -0.1378, 0.215 0.9975 -0.1378, 0.2077 0.9679 -0.1378, 0.1951 1.0976 -0.1722, 0.1862 1.0942 -0.1871, 0.1744 1.0898 -0.1996, 0.1603 1.0844 -0.209, 0.1446 1.0785 -0.2147, 0.1717 1.1421 -0.1722, 0.1639 1.1368 -0.1871, 0.1535 1.1296 -0.1996, 0.1411 1.121 -0.209, 0.1273 1.1115 -0.2147, 0.1384 1.1798 -0.1722, 0.1321 1.1727 -0.1871, 0.1237 1.1633 -0.1996, 0.1137 1.152 -0.209, 0.097 1.2084 -0.1722, 0.0926 1.2 -0.1871, 0.0867 1.1888 -0.1996, 0.0797 1.1754 -0.209, 0.0719 1.1606 -0.2147, 0.0518 1.2339 -0.1378, 0.0513 1.2319 -0.1554, 0.0499 1.2262 -0.1722, 0.0477 1.217 -0.1871, 0.0446 1.2047 -0.1996, 0.041 1.1901 -0.209, 0.0 1.1951 -0.209, 0.0 1.2102 -0.1996, 0.0 1.2228 -0.1871, 0.0559 -0.7362 -0.1378, 0.1006 -0.7531 -0.1378, 0.0997 -0.7549 -0.1554, 0.1078 -0.7581 -0.1378, 0.1436 -0.7828 -0.1378, 0.1423 -0.7843 -0.1554, 0.1522 -0.7926 -0.1378, 0.1782 -0.8219 -0.1378, 0.1766 -0.823 -0.1554, 0.1863 -0.8373 -0.1378, 0.2025 -0.8681 -0.1378, 0.2006 -0.8688 -0.1554, 0.1863 -1.0525 -0.1378, 0.1782 -1.0679 -0.1378, 0.1766 -1.0668 -0.1554, 0.1522 -1.0972 -0.1378, 0.1436 -1.107 -0.1378, 0.1423 -1.1055 -0.1554, 0.1078 -1.1317 -0.1378, 0.1006 -1.1366 -0.1378, 0.0997 -1.1348 -0.1554, 0.0559 -1.1536 -0.1378, 0.0518 -1.1551 -0.1378, 0.0513 -1.1532 -0.1554, 0.1536 -0.9262 -0.2147, 0.1026 -0.8291 -0.2147, 0.037 -0.7947 -0.2147, 0.0 -0.7902 -0.2147, 0.1446 -0.9997 -0.2147, 0.1273 -1.0328 -0.2147, 0.1026 -1.0607 -0.2147, 0.0719 -1.0818 -0.2147, 0.037 -1.0951 -0.2147, 0.0 -1.0996 -0.2147, 0.1536 -0.9635 -0.2147, 0.1603 -1.0057 -0.209, 0.1702 -0.9656 -0.209, 0.1744 -1.011 -0.1996, 0.1852 -0.9674 -0.1996, 0.1862 -1.0155 -0.1871, 0.1411 -1.0423 -0.209, 0.1535 -1.0509 -0.1996, 0.1639 -1.058 -0.1871, 0.1717 -1.0634 -0.1722, 0.1137 -1.0732 -0.209, 0.1237 -1.0845 -0.1996, 0.1321 -1.094 -0.1871, 0.1384 -1.1011 -0.1722, 0.2071 -0.97 -0.1722, 0.213 -0.9707 -0.1554, 0.2006 -1.021 -0.1554, 0.0 -1.1164 -0.209, 0.041 -1.1114 -0.209, 0.0 -1.1314 -0.1996, 0.0446 -1.126 -0.1996, 0.0 -1.144 -0.1871, 0.0477 -1.1382 -0.1871, 0.0499 -1.1475 -0.1722, 0.097 -1.1296 -0.1722, 0.0926 -1.1212 -0.1871, 0.0867 -1.1101 -0.1996, 0.0797 -1.0967 -0.209, 0.1977 -0.9689 -0.1871, 0.1951 -1.0189 -0.1722, 0.2025 -1.0217 -0.1378, 0.2077 -0.8892 -0.1378, 0.215 -0.9188 -0.1378, 0.213 -0.919 -0.1554, 0.2071 -0.9197 -0.1722, 0.1977 -0.9209 -0.1871, 0.1852 -0.9224 -0.1996, 0.1702 -0.9242 -0.209, 0.215 -0.9449 -0.1378, 0.215 -0.971 -0.1378, 0.2077 -1.0006 -0.1378, 0.1951 -0.8709 -0.1722, 0.1862 -0.8743 -0.1871, 0.1744 -0.8787 -0.1996, 0.1603 -0.8841 -0.209, 0.1446 -0.89 -0.2147, 0.1717 -0.8264 -0.1722, 0.1639 -0.8318 -0.1871, 0.1535 -0.8389 -0.1996, 0.1411 -0.8475 -0.209, 0.1273 -0.857 -0.2147, 0.1384 -0.7887 -0.1722, 0.1321 -0.7958 -0.1871, 0.1237 -0.8052 -0.1996, 0.1137 -0.8165 -0.209, 0.097 -0.7601 -0.1722, 0.0926 -0.7685 -0.1871, 0.0867 -0.7797 -0.1996, 0.0797 -0.7931 -0.209, 0.0719 -0.8079 -0.2147, 0.0518 -0.7346 -0.1378, 0.0513 -0.7366 -0.1554, 0.0499 -0.7423 -0.1722, 0.0477 -0.7515 -0.1871, 0.0446 -0.7638 -0.1996, 0.041 -0.7784 -0.209, 0.0 -0.7734 -0.209, 0.0 -0.7583 -0.1996, 0.0 -0.7457 -0.1871, 0.0 -0.7362 -0.1722, 0.0 -0.7303 -0.1554, -0.3785 -0.5118 0.4039, -0.2293 -0.5118 0.262, -0.335 -0.5118 0.3451, -0.3119 -0.5118 0.3244, -0.2648 -0.5118 0.2824, -0.0329 -0.5118 0.2003, -0.0936 -0.5118 0.2066, -0.1832 -0.5118 0.2356, -0.1346 -0.5118 0.2199, -0.4067 -0.4742 0.3929, -0.1058 -0.4331 0.1489, -0.1136 -0.4331 0.1514, -0.2071 -0.4331 0.1816, -0.2213 -0.4331 0.1897, -0.2994 -0.4331 0.2345, -0.3178 -0.4331 0.2509, -0.3787 -0.4331 0.3054, -0.399 -0.4331 0.3314, -0.3008 2.6378 1.0637, -0.4633 -0.3516 0.8671, -0.3178 2.6378 0.2509, -0.3803 2.6378 0.3071, -0.3983 2.6378 0.3318, -0.4432 2.6378 0.3937, -0.4588 2.6378 0.4286, -0.4868 2.6378 0.4914, -0.4963 2.6378 0.5363, -0.509 2.6378 0.5961, -0.509 2.6378 0.6496, -0.509 2.6378 0.7031, -0.4963 2.6378 0.7629, -0.4868 2.6378 0.8078, -0.4588 2.6378 0.8706, -0.4432 2.6378 0.9055, -0.3983 2.6378 0.9674, -0.3803 2.6378 0.9921, -0.3178 2.6378 1.0484, -0.2214 2.6378 1.1095, -0.2082 2.6378 1.1172, -0.1064 2.6378 1.1502, -0.1137 2.6378 1.1479, -0.1064 2.6378 0.149, -0.1137 2.6378 0.1513, -0.2082 2.6378 0.182, -0.2214 2.6378 0.1897, -0.3008 2.6378 0.2355, 0.0195 2.6378 -0.1376, 0.5381 2.6378 1.2245, 0.4252 2.6378 1.3123, 0.2983 2.6378 1.3783, 0.1616 2.6378 1.4203, 0.0195 2.6378 1.4368, 0.1616 2.6378 -0.121, 0.2983 2.6378 -0.0791, 0.4252 2.6378 -0.0131, 0.5381 2.6378 0.0747, 0.6332 2.6378 0.1815, 0.7074 2.6378 0.3038, 0.7583 2.6378 0.4374, 0.7841 2.6378 0.5781, 0.7841 2.6378 0.7211, 0.6332 2.6378 1.1177, 0.7074 2.6378 0.9954, 0.7583 2.6378 0.8618, 0.7841 2.6378 0.7211, 0.7841 2.6378 0.5781
            ]
        }
        coordIndex [
            0,1,2,-1,3,4,5,-1,6,7,8,-1,9,10,11,-1,12,13,14,-1,15,16,17,-1,18,19,20,-1,21,22,23,-1,24,25,26,-1,27,28,29,-1,29,28,30,-1,31,32,33,-1,33,32,29,-1,33,29,34,-1,34,29,35,-1,30,36,29,-1,29,36,37,-1,29,37,35,-1,38,39,20,-1,20,39,40,-1,20,40,41,-1,38,20,42,-1,42,20,19,-1,42,19,43,-1,43,19,44,-1,43,44,45,-1,44,46,47,-1,44,48,45,-1,45,48,49,-1,45,49,50,-1,50,49,51,-1,50,51,52,-1,47,53,44,-1,44,53,54,-1,44,54,48,-1,55,56,57,-1,55,57,58,-1,56,59,57,-1,57,59,60,-1,57,60,61,-1,61,60,62,-1,62,63,61,-1,61,63,64,-1,61,64,44,-1,44,64,65,-1,44,65,46,-1,66,58,67,-1,67,58,57,-1,67,57,68,-1,68,57,69,-1,70,71,72,-1,72,71,73,-1,74,75,70,-1,70,75,76,-1,70,76,71,-1,71,76,77,-1,71,77,57,-1,57,77,78,-1,57,78,69,-1,79,72,80,-1,80,72,73,-1,80,73,81,-1,81,73,82,-1,6,83,7,-1,7,83,84,-1,7,84,85,-1,85,86,7,-1,7,86,87,-1,7,87,88,-1,89,90,91,-1,92,93,6,-1,94,95,96,-1,96,95,97,-1,89,91,98,-1,92,6,99,-1,100,101,95,-1,95,101,102,-1,95,102,103,-1,31,104,32,-1,32,104,105,-1,32,105,6,-1,6,105,106,-1,6,106,99,-1,90,107,91,-1,91,107,108,-1,91,108,109,-1,110,111,112,-1,112,111,113,-1,112,113,114,-1,115,103,116,-1,116,103,117,-1,116,117,112,-1,112,117,118,-1,112,118,110,-1,115,119,103,-1,103,119,120,-1,103,120,95,-1,95,120,121,-1,95,121,97,-1,122,123,124,-1,124,123,125,-1,124,125,91,-1,91,125,126,-1,91,126,98,-1,127,128,91,-1,91,128,129,-1,91,129,95,-1,95,129,130,-1,95,130,100,-1,131,132,83,-1,83,132,133,-1,83,133,134,-1,134,135,83,-1,83,135,136,-1,83,136,137,-1,137,136,122,-1,137,122,138,-1,138,122,124,-1,93,139,6,-1,6,139,140,-1,6,140,83,-1,83,140,141,-1,83,141,131,-1,109,142,91,-1,91,142,143,-1,91,143,144,-1,144,145,91,-1,91,145,146,-1,91,146,127,-1,147,148,149,-1,148,150,149,-1,149,150,151,-1,149,151,152,-1,102,149,103,-1,103,149,153,-1,103,153,154,-1,155,156,157,-1,157,156,158,-1,157,158,159,-1,155,157,102,-1,102,157,160,-1,102,160,149,-1,149,160,161,-1,149,161,147,-1,162,163,164,-1,164,163,165,-1,164,165,166,-1,152,151,167,-1,167,151,168,-1,167,168,169,-1,169,168,170,-1,169,170,171,-1,154,172,103,-1,103,172,164,-1,103,164,173,-1,173,164,166,-1,174,175,176,-1,176,175,177,-1,178,179,180,-1,180,179,181,-1,180,181,182,-1,182,181,183,-1,182,183,177,-1,177,183,184,-1,177,184,176,-1,185,186,187,-1,187,186,181,-1,187,181,188,-1,188,181,179,-1,189,190,191,-1,191,190,192,-1,193,194,195,-1,195,194,196,-1,197,195,198,-1,198,195,196,-1,198,196,26,-1,26,196,199,-1,26,199,24,-1,200,201,193,-1,193,201,202,-1,193,202,194,-1,203,204,205,-1,205,204,206,-1,205,206,207,-1,207,206,208,-1,207,208,209,-1,210,211,212,-1,212,211,204,-1,212,204,213,-1,213,204,214,-1,215,216,217,-1,215,218,219,-1,215,220,221,-1,217,222,215,-1,215,222,223,-1,215,223,224,-1,224,223,214,-1,224,214,225,-1,225,214,204,-1,225,204,200,-1,200,204,203,-1,200,203,201,-1,226,227,228,-1,228,227,229,-1,228,229,230,-1,219,231,215,-1,215,231,232,-1,215,232,220,-1,221,233,215,-1,215,233,234,-1,215,234,235,-1,218,215,228,-1,228,215,236,-1,228,236,226,-1,235,237,215,-1,215,237,238,-1,215,238,216,-1,239,240,241,-1,241,240,242,-1,241,242,200,-1,200,242,243,-1,200,243,225,-1,244,245,239,-1,23,246,247,-1,247,248,23,-1,23,248,249,-1,23,249,21,-1,250,251,23,-1,23,251,252,-1,23,252,246,-1,253,254,255,-1,255,254,256,-1,255,256,250,-1,250,256,257,-1,250,257,251,-1,258,259,260,-1,210,261,211,-1,211,261,262,-1,211,262,258,-1,258,262,263,-1,258,263,259,-1,260,264,258,-1,258,264,265,-1,258,265,266,-1,267,81,268,-1,268,81,82,-1,268,82,269,-1,269,82,270,-1,269,270,271,-1,271,270,272,-1,271,272,273,-1,273,272,274,-1,273,274,275,-1,275,274,276,-1,275,276,277,-1,277,276,278,-1,277,278,279,-1,279,278,280,-1,281,282,283,-1,283,282,284,-1,283,284,285,-1,286,287,288,-1,288,287,289,-1,290,291,292,-1,291,293,292,-1,292,293,294,-1,292,294,295,-1,296,297,292,-1,292,297,298,-1,292,298,290,-1,286,299,287,-1,287,299,300,-1,287,300,301,-1,301,300,302,-1,303,304,302,-1,302,304,305,-1,302,305,301,-1,306,307,308,-1,308,307,309,-1,308,309,310,-1,311,312,211,-1,211,312,313,-1,211,313,314,-1,314,315,211,-1,211,315,316,-1,211,316,317,-1,310,318,308,-1,308,318,319,-1,308,319,258,-1,258,319,289,-1,258,289,320,-1,320,289,287,-1,321,322,302,-1,302,322,323,-1,302,323,324,-1,320,325,258,-1,258,325,326,-1,258,326,211,-1,211,326,327,-1,211,327,311,-1,324,328,302,-1,302,328,329,-1,302,329,303,-1,330,331,332,-1,332,333,330,-1,330,333,334,-1,330,334,308,-1,308,334,335,-1,308,335,306,-1,336,337,211,-1,338,339,340,-1,341,342,343,-1,338,340,344,-1,339,336,340,-1,340,336,211,-1,340,211,294,-1,294,211,317,-1,294,317,295,-1,341,343,340,-1,340,343,345,-1,340,345,344,-1,346,347,348,-1,348,347,349,-1,348,349,294,-1,294,349,350,-1,294,350,340,-1,351,352,346,-1,353,354,17,-1,355,356,204,-1,357,358,17,-1,17,358,359,-1,337,360,211,-1,211,360,361,-1,211,361,204,-1,204,361,362,-1,204,362,355,-1,356,363,204,-1,204,363,364,-1,204,364,206,-1,206,364,365,-1,206,365,353,-1,366,367,354,-1,354,367,368,-1,354,368,17,-1,17,368,369,-1,17,369,357,-1,359,370,17,-1,17,370,371,-1,17,371,15,-1,372,373,374,-1,374,373,375,-1,374,375,376,-1,374,377,372,-1,372,377,378,-1,372,378,379,-1,379,380,372,-1,372,380,381,-1,372,381,382,-1,382,381,383,-1,382,383,384,-1,384,383,385,-1,384,385,354,-1,354,385,386,-1,354,386,366,-1,387,388,376,-1,376,388,389,-1,376,389,374,-1,390,391,342,-1,342,391,392,-1,342,392,343,-1,390,393,391,-1,391,393,394,-1,391,394,395,-1,395,394,396,-1,395,397,398,-1,396,399,395,-1,395,399,400,-1,395,400,401,-1,401,402,395,-1,395,402,403,-1,395,403,397,-1,398,404,395,-1,395,404,405,-1,395,405,406,-1,407,408,409,-1,409,408,410,-1,411,412,413,-1,413,414,411,-1,411,414,415,-1,411,415,416,-1,416,415,417,-1,416,417,208,-1,418,419,17,-1,353,17,206,-1,206,17,419,-1,206,419,208,-1,208,419,420,-1,208,420,416,-1,17,14,418,-1,418,14,421,-1,418,421,422,-1,13,423,14,-1,14,423,424,-1,14,424,421,-1,425,426,427,-1,352,351,16,-1,16,351,425,-1,16,425,17,-1,17,425,427,-1,17,427,14,-1,14,427,428,-1,14,428,429,-1,430,431,432,-1,432,431,433,-1,432,433,425,-1,425,433,434,-1,425,434,426,-1,429,435,14,-1,14,435,436,-1,14,436,12,-1,10,408,11,-1,11,408,407,-1,11,407,437,-1,437,407,438,-1,437,438,439,-1,439,440,437,-1,437,440,441,-1,437,441,432,-1,432,441,442,-1,432,442,430,-1,443,444,445,-1,445,444,446,-1,447,448,449,-1,417,409,208,-1,208,409,410,-1,208,410,186,-1,186,410,450,-1,186,450,181,-1,181,450,451,-1,181,451,452,-1,446,444,448,-1,448,444,453,-1,448,453,449,-1,452,454,455,-1,455,454,456,-1,455,456,457,-1,346,348,351,-1,351,348,294,-1,351,294,331,-1,331,294,293,-1,331,293,332,-1,437,458,11,-1,11,458,449,-1,11,449,9,-1,9,449,453,-1,459,460,461,-1,461,460,462,-1,461,462,463,-1,464,465,463,-1,463,465,466,-1,463,466,461,-1,461,466,255,-1,255,466,467,-1,467,466,468,-1,467,468,469,-1,8,467,6,-1,6,467,469,-1,6,469,32,-1,32,469,470,-1,32,470,255,-1,255,470,471,-1,255,471,461,-1,8,330,467,-1,467,330,308,-1,467,308,255,-1,255,308,258,-1,255,258,253,-1,253,258,266,-1,472,473,449,-1,455,447,452,-1,452,447,449,-1,452,449,181,-1,181,449,473,-1,474,475,476,-1,477,478,183,-1,183,478,479,-1,183,479,474,-1,474,479,480,-1,474,480,475,-1,476,481,474,-1,474,481,482,-1,474,482,483,-1,483,472,474,-1,474,472,449,-1,474,449,284,-1,284,449,458,-1,284,458,285,-1,285,458,437,-1,285,437,484,-1,484,437,432,-1,484,432,485,-1,485,432,425,-1,485,425,486,-1,486,425,351,-1,486,351,487,-1,487,351,331,-1,487,331,488,-1,488,331,330,-1,488,330,489,-1,489,330,8,-1,489,8,490,-1,490,8,7,-1,490,7,491,-1,491,7,88,-1,491,88,70,-1,70,88,492,-1,70,492,74,-1,473,493,181,-1,181,493,494,-1,181,494,183,-1,183,494,495,-1,183,495,496,-1,496,497,183,-1,183,497,498,-1,183,498,477,-1,499,500,474,-1,501,502,503,-1,503,499,501,-1,501,499,474,-1,501,474,504,-1,504,474,284,-1,504,284,505,-1,505,284,282,-1,506,507,500,-1,500,507,508,-1,500,508,474,-1,474,508,509,-1,474,509,183,-1,183,509,510,-1,511,512,29,-1,29,512,3,-1,29,3,250,-1,250,3,5,-1,250,5,255,-1,255,5,513,-1,255,513,32,-1,32,513,511,-1,32,511,29,-1,0,2,514,-1,192,190,197,-1,197,190,209,-1,197,209,195,-1,195,209,208,-1,195,208,515,-1,174,176,185,-1,185,176,2,-1,185,2,186,-1,186,2,1,-1,186,1,516,-1,516,517,186,-1,186,517,518,-1,186,518,519,-1,519,520,186,-1,186,520,521,-1,186,521,208,-1,208,521,522,-1,208,522,515,-1,515,523,195,-1,195,523,524,-1,195,524,2,-1,2,524,525,-1,2,525,526,-1,526,527,2,-1,2,527,528,-1,2,528,514,-1,510,503,183,-1,183,503,502,-1,183,502,184,-1,184,502,529,-1,505,530,504,-1,504,530,531,-1,504,531,501,-1,501,531,532,-1,501,532,502,-1,502,532,533,-1,502,533,529,-1,529,533,534,-1,245,244,22,-1,22,244,535,-1,22,535,23,-1,23,535,536,-1,23,536,250,-1,250,536,20,-1,250,20,29,-1,29,20,41,-1,29,41,27,-1,239,241,244,-1,244,241,200,-1,244,200,537,-1,537,200,193,-1,537,193,538,-1,538,193,195,-1,538,195,539,-1,539,195,2,-1,539,2,540,-1,540,2,176,-1,540,176,541,-1,541,176,184,-1,541,184,542,-1,542,184,529,-1,542,529,543,-1,543,529,534,-1,543,534,544,-1,18,20,545,-1,545,20,536,-1,545,536,546,-1,546,536,535,-1,546,535,547,-1,547,535,244,-1,547,244,548,-1,548,244,537,-1,548,537,549,-1,549,537,538,-1,549,538,550,-1,550,538,539,-1,550,539,551,-1,551,539,540,-1,551,540,552,-1,552,540,541,-1,552,541,553,-1,553,541,542,-1,553,542,554,-1,554,542,543,-1,554,543,555,-1,555,543,544,-1,555,544,556,-1,557,558,559,-1,560,561,562,-1,562,561,563,-1,562,563,564,-1,565,566,567,-1,567,566,568,-1,568,569,567,-1,567,569,570,-1,567,570,562,-1,562,570,557,-1,562,557,560,-1,560,557,559,-1,571,572,573,-1,573,572,574,-1,573,574,575,-1,575,574,576,-1,572,577,574,-1,574,577,578,-1,574,578,579,-1,580,581,582,-1,582,581,583,-1,582,583,584,-1,584,583,585,-1,586,578,587,-1,587,578,577,-1,583,581,588,-1,588,581,589,-1,590,591,587,-1,587,591,592,-1,587,592,586,-1,593,594,595,-1,595,594,588,-1,595,588,596,-1,596,588,589,-1,596,589,597,-1,597,589,598,-1,595,596,599,-1,599,596,600,-1,601,602,603,-1,601,603,604,-1,604,603,599,-1,604,599,600,-1,591,590,605,-1,605,590,606,-1,607,608,609,-1,610,611,612,-1,612,611,613,-1,614,612,615,-1,615,612,613,-1,615,613,609,-1,609,613,616,-1,609,616,607,-1,593,595,599,-1,599,603,593,-1,593,603,602,-1,593,602,617,-1,601,618,602,-1,602,618,617,-1,597,618,601,-1,601,604,597,-1,597,604,600,-1,597,600,596,-1,619,620,621,-1,621,620,622,-1,621,622,623,-1,623,622,624,-1,623,624,625,-1,625,624,626,-1,606,627,605,-1,605,627,628,-1,605,628,629,-1,610,612,630,-1,630,612,631,-1,630,631,632,-1,632,631,633,-1,633,631,634,-1,633,634,635,-1,635,634,636,-1,636,634,637,-1,636,637,638,-1,638,637,639,-1,639,637,640,-1,639,640,641,-1,641,640,642,-1,642,640,643,-1,642,643,644,-1,644,643,645,-1,645,643,646,-1,645,646,647,-1,647,646,648,-1,648,646,649,-1,648,649,650,-1,650,649,651,-1,651,649,652,-1,651,652,653,-1,654,655,593,-1,593,655,594,-1,598,654,597,-1,597,654,593,-1,597,593,618,-1,618,593,617,-1,624,622,656,-1,656,622,657,-1,658,628,659,-1,659,628,627,-1,660,661,662,-1,663,664,665,-1,662,653,660,-1,660,653,652,-1,660,652,665,-1,665,652,666,-1,665,666,663,-1,667,668,669,-1,669,668,670,-1,671,670,672,-1,672,670,668,-1,672,668,673,-1,674,675,676,-1,676,675,655,-1,676,655,677,-1,677,655,654,-1,677,654,678,-1,678,654,679,-1,657,680,681,-1,682,683,681,-1,681,683,656,-1,681,656,657,-1,684,685,659,-1,659,685,686,-1,659,686,658,-1,687,688,666,-1,666,688,689,-1,666,689,663,-1,663,689,690,-1,663,690,691,-1,692,667,693,-1,693,667,669,-1,693,669,694,-1,695,696,697,-1,697,696,671,-1,698,697,699,-1,699,697,671,-1,699,671,700,-1,700,671,672,-1,701,702,703,-1,703,702,704,-1,705,706,707,-1,707,706,708,-1,580,709,581,-1,581,709,710,-1,679,654,711,-1,711,654,598,-1,711,598,710,-1,710,598,589,-1,710,589,581,-1,712,713,714,-1,712,714,715,-1,714,716,717,-1,717,718,714,-1,714,718,719,-1,714,719,715,-1,720,721,722,-1,722,721,723,-1,723,724,722,-1,722,724,725,-1,722,725,718,-1,717,726,718,-1,718,726,727,-1,718,727,722,-1,722,727,728,-1,722,728,729,-1,730,731,620,-1,620,731,732,-1,620,732,622,-1,622,732,733,-1,622,733,657,-1,657,733,734,-1,657,734,680,-1,705,735,706,-1,706,735,736,-1,737,702,738,-1,738,702,701,-1,739,740,741,-1,741,740,575,-1,741,575,576,-1,685,684,742,-1,742,684,743,-1,744,745,688,-1,744,688,746,-1,746,688,687,-1,746,687,747,-1,693,694,748,-1,748,694,749,-1,660,665,750,-1,750,665,751,-1,699,700,752,-1,699,752,753,-1,753,752,754,-1,753,754,755,-1,755,754,756,-1,755,756,757,-1,756,758,757,-1,757,758,759,-1,757,759,760,-1,759,761,760,-1,760,761,762,-1,760,762,763,-1,763,762,764,-1,763,764,765,-1,704,766,703,-1,703,766,767,-1,701,703,767,-1,767,768,706,-1,706,768,708,-1,769,736,770,-1,770,736,771,-1,772,773,769,-1,769,773,738,-1,706,736,767,-1,767,736,769,-1,767,769,701,-1,701,769,738,-1,774,707,768,-1,768,707,708,-1,775,710,776,-1,776,710,709,-1,776,709,713,-1,713,709,714,-1,711,710,777,-1,777,710,775,-1,733,732,778,-1,778,732,779,-1,780,781,782,-1,780,782,783,-1,783,782,784,-1,783,784,785,-1,621,623,780,-1,780,623,781,-1,720,722,786,-1,786,722,734,-1,786,734,778,-1,778,734,733,-1,787,788,789,-1,790,791,792,-1,789,788,793,-1,793,788,794,-1,793,794,795,-1,795,794,796,-1,795,796,797,-1,798,799,800,-1,801,802,803,-1,803,802,804,-1,803,804,805,-1,805,804,806,-1,805,806,807,-1,807,806,808,-1,807,808,809,-1,809,808,810,-1,809,810,811,-1,789,812,787,-1,787,812,813,-1,787,813,814,-1,814,813,815,-1,814,815,816,-1,816,815,817,-1,816,817,818,-1,818,817,819,-1,818,819,801,-1,801,819,820,-1,801,820,802,-1,797,796,821,-1,821,796,822,-1,821,822,823,-1,823,822,824,-1,823,824,825,-1,825,824,826,-1,825,826,827,-1,827,826,828,-1,827,828,829,-1,830,831,832,-1,832,831,833,-1,832,833,834,-1,834,833,835,-1,836,837,838,-1,839,840,841,-1,841,840,842,-1,841,842,843,-1,792,791,800,-1,800,791,844,-1,800,844,798,-1,845,846,847,-1,847,846,848,-1,849,850,848,-1,848,850,851,-1,848,851,847,-1,830,852,831,-1,831,852,853,-1,831,853,854,-1,837,855,838,-1,838,855,856,-1,838,856,833,-1,833,856,857,-1,833,857,835,-1,811,858,809,-1,809,858,859,-1,809,859,839,-1,839,859,860,-1,839,860,840,-1,861,862,863,-1,863,862,864,-1,863,864,865,-1,866,867,868,-1,868,867,800,-1,868,800,869,-1,869,800,799,-1,845,870,846,-1,846,870,871,-1,846,871,792,-1,792,871,872,-1,792,872,790,-1,853,873,854,-1,854,873,874,-1,854,874,849,-1,849,874,875,-1,849,875,850,-1,836,838,876,-1,876,838,877,-1,876,877,878,-1,866,879,867,-1,867,879,880,-1,867,880,863,-1,863,880,881,-1,863,881,861,-1,843,882,841,-1,841,882,883,-1,841,883,877,-1,877,883,884,-1,877,884,878,-1,864,885,865,-1,865,885,886,-1,865,886,828,-1,828,886,887,-1,828,887,829,-1,888,889,580,-1,580,889,709,-1,709,889,890,-1,709,890,714,-1,714,890,891,-1,714,891,716,-1,888,580,770,-1,770,580,582,-1,770,582,769,-1,892,893,735,-1,735,893,894,-1,735,894,895,-1,895,896,735,-1,735,896,897,-1,735,897,736,-1,736,897,898,-1,898,899,736,-1,736,899,900,-1,736,900,771,-1,901,738,902,-1,902,738,773,-1,903,737,904,-1,904,737,738,-1,904,738,905,-1,905,738,901,-1,906,907,908,-1,908,907,737,-1,908,737,909,-1,909,737,903,-1,740,910,575,-1,575,910,561,-1,575,561,573,-1,573,561,560,-1,573,560,571,-1,571,560,559,-1,566,742,568,-1,568,742,743,-1,911,912,913,-1,913,912,914,-1,915,916,917,-1,917,916,918,-1,919,920,921,-1,921,920,922,-1,923,924,747,-1,747,924,925,-1,747,925,926,-1,919,921,926,-1,926,921,746,-1,926,746,747,-1,927,748,928,-1,928,748,749,-1,929,661,750,-1,750,661,660,-1,930,929,751,-1,751,929,750,-1,664,930,665,-1,665,930,751,-1,931,932,933,-1,932,931,934,-1,934,931,935,-1,934,935,936,-1,933,937,931,-1,931,937,938,-1,931,938,939,-1,936,940,934,-1,934,940,941,-1,934,941,942,-1,939,943,931,-1,931,943,944,-1,931,944,945,-1,945,946,931,-1,931,946,947,-1,931,947,948,-1,949,950,951,-1,951,950,952,-1,951,952,953,-1,954,955,956,-1,956,955,957,-1,954,956,951,-1,951,956,958,-1,951,958,949,-1,948,959,931,-1,931,959,956,-1,931,956,960,-1,960,956,957,-1,942,961,934,-1,934,961,962,-1,934,962,963,-1,963,964,934,-1,934,964,965,-1,934,965,966,-1,967,968,969,-1,969,968,970,-1,969,970,971,-1,972,973,974,-1,974,973,975,-1,972,974,969,-1,969,974,976,-1,969,976,967,-1,966,977,934,-1,934,977,974,-1,934,974,978,-1,978,974,975,-1,763,765,979,-1,979,765,980,-1,979,980,981,-1,981,980,982,-1,981,982,983,-1,983,982,984,-1,983,984,985,-1,985,984,986,-1,614,615,987,-1,987,988,614,-1,614,988,989,-1,614,989,990,-1,766,991,992,-1,993,774,994,-1,994,774,768,-1,994,768,992,-1,992,768,767,-1,992,767,766,-1,995,996,777,-1,996,997,777,-1,777,997,998,-1,777,998,999,-1,775,776,1000,-1,1000,1001,775,-1,775,1001,1002,-1,775,1002,1003,-1,1003,1004,775,-1,775,1004,1005,-1,775,1005,777,-1,777,1005,1006,-1,777,1006,995,-1,778,1007,1008,-1,1008,1009,778,-1,778,1009,1010,-1,778,1010,786,-1,779,1011,1012,-1,779,1013,1014,-1,1014,1015,779,-1,779,1015,1016,-1,779,1016,1017,-1,1017,1018,779,-1,779,1018,1019,-1,779,1019,1020,-1,1020,1021,779,-1,779,1021,1022,-1,779,1022,1023,-1,1023,1024,779,-1,779,1024,1025,-1,779,1025,778,-1,778,1025,1026,-1,778,1026,1007,-1,1012,1027,779,-1,779,1027,1028,-1,779,1028,1013,-1,619,621,780,-1,780,783,619,-1,619,783,785,-1,619,785,1029,-1,1029,785,1030,-1,1030,785,784,-1,625,1030,784,-1,784,782,625,-1,625,782,781,-1,625,781,623,-1,1031,1032,1033,-1,1032,1031,1034,-1,1034,1031,1035,-1,1034,1035,1036,-1,1033,1037,1031,-1,1031,1037,1038,-1,1031,1038,1039,-1,1036,1040,1034,-1,1034,1040,1041,-1,1034,1041,1042,-1,1039,1043,1031,-1,1031,1043,1044,-1,1031,1044,1045,-1,1045,1046,1031,-1,1031,1046,1047,-1,1031,1047,1048,-1,1049,1050,1051,-1,1051,1050,1052,-1,1051,1052,1053,-1,1054,1055,1056,-1,1056,1055,1057,-1,1054,1056,1051,-1,1051,1056,1058,-1,1051,1058,1049,-1,1048,1059,1031,-1,1031,1059,1056,-1,1031,1056,1060,-1,1060,1056,1057,-1,1042,1061,1034,-1,1034,1061,1062,-1,1034,1062,1063,-1,1063,1064,1034,-1,1034,1064,1065,-1,1034,1065,1066,-1,1067,1068,1069,-1,1069,1068,1070,-1,1069,1070,1071,-1,1072,1073,1074,-1,1074,1073,1075,-1,1072,1074,1069,-1,1069,1074,1076,-1,1069,1076,1067,-1,1066,1077,1034,-1,1034,1077,1074,-1,1034,1074,1078,-1,1078,1074,1075,-1,1079,1080,1081,-1,1081,1080,681,-1,1082,680,1083,-1,1083,680,734,-1,1083,734,1084,-1,1084,734,722,-1,1084,722,729,-1,1082,1085,680,-1,680,1085,1086,-1,680,1086,681,-1,681,1086,1087,-1,681,1087,1081,-1,1080,1088,681,-1,681,1088,1089,-1,681,1089,682,-1,682,1089,1090,-1,682,1090,1091,-1,1091,1090,1092,-1,1092,1093,1091,-1,1091,1093,1094,-1,1091,1094,1095,-1,1095,1094,1096,-1,1095,1096,584,-1,584,1096,1097,-1,584,1097,582,-1,582,1097,1098,-1,582,1098,769,-1,769,1098,772,-1,1099,1100,912,-1,912,1100,1101,-1,912,1101,914,-1,1102,1103,1104,-1,1104,1103,914,-1,914,1105,1106,-1,1107,1108,1101,-1,1101,1108,1109,-1,1101,1109,1110,-1,1111,1104,1112,-1,1112,1104,914,-1,1112,914,1113,-1,1113,914,1106,-1,1110,1114,1101,-1,1101,1114,1115,-1,1101,1115,914,-1,914,1115,1116,-1,914,1116,1105,-1,1117,1118,1119,-1,1120,1121,917,-1,917,1121,1122,-1,1123,1124,1125,-1,1125,1124,1117,-1,1125,1117,1126,-1,1126,1117,1119,-1,917,1127,1128,-1,1128,1129,917,-1,917,1129,1130,-1,917,1130,915,-1,1122,1131,917,-1,917,1131,1132,-1,917,1132,1127,-1,1133,1134,1117,-1,1117,1134,915,-1,1117,915,1118,-1,1118,915,1130,-1,1135,1136,563,-1,563,1136,564,-1,1137,1135,563,-1,563,561,1137,-1,1137,561,910,-1,1137,910,1138,-1,1101,1100,1138,-1,1138,1100,1137,-1,1099,912,1139,-1,1139,912,911,-1,755,698,753,-1,753,698,699,-1,755,757,698,-1,698,757,760,-1,698,760,763,-1,615,609,987,-1,987,609,698,-1,987,698,985,-1,985,698,983,-1,763,979,698,-1,698,979,981,-1,698,981,983,-1,590,587,577,-1,571,559,572,-1,572,559,558,-1,577,572,590,-1,590,572,558,-1,590,558,606,-1,606,558,569,-1,568,743,569,-1,569,743,684,-1,569,684,606,-1,606,684,659,-1,606,659,627,-1,696,1140,1141,-1,670,671,669,-1,669,671,696,-1,669,696,694,-1,694,696,1141,-1,694,1141,749,-1,749,1141,928,-1,1142,911,1143,-1,1143,911,913,-1,911,1142,1139,-1,1139,1142,1144,-1,916,1145,918,-1,918,1145,1146,-1,1120,917,1146,-1,1146,917,918,-1,914,1103,913,-1,913,1103,1143,-1,1147,1148,1149,-1,1149,1148,1150,-1,1151,1152,1153,-1,1153,1152,1154,-1,1155,1156,1157,-1,1157,1158,1155,-1,1155,1158,1159,-1,1155,1159,1160,-1,1160,1159,1161,-1,1160,1161,1150,-1,1150,1161,1162,-1,1150,1162,1149,-1,1163,1164,1165,-1,1165,1164,1166,-1,1166,1167,1165,-1,1165,1167,1168,-1,1165,1168,1152,-1,1152,1168,1169,-1,1152,1169,1154,-1,1151,1156,1152,-1,1152,1156,1155,-1,1152,1155,1170,-1,1155,1171,1170,-1,1170,1171,1172,-1,1170,1172,1173,-1,1173,1172,1174,-1,1173,1174,1175,-1,1175,1176,1173,-1,1173,1176,1177,-1,1173,1177,1178,-1,1179,1180,1181,-1,1181,1180,1182,-1,1181,1182,1183,-1,1183,1182,1178,-1,1183,1178,1184,-1,1184,1178,1177,-1,1185,920,1186,-1,1186,920,919,-1,926,1187,919,-1,919,1187,1186,-1,616,1188,1189,-1,928,1141,927,-1,927,1141,1190,-1,1191,1192,607,-1,607,616,1191,-1,1191,616,1189,-1,1191,1189,1190,-1,1190,1189,1193,-1,1190,1193,927,-1,927,1193,1194,-1,1195,683,1091,-1,1091,683,682,-1,1196,1195,1095,-1,1095,1195,1091,-1,585,1196,584,-1,584,1196,1095,-1,616,613,1188,-1,662,1197,653,-1,653,1197,1198,-1,1199,1197,929,-1,929,1197,662,-1,929,662,661,-1,929,930,1199,-1,1199,930,1200,-1,930,664,1200,-1,1200,664,663,-1,1200,663,1201,-1,663,691,1201,-1,630,1202,610,-1,610,1202,1203,-1,610,1203,611,-1,653,1198,1204,-1,1202,630,632,-1,1202,632,1205,-1,1206,650,1204,-1,1204,650,651,-1,1204,651,653,-1,1207,647,1206,-1,1206,647,648,-1,1206,648,650,-1,1208,644,1207,-1,1207,644,645,-1,1207,645,647,-1,1209,641,1208,-1,1208,641,642,-1,1208,642,644,-1,1210,638,1209,-1,1209,638,639,-1,1209,639,641,-1,632,633,1205,-1,1205,633,635,-1,1205,635,1210,-1,1210,635,636,-1,1210,636,638,-1,745,1211,688,-1,688,1211,689,-1,1212,1213,988,-1,988,1213,1214,-1,988,1214,1215,-1,1216,1217,1218,-1,1218,1217,1219,-1,1220,1221,1222,-1,1223,987,1224,-1,1224,987,985,-1,1224,985,1225,-1,1220,1222,1216,-1,1223,1226,987,-1,987,1226,1227,-1,987,1227,1228,-1,1229,1230,986,-1,1229,986,1231,-1,1230,1232,986,-1,986,1232,1233,-1,986,1233,985,-1,985,1233,1234,-1,985,1234,1225,-1,1235,1212,1236,-1,1236,1212,988,-1,1236,988,1237,-1,1237,988,987,-1,1237,987,1238,-1,1238,987,1228,-1,1216,1222,1217,-1,1217,1222,1239,-1,1217,1239,986,-1,986,1239,1240,-1,986,1240,1231,-1,1193,1189,1241,-1,1241,1189,1242,-1,1243,1244,677,-1,677,1244,676,-1,1244,1243,992,-1,992,1243,994,-1,1245,730,619,-1,619,730,620,-1,626,1245,625,-1,625,1245,619,-1,625,619,1030,-1,1030,619,1029,-1,1246,1247,1248,-1,1248,1247,1249,-1,1107,1101,740,-1,740,1101,1138,-1,740,1138,910,-1,1250,1117,1251,-1,1251,1117,1124,-1,1252,1253,562,-1,562,1253,567,-1,744,746,1254,-1,1254,746,921,-1,1255,1256,1257,-1,1258,1259,1260,-1,923,747,687,-1,1170,1173,1261,-1,1173,1178,1261,-1,1261,1178,1182,-1,1261,1182,1180,-1,1170,1261,1152,-1,1152,1261,1262,-1,1152,1262,1165,-1,687,666,923,-1,923,666,652,-1,923,652,1261,-1,652,649,1261,-1,1261,649,646,-1,1261,646,1262,-1,1262,646,643,-1,643,640,1262,-1,1262,640,637,-1,1262,637,1263,-1,614,990,612,-1,612,990,1264,-1,612,1264,631,-1,631,1264,1263,-1,631,1263,634,-1,634,1263,637,-1,1265,1266,1267,-1,1267,1266,1268,-1,1267,1268,1262,-1,1262,1268,1163,-1,1262,1163,1165,-1,1265,1269,1266,-1,1266,1269,1270,-1,1266,1270,1271,-1,1253,1252,81,-1,81,1252,80,-1,562,564,1252,-1,1252,564,1136,-1,1252,1136,80,-1,80,1136,79,-1,1100,1099,1137,-1,1137,1099,1139,-1,1137,1139,1135,-1,1135,1139,1144,-1,1272,72,1144,-1,1144,72,79,-1,1144,79,1135,-1,1135,79,1136,-1,70,72,1247,-1,1247,72,1272,-1,1247,1272,1249,-1,283,285,1246,-1,1246,285,484,-1,1246,484,485,-1,485,486,1246,-1,1246,486,487,-1,1246,487,488,-1,488,489,1246,-1,1246,489,490,-1,1246,490,1247,-1,1247,490,491,-1,1247,491,70,-1,73,71,557,-1,557,71,57,-1,18,1273,19,-1,19,1273,558,-1,19,558,44,-1,44,558,557,-1,44,557,61,-1,61,557,57,-1,82,73,570,-1,570,73,557,-1,1274,280,569,-1,569,280,278,-1,569,278,570,-1,570,278,276,-1,570,276,274,-1,274,272,570,-1,570,272,270,-1,570,270,82,-1,1275,1140,695,-1,695,1140,696,-1,698,609,697,-1,697,609,608,-1,1273,1274,558,-1,558,1274,569,-1,1140,1275,1141,-1,1141,1275,1276,-1,1104,1111,1122,-1,1122,1111,1131,-1,1145,1277,1146,-1,1146,1277,1248,-1,1146,1248,1120,-1,1103,1102,1121,-1,1121,1120,1103,-1,1103,1120,1248,-1,1103,1248,1143,-1,1143,1248,1249,-1,1143,1249,1142,-1,1142,1249,1272,-1,1142,1272,1144,-1,1278,924,1261,-1,1261,924,923,-1,1278,1261,1279,-1,1279,1261,1180,-1,1279,1180,1187,-1,1187,1180,1179,-1,1187,1179,1186,-1,1186,1179,1185,-1,925,1279,926,-1,926,1279,1187,-1,744,1254,745,-1,745,1254,1280,-1,745,1280,1211,-1,1211,1280,1281,-1,1192,1191,1282,-1,1282,1191,1283,-1,1284,1283,1190,-1,1190,1283,1191,-1,1284,1190,1285,-1,1285,1190,1141,-1,1285,1141,1276,-1,594,655,675,-1,583,588,1286,-1,1286,588,594,-1,1286,594,1287,-1,1287,594,675,-1,626,624,544,-1,544,624,556,-1,556,624,656,-1,556,656,683,-1,544,534,626,-1,626,534,533,-1,626,533,532,-1,683,1195,556,-1,556,1195,1196,-1,556,1196,1286,-1,1286,1196,585,-1,1286,585,583,-1,1288,1245,530,-1,530,1245,626,-1,530,626,531,-1,531,626,532,-1,1241,1242,1289,-1,1289,1242,1290,-1,1188,613,1189,-1,1189,613,611,-1,1189,611,1242,-1,1242,611,1203,-1,1242,1203,1290,-1,1290,1203,1291,-1,1198,1197,1199,-1,691,690,1201,-1,1201,690,1292,-1,1201,1292,1200,-1,1200,1292,1291,-1,1200,1291,1199,-1,1291,1203,1199,-1,1199,1203,1202,-1,1199,1202,1198,-1,1198,1202,1205,-1,1198,1205,1204,-1,1209,1208,1210,-1,1210,1208,1207,-1,1210,1207,1205,-1,1205,1207,1206,-1,1205,1206,1204,-1,1281,1292,1211,-1,1211,1292,690,-1,1211,690,689,-1,1293,1294,1295,-1,1295,1296,1293,-1,1293,1296,1297,-1,1293,1297,1298,-1,1297,1299,1298,-1,1298,1299,1300,-1,1298,1300,1301,-1,1300,1302,1301,-1,1301,1302,1303,-1,1301,1303,1304,-1,1303,1305,1304,-1,1304,1305,1306,-1,1304,1306,1307,-1,1306,1308,1307,-1,1307,1308,1309,-1,1307,1309,1310,-1,1260,1259,1311,-1,1311,1259,1310,-1,1311,1310,1312,-1,1312,1310,1309,-1,1259,1258,1313,-1,1313,1258,1256,-1,1313,1256,1255,-1,1217,1314,1315,-1,1315,1314,1316,-1,1315,1316,1257,-1,1257,1316,1255,-1,1317,1314,986,-1,986,1314,1217,-1,765,1318,980,-1,980,1318,1319,-1,980,1319,982,-1,982,1319,1320,-1,982,1320,984,-1,984,1320,1321,-1,984,1321,986,-1,986,1321,1317,-1,1322,1318,765,-1,765,764,1322,-1,1322,764,762,-1,1322,762,1323,-1,1323,762,761,-1,1323,761,1324,-1,761,759,1324,-1,1324,759,758,-1,1324,758,1325,-1,758,756,1325,-1,1325,756,754,-1,1325,754,1326,-1,1326,754,752,-1,1326,752,700,-1,672,673,700,-1,700,673,1326,-1,692,693,1327,-1,1327,693,748,-1,1328,1327,927,-1,927,1327,748,-1,1194,1329,927,-1,927,1329,1328,-1,1289,1330,1241,-1,1241,1330,1329,-1,1241,1329,1193,-1,1193,1329,1194,-1,992,991,1244,-1,1244,991,1331,-1,1244,1331,676,-1,676,1331,674,-1,1331,991,1332,-1,1332,991,766,-1,1333,1332,704,-1,704,1332,766,-1,702,737,704,-1,704,737,1333,-1,892,907,893,-1,893,907,906,-1,735,705,1334,-1,1334,705,707,-1,707,774,1334,-1,1334,774,1335,-1,993,1336,774,-1,774,1336,1335,-1,677,678,1243,-1,1243,678,1336,-1,1243,1336,994,-1,994,1336,993,-1,1337,1338,999,-1,999,1338,1339,-1,999,1339,1011,-1,1340,1341,1342,-1,1342,1341,1343,-1,1343,1341,999,-1,999,1341,1344,-1,999,1344,1337,-1,1288,731,1245,-1,1245,731,730,-1,1248,1277,1246,-1,1246,1277,1345,-1,1246,1345,283,-1,283,1345,281,-1,1345,1277,1346,-1,1346,1277,1145,-1,1145,916,1346,-1,1346,916,1347,-1,915,1134,916,-1,916,1134,1347,-1,1133,1117,1348,-1,1348,1117,1250,-1,1349,1348,1251,-1,1251,1348,1250,-1,739,1349,1124,-1,1124,1349,1251,-1,740,739,1107,-1,1107,739,1124,-1,1107,1124,1108,-1,1108,1124,1123,-1,574,579,576,-1,576,579,741,-1,592,591,629,-1,629,591,605,-1,686,685,1350,-1,1350,685,742,-1,1351,1350,566,-1,566,1350,742,-1,565,1352,566,-1,566,1352,1351,-1,81,267,1253,-1,1253,267,1352,-1,1253,1352,567,-1,567,1352,565,-1,921,922,1254,-1,1254,922,1353,-1,1254,1353,1280,-1,1280,1353,1354,-1,1353,922,1355,-1,1355,922,920,-1,1356,1355,1185,-1,1185,1355,920,-1,1357,1356,1179,-1,1179,1356,1185,-1,1358,1357,1179,-1,1179,1181,1358,-1,1358,1181,1183,-1,1358,1183,1359,-1,1183,1184,1359,-1,1359,1184,1177,-1,1359,1177,1360,-1,1360,1177,1176,-1,1176,1175,1360,-1,1360,1175,1174,-1,1360,1174,1361,-1,1361,1174,1172,-1,1361,1172,1362,-1,1172,1171,1362,-1,1362,1171,1155,-1,1362,1155,1363,-1,1148,1364,1150,-1,1150,1364,1363,-1,1150,1363,1160,-1,1160,1363,1155,-1,1294,1364,1295,-1,1295,1364,1148,-1,1365,1219,1217,-1,1315,1257,1256,-1,1365,1217,1366,-1,1366,1217,1315,-1,1366,1315,1367,-1,1367,1315,1256,-1,1367,1256,1368,-1,1256,1258,1368,-1,1368,1258,1369,-1,1258,1260,1311,-1,1309,1370,1312,-1,1312,1370,1371,-1,1312,1371,1311,-1,1311,1371,1369,-1,1311,1369,1258,-1,1306,1372,1373,-1,1306,1373,1308,-1,1308,1373,1374,-1,1308,1374,1309,-1,1309,1374,1375,-1,1309,1375,1370,-1,1376,1377,1302,-1,1302,1377,1378,-1,1302,1378,1303,-1,1303,1378,1372,-1,1303,1372,1305,-1,1305,1372,1306,-1,1379,1380,1299,-1,1299,1380,1381,-1,1376,1302,1381,-1,1381,1302,1300,-1,1381,1300,1299,-1,1382,1383,1295,-1,1295,1383,1384,-1,1295,1384,1296,-1,1296,1384,1385,-1,1296,1385,1386,-1,1379,1299,1386,-1,1386,1299,1297,-1,1386,1297,1296,-1,1295,1148,1382,-1,1382,1148,1147,-1,1268,1387,1163,-1,1163,1387,1164,-1,1388,1389,1266,-1,1266,1389,1268,-1,1268,1389,1390,-1,1268,1390,1387,-1,1271,1391,1266,-1,1266,1391,1392,-1,1266,1392,1388,-1,1393,1270,1394,-1,1394,1270,1269,-1,1394,1269,1395,-1,1393,1396,1270,-1,1270,1396,1397,-1,1270,1397,1271,-1,1271,1397,1398,-1,1271,1398,1391,-1,1265,1399,1269,-1,1269,1399,1400,-1,1269,1400,1395,-1,1267,1262,1401,-1,1401,1402,1267,-1,1267,1402,1403,-1,1267,1403,1265,-1,1265,1403,1404,-1,1265,1404,1399,-1,1405,1401,1263,-1,1263,1401,1262,-1,1405,1263,1406,-1,1406,1263,1264,-1,1406,1264,1407,-1,1264,990,1407,-1,1407,990,1408,-1,1407,1408,1409,-1,1409,1408,988,-1,1409,988,1215,-1,1285,1276,1286,-1,1286,1276,1122,-1,1286,1122,556,-1,556,1122,1121,-1,1279,925,1410,-1,1410,925,924,-1,1410,924,1282,-1,1276,1275,695,-1,279,280,1274,-1,1104,1273,1102,-1,1102,1273,18,-1,1102,18,545,-1,697,1274,695,-1,695,1274,1273,-1,695,1273,1276,-1,1276,1273,1104,-1,1276,1104,1122,-1,1410,279,1279,-1,1279,279,1274,-1,1279,1274,1278,-1,1278,1274,697,-1,1278,697,924,-1,924,697,608,-1,924,608,1282,-1,1282,608,607,-1,1282,607,1192,-1,1102,554,1121,-1,1121,554,555,-1,1121,555,556,-1,545,546,1102,-1,1102,546,547,-1,1102,547,548,-1,548,549,1102,-1,1102,549,550,-1,1102,550,551,-1,551,552,1102,-1,1102,552,553,-1,1102,553,554,-1,1285,1286,1284,-1,1284,1286,1287,-1,1354,1411,1280,-1,1280,1411,1410,-1,1280,1410,1281,-1,1281,1410,1290,-1,1281,1290,1292,-1,1292,1290,1291,-1,1410,1282,1290,-1,1290,1282,1283,-1,1290,1283,1289,-1,1289,1283,1284,-1,1289,1284,1330,-1,1330,1284,1287,-1,674,1331,675,-1,675,1331,1332,-1,1329,1330,1328,-1,1328,1330,1287,-1,1333,1412,667,-1,1413,1414,907,-1,907,1414,1415,-1,1347,1134,1133,-1,1412,1333,1415,-1,1415,1333,737,-1,1415,737,907,-1,1336,678,1335,-1,1335,678,679,-1,892,735,1334,-1,1287,675,1328,-1,1328,675,1332,-1,1328,1332,1327,-1,1327,1332,1333,-1,1327,1333,692,-1,692,1333,667,-1,1416,1417,1356,-1,1356,1417,1418,-1,1354,1353,1411,-1,1411,1353,1355,-1,1411,1355,1356,-1,658,686,1350,-1,1011,779,732,-1,679,711,1335,-1,1335,711,777,-1,1335,777,1334,-1,1334,777,999,-1,1334,999,892,-1,892,999,1011,-1,1352,267,1351,-1,1351,267,268,-1,1351,268,1350,-1,1350,268,1411,-1,1350,1411,658,-1,658,1411,1356,-1,658,1356,628,-1,628,1356,586,-1,628,586,629,-1,629,586,592,-1,1288,530,1346,-1,1346,530,505,-1,1346,505,1345,-1,1345,505,282,-1,1345,282,281,-1,1419,1420,739,-1,1421,1422,578,-1,1423,1424,668,-1,668,1424,1425,-1,668,1425,1426,-1,741,579,739,-1,739,579,578,-1,1418,1427,1356,-1,1356,1427,1428,-1,1356,1428,586,-1,586,1428,1429,-1,586,1429,1430,-1,1430,1431,586,-1,586,1431,1432,-1,586,1432,578,-1,578,1432,1433,-1,578,1433,1421,-1,1326,673,668,-1,1434,1435,1255,-1,1255,1435,1436,-1,1255,1436,1313,-1,1346,1347,1288,-1,1288,1347,1133,-1,1288,1133,731,-1,731,1133,1348,-1,731,1348,1349,-1,1321,1437,668,-1,732,731,1011,-1,1011,731,1438,-1,1011,1438,1439,-1,1439,1440,1011,-1,1011,1440,1441,-1,1011,1441,892,-1,892,1441,1442,-1,892,1442,907,-1,907,1442,1443,-1,907,1443,1413,-1,668,1444,1445,-1,1420,1446,739,-1,739,1446,1447,-1,739,1447,1349,-1,1349,1447,1448,-1,1349,1448,1449,-1,1293,1298,1356,-1,1356,1298,1301,-1,1317,1450,1314,-1,1314,1450,1434,-1,1314,1434,1316,-1,1316,1434,1255,-1,1422,1423,578,-1,578,1423,668,-1,578,668,739,-1,739,668,1445,-1,739,1445,1419,-1,1449,1451,1349,-1,1349,1451,1452,-1,1349,1452,731,-1,731,1452,1453,-1,731,1453,1438,-1,1293,1356,1294,-1,1294,1356,1357,-1,1294,1357,1364,-1,1364,1357,1358,-1,1364,1358,1363,-1,1313,1454,1259,-1,1259,1454,1455,-1,1259,1455,1310,-1,1310,1455,1416,-1,1310,1416,1307,-1,1307,1416,1356,-1,1307,1356,1304,-1,1304,1356,1301,-1,1317,1321,1450,-1,1450,1321,668,-1,1450,668,1456,-1,1456,668,1426,-1,1412,1457,667,-1,667,1457,1458,-1,667,1458,668,-1,668,1458,1459,-1,668,1459,1444,-1,1322,1326,1318,-1,1318,1326,668,-1,1318,668,1460,-1,1460,668,1437,-1,1358,1359,1363,-1,1363,1359,1360,-1,1363,1360,1362,-1,1362,1360,1361,-1,1322,1323,1326,-1,1326,1323,1324,-1,1326,1324,1325,-1,1461,1462,268,-1,1463,1464,279,-1,279,1464,1465,-1,279,1465,277,-1,277,1465,1466,-1,277,1466,275,-1,275,1466,1467,-1,275,1467,273,-1,273,1467,1468,-1,273,1468,271,-1,271,1468,269,-1,269,1468,1469,-1,269,1469,268,-1,268,1469,1470,-1,268,1470,1461,-1,1471,1472,1411,-1,1411,1472,1473,-1,1411,1473,1474,-1,1475,1476,1410,-1,1462,1477,268,-1,268,1477,1478,-1,268,1478,1411,-1,1411,1478,1479,-1,1411,1479,1471,-1,1474,1480,1411,-1,1411,1480,1481,-1,1411,1481,1410,-1,1410,1481,1482,-1,1410,1482,1483,-1,1483,1484,1410,-1,1410,1484,1485,-1,1410,1485,1475,-1,1476,1486,1410,-1,1410,1486,1487,-1,1410,1487,279,-1,279,1487,1488,-1,279,1488,1463,-1,827,1489,1490,-1,827,1490,825,-1,825,1490,1491,-1,825,1491,823,-1,823,1491,1492,-1,823,1492,821,-1,821,1492,1493,-1,821,1493,797,-1,797,1493,1494,-1,797,1494,795,-1,795,1494,1495,-1,795,1495,793,-1,793,1495,1496,-1,793,1496,789,-1,789,1496,1497,-1,789,1497,812,-1,812,1497,813,-1,813,1497,1498,-1,813,1498,815,-1,1498,1499,815,-1,815,1499,1500,-1,815,1500,817,-1,817,1500,1501,-1,817,1501,1502,-1,1502,1501,1503,-1,1502,1503,1504,-1,1504,1503,1505,-1,1504,1505,802,-1,802,1505,1506,-1,802,1506,1507,-1,1507,1506,1508,-1,1507,1508,1509,-1,1509,1508,1510,-1,1509,1510,808,-1,808,1510,1511,-1,808,1511,810,-1,828,1512,1513,-1,828,1513,865,-1,1513,1514,865,-1,865,1514,1515,-1,865,1515,863,-1,1515,1516,863,-1,863,1516,1517,-1,863,1517,867,-1,1517,1518,867,-1,867,1518,1519,-1,867,1519,800,-1,1519,1520,800,-1,800,1520,1521,-1,800,1521,792,-1,1521,1522,792,-1,792,1522,1523,-1,792,1523,846,-1,1523,1524,846,-1,846,1524,1525,-1,846,1525,848,-1,848,1525,1526,-1,848,1526,849,-1,849,1526,1527,-1,849,1527,854,-1,1527,1528,854,-1,854,1528,1529,-1,854,1529,831,-1,1529,1530,831,-1,831,1530,1531,-1,831,1531,833,-1,1531,1532,833,-1,833,1532,1533,-1,833,1533,838,-1,1533,1534,838,-1,838,1534,1535,-1,838,1535,877,-1,1535,1536,877,-1,877,1536,1537,-1,877,1537,841,-1,1537,1538,841,-1,841,1538,1539,-1,841,1539,839,-1,1540,809,1541,-1,1541,809,839,-1,1541,839,1542,-1,1542,839,1539,-1,718,1511,1543,-1,718,1543,719,-1,719,1543,1544,-1,719,1544,715,-1,715,1544,1545,-1,715,1545,712,-1,1000,776,713,-1,712,1545,713,-1,713,1545,1546,-1,713,1546,1000,-1,1000,1546,1547,-1,1000,1547,1001,-1,1001,1547,1548,-1,1001,1548,1002,-1,1002,1548,1549,-1,1002,1549,1003,-1,1003,1549,1550,-1,1003,1550,1004,-1,1004,1550,1005,-1,1005,1550,1498,-1,1005,1498,1006,-1,1498,1551,1006,-1,1006,1551,1552,-1,1006,1552,995,-1,995,1552,1553,-1,995,1553,996,-1,996,1553,1554,-1,996,1554,997,-1,997,1554,1555,-1,997,1555,998,-1,998,1555,999,-1,999,1555,1556,-1,999,1556,1343,-1,1343,1556,1557,-1,1343,1557,1342,-1,1342,1557,1558,-1,1342,1558,1340,-1,1340,1558,1489,-1,1340,1489,1341,-1,727,726,1540,-1,1540,1541,727,-1,727,1541,1542,-1,727,1542,728,-1,1542,1539,728,-1,728,1539,1538,-1,728,1538,729,-1,729,1538,1537,-1,729,1537,1084,-1,1084,1537,1083,-1,1083,1537,1536,-1,1083,1536,1082,-1,1082,1536,1085,-1,1085,1536,1535,-1,1085,1535,1086,-1,1080,1079,1531,-1,1086,1535,1087,-1,1087,1535,1534,-1,1087,1534,1081,-1,1081,1534,1533,-1,1081,1533,1079,-1,1079,1533,1532,-1,1079,1532,1531,-1,1080,1128,1088,-1,1088,1128,1127,-1,1088,1127,1089,-1,1089,1127,1132,-1,1089,1132,1090,-1,1090,1132,1131,-1,1112,1559,1111,-1,1111,1559,1560,-1,1111,1560,1131,-1,1131,1560,1090,-1,1090,1560,1561,-1,1090,1561,1092,-1,1562,1094,1563,-1,1563,1094,1093,-1,1563,1093,1564,-1,1564,1093,1092,-1,1564,1092,1565,-1,1565,1092,1561,-1,1108,1566,1567,-1,1108,1567,1109,-1,1517,1123,1518,-1,1518,1123,1125,-1,1567,1568,1109,-1,1109,1568,1569,-1,1109,1569,1110,-1,1569,1570,1110,-1,1110,1570,1571,-1,1110,1571,1114,-1,1571,1572,1114,-1,1114,1572,1573,-1,1114,1573,1115,-1,1115,1573,1574,-1,1115,1574,1116,-1,1116,1574,1575,-1,1116,1575,1105,-1,1575,1576,1105,-1,1105,1576,1577,-1,1105,1577,1106,-1,1577,1578,1106,-1,1106,1578,1579,-1,1106,1579,1113,-1,1579,1580,1113,-1,1113,1580,1581,-1,1113,1581,1112,-1,1112,1581,1582,-1,1112,1582,1559,-1,1080,1531,1128,-1,1128,1531,1530,-1,1128,1530,1129,-1,1530,1529,1129,-1,1129,1529,1528,-1,1129,1528,1130,-1,1528,1527,1130,-1,1130,1527,1526,-1,1130,1526,1118,-1,1526,1525,1118,-1,1118,1525,1524,-1,1118,1524,1119,-1,1524,1523,1119,-1,1119,1523,1522,-1,1119,1522,1126,-1,1522,1521,1126,-1,1126,1521,1520,-1,1126,1520,1125,-1,1125,1520,1519,-1,1125,1519,1518,-1,1108,1123,1566,-1,1566,1123,1517,-1,1566,1517,1583,-1,1583,1517,1516,-1,1583,1516,1584,-1,1584,1516,1515,-1,1584,1515,1585,-1,1585,1515,1514,-1,1585,1514,1586,-1,1586,1514,1513,-1,1586,1513,1587,-1,1587,1513,1512,-1,1588,1589,1426,-1,1426,1589,1456,-1,1589,1590,1456,-1,1456,1590,1591,-1,1456,1591,1450,-1,1591,1592,1450,-1,1450,1592,1593,-1,1450,1593,1434,-1,1593,1594,1434,-1,1434,1594,1595,-1,1434,1595,1435,-1,1595,1596,1435,-1,1435,1596,1597,-1,1435,1597,1436,-1,1597,1598,1436,-1,1436,1598,1599,-1,1436,1599,1313,-1,1599,1600,1313,-1,1313,1600,1601,-1,1313,1601,1454,-1,1601,1602,1454,-1,1454,1602,1603,-1,1454,1603,1455,-1,1603,1604,1455,-1,1455,1604,1605,-1,1455,1605,1416,-1,1605,1606,1416,-1,1416,1606,1607,-1,1416,1607,1417,-1,1607,1608,1417,-1,1417,1608,1609,-1,1417,1609,1418,-1,1610,1427,1611,-1,1611,1427,1418,-1,1611,1418,1612,-1,1612,1418,1609,-1,1613,1614,1441,-1,1441,1614,1442,-1,1614,1615,1442,-1,1442,1615,1616,-1,1442,1616,1443,-1,1616,1617,1443,-1,1443,1617,1618,-1,1443,1618,1413,-1,1618,1619,1413,-1,1413,1619,1620,-1,1413,1620,1414,-1,1620,1621,1414,-1,1414,1621,1622,-1,1414,1622,1415,-1,1622,1623,1415,-1,1415,1623,1624,-1,1415,1624,1412,-1,1624,1625,1412,-1,1412,1625,1626,-1,1412,1626,1457,-1,1626,1627,1457,-1,1457,1627,1628,-1,1457,1628,1458,-1,1628,1629,1458,-1,1458,1629,1630,-1,1458,1630,1459,-1,1630,1631,1459,-1,1459,1631,1632,-1,1459,1632,1444,-1,1632,1633,1444,-1,1444,1633,1634,-1,1444,1634,1445,-1,1635,1419,1636,-1,1636,1419,1445,-1,1636,1445,1637,-1,1637,1445,1634,-1,1235,1638,1639,-1,1639,1638,1640,-1,1562,1641,1642,-1,1562,1642,1643,-1,1643,1642,1644,-1,1643,1644,1645,-1,1645,1644,1646,-1,1645,1646,1647,-1,1647,1646,1648,-1,1647,1648,1649,-1,1649,1648,1650,-1,1649,1650,1651,-1,1651,1650,1652,-1,1651,1652,1653,-1,1653,1652,1654,-1,1653,1654,1655,-1,1655,1654,1640,-1,1655,1640,1656,-1,1656,1640,1638,-1,1656,1638,1237,-1,1641,1657,1487,-1,1487,1657,1488,-1,1657,1658,1488,-1,1488,1658,1659,-1,1488,1659,1463,-1,1659,1660,1463,-1,1463,1660,1661,-1,1463,1661,1464,-1,1661,1662,1464,-1,1464,1662,1663,-1,1464,1663,1465,-1,1663,1664,1465,-1,1465,1664,1665,-1,1465,1665,1466,-1,1665,1666,1466,-1,1466,1666,1667,-1,1466,1667,1467,-1,1667,1668,1467,-1,1467,1668,1669,-1,1467,1669,1468,-1,1669,1670,1468,-1,1468,1670,1671,-1,1468,1671,1469,-1,1671,1672,1469,-1,1469,1672,1673,-1,1469,1673,1470,-1,1673,1674,1470,-1,1470,1674,1675,-1,1470,1675,1461,-1,1675,1676,1461,-1,1461,1676,1677,-1,1461,1677,1462,-1,1677,1678,1462,-1,1462,1678,1679,-1,1462,1679,1477,-1,1680,1478,1681,-1,1681,1478,1477,-1,1681,1477,1682,-1,1682,1477,1679,-1,1612,1609,1683,-1,1608,1607,1684,-1,1606,1605,1685,-1,1604,1603,1686,-1,1596,1595,1687,-1,1594,1593,1688,-1,1592,1591,1689,-1,1590,1589,1690,-1,937,933,1691,-1,978,975,1692,-1,972,969,1693,-1,971,970,1694,-1,937,1691,938,-1,944,943,1695,-1,946,945,1696,-1,948,947,1697,-1,956,959,1698,-1,949,958,1699,-1,1700,952,950,-1,1695,1701,1702,-1,1702,1701,1703,-1,1702,1703,1704,-1,1704,1703,1705,-1,1704,1705,1706,-1,945,944,1696,-1,1696,944,1695,-1,1696,1695,1707,-1,1707,1695,1702,-1,1707,1702,1708,-1,1708,1702,1704,-1,1708,1704,1709,-1,1709,1704,1706,-1,1709,1706,1710,-1,947,946,1697,-1,1697,946,1696,-1,1697,1696,1711,-1,1711,1696,1707,-1,1711,1707,1712,-1,1712,1707,1708,-1,1712,1708,1713,-1,1713,1708,1709,-1,1713,1709,1714,-1,1714,1709,1710,-1,1714,1710,1688,-1,1715,1716,1717,-1,950,949,1700,-1,1700,949,1699,-1,1700,1699,1718,-1,1718,1699,1719,-1,1718,1719,1720,-1,1720,1719,1721,-1,1720,1721,1722,-1,1722,1721,1723,-1,1722,1723,1724,-1,1724,1723,1725,-1,1724,1725,1726,-1,1726,1725,1690,-1,1726,1690,1588,-1,1588,1690,1589,-1,1591,1590,1689,-1,1689,1590,1690,-1,1689,1690,1727,-1,1727,1690,1725,-1,1727,1725,1728,-1,1728,1725,1723,-1,1728,1723,1729,-1,1729,1723,1721,-1,1729,1721,1730,-1,1730,1721,1719,-1,1730,1719,1698,-1,1698,1719,1699,-1,1698,1699,956,-1,956,1699,958,-1,1593,1592,1688,-1,1688,1592,1689,-1,1688,1689,1714,-1,1714,1689,1727,-1,1714,1727,1713,-1,1713,1727,1728,-1,1713,1728,1712,-1,1712,1728,1729,-1,1712,1729,1711,-1,1711,1729,1730,-1,1711,1730,1697,-1,1697,1730,1698,-1,1697,1698,948,-1,948,1698,959,-1,1705,1731,1706,-1,1706,1731,1732,-1,1706,1732,1710,-1,1710,1732,1687,-1,1710,1687,1688,-1,1688,1687,1595,-1,1688,1595,1594,-1,1731,1715,1732,-1,1732,1715,1717,-1,1732,1717,1687,-1,1687,1717,1597,-1,1687,1597,1596,-1,1602,1601,1733,-1,1733,1601,1716,-1,1733,1716,1734,-1,1734,1716,1715,-1,1734,1715,1735,-1,1735,1715,1731,-1,1735,1731,1736,-1,1736,1731,1705,-1,1736,1705,1737,-1,1737,1705,1703,-1,1737,1703,1691,-1,1691,1703,1701,-1,1691,1701,938,-1,938,1701,1695,-1,938,1695,939,-1,939,1695,943,-1,1601,1600,1716,-1,1716,1600,1599,-1,1716,1599,1717,-1,1717,1599,1598,-1,1717,1598,1597,-1,1603,1602,1686,-1,1686,1602,1733,-1,1686,1733,1738,-1,1738,1733,1734,-1,1738,1734,1739,-1,1739,1734,1735,-1,1739,1735,1740,-1,1740,1735,1736,-1,1740,1736,1741,-1,1741,1736,1737,-1,1741,1737,1742,-1,1742,1737,1691,-1,1742,1691,932,-1,932,1691,933,-1,1605,1604,1685,-1,1685,1604,1686,-1,1685,1686,1743,-1,1743,1686,1738,-1,1743,1738,1744,-1,1744,1738,1739,-1,1744,1739,1745,-1,1745,1739,1740,-1,1745,1740,1746,-1,1746,1740,1741,-1,1746,1741,1747,-1,1747,1741,1742,-1,1747,1742,934,-1,934,1742,932,-1,1607,1606,1684,-1,1684,1606,1685,-1,1684,1685,1748,-1,1748,1685,1743,-1,1748,1743,1749,-1,1749,1743,1744,-1,1749,1744,1750,-1,1750,1744,1745,-1,1750,1745,1751,-1,1751,1745,1746,-1,1751,1746,1692,-1,1692,1746,1747,-1,1692,1747,978,-1,978,1747,934,-1,1609,1608,1683,-1,1683,1608,1684,-1,1683,1684,1752,-1,1752,1684,1748,-1,1752,1748,1753,-1,1753,1748,1749,-1,1753,1749,1754,-1,1754,1749,1750,-1,1754,1750,1755,-1,1755,1750,1751,-1,1755,1751,1756,-1,1756,1751,1692,-1,1756,1692,973,-1,973,1692,975,-1,1611,1612,1757,-1,1757,1612,1683,-1,1757,1683,1758,-1,1758,1683,1752,-1,1758,1752,1759,-1,1759,1752,1753,-1,1759,1753,1760,-1,1760,1753,1754,-1,1760,1754,1761,-1,1761,1754,1755,-1,1761,1755,1693,-1,1693,1755,1756,-1,1693,1756,972,-1,972,1756,973,-1,969,971,1693,-1,1693,971,1694,-1,1693,1694,1761,-1,1761,1694,1762,-1,1761,1762,1760,-1,1760,1762,1763,-1,1760,1763,1759,-1,1759,1763,1764,-1,1759,1764,1758,-1,1758,1764,1765,-1,1758,1765,1757,-1,1757,1765,1766,-1,1757,1766,1611,-1,1611,1766,1610,-1,1637,1634,1767,-1,1633,1632,1768,-1,1631,1630,1769,-1,1629,1628,1770,-1,1621,1620,1771,-1,1619,1618,1772,-1,1617,1616,1773,-1,1615,1614,1774,-1,1037,1033,1775,-1,1078,1075,1776,-1,1072,1069,1777,-1,1071,1070,1778,-1,1037,1775,1038,-1,1044,1043,1779,-1,1046,1045,1780,-1,1048,1047,1781,-1,1056,1059,1782,-1,1049,1058,1783,-1,1784,1052,1050,-1,1779,1785,1786,-1,1786,1785,1787,-1,1786,1787,1788,-1,1788,1787,1789,-1,1788,1789,1790,-1,1045,1044,1780,-1,1780,1044,1779,-1,1780,1779,1791,-1,1791,1779,1786,-1,1791,1786,1792,-1,1792,1786,1788,-1,1792,1788,1793,-1,1793,1788,1790,-1,1793,1790,1794,-1,1047,1046,1781,-1,1781,1046,1780,-1,1781,1780,1795,-1,1795,1780,1791,-1,1795,1791,1796,-1,1796,1791,1792,-1,1796,1792,1797,-1,1797,1792,1793,-1,1797,1793,1798,-1,1798,1793,1794,-1,1798,1794,1772,-1,1799,1800,1801,-1,1050,1049,1784,-1,1784,1049,1783,-1,1784,1783,1802,-1,1802,1783,1803,-1,1802,1803,1804,-1,1804,1803,1805,-1,1804,1805,1806,-1,1806,1805,1807,-1,1806,1807,1808,-1,1808,1807,1809,-1,1808,1809,1810,-1,1810,1809,1774,-1,1810,1774,1613,-1,1613,1774,1614,-1,1616,1615,1773,-1,1773,1615,1774,-1,1773,1774,1811,-1,1811,1774,1809,-1,1811,1809,1812,-1,1812,1809,1807,-1,1812,1807,1813,-1,1813,1807,1805,-1,1813,1805,1814,-1,1814,1805,1803,-1,1814,1803,1782,-1,1782,1803,1783,-1,1782,1783,1056,-1,1056,1783,1058,-1,1618,1617,1772,-1,1772,1617,1773,-1,1772,1773,1798,-1,1798,1773,1811,-1,1798,1811,1797,-1,1797,1811,1812,-1,1797,1812,1796,-1,1796,1812,1813,-1,1796,1813,1795,-1,1795,1813,1814,-1,1795,1814,1781,-1,1781,1814,1782,-1,1781,1782,1048,-1,1048,1782,1059,-1,1789,1815,1790,-1,1790,1815,1816,-1,1790,1816,1794,-1,1794,1816,1771,-1,1794,1771,1772,-1,1772,1771,1620,-1,1772,1620,1619,-1,1815,1799,1816,-1,1816,1799,1801,-1,1816,1801,1771,-1,1771,1801,1622,-1,1771,1622,1621,-1,1627,1626,1817,-1,1817,1626,1800,-1,1817,1800,1818,-1,1818,1800,1799,-1,1818,1799,1819,-1,1819,1799,1815,-1,1819,1815,1820,-1,1820,1815,1789,-1,1820,1789,1821,-1,1821,1789,1787,-1,1821,1787,1775,-1,1775,1787,1785,-1,1775,1785,1038,-1,1038,1785,1779,-1,1038,1779,1039,-1,1039,1779,1043,-1,1626,1625,1800,-1,1800,1625,1624,-1,1800,1624,1801,-1,1801,1624,1623,-1,1801,1623,1622,-1,1628,1627,1770,-1,1770,1627,1817,-1,1770,1817,1822,-1,1822,1817,1818,-1,1822,1818,1823,-1,1823,1818,1819,-1,1823,1819,1824,-1,1824,1819,1820,-1,1824,1820,1825,-1,1825,1820,1821,-1,1825,1821,1826,-1,1826,1821,1775,-1,1826,1775,1032,-1,1032,1775,1033,-1,1630,1629,1769,-1,1769,1629,1770,-1,1769,1770,1827,-1,1827,1770,1822,-1,1827,1822,1828,-1,1828,1822,1823,-1,1828,1823,1829,-1,1829,1823,1824,-1,1829,1824,1830,-1,1830,1824,1825,-1,1830,1825,1831,-1,1831,1825,1826,-1,1831,1826,1034,-1,1034,1826,1032,-1,1632,1631,1768,-1,1768,1631,1769,-1,1768,1769,1832,-1,1832,1769,1827,-1,1832,1827,1833,-1,1833,1827,1828,-1,1833,1828,1834,-1,1834,1828,1829,-1,1834,1829,1835,-1,1835,1829,1830,-1,1835,1830,1776,-1,1776,1830,1831,-1,1776,1831,1078,-1,1078,1831,1034,-1,1634,1633,1767,-1,1767,1633,1768,-1,1767,1768,1836,-1,1836,1768,1832,-1,1836,1832,1837,-1,1837,1832,1833,-1,1837,1833,1838,-1,1838,1833,1834,-1,1838,1834,1839,-1,1839,1834,1835,-1,1839,1835,1840,-1,1840,1835,1776,-1,1840,1776,1073,-1,1073,1776,1075,-1,1636,1637,1841,-1,1841,1637,1767,-1,1841,1767,1842,-1,1842,1767,1836,-1,1842,1836,1843,-1,1843,1836,1837,-1,1843,1837,1844,-1,1844,1837,1838,-1,1844,1838,1845,-1,1845,1838,1839,-1,1845,1839,1777,-1,1777,1839,1840,-1,1777,1840,1072,-1,1072,1840,1073,-1,1069,1071,1777,-1,1777,1071,1778,-1,1777,1778,1845,-1,1845,1778,1846,-1,1845,1846,1844,-1,1844,1846,1847,-1,1844,1847,1843,-1,1843,1847,1848,-1,1843,1848,1842,-1,1842,1848,1849,-1,1842,1849,1841,-1,1841,1849,1850,-1,1841,1850,1636,-1,1636,1850,1635,-1,1851,1852,1853,-1,1854,1855,1856,-1,1857,1858,1859,-1,1860,1861,1862,-1,1863,1864,1865,-1,1866,1867,1868,-1,1869,1870,1871,-1,1872,1873,1874,-1,1040,1036,1875,-1,1060,1057,1876,-1,1054,1051,1877,-1,1053,1052,1878,-1,1040,1875,1041,-1,1062,1061,1879,-1,1064,1063,1880,-1,1066,1065,1881,-1,1074,1077,1882,-1,1067,1076,1883,-1,1884,1070,1068,-1,1879,1885,1886,-1,1886,1885,1887,-1,1886,1887,1888,-1,1888,1887,1889,-1,1888,1889,1890,-1,1063,1062,1880,-1,1880,1062,1879,-1,1880,1879,1891,-1,1891,1879,1886,-1,1891,1886,1892,-1,1892,1886,1888,-1,1892,1888,1893,-1,1893,1888,1890,-1,1893,1890,1894,-1,1065,1064,1881,-1,1881,1064,1880,-1,1881,1880,1895,-1,1895,1880,1891,-1,1895,1891,1896,-1,1896,1891,1892,-1,1896,1892,1897,-1,1897,1892,1893,-1,1897,1893,1898,-1,1898,1893,1894,-1,1898,1894,1868,-1,1899,1900,1901,-1,1068,1067,1884,-1,1884,1067,1883,-1,1884,1883,1902,-1,1902,1883,1903,-1,1902,1903,1904,-1,1904,1903,1905,-1,1904,1905,1906,-1,1906,1905,1907,-1,1906,1907,1908,-1,1908,1907,1909,-1,1908,1909,1910,-1,1910,1909,1874,-1,1910,1874,1635,-1,1635,1874,1873,-1,1870,1872,1871,-1,1871,1872,1874,-1,1871,1874,1911,-1,1911,1874,1909,-1,1911,1909,1912,-1,1912,1909,1907,-1,1912,1907,1913,-1,1913,1907,1905,-1,1913,1905,1914,-1,1914,1905,1903,-1,1914,1903,1882,-1,1882,1903,1883,-1,1882,1883,1074,-1,1074,1883,1076,-1,1867,1869,1868,-1,1868,1869,1871,-1,1868,1871,1898,-1,1898,1871,1911,-1,1898,1911,1897,-1,1897,1911,1912,-1,1897,1912,1896,-1,1896,1912,1913,-1,1896,1913,1895,-1,1895,1913,1914,-1,1895,1914,1881,-1,1881,1914,1882,-1,1881,1882,1066,-1,1066,1882,1077,-1,1889,1915,1890,-1,1890,1915,1916,-1,1890,1916,1894,-1,1894,1916,1865,-1,1894,1865,1868,-1,1868,1865,1864,-1,1868,1864,1866,-1,1915,1899,1916,-1,1916,1899,1901,-1,1916,1901,1865,-1,1865,1901,1917,-1,1865,1917,1863,-1,1918,1919,1920,-1,1920,1919,1900,-1,1920,1900,1921,-1,1921,1900,1899,-1,1921,1899,1922,-1,1922,1899,1915,-1,1922,1915,1923,-1,1923,1915,1889,-1,1923,1889,1924,-1,1924,1889,1887,-1,1924,1887,1875,-1,1875,1887,1885,-1,1875,1885,1041,-1,1041,1885,1879,-1,1041,1879,1042,-1,1042,1879,1061,-1,1919,1925,1900,-1,1900,1925,1926,-1,1900,1926,1901,-1,1901,1926,1927,-1,1901,1927,1917,-1,1861,1918,1862,-1,1862,1918,1920,-1,1862,1920,1928,-1,1928,1920,1921,-1,1928,1921,1929,-1,1929,1921,1922,-1,1929,1922,1930,-1,1930,1922,1923,-1,1930,1923,1931,-1,1931,1923,1924,-1,1931,1924,1932,-1,1932,1924,1875,-1,1932,1875,1035,-1,1035,1875,1036,-1,1858,1860,1859,-1,1859,1860,1862,-1,1859,1862,1933,-1,1933,1862,1928,-1,1933,1928,1934,-1,1934,1928,1929,-1,1934,1929,1935,-1,1935,1929,1930,-1,1935,1930,1936,-1,1936,1930,1931,-1,1936,1931,1937,-1,1937,1931,1932,-1,1937,1932,1031,-1,1031,1932,1035,-1,1855,1857,1856,-1,1856,1857,1859,-1,1856,1859,1938,-1,1938,1859,1933,-1,1938,1933,1939,-1,1939,1933,1934,-1,1939,1934,1940,-1,1940,1934,1935,-1,1940,1935,1941,-1,1941,1935,1936,-1,1941,1936,1876,-1,1876,1936,1937,-1,1876,1937,1060,-1,1060,1937,1031,-1,1852,1854,1853,-1,1853,1854,1856,-1,1853,1856,1942,-1,1942,1856,1938,-1,1942,1938,1943,-1,1943,1938,1939,-1,1943,1939,1944,-1,1944,1939,1940,-1,1944,1940,1945,-1,1945,1940,1941,-1,1945,1941,1946,-1,1946,1941,1876,-1,1946,1876,1055,-1,1055,1876,1057,-1,1947,1851,1948,-1,1948,1851,1853,-1,1948,1853,1949,-1,1949,1853,1942,-1,1949,1942,1950,-1,1950,1942,1943,-1,1950,1943,1951,-1,1951,1943,1944,-1,1951,1944,1952,-1,1952,1944,1945,-1,1952,1945,1877,-1,1877,1945,1946,-1,1877,1946,1054,-1,1054,1946,1055,-1,1051,1053,1877,-1,1877,1053,1878,-1,1877,1878,1952,-1,1952,1878,1953,-1,1952,1953,1951,-1,1951,1953,1954,-1,1951,1954,1950,-1,1950,1954,1955,-1,1950,1955,1949,-1,1949,1955,1808,-1,1949,1808,1948,-1,1948,1808,1810,-1,1948,1810,1947,-1,1947,1810,1613,-1,1956,1957,1958,-1,1959,1960,1961,-1,1962,1963,1964,-1,1965,1966,1967,-1,1968,1969,1970,-1,1971,1972,1973,-1,1974,1975,1976,-1,1977,1978,1979,-1,940,936,1980,-1,960,957,1981,-1,954,951,1982,-1,953,952,1983,-1,940,1980,941,-1,962,961,1984,-1,964,963,1985,-1,966,965,1986,-1,974,977,1987,-1,967,976,1988,-1,1989,970,968,-1,1984,1990,1991,-1,1991,1990,1992,-1,1991,1992,1993,-1,1993,1992,1994,-1,1993,1994,1995,-1,963,962,1985,-1,1985,962,1984,-1,1985,1984,1996,-1,1996,1984,1991,-1,1996,1991,1997,-1,1997,1991,1993,-1,1997,1993,1998,-1,1998,1993,1995,-1,1998,1995,1999,-1,965,964,1986,-1,1986,964,1985,-1,1986,1985,2000,-1,2000,1985,1996,-1,2000,1996,2001,-1,2001,1996,1997,-1,2001,1997,2002,-1,2002,1997,1998,-1,2002,1998,2003,-1,2003,1998,1999,-1,2003,1999,1973,-1,2004,2005,2006,-1,968,967,1989,-1,1989,967,1988,-1,1989,1988,2007,-1,2007,1988,2008,-1,2007,2008,2009,-1,2009,2008,2010,-1,2009,2010,2011,-1,2011,2010,2012,-1,2011,2012,1765,-1,1765,2012,2013,-1,1765,2013,1766,-1,1766,2013,1979,-1,1766,1979,1610,-1,1610,1979,1978,-1,1975,1977,1976,-1,1976,1977,1979,-1,1976,1979,2014,-1,2014,1979,2013,-1,2014,2013,2015,-1,2015,2013,2012,-1,2015,2012,2016,-1,2016,2012,2010,-1,2016,2010,2017,-1,2017,2010,2008,-1,2017,2008,1987,-1,1987,2008,1988,-1,1987,1988,974,-1,974,1988,976,-1,1972,1974,1973,-1,1973,1974,1976,-1,1973,1976,2003,-1,2003,1976,2014,-1,2003,2014,2002,-1,2002,2014,2015,-1,2002,2015,2001,-1,2001,2015,2016,-1,2001,2016,2000,-1,2000,2016,2017,-1,2000,2017,1986,-1,1986,2017,1987,-1,1986,1987,966,-1,966,1987,977,-1,1994,2018,1995,-1,1995,2018,2019,-1,1995,2019,1999,-1,1999,2019,1970,-1,1999,1970,1973,-1,1973,1970,1969,-1,1973,1969,1971,-1,2018,2004,2019,-1,2019,2004,2006,-1,2019,2006,1970,-1,1970,2006,2020,-1,1970,2020,1968,-1,2021,2022,2023,-1,2023,2022,2005,-1,2023,2005,2024,-1,2024,2005,2004,-1,2024,2004,2025,-1,2025,2004,2018,-1,2025,2018,2026,-1,2026,2018,1994,-1,2026,1994,2027,-1,2027,1994,1992,-1,2027,1992,1980,-1,1980,1992,1990,-1,1980,1990,941,-1,941,1990,1984,-1,941,1984,942,-1,942,1984,961,-1,2022,2028,2005,-1,2005,2028,2029,-1,2005,2029,2006,-1,2006,2029,2030,-1,2006,2030,2020,-1,1966,2021,1967,-1,1967,2021,2023,-1,1967,2023,2031,-1,2031,2023,2024,-1,2031,2024,2032,-1,2032,2024,2025,-1,2032,2025,2033,-1,2033,2025,2026,-1,2033,2026,2034,-1,2034,2026,2027,-1,2034,2027,2035,-1,2035,2027,1980,-1,2035,1980,935,-1,935,1980,936,-1,1963,1965,1964,-1,1964,1965,1967,-1,1964,1967,2036,-1,2036,1967,2031,-1,2036,2031,2037,-1,2037,2031,2032,-1,2037,2032,2038,-1,2038,2032,2033,-1,2038,2033,2039,-1,2039,2033,2034,-1,2039,2034,2040,-1,2040,2034,2035,-1,2040,2035,931,-1,931,2035,935,-1,1960,1962,1961,-1,1961,1962,1964,-1,1961,1964,2041,-1,2041,1964,2036,-1,2041,2036,2042,-1,2042,2036,2037,-1,2042,2037,2043,-1,2043,2037,2038,-1,2043,2038,2044,-1,2044,2038,2039,-1,2044,2039,1981,-1,1981,2039,2040,-1,1981,2040,960,-1,960,2040,931,-1,1957,1959,1958,-1,1958,1959,1961,-1,1958,1961,2045,-1,2045,1961,2041,-1,2045,2041,2046,-1,2046,2041,2042,-1,2046,2042,2047,-1,2047,2042,2043,-1,2047,2043,2048,-1,2048,2043,2044,-1,2048,2044,2049,-1,2049,2044,1981,-1,2049,1981,955,-1,955,1981,957,-1,2050,1956,2051,-1,2051,1956,1958,-1,2051,1958,2052,-1,2052,1958,2045,-1,2052,2045,2053,-1,2053,2045,2046,-1,2053,2046,2054,-1,2054,2046,2047,-1,2054,2047,2055,-1,2055,2047,2048,-1,2055,2048,1982,-1,1982,2048,2049,-1,1982,2049,954,-1,954,2049,955,-1,951,953,1982,-1,1982,953,1983,-1,1982,1983,2055,-1,2055,1983,2056,-1,2055,2056,2054,-1,2054,2056,2057,-1,2054,2057,2053,-1,2053,2057,2058,-1,2053,2058,2052,-1,2052,2058,2059,-1,2052,2059,2051,-1,2051,2059,2060,-1,2051,2060,2050,-1,2050,2060,1588,-1,1479,1478,1680,-1,1220,2061,1221,-1,1235,1639,1212,-1,1654,1214,1213,-1,1212,1639,1213,-1,1213,1639,1640,-1,1213,1640,1654,-1,1394,1395,1475,-1,1395,1400,1475,-1,1475,1400,1399,-1,1475,1399,1404,-1,1405,1406,1650,-1,1405,1650,1401,-1,1404,1403,1475,-1,1475,1403,1402,-1,1475,1402,1401,-1,1406,1407,1650,-1,1650,1407,1409,-1,1650,1409,1215,-1,1214,1654,1215,-1,1215,1654,1652,-1,1215,1652,1650,-1,1388,1485,1389,-1,1389,1485,1484,-1,1389,1484,1390,-1,1390,1484,1387,-1,1388,1392,1485,-1,1485,1392,1391,-1,1485,1391,1398,-1,1398,1397,1485,-1,1485,1397,1396,-1,1485,1396,1475,-1,1475,1396,1393,-1,1475,1393,1394,-1,1387,1484,1164,-1,1164,1484,1483,-1,1164,1483,1166,-1,1169,1168,1483,-1,1483,1168,1167,-1,1483,1167,1166,-1,1481,1157,1156,-1,1481,1156,1482,-1,1156,1151,1482,-1,1482,1151,1153,-1,1482,1153,1483,-1,1483,1153,1154,-1,1483,1154,1169,-1,1162,1161,1480,-1,1480,1161,1159,-1,1480,1159,1481,-1,1481,1159,1158,-1,1481,1158,1157,-1,1383,1382,1474,-1,1474,1382,1147,-1,1474,1147,1480,-1,1480,1147,1149,-1,1480,1149,1162,-1,1376,1381,1473,-1,1473,1381,1380,-1,1473,1380,1379,-1,1379,1386,1473,-1,1473,1386,1385,-1,1473,1385,1474,-1,1474,1385,1384,-1,1474,1384,1383,-1,1366,1367,2062,-1,2062,1367,1368,-1,1370,1472,1371,-1,1371,1472,1369,-1,1370,1375,1472,-1,1472,1375,1374,-1,1472,1374,1373,-1,1373,1372,1472,-1,1472,1372,1378,-1,1472,1378,1473,-1,1473,1378,1377,-1,1473,1377,1376,-1,2061,1220,2063,-1,2063,1220,1216,-1,2063,1216,2064,-1,2064,1216,1218,-1,2064,1218,2065,-1,2065,1218,1219,-1,2065,1219,2062,-1,2062,1219,1365,-1,2062,1365,1366,-1,1680,2066,1479,-1,1479,2066,2067,-1,1479,2067,1471,-1,1368,1369,2062,-1,2062,1369,1472,-1,2062,1472,2068,-1,2068,1472,1471,-1,2068,1471,2069,-1,2069,1471,2067,-1,1401,1650,1475,-1,1475,1650,1648,-1,1475,1648,1476,-1,1641,1487,1642,-1,1642,1487,1486,-1,1642,1486,1644,-1,1644,1486,1476,-1,1644,1476,1646,-1,1646,1476,1648,-1,1587,1680,1586,-1,1586,1680,1681,-1,1586,1681,1585,-1,1585,1681,1584,-1,1584,1681,1682,-1,1584,1682,1583,-1,1583,1682,1679,-1,1583,1679,1566,-1,1566,1679,1678,-1,1566,1678,1567,-1,1567,1678,1677,-1,1567,1677,1568,-1,1568,1677,1676,-1,1568,1676,1569,-1,1569,1676,1675,-1,1569,1675,1570,-1,1570,1675,1674,-1,1570,1674,1571,-1,1571,1674,1673,-1,1571,1673,1572,-1,1572,1673,1672,-1,1572,1672,1573,-1,1573,1672,1671,-1,1573,1671,1574,-1,1574,1671,1670,-1,1574,1670,1575,-1,1575,1670,1669,-1,1575,1669,1576,-1,1576,1669,1668,-1,1576,1668,1577,-1,1577,1668,1667,-1,1577,1667,1578,-1,1578,1667,1666,-1,1578,1666,1579,-1,1579,1666,1665,-1,1579,1665,1580,-1,1580,1665,1664,-1,1580,1664,1581,-1,1581,1664,1663,-1,1581,1663,1582,-1,1582,1663,1662,-1,1582,1662,1559,-1,1559,1662,1661,-1,1559,1661,1560,-1,1560,1661,1660,-1,1560,1660,1561,-1,1561,1660,1659,-1,1561,1659,1565,-1,1565,1659,1658,-1,1565,1658,1564,-1,1564,1658,1657,-1,1564,1657,1563,-1,1563,1657,1641,-1,1563,1641,1562,-1,2063,2070,2061,-1,2061,2070,1221,-1,1680,1587,2066,-1,2066,1587,2071,-1,2066,2071,2067,-1,2067,2071,2072,-1,2067,2072,2069,-1,2069,2072,2073,-1,2069,2073,2068,-1,2068,2073,2074,-1,2068,2074,2062,-1,2062,2074,2075,-1,2062,2075,2065,-1,2065,2075,2076,-1,2065,2076,2064,-1,2064,2076,2077,-1,2064,2077,2063,-1,2063,2077,2078,-1,2063,2078,2070,-1,2070,2078,1239,-1,1635,1873,1419,-1,1419,1873,1420,-1,1873,1872,1420,-1,1420,1872,1870,-1,1420,1870,1446,-1,1870,1869,1446,-1,1446,1869,1867,-1,1446,1867,1447,-1,1867,1866,1447,-1,1447,1866,1864,-1,1447,1864,1448,-1,1864,1863,1448,-1,1448,1863,1917,-1,1448,1917,1449,-1,1917,1927,1449,-1,1449,1927,1926,-1,1449,1926,1451,-1,1926,1925,1451,-1,1451,1925,1919,-1,1451,1919,1452,-1,1919,1918,1452,-1,1452,1918,1861,-1,1452,1861,1453,-1,1861,1860,1453,-1,1453,1860,1858,-1,1453,1858,1438,-1,1858,1857,1438,-1,1438,1857,1855,-1,1438,1855,1439,-1,1855,1854,1439,-1,1439,1854,1852,-1,1439,1852,1440,-1,1613,1441,1947,-1,1947,1441,1440,-1,1947,1440,1851,-1,1851,1440,1852,-1,1610,1978,1427,-1,1427,1978,1428,-1,1978,1977,1428,-1,1428,1977,1975,-1,1428,1975,1429,-1,1975,1974,1429,-1,1429,1974,1972,-1,1429,1972,1430,-1,1972,1971,1430,-1,1430,1971,1969,-1,1430,1969,1431,-1,1969,1968,1431,-1,1431,1968,2020,-1,1431,2020,1432,-1,2020,2030,1432,-1,1432,2030,2029,-1,1432,2029,1433,-1,2029,2028,1433,-1,1433,2028,2022,-1,1433,2022,1421,-1,2022,2021,1421,-1,1421,2021,1966,-1,1421,1966,1422,-1,1966,1965,1422,-1,1422,1965,1963,-1,1422,1963,1423,-1,1963,1962,1423,-1,1423,1962,1960,-1,1423,1960,1424,-1,1960,1959,1424,-1,1424,1959,1957,-1,1424,1957,1425,-1,1588,1426,2050,-1,2050,1426,1425,-1,2050,1425,1956,-1,1956,1425,1957,-1,890,889,2079,-1,773,772,1098,-1,1238,901,902,-1,1240,908,1231,-1,1231,908,909,-1,1231,909,1229,-1,1234,1233,903,-1,903,1233,1232,-1,903,1232,909,-1,909,1232,1230,-1,909,1230,1229,-1,1234,903,1225,-1,1225,903,904,-1,1225,904,1224,-1,1224,904,905,-1,1224,905,1223,-1,1238,2080,901,-1,901,2080,1227,-1,901,1227,905,-1,905,1227,1226,-1,905,1226,1223,-1,1562,1643,1094,-1,1094,1643,1096,-1,1643,1645,1096,-1,1096,1645,1647,-1,1096,1647,1097,-1,1237,1238,1656,-1,1656,1238,902,-1,1656,902,1655,-1,1655,902,773,-1,1655,773,1653,-1,1653,773,1098,-1,1653,1098,1651,-1,1651,1098,1097,-1,1651,1097,1649,-1,1649,1097,1647,-1,893,2081,2082,-1,893,2082,894,-1,2076,906,2077,-1,2077,906,908,-1,2077,908,2078,-1,2078,908,1240,-1,2078,1240,1239,-1,2082,2083,894,-1,894,2083,2084,-1,894,2084,895,-1,2084,2085,895,-1,895,2085,2086,-1,895,2086,896,-1,2086,2087,896,-1,896,2087,2088,-1,896,2088,897,-1,2088,2089,897,-1,897,2089,2090,-1,897,2090,898,-1,2090,2091,898,-1,898,2091,2092,-1,898,2092,899,-1,2092,2093,899,-1,899,2093,2094,-1,899,2094,900,-1,900,2094,2095,-1,900,2095,771,-1,771,2095,2096,-1,770,771,888,-1,888,771,2096,-1,888,2096,889,-1,889,2096,2097,-1,889,2097,2079,-1,890,2079,891,-1,891,2079,2098,-1,891,2098,716,-1,716,2098,2099,-1,716,2099,717,-1,1540,726,2100,-1,2100,726,717,-1,2100,717,2101,-1,2101,717,2099,-1,1587,1512,2071,-1,2071,1512,2102,-1,2071,2102,2072,-1,2072,2102,2103,-1,2072,2103,2073,-1,2073,2103,2104,-1,2073,2104,2074,-1,2074,2104,2105,-1,2074,2105,2075,-1,2075,2105,2106,-1,2075,2106,2076,-1,2076,2106,2081,-1,2076,2081,906,-1,906,2081,893,-1,1341,1489,2107,-1,720,786,1010,-1,721,720,2108,-1,2108,2109,721,-1,721,2109,2110,-1,721,2110,723,-1,723,2110,2111,-1,723,2111,724,-1,724,2111,2112,-1,724,2112,725,-1,725,2112,1511,-1,725,1511,718,-1,1341,2107,1344,-1,1344,2107,2113,-1,1344,2113,1337,-1,1337,2113,2114,-1,1337,2114,1338,-1,1338,2114,2115,-1,1338,2115,1339,-1,1339,2115,1011,-1,1011,2115,2116,-1,1011,2116,1012,-1,1014,1013,2117,-1,2117,1013,1028,-1,2117,1028,2116,-1,2116,1028,1027,-1,2116,1027,1012,-1,1014,2117,1015,-1,1015,2117,2118,-1,1015,2118,1016,-1,1020,1019,2119,-1,2119,1019,1018,-1,2119,1018,2118,-1,2118,1018,1017,-1,2118,1017,1016,-1,1020,2119,1021,-1,1021,2119,2120,-1,1021,2120,1022,-1,2121,1024,2120,-1,2120,1024,1023,-1,2120,1023,1022,-1,720,1010,2108,-1,2108,1010,1009,-1,2108,1009,2122,-1,2122,1009,1008,-1,2122,1008,2123,-1,2123,1008,1007,-1,2123,1007,2124,-1,2124,1007,1026,-1,2124,1026,2121,-1,2121,1026,1025,-1,2121,1025,1024,-1,807,809,1540,-1,1540,2100,807,-1,807,2100,2101,-1,807,2101,805,-1,2101,2099,805,-1,805,2099,2098,-1,805,2098,803,-1,2098,2079,803,-1,803,2079,2097,-1,803,2097,801,-1,2097,2096,801,-1,801,2096,2095,-1,801,2095,818,-1,2095,2094,818,-1,818,2094,2093,-1,818,2093,816,-1,2093,2092,816,-1,816,2092,2091,-1,816,2091,814,-1,2091,2090,814,-1,814,2090,2089,-1,814,2089,787,-1,2089,2088,787,-1,787,2088,2087,-1,787,2087,788,-1,2087,2086,788,-1,788,2086,2085,-1,788,2085,794,-1,2085,2084,794,-1,794,2084,2083,-1,794,2083,796,-1,2083,2082,796,-1,796,2082,2081,-1,796,2081,822,-1,2081,2106,822,-1,822,2106,2105,-1,822,2105,824,-1,1512,828,2102,-1,2102,828,826,-1,2102,826,2103,-1,2103,826,824,-1,2103,824,2104,-1,2104,824,2105,-1,1511,2112,810,-1,810,2112,811,-1,840,860,2111,-1,2111,860,859,-1,2111,859,2112,-1,2112,859,858,-1,2112,858,811,-1,840,2111,842,-1,842,2111,2110,-1,842,2110,843,-1,878,884,2109,-1,2109,884,883,-1,2109,883,2110,-1,2110,883,882,-1,2110,882,843,-1,878,2109,876,-1,876,2109,2108,-1,876,2108,836,-1,857,856,2122,-1,2122,856,855,-1,2122,855,2108,-1,2108,855,837,-1,2108,837,836,-1,857,2122,835,-1,835,2122,2123,-1,835,2123,834,-1,2124,830,2123,-1,2123,830,832,-1,2123,832,834,-1,874,873,2125,-1,2125,873,853,-1,2125,853,2124,-1,2124,853,852,-1,2124,852,830,-1,874,2125,875,-1,875,2125,2126,-1,875,2126,850,-1,870,845,2119,-1,2119,845,847,-1,2119,847,2126,-1,2126,847,851,-1,2126,851,850,-1,870,2119,871,-1,871,2119,2118,-1,871,2118,872,-1,798,844,2117,-1,2117,844,791,-1,2117,791,2118,-1,2118,791,790,-1,2118,790,872,-1,798,2117,799,-1,799,2117,2116,-1,799,2116,869,-1,880,879,2115,-1,2115,879,866,-1,2115,866,2116,-1,2116,866,868,-1,2116,868,869,-1,880,2115,881,-1,881,2115,2114,-1,881,2114,861,-1,886,885,2113,-1,2113,885,864,-1,2113,864,2114,-1,2114,864,862,-1,2114,862,861,-1,886,2113,887,-1,887,2113,2107,-1,887,2107,829,-1,829,2107,1489,-1,829,1489,827,-1,
        ]
    }
}
Shape{
    appearance Appearance {
        material  Material 	{
            diffuseColor 1.0 1.0 1.0
            specularColor 0.5019607843137255 0.5019607843137255 0.5019607843137255
            ambientIntensity 1.0
            transparency 0.0
            shininess 0.5
        }
    }
    geometry IndexedFaceSet {
        ccw TRUE
        solid FALSE
        coord DEF co Coordinate {
            point [
                0.9843 0.0208 0.6744, 0.9843 0.0208 0.6654, 0.9843 0.0208 0.6744, 0.9843 0.0208 0.6654, 0.9843 -0.0108 0.6744, 0.9843 -0.0108 0.6744, 0.9843 -0.0108 0.7447, 0.9843 -0.0108 0.7447, 0.9843 -0.021 0.7447, 0.9843 -0.021 0.7447, 0.9843 -0.021 0.6654, 0.9843 -0.021 0.6654, 0.9843 0.0834 0.6687, 0.9843 0.0834 0.6687, 0.9843 0.082 0.668, 0.9843 0.0614 0.6641, 0.9843 0.0614 0.6641, 0.9843 0.0735 0.6652, 0.9843 0.0735 0.6652, 0.9843 0.08 0.6673, 0.9843 0.082 0.668, 0.9843 0.0834 0.6785, 0.9843 0.0834 0.6785, 0.9843 0.0767 0.6753, 0.9843 0.08 0.6769, 0.9843 0.0767 0.6753, 0.9843 0.0679 0.6734, 0.9843 0.0679 0.6734, 0.9843 0.0629 0.6732, 0.9843 0.0629 0.6732, 0.9843 0.0556 0.674, 0.9843 0.0556 0.674, 0.9843 0.0498 0.676, 0.9843 0.0498 0.676, 0.9843 0.0445 0.6796, 0.9843 0.0445 0.6796, 0.9843 0.0425 0.6815, 0.9843 0.0425 0.6815, 0.9843 0.0387 0.6868, 0.9843 0.0387 0.6868, 0.9843 0.0361 0.6932, 0.9843 0.0361 0.6932, 0.9843 0.0349 0.7011, 0.9843 0.0349 0.7011, 0.9843 0.0348 0.7041, 0.9843 0.0348 0.7041, 0.9843 0.036 0.715, 0.9843 0.036 0.715, 0.9843 0.0387 0.7218, 0.9843 0.0387 0.7218, 0.9843 0.0425 0.7273, 0.9843 0.0425 0.7273, 0.9843 0.0431 0.728, 0.9843 0.0431 0.728, 0.9843 0.0483 0.7323, 0.9843 0.0483 0.7323, 0.9843 0.0545 0.7352, 0.9843 0.0545 0.7352, 0.9843 0.0614 0.7366, 0.9843 0.0614 0.7366, 0.9843 0.0647 0.7368, 0.9843 0.0647 0.7368, 0.9843 0.0834 0.7321, 0.9843 0.0834 0.7321, 0.9843 0.0825 0.7325, 0.9843 0.0744 0.7356, 0.9843 0.0744 0.7356, 0.9843 0.08 0.7335, 0.9843 0.0825 0.7325, 0.9843 0.0834 0.7428, 0.9843 0.0834 0.7428, 0.9843 0.08 0.7437, 0.9843 0.075 0.7452, 0.9843 0.0646 0.746, 0.9843 0.0646 0.746, 0.9843 0.0731 0.7453, 0.9843 0.075 0.7452, 0.9843 0.0591 0.7453, 0.9843 0.0532 0.7446, 0.9843 0.0532 0.7446, 0.9843 0.0449 0.7414, 0.9843 0.0449 0.7414, 0.9843 0.0372 0.736, 0.9843 0.0372 0.736, 0.9843 0.0355 0.7343, 0.9843 0.0355 0.7343, 0.9843 0.0297 0.7268, 0.9843 0.0297 0.7268, 0.9843 0.0276 0.7218, 0.9843 0.026 0.718, 0.9843 0.026 0.718, 0.9843 0.0242 0.7077, 0.9843 0.0242 0.7077, 0.9843 0.024 0.7035, 0.9843 0.024 0.7035, 0.9843 0.0256 0.6907, 0.9843 0.0256 0.6907, 0.9843 0.0276 0.6855, 0.9843 0.0288 0.6824, 0.9843 0.0288 0.6824, 0.9843 0.0335 0.6756, 0.9843 0.0335 0.6756, 0.9843 0.0342 0.6749, 0.9843 0.0342 0.6749, 0.9843 0.0398 0.6701, 0.9843 0.0398 0.6701, 0.9843 0.0472 0.6664, 0.9843 0.0472 0.6664, 0.9843 0.0556 0.6644, 0.9843 0.0556 0.6644, 0.9843 0.1419 0.6744, 0.9843 0.1419 0.6654, 0.9843 0.1419 0.6744, 0.9843 0.1419 0.6654, 0.9843 0.1095 0.6744, 0.9843 0.1095 0.6744, 0.9843 0.1309 0.6744, 0.9843 0.1095 0.7011, 0.9843 0.1095 0.7011, 0.9843 0.1378 0.7011, 0.9843 0.1378 0.7011, 0.9843 0.1309 0.7011, 0.9843 0.1378 0.7102, 0.9843 0.1378 0.7102, 0.9843 0.1095 0.7102, 0.9843 0.1095 0.7102, 0.9843 0.1309 0.7102, 0.9843 0.1095 0.7355, 0.9843 0.1095 0.7355, 0.9843 0.1401 0.7355, 0.9843 0.1401 0.7355, 0.9843 0.1309 0.7355, 0.9843 0.1401 0.7447, 0.9843 0.1401 0.7447, 0.9843 0.0992 0.7447, 0.9843 0.0992 0.7447, 0.9843 0.1309 0.7447, 0.9843 0.0992 0.6654, 0.9843 0.0992 0.6654, 0.9843 0.1309 0.6654, 0.9843 0.2061 0.6876, 0.9843 0.2022 0.6827, 0.9843 0.2094 0.6765, 0.9843 0.2012 0.6818, 0.9843 0.2011 0.6705, 0.9843 0.1961 0.6783, 0.9843 0.192 0.667, 0.9843 0.1895 0.6757, 0.9843 0.1786 0.6654, 0.9843 0.1786 0.6744, 0.9843 0.1568 0.6654, 0.9843 0.1671 0.6744, 0.9843 0.1568 0.7447, 0.9843 0.1671 0.7355, 0.9843 0.1795 0.7447, 0.9843 0.1791 0.7355, 0.9843 0.1916 0.7433, 0.9843 0.1896 0.7343, 0.9843 0.2011 0.7398, 0.9843 0.1964 0.7318, 0.9843 0.2094 0.7342, 0.9843 0.2019 0.7281, 0.9843 0.2123 0.7314, 0.9843 0.2042 0.7259, 0.9843 0.2172 0.7245, 0.9843 0.2072 0.7214, 0.9843 0.2201 0.7169, 0.9843 0.2095 0.7156, 0.9843 0.2214 0.706, 0.9843 0.2106 0.7058, 0.9843 0.221 0.6995, 0.9843 0.2104 0.7008, 0.9843 0.2188 0.6904, 0.9843 0.2088 0.6935, 0.9843 0.2146 0.6824, 0.9843 0.1786 0.6654, 0.9843 0.1568 0.6654, 0.9843 0.192 0.667, 0.9843 0.2011 0.6705, 0.9843 0.2094 0.6765, 0.9843 0.2146 0.6824, 0.9843 0.2188 0.6904, 0.9843 0.221 0.6995, 0.9843 0.2214 0.706, 0.9843 0.2201 0.7169, 0.9843 0.2172 0.7245, 0.9843 0.2123 0.7314, 0.9843 0.2094 0.7342, 0.9843 0.2011 0.7398, 0.9843 0.1916 0.7433, 0.9843 0.1795 0.7447, 0.9843 0.1568 0.7447, 0.9843 0.1791 0.7355, 0.9843 0.1671 0.7355, 0.9843 0.1671 0.6744, 0.9843 0.1786 0.6744, 0.9843 0.2022 0.6827, 0.9843 0.2012 0.6818, 0.9843 0.1961 0.6783, 0.9843 0.1895 0.6757, 0.9843 0.2106 0.7058, 0.9843 0.2104 0.7008, 0.9843 0.2088 0.6935, 0.9843 0.2061 0.6876, 0.9843 0.2019 0.7281, 0.9843 0.2042 0.7259, 0.9843 0.2072 0.7214, 0.9843 0.2095 0.7156, 0.9843 0.1896 0.7343, 0.9843 0.1964 0.7318
            ]
        }
        coordIndex [
            0,1,2,-1,2,1,3,-1,4,0,5,-1,5,0,2,-1,6,4,7,-1,7,4,5,-1,8,6,9,-1,9,6,7,-1,10,8,11,-1,11,8,9,-1,1,10,3,-1,3,10,11,-1,6,8,4,-1,4,8,10,-1,4,10,0,-1,0,10,1,-1,12,13,14,-1,15,16,17,-1,15,17,18,-1,18,17,19,-1,18,19,14,-1,14,19,20,-1,14,20,12,-1,21,13,22,-1,22,13,12,-1,23,21,24,-1,24,21,22,-1,24,25,23,-1,23,25,26,-1,23,26,27,-1,27,26,28,-1,27,28,29,-1,29,28,30,-1,29,30,31,-1,31,30,32,-1,31,32,33,-1,33,32,34,-1,33,34,35,-1,35,34,36,-1,35,36,37,-1,37,36,38,-1,37,38,39,-1,39,38,40,-1,39,40,41,-1,41,40,42,-1,41,42,43,-1,43,42,44,-1,43,44,45,-1,45,44,46,-1,45,46,47,-1,47,46,48,-1,47,48,49,-1,49,48,50,-1,49,50,51,-1,51,50,52,-1,51,52,53,-1,53,52,54,-1,53,54,55,-1,55,54,56,-1,55,56,57,-1,57,56,58,-1,57,58,59,-1,59,58,60,-1,59,60,61,-1,62,63,64,-1,61,60,65,-1,61,65,66,-1,66,65,67,-1,66,67,64,-1,64,67,68,-1,64,68,62,-1,69,63,70,-1,70,63,62,-1,69,70,71,-1,69,71,72,-1,73,74,75,-1,75,74,72,-1,75,72,76,-1,76,72,71,-1,74,73,77,-1,74,77,78,-1,77,79,78,-1,78,79,80,-1,78,80,81,-1,81,80,82,-1,81,82,83,-1,83,82,84,-1,83,84,85,-1,85,84,86,-1,85,86,87,-1,87,86,88,-1,87,88,89,-1,88,90,89,-1,89,90,91,-1,89,91,92,-1,92,91,93,-1,92,93,94,-1,94,93,95,-1,94,95,96,-1,96,95,97,-1,96,97,98,-1,97,99,98,-1,98,99,100,-1,98,100,101,-1,101,100,102,-1,101,102,103,-1,103,102,104,-1,103,104,105,-1,105,104,106,-1,105,106,107,-1,107,106,108,-1,107,108,109,-1,109,108,16,-1,109,16,15,-1,47,49,87,-1,55,57,78,-1,87,49,85,-1,78,57,74,-1,78,81,55,-1,55,81,83,-1,55,83,53,-1,53,83,85,-1,53,85,51,-1,51,85,49,-1,57,59,74,-1,74,59,61,-1,74,61,72,-1,72,61,66,-1,72,66,69,-1,69,66,64,-1,69,64,63,-1,94,45,92,-1,92,45,47,-1,92,47,89,-1,89,47,87,-1,13,21,14,-1,14,21,23,-1,14,23,18,-1,18,23,27,-1,18,27,15,-1,15,27,29,-1,15,29,109,-1,109,29,31,-1,109,31,107,-1,107,31,33,-1,107,33,105,-1,105,33,35,-1,105,35,103,-1,103,35,37,-1,103,37,101,-1,101,37,39,-1,101,39,98,-1,98,39,96,-1,96,39,41,-1,96,41,94,-1,94,41,43,-1,94,43,45,-1,110,111,112,-1,112,111,113,-1,114,115,116,-1,116,115,110,-1,116,110,112,-1,117,115,118,-1,118,115,114,-1,119,120,121,-1,121,120,117,-1,121,117,118,-1,122,120,123,-1,123,120,119,-1,124,125,126,-1,126,125,122,-1,126,122,123,-1,127,125,128,-1,128,125,124,-1,129,130,131,-1,131,130,127,-1,131,127,128,-1,132,130,133,-1,133,130,129,-1,134,135,136,-1,136,135,132,-1,136,132,133,-1,137,135,138,-1,138,135,134,-1,113,111,139,-1,139,111,137,-1,139,137,138,-1,137,111,110,-1,110,115,137,-1,137,115,117,-1,137,117,135,-1,130,132,127,-1,127,132,135,-1,127,135,125,-1,125,135,117,-1,125,117,122,-1,122,117,120,-1,140,141,142,-1,142,141,143,-1,142,143,144,-1,144,143,145,-1,144,145,146,-1,146,145,147,-1,146,147,148,-1,148,147,149,-1,148,149,150,-1,150,149,151,-1,150,151,152,-1,152,151,153,-1,152,153,154,-1,154,153,155,-1,154,155,156,-1,156,155,157,-1,156,157,158,-1,158,157,159,-1,158,159,160,-1,160,159,161,-1,160,161,162,-1,162,161,163,-1,162,163,164,-1,164,163,165,-1,164,165,166,-1,166,165,167,-1,166,167,168,-1,168,167,169,-1,168,169,170,-1,170,169,171,-1,170,171,172,-1,172,171,173,-1,172,173,174,-1,174,173,140,-1,174,140,142,-1,148,150,175,-1,175,150,176,-1,148,175,177,-1,148,177,146,-1,146,177,178,-1,146,178,144,-1,144,178,179,-1,144,179,142,-1,142,179,180,-1,142,180,174,-1,174,180,181,-1,174,181,172,-1,172,181,182,-1,172,182,170,-1,170,182,183,-1,170,183,168,-1,168,183,184,-1,168,184,166,-1,166,184,185,-1,166,185,164,-1,164,185,186,-1,164,186,162,-1,162,186,187,-1,162,187,160,-1,160,187,188,-1,160,188,158,-1,158,188,189,-1,158,189,156,-1,156,189,190,-1,156,190,154,-1,152,154,191,-1,191,154,190,-1,150,152,176,-1,176,152,191,-1,155,153,192,-1,192,153,193,-1,153,151,193,-1,193,151,194,-1,151,149,194,-1,194,149,195,-1,141,196,197,-1,141,197,143,-1,143,197,198,-1,143,198,145,-1,145,198,199,-1,145,199,147,-1,147,199,195,-1,147,195,149,-1,169,200,201,-1,169,201,171,-1,171,201,202,-1,171,202,173,-1,173,202,203,-1,173,203,140,-1,140,203,196,-1,140,196,141,-1,161,204,205,-1,161,205,163,-1,163,205,206,-1,163,206,165,-1,165,206,207,-1,165,207,167,-1,167,207,200,-1,167,200,169,-1,155,192,208,-1,155,208,157,-1,157,208,209,-1,157,209,159,-1,159,209,204,-1,159,204,161,-1,
        ]
    }
}
Shape{
    appearance Appearance {
        material  Material 	{
            diffuseColor 0.2235294117647059 0.2235294117647059 0.2235294117647059
            specularColor 0.11372549019607843 0.11372549019607843 0.11372549019607843
            ambientIntensity 0.2235
            transparency 0.0
            shininess 0.5
        }
    }
    geometry IndexedFaceSet {
        ccw TRUE
        solid FALSE
        coord DEF co Coordinate {
            point [
                0.9843 0.1671 0.7355, 0.9843 0.1671 0.6744, 0.9843 0.1791 0.7355, 0.9843 0.1786 0.6744, 0.9843 0.1895 0.6757, 0.9843 0.1961 0.6783, 0.9843 0.2012 0.6818, 0.9843 0.2022 0.6827, 0.9843 0.2061 0.6876, 0.9843 0.2088 0.6935, 0.9843 0.2106 0.7058, 0.9843 0.2019 0.7281, 0.9843 0.1964 0.7318, 0.9843 0.2095 0.7156, 0.9843 0.2072 0.7214, 0.9843 0.2042 0.7259, 0.9843 0.2104 0.7008, 0.9843 0.1896 0.7343
            ]
        }
        coordIndex [
            0,1,2,-1,2,1,3,-1,3,4,2,-1,2,4,5,-1,2,5,6,-1,6,7,2,-1,2,7,8,-1,2,8,9,-1,10,11,12,-1,13,14,10,-1,10,14,15,-1,10,15,11,-1,9,16,2,-1,2,16,10,-1,2,10,17,-1,17,10,12,-1,
        ]
    }
}
Shape{
    appearance Appearance {
        material  Material 	{
            diffuseColor 1.0 1.0 1.0
            specularColor 0.5019607843137255 0.5019607843137255 0.5019607843137255
            ambientIntensity 1.0
            transparency 0.0
            shininess 0.5
        }
    }
    geometry IndexedFaceSet {
        ccw TRUE
        solid FALSE
        coord DEF co Coordinate {
            point [
                0.9843 0.2479 0.696, 0.9843 0.2447 0.6871, 0.9843 0.2746 0.696, 0.9843 0.2777 0.6871, 0.9843 0.2598 0.729, 0.9843 0.256 0.7447, 0.9843 0.2258 0.6654, 0.9843 0.2371 0.6654, 0.9843 0.2605 0.7313, 0.9843 0.2611 0.7345, 0.9843 0.2669 0.7447, 0.9843 0.2613 0.7345, 0.9843 0.262 0.7312, 0.9843 0.2626 0.729, 0.9843 0.2971 0.6654, 0.9843 0.2858 0.6654, 0.9843 0.2669 0.7447, 0.9843 0.2971 0.6654, 0.9843 0.256 0.7447, 0.9843 0.2258 0.6654, 0.9843 0.2486 0.7254, 0.9843 0.2371 0.6654, 0.9843 0.2447 0.6871, 0.9843 0.2777 0.6871, 0.9843 0.2486 0.6871, 0.9843 0.2858 0.6654, 0.9843 0.2479 0.696, 0.9843 0.2746 0.696, 0.9843 0.2626 0.729, 0.9843 0.2613 0.7345, 0.9843 0.262 0.7312, 0.9843 0.2611 0.7345, 0.9843 0.2598 0.729, 0.9843 0.2605 0.7313
            ]
        }
        coordIndex [
            0,1,2,-1,2,1,3,-1,4,5,0,-1,0,5,6,-1,0,6,1,-1,1,6,7,-1,4,8,5,-1,5,8,9,-1,5,9,10,-1,10,9,11,-1,10,11,12,-1,12,13,10,-1,10,13,2,-1,10,2,14,-1,14,2,3,-1,14,3,15,-1,10,14,16,-1,16,14,17,-1,5,10,18,-1,18,10,16,-1,19,6,20,-1,20,6,5,-1,20,5,18,-1,7,6,21,-1,21,6,19,-1,1,7,22,-1,22,7,21,-1,23,3,24,-1,24,3,1,-1,24,1,22,-1,15,3,25,-1,25,3,23,-1,14,15,17,-1,17,15,25,-1,0,2,26,-1,26,2,27,-1,2,13,27,-1,27,13,28,-1,11,29,30,-1,11,30,12,-1,12,30,28,-1,12,28,13,-1,11,9,29,-1,29,9,31,-1,4,32,33,-1,4,33,8,-1,8,33,31,-1,8,31,9,-1,4,0,32,-1,32,0,26,-1,
        ]
    }
}
Shape{
    appearance Appearance {
        material  Material 	{
            diffuseColor 0.2235294117647059 0.2235294117647059 0.2235294117647059
            specularColor 0.11372549019607843 0.11372549019607843 0.11372549019607843
            ambientIntensity 0.2235
            transparency 0.0
            shininess 0.5
        }
    }
    geometry IndexedFaceSet {
        ccw TRUE
        solid FALSE
        coord DEF co Coordinate {
            point [
                0.9843 0.2613 0.7345, 0.9843 0.2611 0.7345, 0.9843 0.262 0.7312, 0.9843 0.2605 0.7313, 0.9843 0.2626 0.729, 0.9843 0.2598 0.729, 0.9843 0.2746 0.696, 0.9843 0.2479 0.696
            ]
        }
        coordIndex [
            0,1,2,-1,2,1,3,-1,2,3,4,-1,4,3,5,-1,4,5,6,-1,6,5,7,-1,
        ]
    }
}
Shape{
    appearance Appearance {
        material  Material 	{
            diffuseColor 1.0 1.0 1.0
            specularColor 0.5019607843137255 0.5019607843137255 0.5019607843137255
            ambientIntensity 1.0
            transparency 0.0
            shininess 0.5
        }
    }
    geometry IndexedFaceSet {
        ccw TRUE
        solid FALSE
        coord DEF co Coordinate {
            point [
                0.9843 0.0216 0.5487, 0.9843 0.0216 0.5396, 0.9843 0.0216 0.5487, 0.9843 0.0216 0.5396, 0.9843 -0.0108 0.5487, 0.9843 -0.0108 0.5487, 0.9843 -0.0108 0.5753, 0.9843 -0.0108 0.5753, 0.9843 0.0176 0.5753, 0.9843 0.0176 0.5753, 0.9843 0.0176 0.5844, 0.9843 0.0176 0.5844, 0.9843 -0.0108 0.5844, 0.9843 -0.0108 0.5844, 0.9843 -0.0108 0.6098, 0.9843 -0.0108 0.6098, 0.9843 0.0198 0.6098, 0.9843 0.0198 0.6098, 0.9843 0.0198 0.6189, 0.9843 0.0198 0.6189, 0.9843 -0.021 0.6189, 0.9843 -0.021 0.6189, 0.9843 -0.021 0.5396, 0.9843 -0.021 0.5396, 0.9843 0.0664 0.5484, 0.9843 0.0667 0.5484, 0.9843 0.066 0.5575, 0.9843 0.0667 0.562, 0.9843 0.0766 0.5761, 0.9843 0.0667 0.5626, 0.9843 0.0667 0.5681, 0.9843 0.0667 0.5396, 0.9843 0.0766 0.5396, 0.9843 0.0451 0.5638, 0.9843 0.0474 0.5649, 0.9843 0.0423 0.5714, 0.9843 0.0646 0.554, 0.9843 0.0624 0.5511, 0.9843 0.0648 0.546, 0.9843 0.0612 0.5499, 0.9843 0.0617 0.5426, 0.9843 0.0584 0.548, 0.9843 0.0582 0.5403, 0.9843 0.0554 0.5469, 0.9843 0.0542 0.5389, 0.9843 0.0516 0.5465, 0.9843 0.0491 0.5383, 0.9843 0.0483 0.5468, 0.9843 0.0431 0.539, 0.9843 0.046 0.5477, 0.9843 0.0393 0.5404, 0.9843 0.0441 0.549, 0.9843 0.036 0.5428, 0.9843 0.0432 0.5499, 0.9843 0.0499 0.5733, 0.9843 0.0534 0.5663, 0.9843 0.0667 0.5756, 0.9843 0.0438 0.5628, 0.9843 0.0381 0.5692, 0.9843 0.0426 0.5613, 0.9843 0.0351 0.5666, 0.9843 0.0418 0.5595, 0.9843 0.0331 0.5638, 0.9843 0.0413 0.5572, 0.9843 0.0318 0.5602, 0.9843 0.0412 0.5556, 0.9843 0.0311 0.5548, 0.9843 0.0414 0.5533, 0.9843 0.0316 0.5503, 0.9843 0.0421 0.5515, 0.9843 0.0328 0.5469, 0.9843 0.0349 0.5439, 0.9843 0.0366 0.5923, 0.9843 0.0366 0.5826, 0.9843 0.0387 0.5935, 0.9843 0.0429 0.5866, 0.9843 0.0461 0.5964, 0.9843 0.0491 0.5888, 0.9843 0.0561 0.5976, 0.9843 0.0552 0.5895, 0.9843 0.062 0.597, 0.9843 0.0586 0.5891, 0.9843 0.0662 0.5958, 0.9843 0.0609 0.5883, 0.9843 0.0695 0.5939, 0.9843 0.0626 0.5872, 0.9843 0.0722 0.5914, 0.9843 0.0641 0.5856, 0.9843 0.0742 0.5882, 0.9843 0.0653 0.5836, 0.9843 0.0758 0.5838, 0.9843 0.0663 0.58, 0.9843 0.0561 0.5976, 0.9843 0.0461 0.5964, 0.9843 0.0387 0.5935, 0.9843 0.0366 0.5923, 0.9843 0.0366 0.5826, 0.9843 0.0429 0.5866, 0.9843 0.0491 0.5888, 0.9843 0.0552 0.5895, 0.9843 0.0586 0.5891, 0.9843 0.0609 0.5883, 0.9843 0.0626 0.5872, 0.9843 0.0641 0.5856, 0.9843 0.0653 0.5836, 0.9843 0.0663 0.58, 0.9843 0.0667 0.5756, 0.9843 0.0499 0.5733, 0.9843 0.0423 0.5714, 0.9843 0.0381 0.5692, 0.9843 0.0351 0.5666, 0.9843 0.0331 0.5638, 0.9843 0.0318 0.5602, 0.9843 0.0311 0.5548, 0.9843 0.0316 0.5503, 0.9843 0.0328 0.5469, 0.9843 0.0349 0.5439, 0.9843 0.036 0.5428, 0.9843 0.0491 0.5383, 0.9843 0.0433 0.539, 0.9843 0.0431 0.539, 0.9843 0.0393 0.5404, 0.9843 0.0542 0.5389, 0.9843 0.0545 0.539, 0.9843 0.0582 0.5403, 0.9843 0.0617 0.5426, 0.9843 0.0648 0.546, 0.9843 0.0664 0.5484, 0.9843 0.0667 0.5484, 0.9843 0.0667 0.5396, 0.9843 0.0766 0.5396, 0.9843 0.0766 0.5761, 0.9843 0.0758 0.5838, 0.9843 0.0742 0.5882, 0.9843 0.0722 0.5914, 0.9843 0.0695 0.5939, 0.9843 0.0662 0.5958, 0.9843 0.062 0.597, 0.9843 0.0438 0.5628, 0.9843 0.0451 0.5638, 0.9843 0.0474 0.5649, 0.9843 0.0534 0.5663, 0.9843 0.0412 0.5556, 0.9843 0.0413 0.5572, 0.9843 0.0418 0.5595, 0.9843 0.0426 0.5613, 0.9843 0.0441 0.549, 0.9843 0.0432 0.5499, 0.9843 0.0421 0.5515, 0.9843 0.0414 0.5533, 0.9843 0.0516 0.5465, 0.9843 0.0483 0.5468, 0.9843 0.046 0.5477, 0.9843 0.0624 0.5511, 0.9843 0.0612 0.5499, 0.9843 0.0584 0.548, 0.9843 0.0554 0.5469, 0.9843 0.0667 0.5626, 0.9843 0.0667 0.562, 0.9843 0.066 0.5575, 0.9843 0.0646 0.554, 0.9843 0.0667 0.5681
            ]
        }
        coordIndex [
            0,1,2,-1,2,1,3,-1,4,0,5,-1,5,0,2,-1,6,4,7,-1,7,4,5,-1,8,6,9,-1,9,6,7,-1,10,8,11,-1,11,8,9,-1,12,10,13,-1,13,10,11,-1,14,12,15,-1,15,12,13,-1,16,14,17,-1,17,14,15,-1,18,16,19,-1,19,16,17,-1,20,18,21,-1,21,18,19,-1,22,20,23,-1,23,20,21,-1,1,22,3,-1,3,22,23,-1,22,1,0,-1,0,4,22,-1,22,4,6,-1,22,6,20,-1,16,18,14,-1,14,18,20,-1,14,20,12,-1,12,20,6,-1,12,6,10,-1,10,6,8,-1,24,25,26,-1,27,28,29,-1,29,28,30,-1,31,32,25,-1,25,32,28,-1,25,28,26,-1,26,28,27,-1,33,34,35,-1,26,36,24,-1,24,36,37,-1,24,37,38,-1,38,37,39,-1,38,39,40,-1,40,39,41,-1,40,41,42,-1,42,41,43,-1,42,43,44,-1,44,43,45,-1,44,45,46,-1,46,45,47,-1,46,47,48,-1,48,47,49,-1,48,49,50,-1,50,49,51,-1,50,51,52,-1,52,51,53,-1,35,34,54,-1,54,34,55,-1,54,55,56,-1,33,35,57,-1,57,35,58,-1,57,58,59,-1,59,58,60,-1,59,60,61,-1,61,60,62,-1,61,62,63,-1,63,62,64,-1,63,64,65,-1,65,64,66,-1,65,66,67,-1,67,66,68,-1,67,68,69,-1,69,68,70,-1,69,70,53,-1,53,70,71,-1,53,71,52,-1,72,73,74,-1,74,73,75,-1,74,75,76,-1,76,75,77,-1,76,77,78,-1,78,77,79,-1,78,79,80,-1,80,79,81,-1,80,81,82,-1,82,81,83,-1,82,83,84,-1,84,83,85,-1,84,85,86,-1,86,85,87,-1,86,87,88,-1,88,87,89,-1,88,89,90,-1,90,89,91,-1,90,91,28,-1,28,91,56,-1,28,56,30,-1,30,56,55,-1,78,92,93,-1,78,93,76,-1,76,93,94,-1,76,94,74,-1,74,94,95,-1,74,95,72,-1,73,72,96,-1,96,72,95,-1,73,96,97,-1,73,97,75,-1,75,97,98,-1,75,98,77,-1,77,98,99,-1,77,99,79,-1,79,99,100,-1,79,100,81,-1,81,100,101,-1,81,101,83,-1,83,101,102,-1,83,102,85,-1,85,102,103,-1,85,103,87,-1,87,103,104,-1,87,104,89,-1,89,104,105,-1,89,105,91,-1,91,105,106,-1,91,106,56,-1,54,56,107,-1,107,56,106,-1,54,107,108,-1,54,108,35,-1,35,108,109,-1,35,109,58,-1,58,109,110,-1,58,110,60,-1,60,110,111,-1,60,111,62,-1,62,111,112,-1,62,112,64,-1,64,112,113,-1,64,113,66,-1,66,113,114,-1,66,114,68,-1,68,114,115,-1,68,115,70,-1,70,115,116,-1,70,116,71,-1,71,116,117,-1,71,117,52,-1,118,46,119,-1,119,46,48,-1,119,48,120,-1,120,48,50,-1,120,50,121,-1,121,50,52,-1,121,52,117,-1,46,118,122,-1,46,122,44,-1,44,122,123,-1,44,123,42,-1,123,124,42,-1,42,124,125,-1,42,125,40,-1,40,125,126,-1,40,126,38,-1,38,126,127,-1,38,127,24,-1,25,24,128,-1,128,24,127,-1,31,25,129,-1,129,25,128,-1,32,31,130,-1,130,31,129,-1,28,32,131,-1,131,32,130,-1,28,131,132,-1,28,132,90,-1,90,132,133,-1,90,133,88,-1,88,133,134,-1,88,134,86,-1,86,134,135,-1,86,135,84,-1,84,135,136,-1,84,136,82,-1,82,136,137,-1,82,137,80,-1,80,137,92,-1,80,92,78,-1,57,138,139,-1,57,139,33,-1,33,139,140,-1,33,140,34,-1,34,140,141,-1,34,141,55,-1,65,142,143,-1,65,143,63,-1,63,143,144,-1,63,144,61,-1,61,144,145,-1,61,145,59,-1,59,145,138,-1,59,138,57,-1,51,146,147,-1,51,147,53,-1,53,147,148,-1,53,148,69,-1,69,148,149,-1,69,149,67,-1,67,149,142,-1,67,142,65,-1,45,150,151,-1,45,151,47,-1,47,151,152,-1,47,152,49,-1,49,152,146,-1,49,146,51,-1,37,153,154,-1,37,154,39,-1,39,154,155,-1,39,155,41,-1,41,155,156,-1,41,156,43,-1,43,156,150,-1,43,150,45,-1,29,157,158,-1,29,158,27,-1,27,158,159,-1,27,159,26,-1,26,159,160,-1,26,160,36,-1,36,160,153,-1,36,153,37,-1,29,30,157,-1,157,30,161,-1,30,55,161,-1,161,55,141,-1,
        ]
    }
}
Shape{
    appearance Appearance {
        material  Material 	{
            diffuseColor 0.2235294117647059 0.2235294117647059 0.2235294117647059
            specularColor 0.11372549019607843 0.11372549019607843 0.11372549019607843
            ambientIntensity 0.2235
            transparency 0.0
            shininess 0.5
        }
    }
    geometry IndexedFaceSet {
        ccw TRUE
        solid FALSE
        coord DEF co Coordinate {
            point [
                0.9843 0.0667 0.562, 0.9843 0.0667 0.5626, 0.9843 0.0438 0.5628, 0.9843 0.0667 0.5681, 0.9843 0.0534 0.5663, 0.9843 0.0474 0.5649, 0.9843 0.0451 0.5638, 0.9843 0.066 0.5575, 0.9843 0.0426 0.5613, 0.9843 0.0646 0.554, 0.9843 0.0432 0.5499, 0.9843 0.0441 0.549, 0.9843 0.0612 0.5499, 0.9843 0.0421 0.5515, 0.9843 0.0584 0.548, 0.9843 0.0554 0.5469, 0.9843 0.0516 0.5465, 0.9843 0.0418 0.5595, 0.9843 0.0413 0.5572, 0.9843 0.0624 0.5511, 0.9843 0.0412 0.5556, 0.9843 0.0414 0.5533, 0.9843 0.046 0.5477, 0.9843 0.0483 0.5468
            ]
        }
        coordIndex [
            0,1,2,-1,1,3,4,-1,4,5,1,-1,1,5,6,-1,1,6,2,-1,0,2,7,-1,7,2,8,-1,7,8,9,-1,10,11,12,-1,10,12,13,-1,14,12,15,-1,15,12,16,-1,8,17,9,-1,9,17,18,-1,9,18,19,-1,19,18,20,-1,19,20,12,-1,12,20,21,-1,12,21,13,-1,11,22,12,-1,12,22,23,-1,12,23,16,-1,
        ]
    }
}
Shape{
    appearance Appearance {
        material  Material 	{
            diffuseColor 1.0 1.0 1.0
            specularColor 0.5019607843137255 0.5019607843137255 0.5019607843137255
            ambientIntensity 1.0
            transparency 0.0
            shininess 0.5
        }
    }
    geometry IndexedFaceSet {
        ccw TRUE
        solid FALSE
        coord DEF co Coordinate {
            point [
                0.9843 0.0901 0.5519, 0.9843 0.0901 0.5519, 0.9843 0.0937 0.5496, 0.9843 0.1064 0.5464, 0.9843 0.1064 0.5464, 0.9843 0.0999 0.5472, 0.9843 0.0999 0.5472, 0.9843 0.0946 0.5492, 0.9843 0.0937 0.5496, 0.9843 0.0901 0.5416, 0.9843 0.0901 0.5416, 0.9843 0.0965 0.5393, 0.9843 0.0946 0.54, 0.9843 0.1054 0.5383, 0.9843 0.1054 0.5383, 0.9843 0.0994 0.539, 0.9843 0.0965 0.5393, 0.9843 0.1133 0.5391, 0.9843 0.112 0.539, 0.9843 0.1133 0.5391, 0.9843 0.1188 0.541, 0.9843 0.1188 0.541, 0.9843 0.1219 0.5428, 0.9843 0.1219 0.5428, 0.9843 0.1248 0.5453, 0.9843 0.1248 0.5453, 0.9843 0.1266 0.5479, 0.9843 0.1266 0.5479, 0.9843 0.1278 0.5511, 0.9843 0.1278 0.5511, 0.9843 0.1283 0.555, 0.9843 0.1283 0.555, 0.9843 0.1279 0.5587, 0.9843 0.1279 0.5587, 0.9843 0.1268 0.5617, 0.9843 0.1268 0.5617, 0.9843 0.125 0.5644, 0.9843 0.125 0.5644, 0.9843 0.1226 0.5665, 0.9843 0.1226 0.5665, 0.9843 0.116 0.5702, 0.9843 0.116 0.5702, 0.9843 0.1122 0.5717, 0.9843 0.1122 0.5717, 0.9843 0.106 0.5744, 0.9843 0.106 0.5744, 0.9843 0.1025 0.5766, 0.9843 0.1025 0.5766, 0.9843 0.1016 0.5777, 0.9843 0.1016 0.5777, 0.9843 0.1008 0.579, 0.9843 0.1008 0.579, 0.9843 0.1004 0.5806, 0.9843 0.1004 0.5806, 0.9843 0.1004 0.5819, 0.9843 0.1004 0.5819, 0.9843 0.1005 0.5835, 0.9843 0.1005 0.5835, 0.9843 0.101 0.5848, 0.9843 0.101 0.5848, 0.9843 0.1019 0.5861, 0.9843 0.1019 0.5861, 0.9843 0.1034 0.5874, 0.9843 0.1034 0.5874, 0.9843 0.1056 0.5886, 0.9843 0.1056 0.5886, 0.9843 0.1083 0.5893, 0.9843 0.1083 0.5893, 0.9843 0.1112 0.5895, 0.9843 0.1112 0.5895, 0.9843 0.1179 0.5887, 0.9843 0.1179 0.5887, 0.9843 0.1236 0.5866, 0.9843 0.1236 0.5866, 0.9843 0.1256 0.5854, 0.9843 0.1256 0.5854, 0.9843 0.1256 0.595, 0.9843 0.1256 0.595, 0.9843 0.1187 0.597, 0.9843 0.1187 0.597, 0.9843 0.1122 0.5976, 0.9843 0.1122 0.5976, 0.9843 0.1048 0.5968, 0.9843 0.1048 0.5968, 0.9843 0.0994 0.5948, 0.9843 0.0994 0.5948, 0.9843 0.0965 0.5931, 0.9843 0.0965 0.5931, 0.9843 0.0935 0.5904, 0.9843 0.0946 0.5914, 0.9843 0.0935 0.5904, 0.9843 0.0917 0.5877, 0.9843 0.0917 0.5877, 0.9843 0.0905 0.5845, 0.9843 0.0905 0.5845, 0.9843 0.0901 0.581, 0.9843 0.0901 0.581, 0.9843 0.0905 0.5771, 0.9843 0.0905 0.5771, 0.9843 0.0916 0.5741, 0.9843 0.0916 0.5741, 0.9843 0.0929 0.572, 0.9843 0.0929 0.572, 0.9843 0.1052 0.5645, 0.9843 0.1052 0.5645, 0.9843 0.0992 0.5672, 0.9843 0.0946 0.5703, 0.9843 0.0946 0.5703, 0.9843 0.0946 0.5703, 0.9843 0.0992 0.5672, 0.9843 0.1117 0.5618, 0.9843 0.1117 0.5618, 0.9843 0.1155 0.5595, 0.9843 0.1155 0.5595, 0.9843 0.1168 0.5582, 0.9843 0.1168 0.5582, 0.9843 0.1176 0.5569, 0.9843 0.1176 0.5569, 0.9843 0.118 0.5553, 0.9843 0.118 0.5553, 0.9843 0.1181 0.5541, 0.9843 0.1181 0.5541, 0.9843 0.1179 0.5522, 0.9843 0.1179 0.5522, 0.9843 0.1174 0.5508, 0.9843 0.1174 0.5508, 0.9843 0.1165 0.5495, 0.9843 0.1165 0.5495, 0.9843 0.1154 0.5485, 0.9843 0.1154 0.5485, 0.9843 0.1145 0.5479, 0.9843 0.1145 0.5479, 0.9843 0.1119 0.547, 0.9843 0.1119 0.547, 0.9843 0.1068 0.5464, 0.9843 0.1068 0.5464, 0.9843 0.1775 0.5963, 0.9843 0.1878 0.5963, 0.9843 0.1775 0.5963, 0.9843 0.1878 0.5963, 0.9843 0.1621 0.5536, 0.9843 0.1621 0.5536, 0.9843 0.1613 0.551, 0.9843 0.1613 0.551, 0.9843 0.1608 0.549, 0.9843 0.1608 0.549, 0.9843 0.1606 0.549, 0.9843 0.1606 0.549, 0.9843 0.1594 0.5537, 0.9843 0.1594 0.5537, 0.9843 0.1446 0.5963, 0.9843 0.1446 0.5963, 0.9843 0.1494 0.5825, 0.9843 0.1335 0.5963, 0.9843 0.1335 0.5963, 0.9843 0.1557 0.5398, 0.9843 0.1557 0.5398, 0.9843 0.1494 0.5558, 0.9843 0.1513 0.5295, 0.9843 0.1513 0.5295, 0.9843 0.1553 0.539, 0.9843 0.1494 0.5259, 0.9843 0.1494 0.5259, 0.9843 0.1494 0.5259, 0.9843 0.1475 0.5238, 0.9843 0.1475 0.5238, 0.9843 0.1457 0.5226, 0.9843 0.1457 0.5226, 0.9843 0.1435 0.5218, 0.9843 0.1435 0.5218, 0.9843 0.1411 0.5215, 0.9843 0.1411 0.5215, 0.9843 0.1375 0.522, 0.9843 0.1375 0.522, 0.9843 0.1355 0.5226, 0.9843 0.1355 0.5226, 0.9843 0.1355 0.5138, 0.9843 0.1355 0.5138, 0.9843 0.1397 0.5131, 0.9843 0.1397 0.5131, 0.9843 0.1419 0.513, 0.9843 0.1419 0.513, 0.9843 0.1459 0.5134, 0.9843 0.1459 0.5134, 0.9843 0.1494 0.5147, 0.9843 0.1498 0.5149, 0.9843 0.1498 0.5149, 0.9843 0.1533 0.5174, 0.9843 0.1533 0.5174, 0.9843 0.154 0.518, 0.9843 0.154 0.518, 0.9843 0.1576 0.5223, 0.9843 0.1576 0.5223, 0.9843 0.1621 0.5311, 0.9843 0.1621 0.5311, 0.9843 0.1652 0.539, 0.9843 0.2411 0.5487, 0.9843 0.2411 0.5396, 0.9843 0.2411 0.5487, 0.9843 0.2411 0.5396, 0.9843 0.2087 0.5487, 0.9843 0.2087 0.5487, 0.9843 0.2236 0.5487, 0.9843 0.2087 0.5753, 0.9843 0.2087 0.5753, 0.9843 0.2371 0.5753, 0.9843 0.2371 0.5753, 0.9843 0.2236 0.5753, 0.9843 0.2371 0.5844, 0.9843 0.2371 0.5844, 0.9843 0.2087 0.5844, 0.9843 0.2087 0.5844, 0.9843 0.2236 0.5844, 0.9843 0.2087 0.6098, 0.9843 0.2087 0.6098, 0.9843 0.2393 0.6098, 0.9843 0.2393 0.6098, 0.9843 0.2236 0.6098, 0.9843 0.2393 0.6189, 0.9843 0.2393 0.6189, 0.9843 0.1985 0.6189, 0.9843 0.1985 0.6189, 0.9843 0.2236 0.6189, 0.9843 0.1985 0.5396, 0.9843 0.1985 0.5396, 0.9843 0.2236 0.5396, 0.9843 0.3054 0.5619, 0.9843 0.3014 0.5569, 0.9843 0.3087 0.5507, 0.9843 0.3004 0.556, 0.9843 0.3004 0.5448, 0.9843 0.2953 0.5525, 0.9843 0.2913 0.5413, 0.9843 0.2888 0.55, 0.9843 0.2779 0.5396, 0.9843 0.2779 0.5487, 0.9843 0.2561 0.5396, 0.9843 0.2663 0.5487, 0.9843 0.2561 0.6189, 0.9843 0.2663 0.6098, 0.9843 0.2787 0.6189, 0.9843 0.2783 0.6098, 0.9843 0.2908 0.6176, 0.9843 0.2888 0.6086, 0.9843 0.3004 0.6141, 0.9843 0.2957 0.6061, 0.9843 0.3087 0.6084, 0.9843 0.3012 0.6023, 0.9843 0.3115 0.6056, 0.9843 0.3035 0.6001, 0.9843 0.3164 0.5987, 0.9843 0.3065 0.5957, 0.9843 0.3193 0.5912, 0.9843 0.3087 0.5898, 0.9843 0.3207 0.5803, 0.9843 0.3099 0.58, 0.9843 0.3202 0.5737, 0.9843 0.3096 0.5751, 0.9843 0.318 0.5647, 0.9843 0.3081 0.5678, 0.9843 0.3138 0.5566, 0.9843 0.2779 0.5396, 0.9843 0.2561 0.5396, 0.9843 0.2913 0.5413, 0.9843 0.3004 0.5448, 0.9843 0.3087 0.5507, 0.9843 0.3138 0.5566, 0.9843 0.318 0.5647, 0.9843 0.3202 0.5737, 0.9843 0.3207 0.5803, 0.9843 0.3193 0.5912, 0.9843 0.3164 0.5987, 0.9843 0.3115 0.6056, 0.9843 0.3087 0.6084, 0.9843 0.3004 0.6141, 0.9843 0.2908 0.6176, 0.9843 0.2787 0.6189, 0.9843 0.2561 0.6189, 0.9843 0.2783 0.6098, 0.9843 0.2663 0.6098, 0.9843 0.2663 0.5487, 0.9843 0.2779 0.5487, 0.9843 0.3014 0.5569, 0.9843 0.3004 0.556, 0.9843 0.2953 0.5525, 0.9843 0.2888 0.55, 0.9843 0.3099 0.58, 0.9843 0.3096 0.5751, 0.9843 0.3081 0.5678, 0.9843 0.3054 0.5619, 0.9843 0.3012 0.6023, 0.9843 0.3035 0.6001, 0.9843 0.3065 0.5957, 0.9843 0.3087 0.5898, 0.9843 0.2888 0.6086, 0.9843 0.2957 0.6061
            ]
        }
        coordIndex [
            0,1,2,-1,3,4,5,-1,3,5,6,-1,6,5,7,-1,6,7,2,-1,2,7,8,-1,2,8,0,-1,9,1,10,-1,10,1,0,-1,11,9,12,-1,12,9,10,-1,13,14,15,-1,15,14,11,-1,15,11,16,-1,16,11,12,-1,17,14,18,-1,18,14,13,-1,18,19,17,-1,17,19,20,-1,17,20,21,-1,21,20,22,-1,21,22,23,-1,23,22,24,-1,23,24,25,-1,25,24,26,-1,25,26,27,-1,27,26,28,-1,27,28,29,-1,29,28,30,-1,29,30,31,-1,31,30,32,-1,31,32,33,-1,33,32,34,-1,33,34,35,-1,35,34,36,-1,35,36,37,-1,37,36,38,-1,37,38,39,-1,39,38,40,-1,39,40,41,-1,41,40,42,-1,41,42,43,-1,43,42,44,-1,43,44,45,-1,45,44,46,-1,45,46,47,-1,47,46,48,-1,47,48,49,-1,49,48,50,-1,49,50,51,-1,51,50,52,-1,51,52,53,-1,53,52,54,-1,53,54,55,-1,55,54,56,-1,55,56,57,-1,57,56,58,-1,57,58,59,-1,59,58,60,-1,59,60,61,-1,61,60,62,-1,61,62,63,-1,63,62,64,-1,63,64,65,-1,65,64,66,-1,65,66,67,-1,67,66,68,-1,67,68,69,-1,69,68,70,-1,69,70,71,-1,71,70,72,-1,71,72,73,-1,73,72,74,-1,73,74,75,-1,76,75,77,-1,77,75,74,-1,76,77,78,-1,76,78,79,-1,79,78,80,-1,79,80,81,-1,81,80,82,-1,81,82,83,-1,83,82,84,-1,83,84,85,-1,85,84,86,-1,85,86,87,-1,88,87,89,-1,89,87,86,-1,89,90,88,-1,88,90,91,-1,88,91,92,-1,92,91,93,-1,92,93,94,-1,94,93,95,-1,94,95,96,-1,96,95,97,-1,96,97,98,-1,98,97,99,-1,98,99,100,-1,100,99,101,-1,100,101,102,-1,103,104,105,-1,102,101,106,-1,102,106,107,-1,107,106,108,-1,107,108,105,-1,105,108,109,-1,105,109,103,-1,104,103,110,-1,104,110,111,-1,111,110,112,-1,111,112,113,-1,113,112,114,-1,113,114,115,-1,115,114,116,-1,115,116,117,-1,117,116,118,-1,117,118,119,-1,119,118,120,-1,119,120,121,-1,121,120,122,-1,121,122,123,-1,123,122,124,-1,123,124,125,-1,125,124,126,-1,125,126,127,-1,127,126,128,-1,127,128,129,-1,129,128,130,-1,129,130,131,-1,131,130,132,-1,131,132,133,-1,133,132,134,-1,133,134,135,-1,135,134,4,-1,135,4,3,-1,61,63,85,-1,85,63,83,-1,111,43,104,-1,104,43,45,-1,21,23,127,-1,127,23,25,-1,127,25,125,-1,125,25,27,-1,125,27,123,-1,123,27,29,-1,123,29,121,-1,121,29,31,-1,121,31,119,-1,119,31,33,-1,119,33,117,-1,117,33,35,-1,117,35,115,-1,115,35,37,-1,115,37,113,-1,113,37,39,-1,113,39,111,-1,111,39,41,-1,111,41,43,-1,14,3,11,-1,11,3,6,-1,11,6,9,-1,9,6,2,-1,9,2,1,-1,63,65,83,-1,83,65,67,-1,83,67,81,-1,81,67,69,-1,81,69,79,-1,79,69,71,-1,79,71,76,-1,76,71,73,-1,76,73,75,-1,127,129,21,-1,21,129,131,-1,21,131,17,-1,17,131,133,-1,17,133,14,-1,14,133,135,-1,14,135,3,-1,85,87,61,-1,61,87,88,-1,61,88,59,-1,59,88,92,-1,59,92,57,-1,57,92,94,-1,57,94,55,-1,55,94,96,-1,55,96,53,-1,53,96,98,-1,53,98,51,-1,51,98,100,-1,51,100,49,-1,49,100,102,-1,49,102,47,-1,47,102,107,-1,47,107,45,-1,45,107,105,-1,45,105,104,-1,136,137,138,-1,138,137,139,-1,140,136,141,-1,141,136,138,-1,140,141,142,-1,140,142,143,-1,143,142,144,-1,143,144,145,-1,146,145,147,-1,147,145,144,-1,148,146,149,-1,149,146,147,-1,150,151,152,-1,152,151,148,-1,152,148,149,-1,153,151,154,-1,154,151,150,-1,155,156,157,-1,157,156,153,-1,157,153,154,-1,158,159,160,-1,160,159,156,-1,160,156,155,-1,159,158,161,-1,159,161,162,-1,162,161,163,-1,162,163,164,-1,163,165,164,-1,164,165,166,-1,164,166,167,-1,167,166,168,-1,167,168,169,-1,169,168,170,-1,169,170,171,-1,171,170,172,-1,171,172,173,-1,173,172,174,-1,173,174,175,-1,176,175,177,-1,177,175,174,-1,176,177,178,-1,176,178,179,-1,179,178,180,-1,179,180,181,-1,181,180,182,-1,181,182,183,-1,183,182,184,-1,183,184,185,-1,184,186,185,-1,185,186,187,-1,185,187,188,-1,188,187,189,-1,188,189,190,-1,190,189,191,-1,190,191,192,-1,192,191,193,-1,192,193,194,-1,139,137,195,-1,195,137,194,-1,195,194,193,-1,143,145,194,-1,137,136,194,-1,194,136,140,-1,194,140,143,-1,151,153,148,-1,148,153,156,-1,148,156,146,-1,175,176,173,-1,173,176,179,-1,173,179,171,-1,171,179,181,-1,171,181,169,-1,169,181,183,-1,169,183,167,-1,167,183,185,-1,167,185,164,-1,192,162,190,-1,190,162,164,-1,190,164,188,-1,188,164,185,-1,145,146,194,-1,194,146,156,-1,194,156,192,-1,192,156,159,-1,192,159,162,-1,196,197,198,-1,198,197,199,-1,200,201,202,-1,202,201,196,-1,202,196,198,-1,203,201,204,-1,204,201,200,-1,205,206,207,-1,207,206,203,-1,207,203,204,-1,208,206,209,-1,209,206,205,-1,210,211,212,-1,212,211,208,-1,212,208,209,-1,213,211,214,-1,214,211,210,-1,215,216,217,-1,217,216,213,-1,217,213,214,-1,218,216,219,-1,219,216,215,-1,220,221,222,-1,222,221,218,-1,222,218,219,-1,223,221,224,-1,224,221,220,-1,199,197,225,-1,225,197,223,-1,225,223,224,-1,223,197,196,-1,196,201,223,-1,223,201,203,-1,223,203,221,-1,216,218,213,-1,213,218,221,-1,213,221,211,-1,211,221,203,-1,211,203,208,-1,208,203,206,-1,226,227,228,-1,228,227,229,-1,228,229,230,-1,230,229,231,-1,230,231,232,-1,232,231,233,-1,232,233,234,-1,234,233,235,-1,234,235,236,-1,236,235,237,-1,236,237,238,-1,238,237,239,-1,238,239,240,-1,240,239,241,-1,240,241,242,-1,242,241,243,-1,242,243,244,-1,244,243,245,-1,244,245,246,-1,246,245,247,-1,246,247,248,-1,248,247,249,-1,248,249,250,-1,250,249,251,-1,250,251,252,-1,252,251,253,-1,252,253,254,-1,254,253,255,-1,254,255,256,-1,256,255,257,-1,256,257,258,-1,258,257,259,-1,258,259,260,-1,260,259,226,-1,260,226,228,-1,234,236,261,-1,261,236,262,-1,234,261,263,-1,234,263,232,-1,232,263,264,-1,232,264,230,-1,230,264,265,-1,230,265,228,-1,228,265,266,-1,228,266,260,-1,260,266,267,-1,260,267,258,-1,258,267,268,-1,258,268,256,-1,256,268,269,-1,256,269,254,-1,254,269,270,-1,254,270,252,-1,252,270,271,-1,252,271,250,-1,250,271,272,-1,250,272,248,-1,248,272,273,-1,248,273,246,-1,246,273,274,-1,246,274,244,-1,244,274,275,-1,244,275,242,-1,242,275,276,-1,242,276,240,-1,238,240,277,-1,277,240,276,-1,236,238,262,-1,262,238,277,-1,241,239,278,-1,278,239,279,-1,239,237,279,-1,279,237,280,-1,237,235,280,-1,280,235,281,-1,227,282,283,-1,227,283,229,-1,229,283,284,-1,229,284,231,-1,231,284,285,-1,231,285,233,-1,233,285,281,-1,233,281,235,-1,255,286,287,-1,255,287,257,-1,257,287,288,-1,257,288,259,-1,259,288,289,-1,259,289,226,-1,226,289,282,-1,226,282,227,-1,247,290,291,-1,247,291,249,-1,249,291,292,-1,249,292,251,-1,251,292,293,-1,251,293,253,-1,253,293,286,-1,253,286,255,-1,241,278,294,-1,241,294,243,-1,243,294,295,-1,243,295,245,-1,245,295,290,-1,245,290,247,-1,
        ]
    }
}
Shape{
    appearance Appearance {
        material  Material 	{
            diffuseColor 0.2235294117647059 0.2235294117647059 0.2235294117647059
            specularColor 0.11372549019607843 0.11372549019607843 0.11372549019607843
            ambientIntensity 0.2235
            transparency 0.0
            shininess 0.5
        }
    }
    geometry IndexedFaceSet {
        ccw TRUE
        solid FALSE
        coord DEF co Coordinate {
            point [
                0.9843 0.2663 0.6098, 0.9843 0.2663 0.5487, 0.9843 0.2783 0.6098, 0.9843 0.2779 0.5487, 0.9843 0.2888 0.55, 0.9843 0.2953 0.5525, 0.9843 0.3004 0.556, 0.9843 0.3014 0.5569, 0.9843 0.3054 0.5619, 0.9843 0.3081 0.5678, 0.9843 0.3099 0.58, 0.9843 0.3012 0.6023, 0.9843 0.2957 0.6061, 0.9843 0.3087 0.5898, 0.9843 0.3065 0.5957, 0.9843 0.3035 0.6001, 0.9843 0.3096 0.5751, 0.9843 0.2888 0.6086
            ]
        }
        coordIndex [
            0,1,2,-1,2,1,3,-1,3,4,2,-1,2,4,5,-1,2,5,6,-1,6,7,2,-1,2,7,8,-1,2,8,9,-1,10,11,12,-1,13,14,10,-1,10,14,15,-1,10,15,11,-1,9,16,2,-1,2,16,10,-1,2,10,17,-1,17,10,12,-1,
        ]
    }
}
Shape{
    appearance Appearance {
        material  Material 	{
            diffuseColor 1.0 1.0 1.0
            specularColor 0.5019607843137255 0.5019607843137255 0.5019607843137255
            ambientIntensity 1.0
            transparency 0.0
            shininess 0.5
        }
    }
    geometry IndexedFaceSet {
        ccw TRUE
        solid FALSE
        coord DEF co Coordinate {
            point [
                0.9843 0.3472 0.5703, 0.9843 0.344 0.5613, 0.9843 0.3738 0.5703, 0.9843 0.377 0.5613, 0.9843 0.3591 0.6032, 0.9843 0.3552 0.6189, 0.9843 0.325 0.5396, 0.9843 0.3364 0.5396, 0.9843 0.3598 0.6056, 0.9843 0.3604 0.6088, 0.9843 0.3662 0.6189, 0.9843 0.3606 0.6088, 0.9843 0.3613 0.6054, 0.9843 0.3618 0.6032, 0.9843 0.3964 0.5396, 0.9843 0.3851 0.5396, 0.9843 0.3662 0.6189, 0.9843 0.3964 0.5396, 0.9843 0.3552 0.6189, 0.9843 0.325 0.5396, 0.9843 0.3364 0.5396, 0.9843 0.344 0.5613, 0.9843 0.377 0.5613, 0.9843 0.3851 0.5396, 0.9843 0.3472 0.5703, 0.9843 0.3738 0.5703, 0.9843 0.3618 0.6032, 0.9843 0.3606 0.6088, 0.9843 0.3613 0.6054, 0.9843 0.3604 0.6088, 0.9843 0.3591 0.6032, 0.9843 0.3598 0.6056
            ]
        }
        coordIndex [
            0,1,2,-1,2,1,3,-1,4,5,0,-1,0,5,6,-1,0,6,1,-1,1,6,7,-1,4,8,5,-1,5,8,9,-1,5,9,10,-1,10,9,11,-1,10,11,12,-1,12,13,10,-1,10,13,2,-1,10,2,14,-1,14,2,3,-1,14,3,15,-1,10,14,16,-1,16,14,17,-1,5,10,18,-1,18,10,16,-1,6,5,19,-1,19,5,18,-1,7,6,20,-1,20,6,19,-1,1,7,21,-1,21,7,20,-1,3,1,22,-1,22,1,21,-1,15,3,23,-1,23,3,22,-1,14,15,17,-1,17,15,23,-1,0,2,24,-1,24,2,25,-1,2,13,25,-1,25,13,26,-1,11,27,28,-1,11,28,12,-1,12,28,26,-1,12,26,13,-1,11,9,27,-1,27,9,29,-1,4,30,31,-1,4,31,8,-1,8,31,29,-1,8,29,9,-1,4,0,30,-1,30,0,24,-1,
        ]
    }
}
Shape{
    appearance Appearance {
        material  Material 	{
            diffuseColor 0.2235294117647059 0.2235294117647059 0.2235294117647059
            specularColor 0.11372549019607843 0.11372549019607843 0.11372549019607843
            ambientIntensity 0.2235
            transparency 0.0
            shininess 0.5
        }
    }
    geometry IndexedFaceSet {
        ccw TRUE
        solid FALSE
        coord DEF co Coordinate {
            point [
                0.9843 0.3606 0.6088, 0.9843 0.3604 0.6088, 0.9843 0.3613 0.6054, 0.9843 0.3598 0.6056, 0.9843 0.3618 0.6032, 0.9843 0.3591 0.6032, 0.9843 0.3738 0.5703, 0.9843 0.3472 0.5703
            ]
        }
        coordIndex [
            0,1,2,-1,2,1,3,-1,2,3,4,-1,4,3,5,-1,4,5,6,-1,6,5,7,-1,
        ]
    }
}
Shape{
    appearance Appearance {
        material  Material 	{
            diffuseColor 1.0 1.0 1.0
            specularColor 0.5019607843137255 0.5019607843137255 0.5019607843137255
            ambientIntensity 1.0
            transparency 0.0
            shininess 0.5
        }
    }
    geometry IndexedFaceSet {
        ccw TRUE
        solid FALSE
        coord DEF co Coordinate {
            point [
                0.9843 -0.3711 0.5284, 0.9843 -0.3627 0.518, 0.9843 -0.3762 0.5783, 0.9843 -0.386 0.6762, 0.9843 -0.3735 0.6829, 0.9843 -0.3764 0.7175, 0.9843 -0.3413 0.7192, 0.9843 -0.3238 0.678, 0.9843 -0.3152 0.6958, 0.9843 -0.3885 0.5858, 0.9843 -0.3839 0.5426, 0.9843 -0.3768 0.5405, 0.9843 -0.3542 0.7203, 0.9843 -0.3191 0.5794, 0.9843 -0.3139 0.5776, 0.9843 -0.2669 0.5642, 0.9843 -0.3093 0.5745, 0.9843 -0.3057 0.5705, 0.9843 -0.188 0.6059, 0.9843 -0.2054 0.6357, 0.9843 -0.2809 0.5963, 0.9843 -0.3238 0.5799, 0.9843 -0.3293 0.5792, 0.9843 -0.3367 0.6138, 0.9843 -0.3342 0.5773, 0.9843 -0.3491 0.609, 0.9843 -0.3386 0.5742, 0.9843 -0.3607 0.601, 0.9843 -0.3408 0.5718, 0.9843 -0.37 0.5904, 0.9843 -0.3438 0.5671, 0.9843 -0.3454 0.5618, 0.9843 -0.3457 0.5564, 0.9843 -0.3028 0.6117, 0.9843 -0.3164 0.615, 0.9843 -0.3232 0.6155, 0.9843 -0.3032 0.5658, 0.9843 -0.302 0.5606, 0.9843 -0.2669 0.5585, 0.9843 -0.3019 0.5554, 0.9843 -0.2672 0.5526, 0.9843 -0.1694 0.6617, 0.9843 -0.1648 0.6617, 0.9843 -0.1417 0.6921, 0.9843 -0.1541 0.6603, 0.9843 -0.139 0.6912, 0.9843 -0.1443 0.6566, 0.9843 -0.1222 0.6829, 0.9843 -0.1069 0.6699, 0.9843 -0.3297 0.7326, 0.9843 -0.3025 0.7109, 0.9843 -0.3165 0.744, 0.9843 -0.2874 0.722, 0.9843 -0.3019 0.7529, 0.9843 -0.3595 0.6862, 0.9843 -0.3537 0.6865, 0.9843 -0.3477 0.7199, 0.9843 -0.3404 0.6848, 0.9843 -0.3278 0.6802, 0.9843 -0.2908 0.6053, 0.9843 -0.1068 0.5647, 0.9843 -0.1331 0.5871, 0.9843 -0.1221 0.5518, 0.9843 -0.1414 0.5803, 0.9843 -0.1393 0.5433, 0.9843 -0.1513 0.5757, 0.9843 -0.1581 0.5394, 0.9843 -0.1615 0.5737, 0.9843 -0.1913 0.5394, 0.9843 -0.1868 0.5737, 0.9843 -0.1945 0.5399, 0.9843 -0.3447 0.5511, 0.9843 -0.3424 0.5463, 0.9843 -0.1355 0.6504, 0.9843 -0.1291 0.6432, 0.9843 -0.0954 0.6539, 0.9843 -0.1238 0.6335, 0.9843 -0.0885 0.6367, 0.9843 -0.1212 0.6227, 0.9843 -0.0859 0.6183, 0.9843 -0.1209 0.6177, 0.9843 -0.0885 0.5982, 0.9843 -0.1222 0.6067, 0.9843 -0.0956 0.5803, 0.9843 -0.1261 0.5967, 0.9843 -0.1323 0.5879, 0.9843 -0.1722 0.7366, 0.9843 -0.1942 0.7107, 0.9843 -0.1534 0.7149, 0.9843 -0.1815 0.6956, 0.9843 -0.1728 0.6774, 0.9843 -0.4083 0.6438, 0.9843 -0.4454 0.6344, 0.9843 -0.41 0.6301, 0.9843 -0.4455 0.629, 0.9843 -0.4093 0.6214, 0.9843 -0.4428 0.6069, 0.9843 -0.4053 0.6076, 0.9843 -0.4347 0.5859, 0.9843 -0.3986 0.5962, 0.9843 -0.4218 0.5675, 0.9843 -0.4043 0.5526, 0.9843 -0.2705 0.5387, 0.9843 -0.3033 0.55, 0.9843 -0.2771 0.5262, 0.9843 -0.3059 0.5452, 0.9843 -0.2858 0.5165, 0.9843 -0.309 0.5417, 0.9843 -0.297 0.5087, 0.9843 -0.3133 0.5387, 0.9843 -0.3096 0.5039, 0.9843 -0.3181 0.5367, 0.9843 -0.3232 0.5022, 0.9843 -0.3238 0.536, 0.9843 -0.3254 0.5022, 0.9843 -0.3247 0.536, 0.9843 -0.3387 0.5043, 0.9843 -0.3298 0.5368, 0.9843 -0.3517 0.5097, 0.9843 -0.3349 0.539, 0.9843 -0.3392 0.5423, 0.9843 -0.2759 0.7627, 0.9843 -0.269 0.7294, 0.9843 -0.2488 0.7659, 0.9843 -0.2483 0.7321, 0.9843 -0.2238 0.7631, 0.9843 -0.2291 0.7298, 0.9843 -0.1957 0.7527, 0.9843 -0.2115 0.723, 0.9843 -0.1956 0.712, 0.9843 -0.3973 0.7094, 0.9843 -0.4152 0.6968, 0.9843 -0.3957 0.6676, 0.9843 -0.419 0.6932, 0.9843 -0.4035 0.6563, 0.9843 -0.4326 0.6759, 0.9843 -0.4416 0.6556, 0.9843 -0.1897 0.5743, 0.9843 -0.2032 0.5453, 0.9843 -0.2019 0.5439, 0.9843 -0.188 0.5739, 0.9843 -0.1982 0.5413, 0.9843 -0.2077 0.5568, 0.9843 -0.2071 0.5526, 0.9843 -0.2057 0.5488, 0.9843 -0.1946 0.5738, 0.9843 -0.1984 0.5722, 0.9843 -0.2075 0.5591, 0.9843 -0.2019 0.5698, 0.9843 -0.2042 0.5672, 0.9843 -0.2064 0.5634, 0.9843 -0.1902 0.5743, 0.9843 -0.0859 0.6183, 0.9843 -0.0885 0.6367, 0.9843 -0.0904 0.6415, 0.9843 -0.0954 0.6539, 0.9843 -0.1069 0.6699, 0.9843 -0.1222 0.6829, 0.9843 -0.139 0.6912, 0.9843 -0.1417 0.6921, 0.9843 -0.1534 0.7149, 0.9843 -0.1722 0.7366, 0.9843 -0.1849 0.7453, 0.9843 -0.1957 0.7527, 0.9843 -0.2238 0.7631, 0.9843 -0.2488 0.7659, 0.9843 -0.3165 0.744, 0.9843 -0.3142 0.7453, 0.9843 -0.3019 0.7529, 0.9843 -0.2759 0.7627, 0.9843 -0.3297 0.7326, 0.9843 -0.3413 0.7192, 0.9843 -0.3477 0.7199, 0.9843 -0.3542 0.7203, 0.9843 -0.3764 0.7175, 0.9843 -0.3973 0.7094, 0.9843 -0.4152 0.6968, 0.9843 -0.419 0.6932, 0.9843 -0.4455 0.629, 0.9843 -0.4326 0.6759, 0.9843 -0.4416 0.6556, 0.9843 -0.4441 0.6415, 0.9843 -0.4454 0.6344, 0.9843 -0.4428 0.6069, 0.9843 -0.4347 0.5859, 0.9843 -0.4218 0.5675, 0.9843 -0.4043 0.5526, 0.9843 -0.3839 0.5426, 0.9843 -0.3768 0.5405, 0.9843 -0.376 0.539, 0.9843 -0.3711 0.5284, 0.9843 -0.3627 0.518, 0.9843 -0.3517 0.5097, 0.9843 -0.3465 0.5076, 0.9843 -0.3387 0.5043, 0.9843 -0.3254 0.5022, 0.9843 -0.3232 0.5022, 0.9843 -0.2669 0.5585, 0.9843 -0.3096 0.5039, 0.9843 -0.2999 0.5076, 0.9843 -0.297 0.5087, 0.9843 -0.2858 0.5165, 0.9843 -0.2771 0.5262, 0.9843 -0.2705 0.5387, 0.9843 -0.2704 0.539, 0.9843 -0.2672 0.5526, 0.9843 -0.2669 0.5642, 0.9843 -0.188 0.6059, 0.9843 -0.2054 0.6357, 0.9843 -0.2809 0.5963, 0.9843 -0.2908 0.6053, 0.9843 -0.3028 0.6117, 0.9843 -0.3164 0.615, 0.9843 -0.3232 0.6155, 0.9843 -0.3367 0.6138, 0.9843 -0.3491 0.609, 0.9843 -0.3607 0.601, 0.9843 -0.37 0.5904, 0.9843 -0.3762 0.5783, 0.9843 -0.3885 0.5858, 0.9843 -0.3986 0.5962, 0.9843 -0.4053 0.6076, 0.9843 -0.4093 0.6214, 0.9843 -0.41 0.6301, 0.9843 -0.4086 0.6415, 0.9843 -0.4083 0.6438, 0.9843 -0.4035 0.6563, 0.9843 -0.3957 0.6676, 0.9843 -0.386 0.6762, 0.9843 -0.3735 0.6829, 0.9843 -0.3595 0.6862, 0.9843 -0.3537 0.6865, 0.9843 -0.3404 0.6848, 0.9843 -0.3278 0.6802, 0.9843 -0.3238 0.678, 0.9843 -0.3152 0.6958, 0.9843 -0.3025 0.7109, 0.9843 -0.2874 0.722, 0.9843 -0.269 0.7294, 0.9843 -0.2483 0.7321, 0.9843 -0.2291 0.7298, 0.9843 -0.2115 0.723, 0.9843 -0.1956 0.712, 0.9843 -0.1942 0.7107, 0.9843 -0.1815 0.6956, 0.9843 -0.1728 0.6774, 0.9843 -0.1694 0.6617, 0.9843 -0.1648 0.6617, 0.9843 -0.1541 0.6603, 0.9843 -0.1443 0.6566, 0.9843 -0.1355 0.6504, 0.9843 -0.1291 0.6432, 0.9843 -0.1281 0.6415, 0.9843 -0.1238 0.6335, 0.9843 -0.1212 0.6227, 0.9843 -0.1209 0.6177, 0.9843 -0.1222 0.6067, 0.9843 -0.1261 0.5967, 0.9843 -0.1323 0.5879, 0.9843 -0.1331 0.5871, 0.9843 -0.1414 0.5803, 0.9843 -0.1513 0.5757, 0.9843 -0.1615 0.5737, 0.9843 -0.1868 0.5737, 0.9843 -0.188 0.5739, 0.9843 -0.1897 0.5743, 0.9843 -0.1902 0.5743, 0.9843 -0.1946 0.5738, 0.9843 -0.1984 0.5722, 0.9843 -0.2019 0.5698, 0.9843 -0.2042 0.5672, 0.9843 -0.2064 0.5634, 0.9843 -0.2075 0.5591, 0.9843 -0.2077 0.5568, 0.9843 -0.2071 0.5526, 0.9843 -0.2057 0.5488, 0.9843 -0.2032 0.5453, 0.9843 -0.2019 0.5439, 0.9843 -0.1982 0.5413, 0.9843 -0.1945 0.5399, 0.9843 -0.1913 0.5394, 0.9843 -0.1581 0.5394, 0.9843 -0.1393 0.5433, 0.9843 -0.1221 0.5518, 0.9843 -0.1068 0.5647, 0.9843 -0.0956 0.5803, 0.9843 -0.0885 0.5982, 0.9843 -0.3238 0.5799, 0.9843 -0.3191 0.5794, 0.9843 -0.3139 0.5776, 0.9843 -0.3093 0.5745, 0.9843 -0.3057 0.5705, 0.9843 -0.3032 0.5658, 0.9843 -0.302 0.5606, 0.9843 -0.3019 0.5554, 0.9843 -0.3033 0.55, 0.9843 -0.3059 0.5452, 0.9843 -0.309 0.5417, 0.9843 -0.3133 0.5387, 0.9843 -0.3181 0.5367, 0.9843 -0.3238 0.536, 0.9843 -0.3247 0.536, 0.9843 -0.3298 0.5368, 0.9843 -0.3349 0.539, 0.9843 -0.3392 0.5423, 0.9843 -0.3424 0.5463, 0.9843 -0.3447 0.5511, 0.9843 -0.3457 0.5564, 0.9843 -0.3454 0.5618, 0.9843 -0.3438 0.5671, 0.9843 -0.3408 0.5718, 0.9843 -0.3386 0.5742, 0.9843 -0.3342 0.5773, 0.9843 -0.3293 0.5792
            ]
        }
        coordIndex [
            0,1,2,-1,3,4,5,-1,6,7,8,-1,9,10,2,-1,2,10,11,-1,2,11,0,-1,5,4,12,-1,13,14,15,-1,15,14,16,-1,15,16,17,-1,18,19,15,-1,15,19,20,-1,15,20,13,-1,13,20,21,-1,22,23,24,-1,24,23,25,-1,24,25,26,-1,26,25,27,-1,26,27,28,-1,28,27,29,-1,28,29,30,-1,30,29,2,-1,30,2,31,-1,31,2,32,-1,33,34,22,-1,22,34,35,-1,22,35,23,-1,17,36,15,-1,15,36,37,-1,15,37,38,-1,38,37,39,-1,38,39,40,-1,41,42,43,-1,43,42,44,-1,43,44,45,-1,45,44,46,-1,45,46,47,-1,47,46,48,-1,6,8,49,-1,49,8,50,-1,49,50,51,-1,51,50,52,-1,51,52,53,-1,4,54,12,-1,12,54,55,-1,12,55,56,-1,56,55,57,-1,56,57,6,-1,6,57,58,-1,6,58,7,-1,21,20,22,-1,22,20,59,-1,22,59,33,-1,60,61,62,-1,62,61,63,-1,62,63,64,-1,64,63,65,-1,64,65,66,-1,66,65,67,-1,66,67,68,-1,68,67,69,-1,68,69,70,-1,32,2,71,-1,71,2,1,-1,71,1,72,-1,46,73,48,-1,48,73,74,-1,48,74,75,-1,75,74,76,-1,75,76,77,-1,77,76,78,-1,77,78,79,-1,79,78,80,-1,79,80,81,-1,81,80,82,-1,81,82,83,-1,83,82,84,-1,83,84,60,-1,60,84,85,-1,60,85,61,-1,86,87,88,-1,88,87,89,-1,88,89,43,-1,43,89,90,-1,43,90,41,-1,91,92,93,-1,93,92,94,-1,93,94,95,-1,95,94,96,-1,95,96,97,-1,97,96,98,-1,97,98,99,-1,99,98,100,-1,99,100,9,-1,9,100,101,-1,9,101,10,-1,40,39,102,-1,102,39,103,-1,102,103,104,-1,104,103,105,-1,104,105,106,-1,106,105,107,-1,106,107,108,-1,108,107,109,-1,108,109,110,-1,110,109,111,-1,110,111,112,-1,112,111,113,-1,112,113,114,-1,114,113,115,-1,114,115,116,-1,116,115,117,-1,116,117,118,-1,118,117,119,-1,118,119,1,-1,1,119,120,-1,1,120,72,-1,53,52,121,-1,121,52,122,-1,121,122,123,-1,123,122,124,-1,123,124,125,-1,125,124,126,-1,125,126,127,-1,127,126,128,-1,127,128,86,-1,86,128,129,-1,86,129,87,-1,5,130,3,-1,3,130,131,-1,3,131,132,-1,132,131,133,-1,132,133,134,-1,134,133,135,-1,134,135,91,-1,91,135,136,-1,91,136,92,-1,137,138,139,-1,69,140,70,-1,70,140,137,-1,70,137,141,-1,141,137,139,-1,142,143,137,-1,137,143,144,-1,137,144,138,-1,145,146,147,-1,146,148,147,-1,147,148,149,-1,147,149,150,-1,142,137,147,-1,147,137,151,-1,147,151,145,-1,79,152,153,-1,79,153,77,-1,77,153,154,-1,77,154,75,-1,154,155,75,-1,75,155,156,-1,75,156,48,-1,48,156,157,-1,48,157,47,-1,47,157,158,-1,47,158,45,-1,45,158,159,-1,45,159,43,-1,43,159,160,-1,43,160,88,-1,88,160,161,-1,88,161,86,-1,86,161,162,-1,86,162,127,-1,162,163,127,-1,127,163,164,-1,127,164,125,-1,125,164,165,-1,125,165,123,-1,166,51,167,-1,167,51,53,-1,167,53,168,-1,168,53,121,-1,168,121,169,-1,169,121,123,-1,169,123,165,-1,51,166,170,-1,51,170,49,-1,49,170,171,-1,49,171,6,-1,6,171,172,-1,6,172,56,-1,56,172,173,-1,56,173,12,-1,12,173,174,-1,12,174,5,-1,5,174,175,-1,5,175,130,-1,130,175,176,-1,130,176,131,-1,131,176,177,-1,131,177,133,-1,178,94,92,-1,133,177,179,-1,133,179,135,-1,135,179,180,-1,135,180,136,-1,136,180,181,-1,136,181,92,-1,92,181,182,-1,92,182,178,-1,94,178,183,-1,94,183,96,-1,96,183,184,-1,96,184,98,-1,98,184,185,-1,98,185,100,-1,100,185,186,-1,100,186,101,-1,101,186,187,-1,101,187,10,-1,10,187,188,-1,10,188,11,-1,11,188,189,-1,11,189,0,-1,189,190,0,-1,0,190,191,-1,0,191,1,-1,1,191,192,-1,1,192,118,-1,118,192,193,-1,118,193,116,-1,193,194,116,-1,116,194,195,-1,116,195,114,-1,114,195,196,-1,114,196,112,-1,197,38,40,-1,112,196,198,-1,112,198,110,-1,110,198,199,-1,110,199,108,-1,199,200,108,-1,108,200,201,-1,108,201,106,-1,106,201,202,-1,106,202,104,-1,104,202,203,-1,104,203,102,-1,102,203,204,-1,102,204,40,-1,40,204,205,-1,40,205,197,-1,15,38,206,-1,206,38,197,-1,18,15,207,-1,207,15,206,-1,19,18,208,-1,208,18,207,-1,20,19,209,-1,209,19,208,-1,20,209,210,-1,20,210,59,-1,59,210,211,-1,59,211,33,-1,33,211,212,-1,33,212,34,-1,34,212,213,-1,34,213,35,-1,35,213,214,-1,35,214,23,-1,23,214,215,-1,23,215,25,-1,25,215,216,-1,25,216,27,-1,27,216,217,-1,27,217,29,-1,29,217,218,-1,29,218,2,-1,2,218,219,-1,2,219,9,-1,9,219,220,-1,9,220,99,-1,99,220,221,-1,99,221,97,-1,97,221,222,-1,97,222,95,-1,95,222,223,-1,95,223,93,-1,91,93,224,-1,224,93,223,-1,224,225,91,-1,91,225,226,-1,91,226,134,-1,134,226,227,-1,134,227,132,-1,132,227,228,-1,132,228,3,-1,3,228,229,-1,3,229,4,-1,4,229,230,-1,4,230,54,-1,54,230,231,-1,54,231,55,-1,55,231,232,-1,55,232,57,-1,57,232,233,-1,57,233,58,-1,58,233,234,-1,58,234,7,-1,7,234,235,-1,7,235,8,-1,8,235,236,-1,8,236,50,-1,50,236,237,-1,50,237,52,-1,52,237,238,-1,52,238,122,-1,122,238,239,-1,122,239,124,-1,124,239,240,-1,124,240,126,-1,126,240,241,-1,126,241,128,-1,128,241,242,-1,128,242,129,-1,129,242,243,-1,129,243,87,-1,87,243,244,-1,87,244,89,-1,89,244,245,-1,89,245,90,-1,90,245,246,-1,90,246,41,-1,42,41,247,-1,247,41,246,-1,42,247,248,-1,42,248,44,-1,44,248,249,-1,44,249,46,-1,46,249,250,-1,46,250,73,-1,73,250,251,-1,73,251,74,-1,74,251,252,-1,74,252,76,-1,252,253,76,-1,76,253,254,-1,76,254,78,-1,78,254,255,-1,78,255,80,-1,80,255,256,-1,80,256,82,-1,82,256,257,-1,82,257,84,-1,84,257,258,-1,84,258,85,-1,85,258,259,-1,85,259,61,-1,61,259,260,-1,61,260,63,-1,63,260,261,-1,63,261,65,-1,65,261,262,-1,65,262,67,-1,69,67,263,-1,263,67,262,-1,69,263,264,-1,69,264,140,-1,140,264,265,-1,140,265,137,-1,137,265,266,-1,137,266,151,-1,151,266,267,-1,151,267,145,-1,145,267,268,-1,145,268,146,-1,146,268,269,-1,146,269,148,-1,148,269,270,-1,148,270,149,-1,149,270,271,-1,149,271,150,-1,150,271,272,-1,150,272,147,-1,147,272,273,-1,147,273,142,-1,142,273,274,-1,142,274,143,-1,143,274,275,-1,143,275,144,-1,144,275,276,-1,144,276,138,-1,138,276,277,-1,138,277,139,-1,139,277,278,-1,139,278,141,-1,141,278,279,-1,141,279,70,-1,70,279,280,-1,70,280,68,-1,66,68,281,-1,281,68,280,-1,66,281,282,-1,66,282,64,-1,64,282,283,-1,64,283,62,-1,62,283,284,-1,62,284,60,-1,60,284,285,-1,60,285,83,-1,83,285,286,-1,83,286,81,-1,81,286,152,-1,81,152,79,-1,21,287,288,-1,21,288,13,-1,13,288,289,-1,13,289,14,-1,14,289,290,-1,14,290,16,-1,16,290,291,-1,16,291,17,-1,17,291,292,-1,17,292,36,-1,36,292,293,-1,36,293,37,-1,37,293,294,-1,37,294,39,-1,39,294,295,-1,39,295,103,-1,103,295,296,-1,103,296,105,-1,105,296,297,-1,105,297,107,-1,107,297,298,-1,107,298,109,-1,109,298,299,-1,109,299,111,-1,111,299,300,-1,111,300,113,-1,113,300,301,-1,113,301,115,-1,115,301,302,-1,115,302,117,-1,117,302,303,-1,117,303,119,-1,119,303,304,-1,119,304,120,-1,120,304,305,-1,120,305,72,-1,72,305,306,-1,72,306,71,-1,71,306,307,-1,71,307,32,-1,32,307,308,-1,32,308,31,-1,31,308,309,-1,31,309,30,-1,30,309,310,-1,30,310,28,-1,28,310,311,-1,28,311,26,-1,26,311,312,-1,26,312,24,-1,24,312,313,-1,24,313,22,-1,22,313,287,-1,22,287,21,-1,
        ]
    }
}
Shape{
    appearance Appearance {
        material  Material 	{
            diffuseColor 0.2235294117647059 0.2235294117647059 0.2235294117647059
            specularColor 0.11372549019607843 0.11372549019607843 0.11372549019607843
            ambientIntensity 0.2235
            transparency 0.0
            shininess 0.5
        }
    }
    geometry IndexedFaceSet {
        ccw TRUE
        solid FALSE
        coord DEF co Coordinate {
            point [
                0.9843 -0.3247 0.536, 0.9843 -0.3386 0.5742, 0.9843 -0.3408 0.5718, 0.9843 -0.3181 0.5367, 0.9843 -0.3133 0.5387, 0.9843 -0.3191 0.5794, 0.9843 -0.3238 0.5799, 0.9843 -0.3293 0.5792, 0.9843 -0.3342 0.5773, 0.9843 -0.3447 0.5511, 0.9843 -0.3424 0.5463, 0.9843 -0.3392 0.5423, 0.9843 -0.3238 0.536, 0.9843 -0.3438 0.5671, 0.9843 -0.3454 0.5618, 0.9843 -0.3457 0.5564, 0.9843 -0.3349 0.539, 0.9843 -0.3298 0.5368, 0.9843 -0.309 0.5417, 0.9843 -0.3059 0.5452, 0.9843 -0.3033 0.55, 0.9843 -0.3019 0.5554, 0.9843 -0.302 0.5606, 0.9843 -0.3032 0.5658, 0.9843 -0.3057 0.5705, 0.9843 -0.3093 0.5745, 0.9843 -0.3139 0.5776
            ]
        }
        coordIndex [
            0,1,2,-1,3,4,5,-1,6,7,0,-1,0,7,8,-1,0,8,1,-1,9,10,2,-1,2,10,11,-1,6,0,5,-1,5,0,12,-1,5,12,3,-1,13,14,2,-1,2,14,15,-1,2,15,9,-1,11,16,2,-1,2,16,17,-1,2,17,0,-1,4,18,5,-1,5,18,19,-1,5,19,20,-1,20,21,5,-1,5,21,22,-1,5,22,23,-1,23,24,5,-1,5,24,25,-1,5,25,26,-1,
        ]
    }
}